
 /----------------------------------------------------------------------------\
 |  yosys -- Yosys Open SYnthesis Suite                                       |
 |  Copyright (C) 2012 - 2024  Claire Xenia Wolf <claire@yosyshq.com>         |
 |  Distributed under an ISC-like license, type "license" to see terms        |
 \----------------------------------------------------------------------------/
 Yosys 0.46 (git sha1 e97731b9dda91fa5fa53ed87df7c34163ba59a41, clang++ 17.0.6 -fPIC -O3)
Loaded SDC plugin

1. Executing Liberty frontend: /root/.volare/volare/volare/sky130/versions/0fe599b2afb6708d281543108caf8310912f54af/sky130A/libs.ref/sky130_fd_sc_hd/lib/sky130_fd_sc_hd__tt_025C_1v80.lib
Imported 428 cell types from liberty file.
[INFO] Using SDC file '/work/openlane/soc_top/runs/floorplan_01/06-yosys-synthesis/synthesis.abc.sdc' for ABC…

2. Executing Verilog-2005 frontend: /work/rtl/soc_top.sv
Parsing SystemVerilog input from `/work/rtl/soc_top.sv' to AST representation.
Storing AST representation for module `$abstract\soc_top'.
Successfully finished Verilog frontend.

3. Executing Verilog-2005 frontend: /work/rtl/accelerator/mac_accelerator.sv
Parsing SystemVerilog input from `/work/rtl/accelerator/mac_accelerator.sv' to AST representation.
Storing AST representation for module `$abstract\mac_accelerator'.
Successfully finished Verilog frontend.

4. Executing Verilog-2005 frontend: /work/rtl/bus/interconnect.sv
Parsing SystemVerilog input from `/work/rtl/bus/interconnect.sv' to AST representation.
Storing AST representation for module `$abstract\bus_interconnect'.
Successfully finished Verilog frontend.

5. Executing Verilog-2005 frontend: /work/rtl/cpu/alu.sv
Parsing SystemVerilog input from `/work/rtl/cpu/alu.sv' to AST representation.
Storing AST representation for module `$abstract\alu'.
Successfully finished Verilog frontend.

6. Executing Verilog-2005 frontend: /work/rtl/cpu/control_unit.sv
Parsing SystemVerilog input from `/work/rtl/cpu/control_unit.sv' to AST representation.
Storing AST representation for module `$abstract\control_unit'.
Successfully finished Verilog frontend.

7. Executing Verilog-2005 frontend: /work/rtl/cpu/decoder.sv
Parsing SystemVerilog input from `/work/rtl/cpu/decoder.sv' to AST representation.
Storing AST representation for module `$abstract\decoder'.
Successfully finished Verilog frontend.

8. Executing Verilog-2005 frontend: /work/rtl/cpu/immediate_generator.sv
Parsing SystemVerilog input from `/work/rtl/cpu/immediate_generator.sv' to AST representation.
Storing AST representation for module `$abstract\immediate_generator'.
Successfully finished Verilog frontend.

9. Executing Verilog-2005 frontend: /work/rtl/cpu/pipeline/branch_unit.sv
Parsing SystemVerilog input from `/work/rtl/cpu/pipeline/branch_unit.sv' to AST representation.
Storing AST representation for module `$abstract\branch_unit'.
Successfully finished Verilog frontend.

10. Executing Verilog-2005 frontend: /work/rtl/cpu/pipeline/csr_interrupt.sv
Parsing SystemVerilog input from `/work/rtl/cpu/pipeline/csr_interrupt.sv' to AST representation.
Storing AST representation for module `$abstract\csr_interrupt'.
Successfully finished Verilog frontend.

11. Executing Verilog-2005 frontend: /work/rtl/cpu/pipeline/ex_stage.sv
Parsing SystemVerilog input from `/work/rtl/cpu/pipeline/ex_stage.sv' to AST representation.
Storing AST representation for module `$abstract\ex_stage'.
Successfully finished Verilog frontend.

12. Executing Verilog-2005 frontend: /work/rtl/cpu/pipeline/forwarding_unit.sv
Parsing SystemVerilog input from `/work/rtl/cpu/pipeline/forwarding_unit.sv' to AST representation.
Storing AST representation for module `$abstract\forwarding_unit'.
Successfully finished Verilog frontend.

13. Executing Verilog-2005 frontend: /work/rtl/cpu/pipeline/hazard_detection.sv
Parsing SystemVerilog input from `/work/rtl/cpu/pipeline/hazard_detection.sv' to AST representation.
Storing AST representation for module `$abstract\hazard_detection'.
Successfully finished Verilog frontend.

14. Executing Verilog-2005 frontend: /work/rtl/cpu/pipeline/id_stage.sv
Parsing SystemVerilog input from `/work/rtl/cpu/pipeline/id_stage.sv' to AST representation.
Storing AST representation for module `$abstract\id_stage'.
Successfully finished Verilog frontend.

15. Executing Verilog-2005 frontend: /work/rtl/cpu/pipeline/if_stage.sv
Parsing SystemVerilog input from `/work/rtl/cpu/pipeline/if_stage.sv' to AST representation.
Storing AST representation for module `$abstract\if_stage'.
Successfully finished Verilog frontend.

16. Executing Verilog-2005 frontend: /work/rtl/cpu/pipeline/mem_stage.sv
Parsing SystemVerilog input from `/work/rtl/cpu/pipeline/mem_stage.sv' to AST representation.
Storing AST representation for module `$abstract\mem_stage'.
Successfully finished Verilog frontend.

17. Executing Verilog-2005 frontend: /work/rtl/cpu/pipeline/pipelined_cpu.sv
Parsing SystemVerilog input from `/work/rtl/cpu/pipeline/pipelined_cpu.sv' to AST representation.
Storing AST representation for module `$abstract\pipelined_cpu'.
Successfully finished Verilog frontend.

18. Executing Verilog-2005 frontend: /work/rtl/cpu/pipeline/wb_stage.sv
Parsing SystemVerilog input from `/work/rtl/cpu/pipeline/wb_stage.sv' to AST representation.
Storing AST representation for module `$abstract\wb_stage'.
Successfully finished Verilog frontend.

19. Executing Verilog-2005 frontend: /work/rtl/cpu/pipeline_regs.sv
Parsing SystemVerilog input from `/work/rtl/cpu/pipeline_regs.sv' to AST representation.
Storing AST representation for module `$abstract\pipeline_regs'.
Successfully finished Verilog frontend.

20. Executing Verilog-2005 frontend: /work/rtl/cpu/program_counter.sv
Parsing SystemVerilog input from `/work/rtl/cpu/program_counter.sv' to AST representation.
Storing AST representation for module `$abstract\program_counter'.
Successfully finished Verilog frontend.

21. Executing Verilog-2005 frontend: /work/rtl/cpu/regfile.sv
Parsing SystemVerilog input from `/work/rtl/cpu/regfile.sv' to AST representation.
Storing AST representation for module `$abstract\regfile'.
Successfully finished Verilog frontend.

22. Executing Verilog-2005 frontend: /work/rtl/memory/memory_interface.sv
Parsing SystemVerilog input from `/work/rtl/memory/memory_interface.sv' to AST representation.
Storing AST representation for module `$abstract\memory_interface'.
Successfully finished Verilog frontend.

23. Executing Verilog-2005 frontend: /work/rtl/peripherals/gpio.sv
Parsing SystemVerilog input from `/work/rtl/peripherals/gpio.sv' to AST representation.
Storing AST representation for module `$abstract\gpio'.
Successfully finished Verilog frontend.

24. Executing Verilog-2005 frontend: /work/rtl/peripherals/i2c.sv
Parsing SystemVerilog input from `/work/rtl/peripherals/i2c.sv' to AST representation.
Storing AST representation for module `$abstract\i2c'.
Successfully finished Verilog frontend.

25. Executing Verilog-2005 frontend: /work/rtl/peripherals/spi.sv
Parsing SystemVerilog input from `/work/rtl/peripherals/spi.sv' to AST representation.
Storing AST representation for module `$abstract\spi'.
Successfully finished Verilog frontend.

26. Executing Verilog-2005 frontend: /work/rtl/peripherals/timer.sv
Parsing SystemVerilog input from `/work/rtl/peripherals/timer.sv' to AST representation.
Storing AST representation for module `$abstract\timer'.
Successfully finished Verilog frontend.

27. Executing Verilog-2005 frontend: /work/rtl/peripherals/uart.sv
Parsing SystemVerilog input from `/work/rtl/peripherals/uart.sv' to AST representation.
Storing AST representation for module `$abstract\uart'.
Successfully finished Verilog frontend.

28. Executing HIERARCHY pass (managing design hierarchy).

29. Executing AST frontend in derive mode using pre-parsed AST for module `\soc_top'.
Generating RTLIL representation for module `\soc_top'.

29.1. Analyzing design hierarchy..
Top module:  \soc_top

29.2. Executing AST frontend in derive mode using pre-parsed AST for module `\mac_accelerator'.
Generating RTLIL representation for module `\mac_accelerator'.

29.3. Executing AST frontend in derive mode using pre-parsed AST for module `\timer'.
Generating RTLIL representation for module `\timer'.

29.4. Executing AST frontend in derive mode using pre-parsed AST for module `\gpio'.
Generating RTLIL representation for module `\gpio'.

29.5. Executing AST frontend in derive mode using pre-parsed AST for module `\i2c'.
Generating RTLIL representation for module `\i2c'.

29.6. Executing AST frontend in derive mode using pre-parsed AST for module `\spi'.
Generating RTLIL representation for module `\spi'.

29.7. Executing AST frontend in derive mode using pre-parsed AST for module `\uart'.
Generating RTLIL representation for module `\uart'.

29.8. Executing AST frontend in derive mode using pre-parsed AST for module `\memory_interface'.
Generating RTLIL representation for module `\memory_interface'.

29.9. Executing AST frontend in derive mode using pre-parsed AST for module `\bus_interconnect'.
Generating RTLIL representation for module `\bus_interconnect'.

29.10. Executing AST frontend in derive mode using pre-parsed AST for module `\pipelined_cpu'.
Generating RTLIL representation for module `\pipelined_cpu'.

29.11. Analyzing design hierarchy..
Top module:  \soc_top
Used module:     \mac_accelerator
Used module:     \timer
Used module:     \gpio
Used module:     \i2c
Used module:     \spi
Used module:     \uart
Used module:     \memory_interface
Used module:     \bus_interconnect
Used module:     \pipelined_cpu

29.12. Executing AST frontend in derive mode using pre-parsed AST for module `\wb_stage'.
Generating RTLIL representation for module `\wb_stage'.

29.13. Executing AST frontend in derive mode using pre-parsed AST for module `\mem_stage'.
Generating RTLIL representation for module `\mem_stage'.

29.14. Executing AST frontend in derive mode using pre-parsed AST for module `\pipeline_regs'.
Generating RTLIL representation for module `\pipeline_regs'.

29.15. Executing AST frontend in derive mode using pre-parsed AST for module `\branch_unit'.
Generating RTLIL representation for module `\branch_unit'.

29.16. Executing AST frontend in derive mode using pre-parsed AST for module `\ex_stage'.
Generating RTLIL representation for module `\ex_stage'.

29.17. Executing AST frontend in derive mode using pre-parsed AST for module `\forwarding_unit'.
Generating RTLIL representation for module `\forwarding_unit'.

29.18. Executing AST frontend in derive mode using pre-parsed AST for module `\hazard_detection'.
Generating RTLIL representation for module `\hazard_detection'.

29.19. Executing AST frontend in derive mode using pre-parsed AST for module `\id_stage'.
Generating RTLIL representation for module `\id_stage'.

29.20. Executing AST frontend in derive mode using pre-parsed AST for module `\if_stage'.
Generating RTLIL representation for module `\if_stage'.

29.21. Analyzing design hierarchy..
Top module:  \soc_top
Used module:     \mac_accelerator
Used module:     \timer
Used module:     \gpio
Used module:     \i2c
Used module:     \spi
Used module:     \uart
Used module:     \memory_interface
Used module:     \bus_interconnect
Used module:     \pipelined_cpu
Used module:         \wb_stage
Used module:         \mem_stage
Used module:         \pipeline_regs
Used module:         \branch_unit
Used module:         \ex_stage
Used module:         \forwarding_unit
Used module:         \hazard_detection
Used module:         \id_stage
Used module:         \if_stage

29.22. Executing AST frontend in derive mode using pre-parsed AST for module `\control_unit'.
Generating RTLIL representation for module `\control_unit'.

29.23. Executing AST frontend in derive mode using pre-parsed AST for module `\immediate_generator'.
Generating RTLIL representation for module `\immediate_generator'.

29.24. Executing AST frontend in derive mode using pre-parsed AST for module `\regfile'.
Generating RTLIL representation for module `\regfile'.

29.25. Executing AST frontend in derive mode using pre-parsed AST for module `\alu'.
Generating RTLIL representation for module `\alu'.

29.26. Analyzing design hierarchy..
Top module:  \soc_top
Used module:     \mac_accelerator
Used module:     \timer
Used module:     \gpio
Used module:     \i2c
Used module:     \spi
Used module:     \uart
Used module:     \memory_interface
Used module:     \bus_interconnect
Used module:     \pipelined_cpu
Used module:         \wb_stage
Used module:         \mem_stage
Used module:         \pipeline_regs
Used module:         \branch_unit
Used module:         \ex_stage
Used module:             \alu
Used module:         \forwarding_unit
Used module:         \hazard_detection
Used module:         \id_stage
Used module:             \control_unit
Used module:             \immediate_generator
Used module:             \regfile
Used module:         \if_stage

29.27. Analyzing design hierarchy..
Top module:  \soc_top
Used module:     \mac_accelerator
Used module:     \timer
Used module:     \gpio
Used module:     \i2c
Used module:     \spi
Used module:     \uart
Used module:     \memory_interface
Used module:     \bus_interconnect
Used module:     \pipelined_cpu
Used module:         \wb_stage
Used module:         \mem_stage
Used module:         \pipeline_regs
Used module:         \branch_unit
Used module:         \ex_stage
Used module:             \alu
Used module:         \forwarding_unit
Used module:         \hazard_detection
Used module:         \id_stage
Used module:             \control_unit
Used module:             \immediate_generator
Used module:             \regfile
Used module:         \if_stage
Removing unused module `$abstract\uart'.
Removing unused module `$abstract\timer'.
Removing unused module `$abstract\spi'.
Removing unused module `$abstract\i2c'.
Removing unused module `$abstract\gpio'.
Removing unused module `$abstract\memory_interface'.
Removing unused module `$abstract\regfile'.
Removing unused module `$abstract\program_counter'.
Removing unused module `$abstract\pipeline_regs'.
Removing unused module `$abstract\wb_stage'.
Removing unused module `$abstract\pipelined_cpu'.
Removing unused module `$abstract\mem_stage'.
Removing unused module `$abstract\if_stage'.
Removing unused module `$abstract\id_stage'.
Removing unused module `$abstract\hazard_detection'.
Removing unused module `$abstract\forwarding_unit'.
Removing unused module `$abstract\ex_stage'.
Removing unused module `$abstract\csr_interrupt'.
Removing unused module `$abstract\branch_unit'.
Removing unused module `$abstract\immediate_generator'.
Removing unused module `$abstract\decoder'.
Removing unused module `$abstract\control_unit'.
Removing unused module `$abstract\alu'.
Removing unused module `$abstract\bus_interconnect'.
Removing unused module `$abstract\mac_accelerator'.
Removing unused module `$abstract\soc_top'.
Removed 26 unused modules.
Renaming module soc_top to soc_top.

30. Generating Graphviz representation of design.
Writing dot description to `/work/openlane/soc_top/runs/floorplan_01/06-yosys-synthesis/hierarchy.dot'.
Dumping module soc_top to page 1.

31. Executing TRIBUF pass.

32. Executing HIERARCHY pass (managing design hierarchy).

32.1. Analyzing design hierarchy..
Top module:  \soc_top
Used module:     \mac_accelerator
Used module:     \timer
Used module:     \gpio
Used module:     \i2c
Used module:     \spi
Used module:     \uart
Used module:     \memory_interface
Used module:     \bus_interconnect
Used module:     \pipelined_cpu
Used module:         \wb_stage
Used module:         \mem_stage
Used module:         \pipeline_regs
Used module:         \branch_unit
Used module:         \ex_stage
Used module:             \alu
Used module:         \forwarding_unit
Used module:         \hazard_detection
Used module:         \id_stage
Used module:             \control_unit
Used module:             \immediate_generator
Used module:             \regfile
Used module:         \if_stage

32.2. Analyzing design hierarchy..
Top module:  \soc_top
Used module:     \mac_accelerator
Used module:     \timer
Used module:     \gpio
Used module:     \i2c
Used module:     \spi
Used module:     \uart
Used module:     \memory_interface
Used module:     \bus_interconnect
Used module:     \pipelined_cpu
Used module:         \wb_stage
Used module:         \mem_stage
Used module:         \pipeline_regs
Used module:         \branch_unit
Used module:         \ex_stage
Used module:             \alu
Used module:         \forwarding_unit
Used module:         \hazard_detection
Used module:         \id_stage
Used module:             \control_unit
Used module:             \immediate_generator
Used module:             \regfile
Used module:         \if_stage
Removed 0 unused modules.

33. Executing PROC_CLEAN pass (remove empty switches from decision trees).
Cleaned up 0 empty switches.

34. Executing PROC_RMDEAD pass (remove dead branches from decision trees).
Marked 7 switch rules as full_case in process $proc$/work/rtl/soc_top.sv:0$11 in module soc_top.
Removed 1 dead cases from process $proc$/work/rtl/soc_top.sv:0$9 in module soc_top.
Marked 2 switch rules as full_case in process $proc$/work/rtl/soc_top.sv:0$9 in module soc_top.
Marked 2 switch rules as full_case in process $proc$/work/rtl/soc_top.sv:225$7 in module soc_top.
Marked 2 switch rules as full_case in process $proc$/work/rtl/cpu/pipeline/if_stage.sv:26$1904 in module if_stage.
Marked 1 switch rules as full_case in process $proc$/work/rtl/cpu/pipeline/hazard_detection.sv:0$1641 in module hazard_detection.
Marked 4 switch rules as full_case in process $proc$/work/rtl/cpu/pipeline/forwarding_unit.sv:0$1624 in module forwarding_unit.
Marked 2 switch rules as full_case in process $proc$/work/rtl/cpu/pipeline/branch_unit.sv:0$1617 in module branch_unit.
Marked 5 switch rules as full_case in process $proc$/work/rtl/cpu/pipeline_regs.sv:84$1611 in module pipeline_regs.
Marked 1 switch rules as full_case in process $proc$/work/rtl/cpu/pipeline/mem_stage.sv:0$1096 in module mem_stage.
Marked 1 switch rules as full_case in process $proc$/work/rtl/cpu/pipeline/mem_stage.sv:23$1089 in module mem_stage.
Marked 1 switch rules as full_case in process $proc$/work/rtl/cpu/pipeline/wb_stage.sv:7$830 in module wb_stage.
Marked 2 switch rules as full_case in process $proc$/work/rtl/cpu/pipeline/pipelined_cpu.sv:0$829 in module pipelined_cpu.
Marked 1 switch rules as full_case in process $proc$/work/rtl/cpu/pipeline/pipelined_cpu.sv:0$828 in module pipelined_cpu.
Marked 2 switch rules as full_case in process $proc$/work/rtl/bus/interconnect.sv:14$826 in module bus_interconnect.
Marked 1 switch rules as full_case in process $proc$/work/rtl/memory/memory_interface.sv:0$311 in module memory_interface.
Marked 2 switch rules as full_case in process $proc$/work/rtl/memory/memory_interface.sv:24$301 in module memory_interface.
Marked 1 switch rules as full_case in process $proc$/work/rtl/peripherals/uart.sv:0$41 in module uart.
Marked 2 switch rules as full_case in process $proc$/work/rtl/peripherals/uart.sv:17$39 in module uart.
Marked 1 switch rules as full_case in process $proc$/work/rtl/peripherals/spi.sv:0$36 in module spi.
Marked 1 switch rules as full_case in process $proc$/work/rtl/peripherals/spi.sv:19$34 in module spi.
Marked 1 switch rules as full_case in process $proc$/work/rtl/peripherals/i2c.sv:0$31 in module i2c.
Marked 2 switch rules as full_case in process $proc$/work/rtl/peripherals/i2c.sv:18$27 in module i2c.
Marked 1 switch rules as full_case in process $proc$/work/rtl/peripherals/gpio.sv:0$24 in module gpio.
Marked 1 switch rules as full_case in process $proc$/work/rtl/peripherals/gpio.sv:14$22 in module gpio.
Marked 1 switch rules as full_case in process $proc$/work/rtl/peripherals/timer.sv:0$19 in module timer.
Marked 1 switch rules as full_case in process $proc$/work/rtl/peripherals/timer.sv:17$15 in module timer.
Marked 1 switch rules as full_case in process $proc$/work/rtl/accelerator/mac_accelerator.sv:14$12 in module mac_accelerator.
Marked 1 switch rules as full_case in process $proc$/work/rtl/cpu/control_unit.sv:0$2423 in module control_unit.
Marked 1 switch rules as full_case in process $proc$/work/rtl/cpu/alu.sv:0$2539 in module alu.
Marked 2 switch rules as full_case in process $proc$/work/rtl/cpu/regfile.sv:0$2534 in module regfile.
Marked 2 switch rules as full_case in process $proc$/work/rtl/cpu/regfile.sv:20$2458 in module regfile.
Marked 1 switch rules as full_case in process $proc$/work/rtl/cpu/immediate_generator.sv:0$2424 in module immediate_generator.
Removed a total of 1 dead cases.

35. Executing PROC_PRUNE pass (remove redundant assignments in processes).
Removed 25 redundant assignments.
Promoted 859 assignments to connections.

36. Executing PROC_INIT pass (extract init attributes).

37. Executing PROC_ARST pass (detect async resets in processes).
Found async reset \rst in `\soc_top.$proc$/work/rtl/soc_top.sv:225$7'.
Found async reset \reset in `\uart.$proc$/work/rtl/peripherals/uart.sv:17$39'.
Found async reset \reset in `\spi.$proc$/work/rtl/peripherals/spi.sv:19$34'.
Found async reset \reset in `\i2c.$proc$/work/rtl/peripherals/i2c.sv:18$27'.
Found async reset \reset in `\gpio.$proc$/work/rtl/peripherals/gpio.sv:14$22'.
Found async reset \reset in `\timer.$proc$/work/rtl/peripherals/timer.sv:17$15'.
Found async reset \reset in `\mac_accelerator.$proc$/work/rtl/accelerator/mac_accelerator.sv:14$12'.

38. Executing PROC_ROM pass (convert switches to ROMs).
Converted 0 switches.
<suppressed ~58 debug messages>

39. Executing PROC_MUX pass (convert decision trees to multiplexers).
Creating decoders for process `\soc_top.$proc$/work/rtl/soc_top.sv:0$11'.
     1/7: $7\mem_read_data[31:0]
     2/7: $6\mem_read_data[31:0]
     3/7: $5\mem_read_data[31:0]
     4/7: $4\mem_read_data[31:0]
     5/7: $3\mem_read_data[31:0]
     6/7: $2\mem_read_data[31:0]
     7/7: $1\mem_read_data[31:0]
Creating decoders for process `\soc_top.$proc$/work/rtl/soc_top.sv:0$9'.
     1/2: $2\accel_read_data[31:0]
     2/2: $1\accel_read_data[31:0]
Creating decoders for process `\soc_top.$proc$/work/rtl/soc_top.sv:225$7'.
     1/4: $0\mac_start[0:0]
     2/4: $0\mac_c[31:0]
     3/4: $0\mac_b[31:0]
     4/4: $0\mac_a[31:0]
Creating decoders for process `\if_stage.$proc$/work/rtl/cpu/pipeline/if_stage.sv:0$2166'.
Creating decoders for process `\if_stage.$proc$/work/rtl/cpu/pipeline/if_stage.sv:0$1908'.
Creating decoders for process `\if_stage.$proc$/work/rtl/cpu/pipeline/if_stage.sv:0$1906'.
Creating decoders for process `\if_stage.$proc$/work/rtl/cpu/pipeline/if_stage.sv:26$1904'.
     1/1: $0\pc[31:0]
Creating decoders for process `\hazard_detection.$proc$/work/rtl/cpu/pipeline/hazard_detection.sv:0$1641'.
     1/3: $1\control_stall[0:0]
     2/3: $1\if_id_write[0:0]
     3/3: $1\pc_write[0:0]
Creating decoders for process `\forwarding_unit.$proc$/work/rtl/cpu/pipeline/forwarding_unit.sv:0$1624'.
     1/4: $2\forward_b[1:0]
     2/4: $1\forward_b[1:0]
     3/4: $2\forward_a[1:0]
     4/4: $1\forward_a[1:0]
Creating decoders for process `\branch_unit.$proc$/work/rtl/cpu/pipeline/branch_unit.sv:0$1617'.
     1/4: $2\branch_target[31:0]
     2/4: $2\branch_taken[0:0]
     3/4: $1\branch_target[31:0]
     4/4: $1\branch_taken[0:0]
Creating decoders for process `\pipeline_regs.$proc$/work/rtl/cpu/pipeline_regs.sv:84$1611'.
     1/30: $0\wb_mem_to_reg[0:0]
     2/30: $0\wb_reg_write[0:0]
     3/30: $0\wb_rd[4:0]
     4/30: $0\wb_alu_result[31:0]
     5/30: $0\wb_read_data[31:0]
     6/30: $0\mem_mem_to_reg[0:0]
     7/30: $0\mem_mem_write[0:0]
     8/30: $0\mem_mem_read[0:0]
     9/30: $0\mem_reg_write[0:0]
    10/30: $0\mem_rd[4:0]
    11/30: $0\mem_store_data[31:0]
    12/30: $0\mem_alu_result[31:0]
    13/30: $0\ex_alu_control[3:0]
    14/30: $0\ex_jump[0:0]
    15/30: $0\ex_branch[0:0]
    16/30: $0\ex_alu_src[0:0]
    17/30: $0\ex_mem_to_reg[0:0]
    18/30: $0\ex_mem_write[0:0]
    19/30: $0\ex_mem_read[0:0]
    20/30: $0\ex_reg_write[0:0]
    21/30: $0\id_instr[31:0]
    22/30: $0\ex_pc[31:0]
    23/30: $0\ex_immediate[31:0]
    24/30: $0\ex_rs2_data[31:0]
    25/30: $0\ex_rs1_data[31:0]
    26/30: $0\ex_rd[4:0]
    27/30: $0\ex_rs2[4:0]
    28/30: $0\ex_rs1[4:0]
    29/30: $0\id_pc_plus4[31:0]
    30/30: $0\id_pc[31:0]
Creating decoders for process `\mem_stage.$proc$/work/rtl/cpu/pipeline/mem_stage.sv:0$1354'.
Creating decoders for process `\mem_stage.$proc$/work/rtl/cpu/pipeline/mem_stage.sv:0$1096'.
     1/1: $1\read_data[31:0]
Creating decoders for process `\mem_stage.$proc$/work/rtl/cpu/pipeline/mem_stage.sv:23$1089'.
     1/3: $1$memwr$\data_memory$/work/rtl/cpu/pipeline/mem_stage.sv:26$1088_EN[31:0]$1095
     2/3: $1$memwr$\data_memory$/work/rtl/cpu/pipeline/mem_stage.sv:26$1088_DATA[31:0]$1094
     3/3: $1$memwr$\data_memory$/work/rtl/cpu/pipeline/mem_stage.sv:26$1088_ADDR[7:0]$1093
Creating decoders for process `\wb_stage.$proc$/work/rtl/cpu/pipeline/wb_stage.sv:7$830'.
     1/1: $1\write_data[31:0]
Creating decoders for process `\pipelined_cpu.$proc$/work/rtl/cpu/pipeline/pipelined_cpu.sv:0$829'.
     1/2: $1\ex_forward_b[31:0]
     2/2: $1\ex_forward_a[31:0]
Creating decoders for process `\pipelined_cpu.$proc$/work/rtl/cpu/pipeline/pipelined_cpu.sv:0$828'.
     1/1: $1\id_alu_control[3:0]
Creating decoders for process `\bus_interconnect.$proc$/work/rtl/bus/interconnect.sv:14$826'.
     1/14: $2\ram_sel[0:0]
     2/14: $2\accel_sel[0:0]
     3/14: $2\timer_sel[0:0]
     4/14: $2\gpio_sel[0:0]
     5/14: $2\i2c_sel[0:0]
     6/14: $2\spi_sel[0:0]
     7/14: $2\uart_sel[0:0]
     8/14: $1\accel_sel[0:0]
     9/14: $1\timer_sel[0:0]
    10/14: $1\gpio_sel[0:0]
    11/14: $1\i2c_sel[0:0]
    12/14: $1\spi_sel[0:0]
    13/14: $1\uart_sel[0:0]
    14/14: $1\ram_sel[0:0]
Creating decoders for process `\memory_interface.$proc$/work/rtl/memory/memory_interface.sv:0$569'.
Creating decoders for process `\memory_interface.$proc$/work/rtl/memory/memory_interface.sv:0$311'.
     1/1: $1\read_data[31:0]
Creating decoders for process `\memory_interface.$proc$/work/rtl/memory/memory_interface.sv:24$301'.
     1/7: $2$memwr$\memory$/work/rtl/memory/memory_interface.sv:35$300_EN[31:0]$310
     2/7: $2$memwr$\memory$/work/rtl/memory/memory_interface.sv:35$300_DATA[31:0]$309
     3/7: $2$memwr$\memory$/work/rtl/memory/memory_interface.sv:35$300_ADDR[7:0]$308
     4/7: $0\ready[0:0]
     5/7: $1$memwr$\memory$/work/rtl/memory/memory_interface.sv:35$300_EN[31:0]$307
     6/7: $1$memwr$\memory$/work/rtl/memory/memory_interface.sv:35$300_DATA[31:0]$306
     7/7: $1$memwr$\memory$/work/rtl/memory/memory_interface.sv:35$300_ADDR[7:0]$305
Creating decoders for process `\uart.$proc$/work/rtl/peripherals/uart.sv:0$41'.
     1/2: $1\rdata[8:0] [8]
     2/2: $1\rdata[8:0] [7:0]
Creating decoders for process `\uart.$proc$/work/rtl/peripherals/uart.sv:17$39'.
     1/2: $0\tx_busy[0:0]
     2/2: $0\tx_data[7:0]
Creating decoders for process `\spi.$proc$/work/rtl/peripherals/spi.sv:0$36'.
     1/1: $1\rdata[7:0]
Creating decoders for process `\spi.$proc$/work/rtl/peripherals/spi.sv:19$34'.
     1/2: $0\rx_data[7:0]
     2/2: $0\tx_data[7:0]
Creating decoders for process `\i2c.$proc$/work/rtl/peripherals/i2c.sv:0$31'.
     1/1: $1\rdata[7:0]
Creating decoders for process `\i2c.$proc$/work/rtl/peripherals/i2c.sv:18$27'.
     1/2: $0\rx_data[7:0]
     2/2: $0\tx_data[7:0]
Creating decoders for process `\gpio.$proc$/work/rtl/peripherals/gpio.sv:0$24'.
     1/1: $1\rdata[7:0]
Creating decoders for process `\gpio.$proc$/work/rtl/peripherals/gpio.sv:14$22'.
     1/1: $0\gpio_out[7:0]
Creating decoders for process `\timer.$proc$/work/rtl/peripherals/timer.sv:0$19'.
     1/1: $1\rdata[31:0]
Creating decoders for process `\timer.$proc$/work/rtl/peripherals/timer.sv:17$15'.
     1/4: $0\irq[0:0]
     2/4: $0\enable[0:0]
     3/4: $0\compare[31:0]
     4/4: $0\counter[31:0]
Creating decoders for process `\mac_accelerator.$proc$/work/rtl/accelerator/mac_accelerator.sv:14$12'.
     1/2: $0\done[0:0]
     2/2: $0\result[63:0]
Creating decoders for process `\control_unit.$proc$/work/rtl/cpu/control_unit.sv:0$2423'.
     1/8: $1\alu_op[1:0]
     2/8: $1\alu_src[0:0]
     3/8: $1\reg_write[0:0]
     4/8: $1\jump[0:0]
     5/8: $1\branch[0:0]
     6/8: $1\mem_to_reg[0:0]
     7/8: $1\mem_write[0:0]
     8/8: $1\mem_read[0:0]
Creating decoders for process `\alu.$proc$/work/rtl/cpu/alu.sv:0$2539'.
     1/1: $1\result[31:0]
Creating decoders for process `\regfile.$proc$/work/rtl/cpu/regfile.sv:0$2534'.
     1/2: $1\rs2_data[31:0]
     2/2: $1\rs1_data[31:0]
Creating decoders for process `\regfile.$proc$/work/rtl/cpu/regfile.sv:20$2458'.
     1/39: $2$memwr$\regs$/work/rtl/cpu/regfile.sv:27$2457_EN[31:0]$2533
     2/39: $2$memwr$\regs$/work/rtl/cpu/regfile.sv:27$2457_DATA[31:0]$2532
     3/39: $2$memwr$\regs$/work/rtl/cpu/regfile.sv:27$2457_ADDR[4:0]$2531
     4/39: $1\i[31:0]
     5/39: $1$memwr$\regs$/work/rtl/cpu/regfile.sv:23$2456_EN[31:0]$2525
     6/39: $1$memwr$\regs$/work/rtl/cpu/regfile.sv:23$2455_EN[31:0]$2524
     7/39: $1$memwr$\regs$/work/rtl/cpu/regfile.sv:23$2454_EN[31:0]$2523
     8/39: $1$memwr$\regs$/work/rtl/cpu/regfile.sv:23$2453_EN[31:0]$2522
     9/39: $1$memwr$\regs$/work/rtl/cpu/regfile.sv:23$2452_EN[31:0]$2521
    10/39: $1$memwr$\regs$/work/rtl/cpu/regfile.sv:23$2451_EN[31:0]$2520
    11/39: $1$memwr$\regs$/work/rtl/cpu/regfile.sv:23$2450_EN[31:0]$2519
    12/39: $1$memwr$\regs$/work/rtl/cpu/regfile.sv:23$2449_EN[31:0]$2518
    13/39: $1$memwr$\regs$/work/rtl/cpu/regfile.sv:23$2448_EN[31:0]$2517
    14/39: $1$memwr$\regs$/work/rtl/cpu/regfile.sv:23$2447_EN[31:0]$2516
    15/39: $1$memwr$\regs$/work/rtl/cpu/regfile.sv:23$2446_EN[31:0]$2515
    16/39: $1$memwr$\regs$/work/rtl/cpu/regfile.sv:23$2445_EN[31:0]$2514
    17/39: $1$memwr$\regs$/work/rtl/cpu/regfile.sv:23$2444_EN[31:0]$2513
    18/39: $1$memwr$\regs$/work/rtl/cpu/regfile.sv:23$2443_EN[31:0]$2512
    19/39: $1$memwr$\regs$/work/rtl/cpu/regfile.sv:23$2442_EN[31:0]$2511
    20/39: $1$memwr$\regs$/work/rtl/cpu/regfile.sv:23$2441_EN[31:0]$2510
    21/39: $1$memwr$\regs$/work/rtl/cpu/regfile.sv:23$2440_EN[31:0]$2509
    22/39: $1$memwr$\regs$/work/rtl/cpu/regfile.sv:23$2439_EN[31:0]$2508
    23/39: $1$memwr$\regs$/work/rtl/cpu/regfile.sv:23$2438_EN[31:0]$2507
    24/39: $1$memwr$\regs$/work/rtl/cpu/regfile.sv:23$2437_EN[31:0]$2506
    25/39: $1$memwr$\regs$/work/rtl/cpu/regfile.sv:23$2436_EN[31:0]$2505
    26/39: $1$memwr$\regs$/work/rtl/cpu/regfile.sv:23$2435_EN[31:0]$2504
    27/39: $1$memwr$\regs$/work/rtl/cpu/regfile.sv:23$2434_EN[31:0]$2503
    28/39: $1$memwr$\regs$/work/rtl/cpu/regfile.sv:23$2433_EN[31:0]$2502
    29/39: $1$memwr$\regs$/work/rtl/cpu/regfile.sv:23$2432_EN[31:0]$2501
    30/39: $1$memwr$\regs$/work/rtl/cpu/regfile.sv:23$2431_EN[31:0]$2500
    31/39: $1$memwr$\regs$/work/rtl/cpu/regfile.sv:23$2430_EN[31:0]$2499
    32/39: $1$memwr$\regs$/work/rtl/cpu/regfile.sv:23$2429_EN[31:0]$2498
    33/39: $1$memwr$\regs$/work/rtl/cpu/regfile.sv:23$2428_EN[31:0]$2497
    34/39: $1$memwr$\regs$/work/rtl/cpu/regfile.sv:23$2427_EN[31:0]$2496
    35/39: $1$memwr$\regs$/work/rtl/cpu/regfile.sv:23$2426_EN[31:0]$2495
    36/39: $1$memwr$\regs$/work/rtl/cpu/regfile.sv:23$2425_EN[31:0]$2494
    37/39: $1$memwr$\regs$/work/rtl/cpu/regfile.sv:27$2457_EN[31:0]$2528
    38/39: $1$memwr$\regs$/work/rtl/cpu/regfile.sv:27$2457_DATA[31:0]$2527
    39/39: $1$memwr$\regs$/work/rtl/cpu/regfile.sv:27$2457_ADDR[4:0]$2526
Creating decoders for process `\immediate_generator.$proc$/work/rtl/cpu/immediate_generator.sv:0$2424'.
     1/1: $1\immediate[31:0]

40. Executing PROC_DLATCH pass (convert process syncs to latches).
No latch inferred for signal `\soc_top.\mem_read_data' from process `\soc_top.$proc$/work/rtl/soc_top.sv:0$11'.
No latch inferred for signal `\soc_top.\accel_read_data' from process `\soc_top.$proc$/work/rtl/soc_top.sv:0$9'.
No latch inferred for signal `\if_stage.\i' from process `\if_stage.$proc$/work/rtl/cpu/pipeline/if_stage.sv:0$2166'.
No latch inferred for signal `\if_stage.$memwr$\instruction_memory$/work/rtl/cpu/pipeline/if_stage.sv:22$1648_EN' from process `\if_stage.$proc$/work/rtl/cpu/pipeline/if_stage.sv:0$2166'.
No latch inferred for signal `\if_stage.$memwr$\instruction_memory$/work/rtl/cpu/pipeline/if_stage.sv:22$1649_EN' from process `\if_stage.$proc$/work/rtl/cpu/pipeline/if_stage.sv:0$2166'.
No latch inferred for signal `\if_stage.$memwr$\instruction_memory$/work/rtl/cpu/pipeline/if_stage.sv:22$1650_EN' from process `\if_stage.$proc$/work/rtl/cpu/pipeline/if_stage.sv:0$2166'.
No latch inferred for signal `\if_stage.$memwr$\instruction_memory$/work/rtl/cpu/pipeline/if_stage.sv:22$1651_EN' from process `\if_stage.$proc$/work/rtl/cpu/pipeline/if_stage.sv:0$2166'.
No latch inferred for signal `\if_stage.$memwr$\instruction_memory$/work/rtl/cpu/pipeline/if_stage.sv:22$1652_EN' from process `\if_stage.$proc$/work/rtl/cpu/pipeline/if_stage.sv:0$2166'.
No latch inferred for signal `\if_stage.$memwr$\instruction_memory$/work/rtl/cpu/pipeline/if_stage.sv:22$1653_EN' from process `\if_stage.$proc$/work/rtl/cpu/pipeline/if_stage.sv:0$2166'.
No latch inferred for signal `\if_stage.$memwr$\instruction_memory$/work/rtl/cpu/pipeline/if_stage.sv:22$1654_EN' from process `\if_stage.$proc$/work/rtl/cpu/pipeline/if_stage.sv:0$2166'.
No latch inferred for signal `\if_stage.$memwr$\instruction_memory$/work/rtl/cpu/pipeline/if_stage.sv:22$1655_EN' from process `\if_stage.$proc$/work/rtl/cpu/pipeline/if_stage.sv:0$2166'.
No latch inferred for signal `\if_stage.$memwr$\instruction_memory$/work/rtl/cpu/pipeline/if_stage.sv:22$1656_EN' from process `\if_stage.$proc$/work/rtl/cpu/pipeline/if_stage.sv:0$2166'.
No latch inferred for signal `\if_stage.$memwr$\instruction_memory$/work/rtl/cpu/pipeline/if_stage.sv:22$1657_EN' from process `\if_stage.$proc$/work/rtl/cpu/pipeline/if_stage.sv:0$2166'.
No latch inferred for signal `\if_stage.$memwr$\instruction_memory$/work/rtl/cpu/pipeline/if_stage.sv:22$1658_EN' from process `\if_stage.$proc$/work/rtl/cpu/pipeline/if_stage.sv:0$2166'.
No latch inferred for signal `\if_stage.$memwr$\instruction_memory$/work/rtl/cpu/pipeline/if_stage.sv:22$1659_EN' from process `\if_stage.$proc$/work/rtl/cpu/pipeline/if_stage.sv:0$2166'.
No latch inferred for signal `\if_stage.$memwr$\instruction_memory$/work/rtl/cpu/pipeline/if_stage.sv:22$1660_EN' from process `\if_stage.$proc$/work/rtl/cpu/pipeline/if_stage.sv:0$2166'.
No latch inferred for signal `\if_stage.$memwr$\instruction_memory$/work/rtl/cpu/pipeline/if_stage.sv:22$1661_EN' from process `\if_stage.$proc$/work/rtl/cpu/pipeline/if_stage.sv:0$2166'.
No latch inferred for signal `\if_stage.$memwr$\instruction_memory$/work/rtl/cpu/pipeline/if_stage.sv:22$1662_EN' from process `\if_stage.$proc$/work/rtl/cpu/pipeline/if_stage.sv:0$2166'.
No latch inferred for signal `\if_stage.$memwr$\instruction_memory$/work/rtl/cpu/pipeline/if_stage.sv:22$1663_EN' from process `\if_stage.$proc$/work/rtl/cpu/pipeline/if_stage.sv:0$2166'.
No latch inferred for signal `\if_stage.$memwr$\instruction_memory$/work/rtl/cpu/pipeline/if_stage.sv:22$1664_EN' from process `\if_stage.$proc$/work/rtl/cpu/pipeline/if_stage.sv:0$2166'.
No latch inferred for signal `\if_stage.$memwr$\instruction_memory$/work/rtl/cpu/pipeline/if_stage.sv:22$1665_EN' from process `\if_stage.$proc$/work/rtl/cpu/pipeline/if_stage.sv:0$2166'.
No latch inferred for signal `\if_stage.$memwr$\instruction_memory$/work/rtl/cpu/pipeline/if_stage.sv:22$1666_EN' from process `\if_stage.$proc$/work/rtl/cpu/pipeline/if_stage.sv:0$2166'.
No latch inferred for signal `\if_stage.$memwr$\instruction_memory$/work/rtl/cpu/pipeline/if_stage.sv:22$1667_EN' from process `\if_stage.$proc$/work/rtl/cpu/pipeline/if_stage.sv:0$2166'.
No latch inferred for signal `\if_stage.$memwr$\instruction_memory$/work/rtl/cpu/pipeline/if_stage.sv:22$1668_EN' from process `\if_stage.$proc$/work/rtl/cpu/pipeline/if_stage.sv:0$2166'.
No latch inferred for signal `\if_stage.$memwr$\instruction_memory$/work/rtl/cpu/pipeline/if_stage.sv:22$1669_EN' from process `\if_stage.$proc$/work/rtl/cpu/pipeline/if_stage.sv:0$2166'.
No latch inferred for signal `\if_stage.$memwr$\instruction_memory$/work/rtl/cpu/pipeline/if_stage.sv:22$1670_EN' from process `\if_stage.$proc$/work/rtl/cpu/pipeline/if_stage.sv:0$2166'.
No latch inferred for signal `\if_stage.$memwr$\instruction_memory$/work/rtl/cpu/pipeline/if_stage.sv:22$1671_EN' from process `\if_stage.$proc$/work/rtl/cpu/pipeline/if_stage.sv:0$2166'.
No latch inferred for signal `\if_stage.$memwr$\instruction_memory$/work/rtl/cpu/pipeline/if_stage.sv:22$1672_EN' from process `\if_stage.$proc$/work/rtl/cpu/pipeline/if_stage.sv:0$2166'.
No latch inferred for signal `\if_stage.$memwr$\instruction_memory$/work/rtl/cpu/pipeline/if_stage.sv:22$1673_EN' from process `\if_stage.$proc$/work/rtl/cpu/pipeline/if_stage.sv:0$2166'.
No latch inferred for signal `\if_stage.$memwr$\instruction_memory$/work/rtl/cpu/pipeline/if_stage.sv:22$1674_EN' from process `\if_stage.$proc$/work/rtl/cpu/pipeline/if_stage.sv:0$2166'.
No latch inferred for signal `\if_stage.$memwr$\instruction_memory$/work/rtl/cpu/pipeline/if_stage.sv:22$1675_EN' from process `\if_stage.$proc$/work/rtl/cpu/pipeline/if_stage.sv:0$2166'.
No latch inferred for signal `\if_stage.$memwr$\instruction_memory$/work/rtl/cpu/pipeline/if_stage.sv:22$1676_EN' from process `\if_stage.$proc$/work/rtl/cpu/pipeline/if_stage.sv:0$2166'.
No latch inferred for signal `\if_stage.$memwr$\instruction_memory$/work/rtl/cpu/pipeline/if_stage.sv:22$1677_EN' from process `\if_stage.$proc$/work/rtl/cpu/pipeline/if_stage.sv:0$2166'.
No latch inferred for signal `\if_stage.$memwr$\instruction_memory$/work/rtl/cpu/pipeline/if_stage.sv:22$1678_EN' from process `\if_stage.$proc$/work/rtl/cpu/pipeline/if_stage.sv:0$2166'.
No latch inferred for signal `\if_stage.$memwr$\instruction_memory$/work/rtl/cpu/pipeline/if_stage.sv:22$1679_EN' from process `\if_stage.$proc$/work/rtl/cpu/pipeline/if_stage.sv:0$2166'.
No latch inferred for signal `\if_stage.$memwr$\instruction_memory$/work/rtl/cpu/pipeline/if_stage.sv:22$1680_EN' from process `\if_stage.$proc$/work/rtl/cpu/pipeline/if_stage.sv:0$2166'.
No latch inferred for signal `\if_stage.$memwr$\instruction_memory$/work/rtl/cpu/pipeline/if_stage.sv:22$1681_EN' from process `\if_stage.$proc$/work/rtl/cpu/pipeline/if_stage.sv:0$2166'.
No latch inferred for signal `\if_stage.$memwr$\instruction_memory$/work/rtl/cpu/pipeline/if_stage.sv:22$1682_EN' from process `\if_stage.$proc$/work/rtl/cpu/pipeline/if_stage.sv:0$2166'.
No latch inferred for signal `\if_stage.$memwr$\instruction_memory$/work/rtl/cpu/pipeline/if_stage.sv:22$1683_EN' from process `\if_stage.$proc$/work/rtl/cpu/pipeline/if_stage.sv:0$2166'.
No latch inferred for signal `\if_stage.$memwr$\instruction_memory$/work/rtl/cpu/pipeline/if_stage.sv:22$1684_EN' from process `\if_stage.$proc$/work/rtl/cpu/pipeline/if_stage.sv:0$2166'.
No latch inferred for signal `\if_stage.$memwr$\instruction_memory$/work/rtl/cpu/pipeline/if_stage.sv:22$1685_EN' from process `\if_stage.$proc$/work/rtl/cpu/pipeline/if_stage.sv:0$2166'.
No latch inferred for signal `\if_stage.$memwr$\instruction_memory$/work/rtl/cpu/pipeline/if_stage.sv:22$1686_EN' from process `\if_stage.$proc$/work/rtl/cpu/pipeline/if_stage.sv:0$2166'.
No latch inferred for signal `\if_stage.$memwr$\instruction_memory$/work/rtl/cpu/pipeline/if_stage.sv:22$1687_EN' from process `\if_stage.$proc$/work/rtl/cpu/pipeline/if_stage.sv:0$2166'.
No latch inferred for signal `\if_stage.$memwr$\instruction_memory$/work/rtl/cpu/pipeline/if_stage.sv:22$1688_EN' from process `\if_stage.$proc$/work/rtl/cpu/pipeline/if_stage.sv:0$2166'.
No latch inferred for signal `\if_stage.$memwr$\instruction_memory$/work/rtl/cpu/pipeline/if_stage.sv:22$1689_EN' from process `\if_stage.$proc$/work/rtl/cpu/pipeline/if_stage.sv:0$2166'.
No latch inferred for signal `\if_stage.$memwr$\instruction_memory$/work/rtl/cpu/pipeline/if_stage.sv:22$1690_EN' from process `\if_stage.$proc$/work/rtl/cpu/pipeline/if_stage.sv:0$2166'.
No latch inferred for signal `\if_stage.$memwr$\instruction_memory$/work/rtl/cpu/pipeline/if_stage.sv:22$1691_EN' from process `\if_stage.$proc$/work/rtl/cpu/pipeline/if_stage.sv:0$2166'.
No latch inferred for signal `\if_stage.$memwr$\instruction_memory$/work/rtl/cpu/pipeline/if_stage.sv:22$1692_EN' from process `\if_stage.$proc$/work/rtl/cpu/pipeline/if_stage.sv:0$2166'.
No latch inferred for signal `\if_stage.$memwr$\instruction_memory$/work/rtl/cpu/pipeline/if_stage.sv:22$1693_EN' from process `\if_stage.$proc$/work/rtl/cpu/pipeline/if_stage.sv:0$2166'.
No latch inferred for signal `\if_stage.$memwr$\instruction_memory$/work/rtl/cpu/pipeline/if_stage.sv:22$1694_EN' from process `\if_stage.$proc$/work/rtl/cpu/pipeline/if_stage.sv:0$2166'.
No latch inferred for signal `\if_stage.$memwr$\instruction_memory$/work/rtl/cpu/pipeline/if_stage.sv:22$1695_EN' from process `\if_stage.$proc$/work/rtl/cpu/pipeline/if_stage.sv:0$2166'.
No latch inferred for signal `\if_stage.$memwr$\instruction_memory$/work/rtl/cpu/pipeline/if_stage.sv:22$1696_EN' from process `\if_stage.$proc$/work/rtl/cpu/pipeline/if_stage.sv:0$2166'.
No latch inferred for signal `\if_stage.$memwr$\instruction_memory$/work/rtl/cpu/pipeline/if_stage.sv:22$1697_EN' from process `\if_stage.$proc$/work/rtl/cpu/pipeline/if_stage.sv:0$2166'.
No latch inferred for signal `\if_stage.$memwr$\instruction_memory$/work/rtl/cpu/pipeline/if_stage.sv:22$1698_EN' from process `\if_stage.$proc$/work/rtl/cpu/pipeline/if_stage.sv:0$2166'.
No latch inferred for signal `\if_stage.$memwr$\instruction_memory$/work/rtl/cpu/pipeline/if_stage.sv:22$1699_EN' from process `\if_stage.$proc$/work/rtl/cpu/pipeline/if_stage.sv:0$2166'.
No latch inferred for signal `\if_stage.$memwr$\instruction_memory$/work/rtl/cpu/pipeline/if_stage.sv:22$1700_EN' from process `\if_stage.$proc$/work/rtl/cpu/pipeline/if_stage.sv:0$2166'.
No latch inferred for signal `\if_stage.$memwr$\instruction_memory$/work/rtl/cpu/pipeline/if_stage.sv:22$1701_EN' from process `\if_stage.$proc$/work/rtl/cpu/pipeline/if_stage.sv:0$2166'.
No latch inferred for signal `\if_stage.$memwr$\instruction_memory$/work/rtl/cpu/pipeline/if_stage.sv:22$1702_EN' from process `\if_stage.$proc$/work/rtl/cpu/pipeline/if_stage.sv:0$2166'.
No latch inferred for signal `\if_stage.$memwr$\instruction_memory$/work/rtl/cpu/pipeline/if_stage.sv:22$1703_EN' from process `\if_stage.$proc$/work/rtl/cpu/pipeline/if_stage.sv:0$2166'.
No latch inferred for signal `\if_stage.$memwr$\instruction_memory$/work/rtl/cpu/pipeline/if_stage.sv:22$1704_EN' from process `\if_stage.$proc$/work/rtl/cpu/pipeline/if_stage.sv:0$2166'.
No latch inferred for signal `\if_stage.$memwr$\instruction_memory$/work/rtl/cpu/pipeline/if_stage.sv:22$1705_EN' from process `\if_stage.$proc$/work/rtl/cpu/pipeline/if_stage.sv:0$2166'.
No latch inferred for signal `\if_stage.$memwr$\instruction_memory$/work/rtl/cpu/pipeline/if_stage.sv:22$1706_EN' from process `\if_stage.$proc$/work/rtl/cpu/pipeline/if_stage.sv:0$2166'.
No latch inferred for signal `\if_stage.$memwr$\instruction_memory$/work/rtl/cpu/pipeline/if_stage.sv:22$1707_EN' from process `\if_stage.$proc$/work/rtl/cpu/pipeline/if_stage.sv:0$2166'.
No latch inferred for signal `\if_stage.$memwr$\instruction_memory$/work/rtl/cpu/pipeline/if_stage.sv:22$1708_EN' from process `\if_stage.$proc$/work/rtl/cpu/pipeline/if_stage.sv:0$2166'.
No latch inferred for signal `\if_stage.$memwr$\instruction_memory$/work/rtl/cpu/pipeline/if_stage.sv:22$1709_EN' from process `\if_stage.$proc$/work/rtl/cpu/pipeline/if_stage.sv:0$2166'.
No latch inferred for signal `\if_stage.$memwr$\instruction_memory$/work/rtl/cpu/pipeline/if_stage.sv:22$1710_EN' from process `\if_stage.$proc$/work/rtl/cpu/pipeline/if_stage.sv:0$2166'.
No latch inferred for signal `\if_stage.$memwr$\instruction_memory$/work/rtl/cpu/pipeline/if_stage.sv:22$1711_EN' from process `\if_stage.$proc$/work/rtl/cpu/pipeline/if_stage.sv:0$2166'.
No latch inferred for signal `\if_stage.$memwr$\instruction_memory$/work/rtl/cpu/pipeline/if_stage.sv:22$1712_EN' from process `\if_stage.$proc$/work/rtl/cpu/pipeline/if_stage.sv:0$2166'.
No latch inferred for signal `\if_stage.$memwr$\instruction_memory$/work/rtl/cpu/pipeline/if_stage.sv:22$1713_EN' from process `\if_stage.$proc$/work/rtl/cpu/pipeline/if_stage.sv:0$2166'.
No latch inferred for signal `\if_stage.$memwr$\instruction_memory$/work/rtl/cpu/pipeline/if_stage.sv:22$1714_EN' from process `\if_stage.$proc$/work/rtl/cpu/pipeline/if_stage.sv:0$2166'.
No latch inferred for signal `\if_stage.$memwr$\instruction_memory$/work/rtl/cpu/pipeline/if_stage.sv:22$1715_EN' from process `\if_stage.$proc$/work/rtl/cpu/pipeline/if_stage.sv:0$2166'.
No latch inferred for signal `\if_stage.$memwr$\instruction_memory$/work/rtl/cpu/pipeline/if_stage.sv:22$1716_EN' from process `\if_stage.$proc$/work/rtl/cpu/pipeline/if_stage.sv:0$2166'.
No latch inferred for signal `\if_stage.$memwr$\instruction_memory$/work/rtl/cpu/pipeline/if_stage.sv:22$1717_EN' from process `\if_stage.$proc$/work/rtl/cpu/pipeline/if_stage.sv:0$2166'.
No latch inferred for signal `\if_stage.$memwr$\instruction_memory$/work/rtl/cpu/pipeline/if_stage.sv:22$1718_EN' from process `\if_stage.$proc$/work/rtl/cpu/pipeline/if_stage.sv:0$2166'.
No latch inferred for signal `\if_stage.$memwr$\instruction_memory$/work/rtl/cpu/pipeline/if_stage.sv:22$1719_EN' from process `\if_stage.$proc$/work/rtl/cpu/pipeline/if_stage.sv:0$2166'.
No latch inferred for signal `\if_stage.$memwr$\instruction_memory$/work/rtl/cpu/pipeline/if_stage.sv:22$1720_EN' from process `\if_stage.$proc$/work/rtl/cpu/pipeline/if_stage.sv:0$2166'.
No latch inferred for signal `\if_stage.$memwr$\instruction_memory$/work/rtl/cpu/pipeline/if_stage.sv:22$1721_EN' from process `\if_stage.$proc$/work/rtl/cpu/pipeline/if_stage.sv:0$2166'.
No latch inferred for signal `\if_stage.$memwr$\instruction_memory$/work/rtl/cpu/pipeline/if_stage.sv:22$1722_EN' from process `\if_stage.$proc$/work/rtl/cpu/pipeline/if_stage.sv:0$2166'.
No latch inferred for signal `\if_stage.$memwr$\instruction_memory$/work/rtl/cpu/pipeline/if_stage.sv:22$1723_EN' from process `\if_stage.$proc$/work/rtl/cpu/pipeline/if_stage.sv:0$2166'.
No latch inferred for signal `\if_stage.$memwr$\instruction_memory$/work/rtl/cpu/pipeline/if_stage.sv:22$1724_EN' from process `\if_stage.$proc$/work/rtl/cpu/pipeline/if_stage.sv:0$2166'.
No latch inferred for signal `\if_stage.$memwr$\instruction_memory$/work/rtl/cpu/pipeline/if_stage.sv:22$1725_EN' from process `\if_stage.$proc$/work/rtl/cpu/pipeline/if_stage.sv:0$2166'.
No latch inferred for signal `\if_stage.$memwr$\instruction_memory$/work/rtl/cpu/pipeline/if_stage.sv:22$1726_EN' from process `\if_stage.$proc$/work/rtl/cpu/pipeline/if_stage.sv:0$2166'.
No latch inferred for signal `\if_stage.$memwr$\instruction_memory$/work/rtl/cpu/pipeline/if_stage.sv:22$1727_EN' from process `\if_stage.$proc$/work/rtl/cpu/pipeline/if_stage.sv:0$2166'.
No latch inferred for signal `\if_stage.$memwr$\instruction_memory$/work/rtl/cpu/pipeline/if_stage.sv:22$1728_EN' from process `\if_stage.$proc$/work/rtl/cpu/pipeline/if_stage.sv:0$2166'.
No latch inferred for signal `\if_stage.$memwr$\instruction_memory$/work/rtl/cpu/pipeline/if_stage.sv:22$1729_EN' from process `\if_stage.$proc$/work/rtl/cpu/pipeline/if_stage.sv:0$2166'.
No latch inferred for signal `\if_stage.$memwr$\instruction_memory$/work/rtl/cpu/pipeline/if_stage.sv:22$1730_EN' from process `\if_stage.$proc$/work/rtl/cpu/pipeline/if_stage.sv:0$2166'.
No latch inferred for signal `\if_stage.$memwr$\instruction_memory$/work/rtl/cpu/pipeline/if_stage.sv:22$1731_EN' from process `\if_stage.$proc$/work/rtl/cpu/pipeline/if_stage.sv:0$2166'.
No latch inferred for signal `\if_stage.$memwr$\instruction_memory$/work/rtl/cpu/pipeline/if_stage.sv:22$1732_EN' from process `\if_stage.$proc$/work/rtl/cpu/pipeline/if_stage.sv:0$2166'.
No latch inferred for signal `\if_stage.$memwr$\instruction_memory$/work/rtl/cpu/pipeline/if_stage.sv:22$1733_EN' from process `\if_stage.$proc$/work/rtl/cpu/pipeline/if_stage.sv:0$2166'.
No latch inferred for signal `\if_stage.$memwr$\instruction_memory$/work/rtl/cpu/pipeline/if_stage.sv:22$1734_EN' from process `\if_stage.$proc$/work/rtl/cpu/pipeline/if_stage.sv:0$2166'.
No latch inferred for signal `\if_stage.$memwr$\instruction_memory$/work/rtl/cpu/pipeline/if_stage.sv:22$1735_EN' from process `\if_stage.$proc$/work/rtl/cpu/pipeline/if_stage.sv:0$2166'.
No latch inferred for signal `\if_stage.$memwr$\instruction_memory$/work/rtl/cpu/pipeline/if_stage.sv:22$1736_EN' from process `\if_stage.$proc$/work/rtl/cpu/pipeline/if_stage.sv:0$2166'.
No latch inferred for signal `\if_stage.$memwr$\instruction_memory$/work/rtl/cpu/pipeline/if_stage.sv:22$1737_EN' from process `\if_stage.$proc$/work/rtl/cpu/pipeline/if_stage.sv:0$2166'.
No latch inferred for signal `\if_stage.$memwr$\instruction_memory$/work/rtl/cpu/pipeline/if_stage.sv:22$1738_EN' from process `\if_stage.$proc$/work/rtl/cpu/pipeline/if_stage.sv:0$2166'.
No latch inferred for signal `\if_stage.$memwr$\instruction_memory$/work/rtl/cpu/pipeline/if_stage.sv:22$1739_EN' from process `\if_stage.$proc$/work/rtl/cpu/pipeline/if_stage.sv:0$2166'.
No latch inferred for signal `\if_stage.$memwr$\instruction_memory$/work/rtl/cpu/pipeline/if_stage.sv:22$1740_EN' from process `\if_stage.$proc$/work/rtl/cpu/pipeline/if_stage.sv:0$2166'.
No latch inferred for signal `\if_stage.$memwr$\instruction_memory$/work/rtl/cpu/pipeline/if_stage.sv:22$1741_EN' from process `\if_stage.$proc$/work/rtl/cpu/pipeline/if_stage.sv:0$2166'.
No latch inferred for signal `\if_stage.$memwr$\instruction_memory$/work/rtl/cpu/pipeline/if_stage.sv:22$1742_EN' from process `\if_stage.$proc$/work/rtl/cpu/pipeline/if_stage.sv:0$2166'.
No latch inferred for signal `\if_stage.$memwr$\instruction_memory$/work/rtl/cpu/pipeline/if_stage.sv:22$1743_EN' from process `\if_stage.$proc$/work/rtl/cpu/pipeline/if_stage.sv:0$2166'.
No latch inferred for signal `\if_stage.$memwr$\instruction_memory$/work/rtl/cpu/pipeline/if_stage.sv:22$1744_EN' from process `\if_stage.$proc$/work/rtl/cpu/pipeline/if_stage.sv:0$2166'.
No latch inferred for signal `\if_stage.$memwr$\instruction_memory$/work/rtl/cpu/pipeline/if_stage.sv:22$1745_EN' from process `\if_stage.$proc$/work/rtl/cpu/pipeline/if_stage.sv:0$2166'.
No latch inferred for signal `\if_stage.$memwr$\instruction_memory$/work/rtl/cpu/pipeline/if_stage.sv:22$1746_EN' from process `\if_stage.$proc$/work/rtl/cpu/pipeline/if_stage.sv:0$2166'.
No latch inferred for signal `\if_stage.$memwr$\instruction_memory$/work/rtl/cpu/pipeline/if_stage.sv:22$1747_EN' from process `\if_stage.$proc$/work/rtl/cpu/pipeline/if_stage.sv:0$2166'.
No latch inferred for signal `\if_stage.$memwr$\instruction_memory$/work/rtl/cpu/pipeline/if_stage.sv:22$1748_EN' from process `\if_stage.$proc$/work/rtl/cpu/pipeline/if_stage.sv:0$2166'.
No latch inferred for signal `\if_stage.$memwr$\instruction_memory$/work/rtl/cpu/pipeline/if_stage.sv:22$1749_EN' from process `\if_stage.$proc$/work/rtl/cpu/pipeline/if_stage.sv:0$2166'.
No latch inferred for signal `\if_stage.$memwr$\instruction_memory$/work/rtl/cpu/pipeline/if_stage.sv:22$1750_EN' from process `\if_stage.$proc$/work/rtl/cpu/pipeline/if_stage.sv:0$2166'.
No latch inferred for signal `\if_stage.$memwr$\instruction_memory$/work/rtl/cpu/pipeline/if_stage.sv:22$1751_EN' from process `\if_stage.$proc$/work/rtl/cpu/pipeline/if_stage.sv:0$2166'.
No latch inferred for signal `\if_stage.$memwr$\instruction_memory$/work/rtl/cpu/pipeline/if_stage.sv:22$1752_EN' from process `\if_stage.$proc$/work/rtl/cpu/pipeline/if_stage.sv:0$2166'.
No latch inferred for signal `\if_stage.$memwr$\instruction_memory$/work/rtl/cpu/pipeline/if_stage.sv:22$1753_EN' from process `\if_stage.$proc$/work/rtl/cpu/pipeline/if_stage.sv:0$2166'.
No latch inferred for signal `\if_stage.$memwr$\instruction_memory$/work/rtl/cpu/pipeline/if_stage.sv:22$1754_EN' from process `\if_stage.$proc$/work/rtl/cpu/pipeline/if_stage.sv:0$2166'.
No latch inferred for signal `\if_stage.$memwr$\instruction_memory$/work/rtl/cpu/pipeline/if_stage.sv:22$1755_EN' from process `\if_stage.$proc$/work/rtl/cpu/pipeline/if_stage.sv:0$2166'.
No latch inferred for signal `\if_stage.$memwr$\instruction_memory$/work/rtl/cpu/pipeline/if_stage.sv:22$1756_EN' from process `\if_stage.$proc$/work/rtl/cpu/pipeline/if_stage.sv:0$2166'.
No latch inferred for signal `\if_stage.$memwr$\instruction_memory$/work/rtl/cpu/pipeline/if_stage.sv:22$1757_EN' from process `\if_stage.$proc$/work/rtl/cpu/pipeline/if_stage.sv:0$2166'.
No latch inferred for signal `\if_stage.$memwr$\instruction_memory$/work/rtl/cpu/pipeline/if_stage.sv:22$1758_EN' from process `\if_stage.$proc$/work/rtl/cpu/pipeline/if_stage.sv:0$2166'.
No latch inferred for signal `\if_stage.$memwr$\instruction_memory$/work/rtl/cpu/pipeline/if_stage.sv:22$1759_EN' from process `\if_stage.$proc$/work/rtl/cpu/pipeline/if_stage.sv:0$2166'.
No latch inferred for signal `\if_stage.$memwr$\instruction_memory$/work/rtl/cpu/pipeline/if_stage.sv:22$1760_EN' from process `\if_stage.$proc$/work/rtl/cpu/pipeline/if_stage.sv:0$2166'.
No latch inferred for signal `\if_stage.$memwr$\instruction_memory$/work/rtl/cpu/pipeline/if_stage.sv:22$1761_EN' from process `\if_stage.$proc$/work/rtl/cpu/pipeline/if_stage.sv:0$2166'.
No latch inferred for signal `\if_stage.$memwr$\instruction_memory$/work/rtl/cpu/pipeline/if_stage.sv:22$1762_EN' from process `\if_stage.$proc$/work/rtl/cpu/pipeline/if_stage.sv:0$2166'.
No latch inferred for signal `\if_stage.$memwr$\instruction_memory$/work/rtl/cpu/pipeline/if_stage.sv:22$1763_EN' from process `\if_stage.$proc$/work/rtl/cpu/pipeline/if_stage.sv:0$2166'.
No latch inferred for signal `\if_stage.$memwr$\instruction_memory$/work/rtl/cpu/pipeline/if_stage.sv:22$1764_EN' from process `\if_stage.$proc$/work/rtl/cpu/pipeline/if_stage.sv:0$2166'.
No latch inferred for signal `\if_stage.$memwr$\instruction_memory$/work/rtl/cpu/pipeline/if_stage.sv:22$1765_EN' from process `\if_stage.$proc$/work/rtl/cpu/pipeline/if_stage.sv:0$2166'.
No latch inferred for signal `\if_stage.$memwr$\instruction_memory$/work/rtl/cpu/pipeline/if_stage.sv:22$1766_EN' from process `\if_stage.$proc$/work/rtl/cpu/pipeline/if_stage.sv:0$2166'.
No latch inferred for signal `\if_stage.$memwr$\instruction_memory$/work/rtl/cpu/pipeline/if_stage.sv:22$1767_EN' from process `\if_stage.$proc$/work/rtl/cpu/pipeline/if_stage.sv:0$2166'.
No latch inferred for signal `\if_stage.$memwr$\instruction_memory$/work/rtl/cpu/pipeline/if_stage.sv:22$1768_EN' from process `\if_stage.$proc$/work/rtl/cpu/pipeline/if_stage.sv:0$2166'.
No latch inferred for signal `\if_stage.$memwr$\instruction_memory$/work/rtl/cpu/pipeline/if_stage.sv:22$1769_EN' from process `\if_stage.$proc$/work/rtl/cpu/pipeline/if_stage.sv:0$2166'.
No latch inferred for signal `\if_stage.$memwr$\instruction_memory$/work/rtl/cpu/pipeline/if_stage.sv:22$1770_EN' from process `\if_stage.$proc$/work/rtl/cpu/pipeline/if_stage.sv:0$2166'.
No latch inferred for signal `\if_stage.$memwr$\instruction_memory$/work/rtl/cpu/pipeline/if_stage.sv:22$1771_EN' from process `\if_stage.$proc$/work/rtl/cpu/pipeline/if_stage.sv:0$2166'.
No latch inferred for signal `\if_stage.$memwr$\instruction_memory$/work/rtl/cpu/pipeline/if_stage.sv:22$1772_EN' from process `\if_stage.$proc$/work/rtl/cpu/pipeline/if_stage.sv:0$2166'.
No latch inferred for signal `\if_stage.$memwr$\instruction_memory$/work/rtl/cpu/pipeline/if_stage.sv:22$1773_EN' from process `\if_stage.$proc$/work/rtl/cpu/pipeline/if_stage.sv:0$2166'.
No latch inferred for signal `\if_stage.$memwr$\instruction_memory$/work/rtl/cpu/pipeline/if_stage.sv:22$1774_EN' from process `\if_stage.$proc$/work/rtl/cpu/pipeline/if_stage.sv:0$2166'.
No latch inferred for signal `\if_stage.$memwr$\instruction_memory$/work/rtl/cpu/pipeline/if_stage.sv:22$1775_EN' from process `\if_stage.$proc$/work/rtl/cpu/pipeline/if_stage.sv:0$2166'.
No latch inferred for signal `\if_stage.$memwr$\instruction_memory$/work/rtl/cpu/pipeline/if_stage.sv:22$1776_EN' from process `\if_stage.$proc$/work/rtl/cpu/pipeline/if_stage.sv:0$2166'.
No latch inferred for signal `\if_stage.$memwr$\instruction_memory$/work/rtl/cpu/pipeline/if_stage.sv:22$1777_EN' from process `\if_stage.$proc$/work/rtl/cpu/pipeline/if_stage.sv:0$2166'.
No latch inferred for signal `\if_stage.$memwr$\instruction_memory$/work/rtl/cpu/pipeline/if_stage.sv:22$1778_EN' from process `\if_stage.$proc$/work/rtl/cpu/pipeline/if_stage.sv:0$2166'.
No latch inferred for signal `\if_stage.$memwr$\instruction_memory$/work/rtl/cpu/pipeline/if_stage.sv:22$1779_EN' from process `\if_stage.$proc$/work/rtl/cpu/pipeline/if_stage.sv:0$2166'.
No latch inferred for signal `\if_stage.$memwr$\instruction_memory$/work/rtl/cpu/pipeline/if_stage.sv:22$1780_EN' from process `\if_stage.$proc$/work/rtl/cpu/pipeline/if_stage.sv:0$2166'.
No latch inferred for signal `\if_stage.$memwr$\instruction_memory$/work/rtl/cpu/pipeline/if_stage.sv:22$1781_EN' from process `\if_stage.$proc$/work/rtl/cpu/pipeline/if_stage.sv:0$2166'.
No latch inferred for signal `\if_stage.$memwr$\instruction_memory$/work/rtl/cpu/pipeline/if_stage.sv:22$1782_EN' from process `\if_stage.$proc$/work/rtl/cpu/pipeline/if_stage.sv:0$2166'.
No latch inferred for signal `\if_stage.$memwr$\instruction_memory$/work/rtl/cpu/pipeline/if_stage.sv:22$1783_EN' from process `\if_stage.$proc$/work/rtl/cpu/pipeline/if_stage.sv:0$2166'.
No latch inferred for signal `\if_stage.$memwr$\instruction_memory$/work/rtl/cpu/pipeline/if_stage.sv:22$1784_EN' from process `\if_stage.$proc$/work/rtl/cpu/pipeline/if_stage.sv:0$2166'.
No latch inferred for signal `\if_stage.$memwr$\instruction_memory$/work/rtl/cpu/pipeline/if_stage.sv:22$1785_EN' from process `\if_stage.$proc$/work/rtl/cpu/pipeline/if_stage.sv:0$2166'.
No latch inferred for signal `\if_stage.$memwr$\instruction_memory$/work/rtl/cpu/pipeline/if_stage.sv:22$1786_EN' from process `\if_stage.$proc$/work/rtl/cpu/pipeline/if_stage.sv:0$2166'.
No latch inferred for signal `\if_stage.$memwr$\instruction_memory$/work/rtl/cpu/pipeline/if_stage.sv:22$1787_EN' from process `\if_stage.$proc$/work/rtl/cpu/pipeline/if_stage.sv:0$2166'.
No latch inferred for signal `\if_stage.$memwr$\instruction_memory$/work/rtl/cpu/pipeline/if_stage.sv:22$1788_EN' from process `\if_stage.$proc$/work/rtl/cpu/pipeline/if_stage.sv:0$2166'.
No latch inferred for signal `\if_stage.$memwr$\instruction_memory$/work/rtl/cpu/pipeline/if_stage.sv:22$1789_EN' from process `\if_stage.$proc$/work/rtl/cpu/pipeline/if_stage.sv:0$2166'.
No latch inferred for signal `\if_stage.$memwr$\instruction_memory$/work/rtl/cpu/pipeline/if_stage.sv:22$1790_EN' from process `\if_stage.$proc$/work/rtl/cpu/pipeline/if_stage.sv:0$2166'.
No latch inferred for signal `\if_stage.$memwr$\instruction_memory$/work/rtl/cpu/pipeline/if_stage.sv:22$1791_EN' from process `\if_stage.$proc$/work/rtl/cpu/pipeline/if_stage.sv:0$2166'.
No latch inferred for signal `\if_stage.$memwr$\instruction_memory$/work/rtl/cpu/pipeline/if_stage.sv:22$1792_EN' from process `\if_stage.$proc$/work/rtl/cpu/pipeline/if_stage.sv:0$2166'.
No latch inferred for signal `\if_stage.$memwr$\instruction_memory$/work/rtl/cpu/pipeline/if_stage.sv:22$1793_EN' from process `\if_stage.$proc$/work/rtl/cpu/pipeline/if_stage.sv:0$2166'.
No latch inferred for signal `\if_stage.$memwr$\instruction_memory$/work/rtl/cpu/pipeline/if_stage.sv:22$1794_EN' from process `\if_stage.$proc$/work/rtl/cpu/pipeline/if_stage.sv:0$2166'.
No latch inferred for signal `\if_stage.$memwr$\instruction_memory$/work/rtl/cpu/pipeline/if_stage.sv:22$1795_EN' from process `\if_stage.$proc$/work/rtl/cpu/pipeline/if_stage.sv:0$2166'.
No latch inferred for signal `\if_stage.$memwr$\instruction_memory$/work/rtl/cpu/pipeline/if_stage.sv:22$1796_EN' from process `\if_stage.$proc$/work/rtl/cpu/pipeline/if_stage.sv:0$2166'.
No latch inferred for signal `\if_stage.$memwr$\instruction_memory$/work/rtl/cpu/pipeline/if_stage.sv:22$1797_EN' from process `\if_stage.$proc$/work/rtl/cpu/pipeline/if_stage.sv:0$2166'.
No latch inferred for signal `\if_stage.$memwr$\instruction_memory$/work/rtl/cpu/pipeline/if_stage.sv:22$1798_EN' from process `\if_stage.$proc$/work/rtl/cpu/pipeline/if_stage.sv:0$2166'.
No latch inferred for signal `\if_stage.$memwr$\instruction_memory$/work/rtl/cpu/pipeline/if_stage.sv:22$1799_EN' from process `\if_stage.$proc$/work/rtl/cpu/pipeline/if_stage.sv:0$2166'.
No latch inferred for signal `\if_stage.$memwr$\instruction_memory$/work/rtl/cpu/pipeline/if_stage.sv:22$1800_EN' from process `\if_stage.$proc$/work/rtl/cpu/pipeline/if_stage.sv:0$2166'.
No latch inferred for signal `\if_stage.$memwr$\instruction_memory$/work/rtl/cpu/pipeline/if_stage.sv:22$1801_EN' from process `\if_stage.$proc$/work/rtl/cpu/pipeline/if_stage.sv:0$2166'.
No latch inferred for signal `\if_stage.$memwr$\instruction_memory$/work/rtl/cpu/pipeline/if_stage.sv:22$1802_EN' from process `\if_stage.$proc$/work/rtl/cpu/pipeline/if_stage.sv:0$2166'.
No latch inferred for signal `\if_stage.$memwr$\instruction_memory$/work/rtl/cpu/pipeline/if_stage.sv:22$1803_EN' from process `\if_stage.$proc$/work/rtl/cpu/pipeline/if_stage.sv:0$2166'.
No latch inferred for signal `\if_stage.$memwr$\instruction_memory$/work/rtl/cpu/pipeline/if_stage.sv:22$1804_EN' from process `\if_stage.$proc$/work/rtl/cpu/pipeline/if_stage.sv:0$2166'.
No latch inferred for signal `\if_stage.$memwr$\instruction_memory$/work/rtl/cpu/pipeline/if_stage.sv:22$1805_EN' from process `\if_stage.$proc$/work/rtl/cpu/pipeline/if_stage.sv:0$2166'.
No latch inferred for signal `\if_stage.$memwr$\instruction_memory$/work/rtl/cpu/pipeline/if_stage.sv:22$1806_EN' from process `\if_stage.$proc$/work/rtl/cpu/pipeline/if_stage.sv:0$2166'.
No latch inferred for signal `\if_stage.$memwr$\instruction_memory$/work/rtl/cpu/pipeline/if_stage.sv:22$1807_EN' from process `\if_stage.$proc$/work/rtl/cpu/pipeline/if_stage.sv:0$2166'.
No latch inferred for signal `\if_stage.$memwr$\instruction_memory$/work/rtl/cpu/pipeline/if_stage.sv:22$1808_EN' from process `\if_stage.$proc$/work/rtl/cpu/pipeline/if_stage.sv:0$2166'.
No latch inferred for signal `\if_stage.$memwr$\instruction_memory$/work/rtl/cpu/pipeline/if_stage.sv:22$1809_EN' from process `\if_stage.$proc$/work/rtl/cpu/pipeline/if_stage.sv:0$2166'.
No latch inferred for signal `\if_stage.$memwr$\instruction_memory$/work/rtl/cpu/pipeline/if_stage.sv:22$1810_EN' from process `\if_stage.$proc$/work/rtl/cpu/pipeline/if_stage.sv:0$2166'.
No latch inferred for signal `\if_stage.$memwr$\instruction_memory$/work/rtl/cpu/pipeline/if_stage.sv:22$1811_EN' from process `\if_stage.$proc$/work/rtl/cpu/pipeline/if_stage.sv:0$2166'.
No latch inferred for signal `\if_stage.$memwr$\instruction_memory$/work/rtl/cpu/pipeline/if_stage.sv:22$1812_EN' from process `\if_stage.$proc$/work/rtl/cpu/pipeline/if_stage.sv:0$2166'.
No latch inferred for signal `\if_stage.$memwr$\instruction_memory$/work/rtl/cpu/pipeline/if_stage.sv:22$1813_EN' from process `\if_stage.$proc$/work/rtl/cpu/pipeline/if_stage.sv:0$2166'.
No latch inferred for signal `\if_stage.$memwr$\instruction_memory$/work/rtl/cpu/pipeline/if_stage.sv:22$1814_EN' from process `\if_stage.$proc$/work/rtl/cpu/pipeline/if_stage.sv:0$2166'.
No latch inferred for signal `\if_stage.$memwr$\instruction_memory$/work/rtl/cpu/pipeline/if_stage.sv:22$1815_EN' from process `\if_stage.$proc$/work/rtl/cpu/pipeline/if_stage.sv:0$2166'.
No latch inferred for signal `\if_stage.$memwr$\instruction_memory$/work/rtl/cpu/pipeline/if_stage.sv:22$1816_EN' from process `\if_stage.$proc$/work/rtl/cpu/pipeline/if_stage.sv:0$2166'.
No latch inferred for signal `\if_stage.$memwr$\instruction_memory$/work/rtl/cpu/pipeline/if_stage.sv:22$1817_EN' from process `\if_stage.$proc$/work/rtl/cpu/pipeline/if_stage.sv:0$2166'.
No latch inferred for signal `\if_stage.$memwr$\instruction_memory$/work/rtl/cpu/pipeline/if_stage.sv:22$1818_EN' from process `\if_stage.$proc$/work/rtl/cpu/pipeline/if_stage.sv:0$2166'.
No latch inferred for signal `\if_stage.$memwr$\instruction_memory$/work/rtl/cpu/pipeline/if_stage.sv:22$1819_EN' from process `\if_stage.$proc$/work/rtl/cpu/pipeline/if_stage.sv:0$2166'.
No latch inferred for signal `\if_stage.$memwr$\instruction_memory$/work/rtl/cpu/pipeline/if_stage.sv:22$1820_EN' from process `\if_stage.$proc$/work/rtl/cpu/pipeline/if_stage.sv:0$2166'.
No latch inferred for signal `\if_stage.$memwr$\instruction_memory$/work/rtl/cpu/pipeline/if_stage.sv:22$1821_EN' from process `\if_stage.$proc$/work/rtl/cpu/pipeline/if_stage.sv:0$2166'.
No latch inferred for signal `\if_stage.$memwr$\instruction_memory$/work/rtl/cpu/pipeline/if_stage.sv:22$1822_EN' from process `\if_stage.$proc$/work/rtl/cpu/pipeline/if_stage.sv:0$2166'.
No latch inferred for signal `\if_stage.$memwr$\instruction_memory$/work/rtl/cpu/pipeline/if_stage.sv:22$1823_EN' from process `\if_stage.$proc$/work/rtl/cpu/pipeline/if_stage.sv:0$2166'.
No latch inferred for signal `\if_stage.$memwr$\instruction_memory$/work/rtl/cpu/pipeline/if_stage.sv:22$1824_EN' from process `\if_stage.$proc$/work/rtl/cpu/pipeline/if_stage.sv:0$2166'.
No latch inferred for signal `\if_stage.$memwr$\instruction_memory$/work/rtl/cpu/pipeline/if_stage.sv:22$1825_EN' from process `\if_stage.$proc$/work/rtl/cpu/pipeline/if_stage.sv:0$2166'.
No latch inferred for signal `\if_stage.$memwr$\instruction_memory$/work/rtl/cpu/pipeline/if_stage.sv:22$1826_EN' from process `\if_stage.$proc$/work/rtl/cpu/pipeline/if_stage.sv:0$2166'.
No latch inferred for signal `\if_stage.$memwr$\instruction_memory$/work/rtl/cpu/pipeline/if_stage.sv:22$1827_EN' from process `\if_stage.$proc$/work/rtl/cpu/pipeline/if_stage.sv:0$2166'.
No latch inferred for signal `\if_stage.$memwr$\instruction_memory$/work/rtl/cpu/pipeline/if_stage.sv:22$1828_EN' from process `\if_stage.$proc$/work/rtl/cpu/pipeline/if_stage.sv:0$2166'.
No latch inferred for signal `\if_stage.$memwr$\instruction_memory$/work/rtl/cpu/pipeline/if_stage.sv:22$1829_EN' from process `\if_stage.$proc$/work/rtl/cpu/pipeline/if_stage.sv:0$2166'.
No latch inferred for signal `\if_stage.$memwr$\instruction_memory$/work/rtl/cpu/pipeline/if_stage.sv:22$1830_EN' from process `\if_stage.$proc$/work/rtl/cpu/pipeline/if_stage.sv:0$2166'.
No latch inferred for signal `\if_stage.$memwr$\instruction_memory$/work/rtl/cpu/pipeline/if_stage.sv:22$1831_EN' from process `\if_stage.$proc$/work/rtl/cpu/pipeline/if_stage.sv:0$2166'.
No latch inferred for signal `\if_stage.$memwr$\instruction_memory$/work/rtl/cpu/pipeline/if_stage.sv:22$1832_EN' from process `\if_stage.$proc$/work/rtl/cpu/pipeline/if_stage.sv:0$2166'.
No latch inferred for signal `\if_stage.$memwr$\instruction_memory$/work/rtl/cpu/pipeline/if_stage.sv:22$1833_EN' from process `\if_stage.$proc$/work/rtl/cpu/pipeline/if_stage.sv:0$2166'.
No latch inferred for signal `\if_stage.$memwr$\instruction_memory$/work/rtl/cpu/pipeline/if_stage.sv:22$1834_EN' from process `\if_stage.$proc$/work/rtl/cpu/pipeline/if_stage.sv:0$2166'.
No latch inferred for signal `\if_stage.$memwr$\instruction_memory$/work/rtl/cpu/pipeline/if_stage.sv:22$1835_EN' from process `\if_stage.$proc$/work/rtl/cpu/pipeline/if_stage.sv:0$2166'.
No latch inferred for signal `\if_stage.$memwr$\instruction_memory$/work/rtl/cpu/pipeline/if_stage.sv:22$1836_EN' from process `\if_stage.$proc$/work/rtl/cpu/pipeline/if_stage.sv:0$2166'.
No latch inferred for signal `\if_stage.$memwr$\instruction_memory$/work/rtl/cpu/pipeline/if_stage.sv:22$1837_EN' from process `\if_stage.$proc$/work/rtl/cpu/pipeline/if_stage.sv:0$2166'.
No latch inferred for signal `\if_stage.$memwr$\instruction_memory$/work/rtl/cpu/pipeline/if_stage.sv:22$1838_EN' from process `\if_stage.$proc$/work/rtl/cpu/pipeline/if_stage.sv:0$2166'.
No latch inferred for signal `\if_stage.$memwr$\instruction_memory$/work/rtl/cpu/pipeline/if_stage.sv:22$1839_EN' from process `\if_stage.$proc$/work/rtl/cpu/pipeline/if_stage.sv:0$2166'.
No latch inferred for signal `\if_stage.$memwr$\instruction_memory$/work/rtl/cpu/pipeline/if_stage.sv:22$1840_EN' from process `\if_stage.$proc$/work/rtl/cpu/pipeline/if_stage.sv:0$2166'.
No latch inferred for signal `\if_stage.$memwr$\instruction_memory$/work/rtl/cpu/pipeline/if_stage.sv:22$1841_EN' from process `\if_stage.$proc$/work/rtl/cpu/pipeline/if_stage.sv:0$2166'.
No latch inferred for signal `\if_stage.$memwr$\instruction_memory$/work/rtl/cpu/pipeline/if_stage.sv:22$1842_EN' from process `\if_stage.$proc$/work/rtl/cpu/pipeline/if_stage.sv:0$2166'.
No latch inferred for signal `\if_stage.$memwr$\instruction_memory$/work/rtl/cpu/pipeline/if_stage.sv:22$1843_EN' from process `\if_stage.$proc$/work/rtl/cpu/pipeline/if_stage.sv:0$2166'.
No latch inferred for signal `\if_stage.$memwr$\instruction_memory$/work/rtl/cpu/pipeline/if_stage.sv:22$1844_EN' from process `\if_stage.$proc$/work/rtl/cpu/pipeline/if_stage.sv:0$2166'.
No latch inferred for signal `\if_stage.$memwr$\instruction_memory$/work/rtl/cpu/pipeline/if_stage.sv:22$1845_EN' from process `\if_stage.$proc$/work/rtl/cpu/pipeline/if_stage.sv:0$2166'.
No latch inferred for signal `\if_stage.$memwr$\instruction_memory$/work/rtl/cpu/pipeline/if_stage.sv:22$1846_EN' from process `\if_stage.$proc$/work/rtl/cpu/pipeline/if_stage.sv:0$2166'.
No latch inferred for signal `\if_stage.$memwr$\instruction_memory$/work/rtl/cpu/pipeline/if_stage.sv:22$1847_EN' from process `\if_stage.$proc$/work/rtl/cpu/pipeline/if_stage.sv:0$2166'.
No latch inferred for signal `\if_stage.$memwr$\instruction_memory$/work/rtl/cpu/pipeline/if_stage.sv:22$1848_EN' from process `\if_stage.$proc$/work/rtl/cpu/pipeline/if_stage.sv:0$2166'.
No latch inferred for signal `\if_stage.$memwr$\instruction_memory$/work/rtl/cpu/pipeline/if_stage.sv:22$1849_EN' from process `\if_stage.$proc$/work/rtl/cpu/pipeline/if_stage.sv:0$2166'.
No latch inferred for signal `\if_stage.$memwr$\instruction_memory$/work/rtl/cpu/pipeline/if_stage.sv:22$1850_EN' from process `\if_stage.$proc$/work/rtl/cpu/pipeline/if_stage.sv:0$2166'.
No latch inferred for signal `\if_stage.$memwr$\instruction_memory$/work/rtl/cpu/pipeline/if_stage.sv:22$1851_EN' from process `\if_stage.$proc$/work/rtl/cpu/pipeline/if_stage.sv:0$2166'.
No latch inferred for signal `\if_stage.$memwr$\instruction_memory$/work/rtl/cpu/pipeline/if_stage.sv:22$1852_EN' from process `\if_stage.$proc$/work/rtl/cpu/pipeline/if_stage.sv:0$2166'.
No latch inferred for signal `\if_stage.$memwr$\instruction_memory$/work/rtl/cpu/pipeline/if_stage.sv:22$1853_EN' from process `\if_stage.$proc$/work/rtl/cpu/pipeline/if_stage.sv:0$2166'.
No latch inferred for signal `\if_stage.$memwr$\instruction_memory$/work/rtl/cpu/pipeline/if_stage.sv:22$1854_EN' from process `\if_stage.$proc$/work/rtl/cpu/pipeline/if_stage.sv:0$2166'.
No latch inferred for signal `\if_stage.$memwr$\instruction_memory$/work/rtl/cpu/pipeline/if_stage.sv:22$1855_EN' from process `\if_stage.$proc$/work/rtl/cpu/pipeline/if_stage.sv:0$2166'.
No latch inferred for signal `\if_stage.$memwr$\instruction_memory$/work/rtl/cpu/pipeline/if_stage.sv:22$1856_EN' from process `\if_stage.$proc$/work/rtl/cpu/pipeline/if_stage.sv:0$2166'.
No latch inferred for signal `\if_stage.$memwr$\instruction_memory$/work/rtl/cpu/pipeline/if_stage.sv:22$1857_EN' from process `\if_stage.$proc$/work/rtl/cpu/pipeline/if_stage.sv:0$2166'.
No latch inferred for signal `\if_stage.$memwr$\instruction_memory$/work/rtl/cpu/pipeline/if_stage.sv:22$1858_EN' from process `\if_stage.$proc$/work/rtl/cpu/pipeline/if_stage.sv:0$2166'.
No latch inferred for signal `\if_stage.$memwr$\instruction_memory$/work/rtl/cpu/pipeline/if_stage.sv:22$1859_EN' from process `\if_stage.$proc$/work/rtl/cpu/pipeline/if_stage.sv:0$2166'.
No latch inferred for signal `\if_stage.$memwr$\instruction_memory$/work/rtl/cpu/pipeline/if_stage.sv:22$1860_EN' from process `\if_stage.$proc$/work/rtl/cpu/pipeline/if_stage.sv:0$2166'.
No latch inferred for signal `\if_stage.$memwr$\instruction_memory$/work/rtl/cpu/pipeline/if_stage.sv:22$1861_EN' from process `\if_stage.$proc$/work/rtl/cpu/pipeline/if_stage.sv:0$2166'.
No latch inferred for signal `\if_stage.$memwr$\instruction_memory$/work/rtl/cpu/pipeline/if_stage.sv:22$1862_EN' from process `\if_stage.$proc$/work/rtl/cpu/pipeline/if_stage.sv:0$2166'.
No latch inferred for signal `\if_stage.$memwr$\instruction_memory$/work/rtl/cpu/pipeline/if_stage.sv:22$1863_EN' from process `\if_stage.$proc$/work/rtl/cpu/pipeline/if_stage.sv:0$2166'.
No latch inferred for signal `\if_stage.$memwr$\instruction_memory$/work/rtl/cpu/pipeline/if_stage.sv:22$1864_EN' from process `\if_stage.$proc$/work/rtl/cpu/pipeline/if_stage.sv:0$2166'.
No latch inferred for signal `\if_stage.$memwr$\instruction_memory$/work/rtl/cpu/pipeline/if_stage.sv:22$1865_EN' from process `\if_stage.$proc$/work/rtl/cpu/pipeline/if_stage.sv:0$2166'.
No latch inferred for signal `\if_stage.$memwr$\instruction_memory$/work/rtl/cpu/pipeline/if_stage.sv:22$1866_EN' from process `\if_stage.$proc$/work/rtl/cpu/pipeline/if_stage.sv:0$2166'.
No latch inferred for signal `\if_stage.$memwr$\instruction_memory$/work/rtl/cpu/pipeline/if_stage.sv:22$1867_EN' from process `\if_stage.$proc$/work/rtl/cpu/pipeline/if_stage.sv:0$2166'.
No latch inferred for signal `\if_stage.$memwr$\instruction_memory$/work/rtl/cpu/pipeline/if_stage.sv:22$1868_EN' from process `\if_stage.$proc$/work/rtl/cpu/pipeline/if_stage.sv:0$2166'.
No latch inferred for signal `\if_stage.$memwr$\instruction_memory$/work/rtl/cpu/pipeline/if_stage.sv:22$1869_EN' from process `\if_stage.$proc$/work/rtl/cpu/pipeline/if_stage.sv:0$2166'.
No latch inferred for signal `\if_stage.$memwr$\instruction_memory$/work/rtl/cpu/pipeline/if_stage.sv:22$1870_EN' from process `\if_stage.$proc$/work/rtl/cpu/pipeline/if_stage.sv:0$2166'.
No latch inferred for signal `\if_stage.$memwr$\instruction_memory$/work/rtl/cpu/pipeline/if_stage.sv:22$1871_EN' from process `\if_stage.$proc$/work/rtl/cpu/pipeline/if_stage.sv:0$2166'.
No latch inferred for signal `\if_stage.$memwr$\instruction_memory$/work/rtl/cpu/pipeline/if_stage.sv:22$1872_EN' from process `\if_stage.$proc$/work/rtl/cpu/pipeline/if_stage.sv:0$2166'.
No latch inferred for signal `\if_stage.$memwr$\instruction_memory$/work/rtl/cpu/pipeline/if_stage.sv:22$1873_EN' from process `\if_stage.$proc$/work/rtl/cpu/pipeline/if_stage.sv:0$2166'.
No latch inferred for signal `\if_stage.$memwr$\instruction_memory$/work/rtl/cpu/pipeline/if_stage.sv:22$1874_EN' from process `\if_stage.$proc$/work/rtl/cpu/pipeline/if_stage.sv:0$2166'.
No latch inferred for signal `\if_stage.$memwr$\instruction_memory$/work/rtl/cpu/pipeline/if_stage.sv:22$1875_EN' from process `\if_stage.$proc$/work/rtl/cpu/pipeline/if_stage.sv:0$2166'.
No latch inferred for signal `\if_stage.$memwr$\instruction_memory$/work/rtl/cpu/pipeline/if_stage.sv:22$1876_EN' from process `\if_stage.$proc$/work/rtl/cpu/pipeline/if_stage.sv:0$2166'.
No latch inferred for signal `\if_stage.$memwr$\instruction_memory$/work/rtl/cpu/pipeline/if_stage.sv:22$1877_EN' from process `\if_stage.$proc$/work/rtl/cpu/pipeline/if_stage.sv:0$2166'.
No latch inferred for signal `\if_stage.$memwr$\instruction_memory$/work/rtl/cpu/pipeline/if_stage.sv:22$1878_EN' from process `\if_stage.$proc$/work/rtl/cpu/pipeline/if_stage.sv:0$2166'.
No latch inferred for signal `\if_stage.$memwr$\instruction_memory$/work/rtl/cpu/pipeline/if_stage.sv:22$1879_EN' from process `\if_stage.$proc$/work/rtl/cpu/pipeline/if_stage.sv:0$2166'.
No latch inferred for signal `\if_stage.$memwr$\instruction_memory$/work/rtl/cpu/pipeline/if_stage.sv:22$1880_EN' from process `\if_stage.$proc$/work/rtl/cpu/pipeline/if_stage.sv:0$2166'.
No latch inferred for signal `\if_stage.$memwr$\instruction_memory$/work/rtl/cpu/pipeline/if_stage.sv:22$1881_EN' from process `\if_stage.$proc$/work/rtl/cpu/pipeline/if_stage.sv:0$2166'.
No latch inferred for signal `\if_stage.$memwr$\instruction_memory$/work/rtl/cpu/pipeline/if_stage.sv:22$1882_EN' from process `\if_stage.$proc$/work/rtl/cpu/pipeline/if_stage.sv:0$2166'.
No latch inferred for signal `\if_stage.$memwr$\instruction_memory$/work/rtl/cpu/pipeline/if_stage.sv:22$1883_EN' from process `\if_stage.$proc$/work/rtl/cpu/pipeline/if_stage.sv:0$2166'.
No latch inferred for signal `\if_stage.$memwr$\instruction_memory$/work/rtl/cpu/pipeline/if_stage.sv:22$1884_EN' from process `\if_stage.$proc$/work/rtl/cpu/pipeline/if_stage.sv:0$2166'.
No latch inferred for signal `\if_stage.$memwr$\instruction_memory$/work/rtl/cpu/pipeline/if_stage.sv:22$1885_EN' from process `\if_stage.$proc$/work/rtl/cpu/pipeline/if_stage.sv:0$2166'.
No latch inferred for signal `\if_stage.$memwr$\instruction_memory$/work/rtl/cpu/pipeline/if_stage.sv:22$1886_EN' from process `\if_stage.$proc$/work/rtl/cpu/pipeline/if_stage.sv:0$2166'.
No latch inferred for signal `\if_stage.$memwr$\instruction_memory$/work/rtl/cpu/pipeline/if_stage.sv:22$1887_EN' from process `\if_stage.$proc$/work/rtl/cpu/pipeline/if_stage.sv:0$2166'.
No latch inferred for signal `\if_stage.$memwr$\instruction_memory$/work/rtl/cpu/pipeline/if_stage.sv:22$1888_EN' from process `\if_stage.$proc$/work/rtl/cpu/pipeline/if_stage.sv:0$2166'.
No latch inferred for signal `\if_stage.$memwr$\instruction_memory$/work/rtl/cpu/pipeline/if_stage.sv:22$1889_EN' from process `\if_stage.$proc$/work/rtl/cpu/pipeline/if_stage.sv:0$2166'.
No latch inferred for signal `\if_stage.$memwr$\instruction_memory$/work/rtl/cpu/pipeline/if_stage.sv:22$1890_EN' from process `\if_stage.$proc$/work/rtl/cpu/pipeline/if_stage.sv:0$2166'.
No latch inferred for signal `\if_stage.$memwr$\instruction_memory$/work/rtl/cpu/pipeline/if_stage.sv:22$1891_EN' from process `\if_stage.$proc$/work/rtl/cpu/pipeline/if_stage.sv:0$2166'.
No latch inferred for signal `\if_stage.$memwr$\instruction_memory$/work/rtl/cpu/pipeline/if_stage.sv:22$1892_EN' from process `\if_stage.$proc$/work/rtl/cpu/pipeline/if_stage.sv:0$2166'.
No latch inferred for signal `\if_stage.$memwr$\instruction_memory$/work/rtl/cpu/pipeline/if_stage.sv:22$1893_EN' from process `\if_stage.$proc$/work/rtl/cpu/pipeline/if_stage.sv:0$2166'.
No latch inferred for signal `\if_stage.$memwr$\instruction_memory$/work/rtl/cpu/pipeline/if_stage.sv:22$1894_EN' from process `\if_stage.$proc$/work/rtl/cpu/pipeline/if_stage.sv:0$2166'.
No latch inferred for signal `\if_stage.$memwr$\instruction_memory$/work/rtl/cpu/pipeline/if_stage.sv:22$1895_EN' from process `\if_stage.$proc$/work/rtl/cpu/pipeline/if_stage.sv:0$2166'.
No latch inferred for signal `\if_stage.$memwr$\instruction_memory$/work/rtl/cpu/pipeline/if_stage.sv:22$1896_EN' from process `\if_stage.$proc$/work/rtl/cpu/pipeline/if_stage.sv:0$2166'.
No latch inferred for signal `\if_stage.$memwr$\instruction_memory$/work/rtl/cpu/pipeline/if_stage.sv:22$1897_EN' from process `\if_stage.$proc$/work/rtl/cpu/pipeline/if_stage.sv:0$2166'.
No latch inferred for signal `\if_stage.$memwr$\instruction_memory$/work/rtl/cpu/pipeline/if_stage.sv:22$1898_EN' from process `\if_stage.$proc$/work/rtl/cpu/pipeline/if_stage.sv:0$2166'.
No latch inferred for signal `\if_stage.$memwr$\instruction_memory$/work/rtl/cpu/pipeline/if_stage.sv:22$1899_EN' from process `\if_stage.$proc$/work/rtl/cpu/pipeline/if_stage.sv:0$2166'.
No latch inferred for signal `\if_stage.$memwr$\instruction_memory$/work/rtl/cpu/pipeline/if_stage.sv:22$1900_EN' from process `\if_stage.$proc$/work/rtl/cpu/pipeline/if_stage.sv:0$2166'.
No latch inferred for signal `\if_stage.$memwr$\instruction_memory$/work/rtl/cpu/pipeline/if_stage.sv:22$1901_EN' from process `\if_stage.$proc$/work/rtl/cpu/pipeline/if_stage.sv:0$2166'.
No latch inferred for signal `\if_stage.$memwr$\instruction_memory$/work/rtl/cpu/pipeline/if_stage.sv:22$1902_EN' from process `\if_stage.$proc$/work/rtl/cpu/pipeline/if_stage.sv:0$2166'.
No latch inferred for signal `\if_stage.$memwr$\instruction_memory$/work/rtl/cpu/pipeline/if_stage.sv:22$1903_EN' from process `\if_stage.$proc$/work/rtl/cpu/pipeline/if_stage.sv:0$2166'.
No latch inferred for signal `\if_stage.\instruction' from process `\if_stage.$proc$/work/rtl/cpu/pipeline/if_stage.sv:0$1908'.
No latch inferred for signal `\if_stage.\pc_plus4' from process `\if_stage.$proc$/work/rtl/cpu/pipeline/if_stage.sv:0$1906'.
No latch inferred for signal `\hazard_detection.\pc_write' from process `\hazard_detection.$proc$/work/rtl/cpu/pipeline/hazard_detection.sv:0$1641'.
No latch inferred for signal `\hazard_detection.\if_id_write' from process `\hazard_detection.$proc$/work/rtl/cpu/pipeline/hazard_detection.sv:0$1641'.
No latch inferred for signal `\hazard_detection.\control_stall' from process `\hazard_detection.$proc$/work/rtl/cpu/pipeline/hazard_detection.sv:0$1641'.
No latch inferred for signal `\forwarding_unit.\forward_a' from process `\forwarding_unit.$proc$/work/rtl/cpu/pipeline/forwarding_unit.sv:0$1624'.
No latch inferred for signal `\forwarding_unit.\forward_b' from process `\forwarding_unit.$proc$/work/rtl/cpu/pipeline/forwarding_unit.sv:0$1624'.
No latch inferred for signal `\branch_unit.\branch_taken' from process `\branch_unit.$proc$/work/rtl/cpu/pipeline/branch_unit.sv:0$1617'.
No latch inferred for signal `\branch_unit.\branch_target' from process `\branch_unit.$proc$/work/rtl/cpu/pipeline/branch_unit.sv:0$1617'.
No latch inferred for signal `\mem_stage.\i' from process `\mem_stage.$proc$/work/rtl/cpu/pipeline/mem_stage.sv:0$1354'.
No latch inferred for signal `\mem_stage.$memwr$\data_memory$/work/rtl/cpu/pipeline/mem_stage.sv:20$832_EN' from process `\mem_stage.$proc$/work/rtl/cpu/pipeline/mem_stage.sv:0$1354'.
No latch inferred for signal `\mem_stage.$memwr$\data_memory$/work/rtl/cpu/pipeline/mem_stage.sv:20$833_EN' from process `\mem_stage.$proc$/work/rtl/cpu/pipeline/mem_stage.sv:0$1354'.
No latch inferred for signal `\mem_stage.$memwr$\data_memory$/work/rtl/cpu/pipeline/mem_stage.sv:20$834_EN' from process `\mem_stage.$proc$/work/rtl/cpu/pipeline/mem_stage.sv:0$1354'.
No latch inferred for signal `\mem_stage.$memwr$\data_memory$/work/rtl/cpu/pipeline/mem_stage.sv:20$835_EN' from process `\mem_stage.$proc$/work/rtl/cpu/pipeline/mem_stage.sv:0$1354'.
No latch inferred for signal `\mem_stage.$memwr$\data_memory$/work/rtl/cpu/pipeline/mem_stage.sv:20$836_EN' from process `\mem_stage.$proc$/work/rtl/cpu/pipeline/mem_stage.sv:0$1354'.
No latch inferred for signal `\mem_stage.$memwr$\data_memory$/work/rtl/cpu/pipeline/mem_stage.sv:20$837_EN' from process `\mem_stage.$proc$/work/rtl/cpu/pipeline/mem_stage.sv:0$1354'.
No latch inferred for signal `\mem_stage.$memwr$\data_memory$/work/rtl/cpu/pipeline/mem_stage.sv:20$838_EN' from process `\mem_stage.$proc$/work/rtl/cpu/pipeline/mem_stage.sv:0$1354'.
No latch inferred for signal `\mem_stage.$memwr$\data_memory$/work/rtl/cpu/pipeline/mem_stage.sv:20$839_EN' from process `\mem_stage.$proc$/work/rtl/cpu/pipeline/mem_stage.sv:0$1354'.
No latch inferred for signal `\mem_stage.$memwr$\data_memory$/work/rtl/cpu/pipeline/mem_stage.sv:20$840_EN' from process `\mem_stage.$proc$/work/rtl/cpu/pipeline/mem_stage.sv:0$1354'.
No latch inferred for signal `\mem_stage.$memwr$\data_memory$/work/rtl/cpu/pipeline/mem_stage.sv:20$841_EN' from process `\mem_stage.$proc$/work/rtl/cpu/pipeline/mem_stage.sv:0$1354'.
No latch inferred for signal `\mem_stage.$memwr$\data_memory$/work/rtl/cpu/pipeline/mem_stage.sv:20$842_EN' from process `\mem_stage.$proc$/work/rtl/cpu/pipeline/mem_stage.sv:0$1354'.
No latch inferred for signal `\mem_stage.$memwr$\data_memory$/work/rtl/cpu/pipeline/mem_stage.sv:20$843_EN' from process `\mem_stage.$proc$/work/rtl/cpu/pipeline/mem_stage.sv:0$1354'.
No latch inferred for signal `\mem_stage.$memwr$\data_memory$/work/rtl/cpu/pipeline/mem_stage.sv:20$844_EN' from process `\mem_stage.$proc$/work/rtl/cpu/pipeline/mem_stage.sv:0$1354'.
No latch inferred for signal `\mem_stage.$memwr$\data_memory$/work/rtl/cpu/pipeline/mem_stage.sv:20$845_EN' from process `\mem_stage.$proc$/work/rtl/cpu/pipeline/mem_stage.sv:0$1354'.
No latch inferred for signal `\mem_stage.$memwr$\data_memory$/work/rtl/cpu/pipeline/mem_stage.sv:20$846_EN' from process `\mem_stage.$proc$/work/rtl/cpu/pipeline/mem_stage.sv:0$1354'.
No latch inferred for signal `\mem_stage.$memwr$\data_memory$/work/rtl/cpu/pipeline/mem_stage.sv:20$847_EN' from process `\mem_stage.$proc$/work/rtl/cpu/pipeline/mem_stage.sv:0$1354'.
No latch inferred for signal `\mem_stage.$memwr$\data_memory$/work/rtl/cpu/pipeline/mem_stage.sv:20$848_EN' from process `\mem_stage.$proc$/work/rtl/cpu/pipeline/mem_stage.sv:0$1354'.
No latch inferred for signal `\mem_stage.$memwr$\data_memory$/work/rtl/cpu/pipeline/mem_stage.sv:20$849_EN' from process `\mem_stage.$proc$/work/rtl/cpu/pipeline/mem_stage.sv:0$1354'.
No latch inferred for signal `\mem_stage.$memwr$\data_memory$/work/rtl/cpu/pipeline/mem_stage.sv:20$850_EN' from process `\mem_stage.$proc$/work/rtl/cpu/pipeline/mem_stage.sv:0$1354'.
No latch inferred for signal `\mem_stage.$memwr$\data_memory$/work/rtl/cpu/pipeline/mem_stage.sv:20$851_EN' from process `\mem_stage.$proc$/work/rtl/cpu/pipeline/mem_stage.sv:0$1354'.
No latch inferred for signal `\mem_stage.$memwr$\data_memory$/work/rtl/cpu/pipeline/mem_stage.sv:20$852_EN' from process `\mem_stage.$proc$/work/rtl/cpu/pipeline/mem_stage.sv:0$1354'.
No latch inferred for signal `\mem_stage.$memwr$\data_memory$/work/rtl/cpu/pipeline/mem_stage.sv:20$853_EN' from process `\mem_stage.$proc$/work/rtl/cpu/pipeline/mem_stage.sv:0$1354'.
No latch inferred for signal `\mem_stage.$memwr$\data_memory$/work/rtl/cpu/pipeline/mem_stage.sv:20$854_EN' from process `\mem_stage.$proc$/work/rtl/cpu/pipeline/mem_stage.sv:0$1354'.
No latch inferred for signal `\mem_stage.$memwr$\data_memory$/work/rtl/cpu/pipeline/mem_stage.sv:20$855_EN' from process `\mem_stage.$proc$/work/rtl/cpu/pipeline/mem_stage.sv:0$1354'.
No latch inferred for signal `\mem_stage.$memwr$\data_memory$/work/rtl/cpu/pipeline/mem_stage.sv:20$856_EN' from process `\mem_stage.$proc$/work/rtl/cpu/pipeline/mem_stage.sv:0$1354'.
No latch inferred for signal `\mem_stage.$memwr$\data_memory$/work/rtl/cpu/pipeline/mem_stage.sv:20$857_EN' from process `\mem_stage.$proc$/work/rtl/cpu/pipeline/mem_stage.sv:0$1354'.
No latch inferred for signal `\mem_stage.$memwr$\data_memory$/work/rtl/cpu/pipeline/mem_stage.sv:20$858_EN' from process `\mem_stage.$proc$/work/rtl/cpu/pipeline/mem_stage.sv:0$1354'.
No latch inferred for signal `\mem_stage.$memwr$\data_memory$/work/rtl/cpu/pipeline/mem_stage.sv:20$859_EN' from process `\mem_stage.$proc$/work/rtl/cpu/pipeline/mem_stage.sv:0$1354'.
No latch inferred for signal `\mem_stage.$memwr$\data_memory$/work/rtl/cpu/pipeline/mem_stage.sv:20$860_EN' from process `\mem_stage.$proc$/work/rtl/cpu/pipeline/mem_stage.sv:0$1354'.
No latch inferred for signal `\mem_stage.$memwr$\data_memory$/work/rtl/cpu/pipeline/mem_stage.sv:20$861_EN' from process `\mem_stage.$proc$/work/rtl/cpu/pipeline/mem_stage.sv:0$1354'.
No latch inferred for signal `\mem_stage.$memwr$\data_memory$/work/rtl/cpu/pipeline/mem_stage.sv:20$862_EN' from process `\mem_stage.$proc$/work/rtl/cpu/pipeline/mem_stage.sv:0$1354'.
No latch inferred for signal `\mem_stage.$memwr$\data_memory$/work/rtl/cpu/pipeline/mem_stage.sv:20$863_EN' from process `\mem_stage.$proc$/work/rtl/cpu/pipeline/mem_stage.sv:0$1354'.
No latch inferred for signal `\mem_stage.$memwr$\data_memory$/work/rtl/cpu/pipeline/mem_stage.sv:20$864_EN' from process `\mem_stage.$proc$/work/rtl/cpu/pipeline/mem_stage.sv:0$1354'.
No latch inferred for signal `\mem_stage.$memwr$\data_memory$/work/rtl/cpu/pipeline/mem_stage.sv:20$865_EN' from process `\mem_stage.$proc$/work/rtl/cpu/pipeline/mem_stage.sv:0$1354'.
No latch inferred for signal `\mem_stage.$memwr$\data_memory$/work/rtl/cpu/pipeline/mem_stage.sv:20$866_EN' from process `\mem_stage.$proc$/work/rtl/cpu/pipeline/mem_stage.sv:0$1354'.
No latch inferred for signal `\mem_stage.$memwr$\data_memory$/work/rtl/cpu/pipeline/mem_stage.sv:20$867_EN' from process `\mem_stage.$proc$/work/rtl/cpu/pipeline/mem_stage.sv:0$1354'.
No latch inferred for signal `\mem_stage.$memwr$\data_memory$/work/rtl/cpu/pipeline/mem_stage.sv:20$868_EN' from process `\mem_stage.$proc$/work/rtl/cpu/pipeline/mem_stage.sv:0$1354'.
No latch inferred for signal `\mem_stage.$memwr$\data_memory$/work/rtl/cpu/pipeline/mem_stage.sv:20$869_EN' from process `\mem_stage.$proc$/work/rtl/cpu/pipeline/mem_stage.sv:0$1354'.
No latch inferred for signal `\mem_stage.$memwr$\data_memory$/work/rtl/cpu/pipeline/mem_stage.sv:20$870_EN' from process `\mem_stage.$proc$/work/rtl/cpu/pipeline/mem_stage.sv:0$1354'.
No latch inferred for signal `\mem_stage.$memwr$\data_memory$/work/rtl/cpu/pipeline/mem_stage.sv:20$871_EN' from process `\mem_stage.$proc$/work/rtl/cpu/pipeline/mem_stage.sv:0$1354'.
No latch inferred for signal `\mem_stage.$memwr$\data_memory$/work/rtl/cpu/pipeline/mem_stage.sv:20$872_EN' from process `\mem_stage.$proc$/work/rtl/cpu/pipeline/mem_stage.sv:0$1354'.
No latch inferred for signal `\mem_stage.$memwr$\data_memory$/work/rtl/cpu/pipeline/mem_stage.sv:20$873_EN' from process `\mem_stage.$proc$/work/rtl/cpu/pipeline/mem_stage.sv:0$1354'.
No latch inferred for signal `\mem_stage.$memwr$\data_memory$/work/rtl/cpu/pipeline/mem_stage.sv:20$874_EN' from process `\mem_stage.$proc$/work/rtl/cpu/pipeline/mem_stage.sv:0$1354'.
No latch inferred for signal `\mem_stage.$memwr$\data_memory$/work/rtl/cpu/pipeline/mem_stage.sv:20$875_EN' from process `\mem_stage.$proc$/work/rtl/cpu/pipeline/mem_stage.sv:0$1354'.
No latch inferred for signal `\mem_stage.$memwr$\data_memory$/work/rtl/cpu/pipeline/mem_stage.sv:20$876_EN' from process `\mem_stage.$proc$/work/rtl/cpu/pipeline/mem_stage.sv:0$1354'.
No latch inferred for signal `\mem_stage.$memwr$\data_memory$/work/rtl/cpu/pipeline/mem_stage.sv:20$877_EN' from process `\mem_stage.$proc$/work/rtl/cpu/pipeline/mem_stage.sv:0$1354'.
No latch inferred for signal `\mem_stage.$memwr$\data_memory$/work/rtl/cpu/pipeline/mem_stage.sv:20$878_EN' from process `\mem_stage.$proc$/work/rtl/cpu/pipeline/mem_stage.sv:0$1354'.
No latch inferred for signal `\mem_stage.$memwr$\data_memory$/work/rtl/cpu/pipeline/mem_stage.sv:20$879_EN' from process `\mem_stage.$proc$/work/rtl/cpu/pipeline/mem_stage.sv:0$1354'.
No latch inferred for signal `\mem_stage.$memwr$\data_memory$/work/rtl/cpu/pipeline/mem_stage.sv:20$880_EN' from process `\mem_stage.$proc$/work/rtl/cpu/pipeline/mem_stage.sv:0$1354'.
No latch inferred for signal `\mem_stage.$memwr$\data_memory$/work/rtl/cpu/pipeline/mem_stage.sv:20$881_EN' from process `\mem_stage.$proc$/work/rtl/cpu/pipeline/mem_stage.sv:0$1354'.
No latch inferred for signal `\mem_stage.$memwr$\data_memory$/work/rtl/cpu/pipeline/mem_stage.sv:20$882_EN' from process `\mem_stage.$proc$/work/rtl/cpu/pipeline/mem_stage.sv:0$1354'.
No latch inferred for signal `\mem_stage.$memwr$\data_memory$/work/rtl/cpu/pipeline/mem_stage.sv:20$883_EN' from process `\mem_stage.$proc$/work/rtl/cpu/pipeline/mem_stage.sv:0$1354'.
No latch inferred for signal `\mem_stage.$memwr$\data_memory$/work/rtl/cpu/pipeline/mem_stage.sv:20$884_EN' from process `\mem_stage.$proc$/work/rtl/cpu/pipeline/mem_stage.sv:0$1354'.
No latch inferred for signal `\mem_stage.$memwr$\data_memory$/work/rtl/cpu/pipeline/mem_stage.sv:20$885_EN' from process `\mem_stage.$proc$/work/rtl/cpu/pipeline/mem_stage.sv:0$1354'.
No latch inferred for signal `\mem_stage.$memwr$\data_memory$/work/rtl/cpu/pipeline/mem_stage.sv:20$886_EN' from process `\mem_stage.$proc$/work/rtl/cpu/pipeline/mem_stage.sv:0$1354'.
No latch inferred for signal `\mem_stage.$memwr$\data_memory$/work/rtl/cpu/pipeline/mem_stage.sv:20$887_EN' from process `\mem_stage.$proc$/work/rtl/cpu/pipeline/mem_stage.sv:0$1354'.
No latch inferred for signal `\mem_stage.$memwr$\data_memory$/work/rtl/cpu/pipeline/mem_stage.sv:20$888_EN' from process `\mem_stage.$proc$/work/rtl/cpu/pipeline/mem_stage.sv:0$1354'.
No latch inferred for signal `\mem_stage.$memwr$\data_memory$/work/rtl/cpu/pipeline/mem_stage.sv:20$889_EN' from process `\mem_stage.$proc$/work/rtl/cpu/pipeline/mem_stage.sv:0$1354'.
No latch inferred for signal `\mem_stage.$memwr$\data_memory$/work/rtl/cpu/pipeline/mem_stage.sv:20$890_EN' from process `\mem_stage.$proc$/work/rtl/cpu/pipeline/mem_stage.sv:0$1354'.
No latch inferred for signal `\mem_stage.$memwr$\data_memory$/work/rtl/cpu/pipeline/mem_stage.sv:20$891_EN' from process `\mem_stage.$proc$/work/rtl/cpu/pipeline/mem_stage.sv:0$1354'.
No latch inferred for signal `\mem_stage.$memwr$\data_memory$/work/rtl/cpu/pipeline/mem_stage.sv:20$892_EN' from process `\mem_stage.$proc$/work/rtl/cpu/pipeline/mem_stage.sv:0$1354'.
No latch inferred for signal `\mem_stage.$memwr$\data_memory$/work/rtl/cpu/pipeline/mem_stage.sv:20$893_EN' from process `\mem_stage.$proc$/work/rtl/cpu/pipeline/mem_stage.sv:0$1354'.
No latch inferred for signal `\mem_stage.$memwr$\data_memory$/work/rtl/cpu/pipeline/mem_stage.sv:20$894_EN' from process `\mem_stage.$proc$/work/rtl/cpu/pipeline/mem_stage.sv:0$1354'.
No latch inferred for signal `\mem_stage.$memwr$\data_memory$/work/rtl/cpu/pipeline/mem_stage.sv:20$895_EN' from process `\mem_stage.$proc$/work/rtl/cpu/pipeline/mem_stage.sv:0$1354'.
No latch inferred for signal `\mem_stage.$memwr$\data_memory$/work/rtl/cpu/pipeline/mem_stage.sv:20$896_EN' from process `\mem_stage.$proc$/work/rtl/cpu/pipeline/mem_stage.sv:0$1354'.
No latch inferred for signal `\mem_stage.$memwr$\data_memory$/work/rtl/cpu/pipeline/mem_stage.sv:20$897_EN' from process `\mem_stage.$proc$/work/rtl/cpu/pipeline/mem_stage.sv:0$1354'.
No latch inferred for signal `\mem_stage.$memwr$\data_memory$/work/rtl/cpu/pipeline/mem_stage.sv:20$898_EN' from process `\mem_stage.$proc$/work/rtl/cpu/pipeline/mem_stage.sv:0$1354'.
No latch inferred for signal `\mem_stage.$memwr$\data_memory$/work/rtl/cpu/pipeline/mem_stage.sv:20$899_EN' from process `\mem_stage.$proc$/work/rtl/cpu/pipeline/mem_stage.sv:0$1354'.
No latch inferred for signal `\mem_stage.$memwr$\data_memory$/work/rtl/cpu/pipeline/mem_stage.sv:20$900_EN' from process `\mem_stage.$proc$/work/rtl/cpu/pipeline/mem_stage.sv:0$1354'.
No latch inferred for signal `\mem_stage.$memwr$\data_memory$/work/rtl/cpu/pipeline/mem_stage.sv:20$901_EN' from process `\mem_stage.$proc$/work/rtl/cpu/pipeline/mem_stage.sv:0$1354'.
No latch inferred for signal `\mem_stage.$memwr$\data_memory$/work/rtl/cpu/pipeline/mem_stage.sv:20$902_EN' from process `\mem_stage.$proc$/work/rtl/cpu/pipeline/mem_stage.sv:0$1354'.
No latch inferred for signal `\mem_stage.$memwr$\data_memory$/work/rtl/cpu/pipeline/mem_stage.sv:20$903_EN' from process `\mem_stage.$proc$/work/rtl/cpu/pipeline/mem_stage.sv:0$1354'.
No latch inferred for signal `\mem_stage.$memwr$\data_memory$/work/rtl/cpu/pipeline/mem_stage.sv:20$904_EN' from process `\mem_stage.$proc$/work/rtl/cpu/pipeline/mem_stage.sv:0$1354'.
No latch inferred for signal `\mem_stage.$memwr$\data_memory$/work/rtl/cpu/pipeline/mem_stage.sv:20$905_EN' from process `\mem_stage.$proc$/work/rtl/cpu/pipeline/mem_stage.sv:0$1354'.
No latch inferred for signal `\mem_stage.$memwr$\data_memory$/work/rtl/cpu/pipeline/mem_stage.sv:20$906_EN' from process `\mem_stage.$proc$/work/rtl/cpu/pipeline/mem_stage.sv:0$1354'.
No latch inferred for signal `\mem_stage.$memwr$\data_memory$/work/rtl/cpu/pipeline/mem_stage.sv:20$907_EN' from process `\mem_stage.$proc$/work/rtl/cpu/pipeline/mem_stage.sv:0$1354'.
No latch inferred for signal `\mem_stage.$memwr$\data_memory$/work/rtl/cpu/pipeline/mem_stage.sv:20$908_EN' from process `\mem_stage.$proc$/work/rtl/cpu/pipeline/mem_stage.sv:0$1354'.
No latch inferred for signal `\mem_stage.$memwr$\data_memory$/work/rtl/cpu/pipeline/mem_stage.sv:20$909_EN' from process `\mem_stage.$proc$/work/rtl/cpu/pipeline/mem_stage.sv:0$1354'.
No latch inferred for signal `\mem_stage.$memwr$\data_memory$/work/rtl/cpu/pipeline/mem_stage.sv:20$910_EN' from process `\mem_stage.$proc$/work/rtl/cpu/pipeline/mem_stage.sv:0$1354'.
No latch inferred for signal `\mem_stage.$memwr$\data_memory$/work/rtl/cpu/pipeline/mem_stage.sv:20$911_EN' from process `\mem_stage.$proc$/work/rtl/cpu/pipeline/mem_stage.sv:0$1354'.
No latch inferred for signal `\mem_stage.$memwr$\data_memory$/work/rtl/cpu/pipeline/mem_stage.sv:20$912_EN' from process `\mem_stage.$proc$/work/rtl/cpu/pipeline/mem_stage.sv:0$1354'.
No latch inferred for signal `\mem_stage.$memwr$\data_memory$/work/rtl/cpu/pipeline/mem_stage.sv:20$913_EN' from process `\mem_stage.$proc$/work/rtl/cpu/pipeline/mem_stage.sv:0$1354'.
No latch inferred for signal `\mem_stage.$memwr$\data_memory$/work/rtl/cpu/pipeline/mem_stage.sv:20$914_EN' from process `\mem_stage.$proc$/work/rtl/cpu/pipeline/mem_stage.sv:0$1354'.
No latch inferred for signal `\mem_stage.$memwr$\data_memory$/work/rtl/cpu/pipeline/mem_stage.sv:20$915_EN' from process `\mem_stage.$proc$/work/rtl/cpu/pipeline/mem_stage.sv:0$1354'.
No latch inferred for signal `\mem_stage.$memwr$\data_memory$/work/rtl/cpu/pipeline/mem_stage.sv:20$916_EN' from process `\mem_stage.$proc$/work/rtl/cpu/pipeline/mem_stage.sv:0$1354'.
No latch inferred for signal `\mem_stage.$memwr$\data_memory$/work/rtl/cpu/pipeline/mem_stage.sv:20$917_EN' from process `\mem_stage.$proc$/work/rtl/cpu/pipeline/mem_stage.sv:0$1354'.
No latch inferred for signal `\mem_stage.$memwr$\data_memory$/work/rtl/cpu/pipeline/mem_stage.sv:20$918_EN' from process `\mem_stage.$proc$/work/rtl/cpu/pipeline/mem_stage.sv:0$1354'.
No latch inferred for signal `\mem_stage.$memwr$\data_memory$/work/rtl/cpu/pipeline/mem_stage.sv:20$919_EN' from process `\mem_stage.$proc$/work/rtl/cpu/pipeline/mem_stage.sv:0$1354'.
No latch inferred for signal `\mem_stage.$memwr$\data_memory$/work/rtl/cpu/pipeline/mem_stage.sv:20$920_EN' from process `\mem_stage.$proc$/work/rtl/cpu/pipeline/mem_stage.sv:0$1354'.
No latch inferred for signal `\mem_stage.$memwr$\data_memory$/work/rtl/cpu/pipeline/mem_stage.sv:20$921_EN' from process `\mem_stage.$proc$/work/rtl/cpu/pipeline/mem_stage.sv:0$1354'.
No latch inferred for signal `\mem_stage.$memwr$\data_memory$/work/rtl/cpu/pipeline/mem_stage.sv:20$922_EN' from process `\mem_stage.$proc$/work/rtl/cpu/pipeline/mem_stage.sv:0$1354'.
No latch inferred for signal `\mem_stage.$memwr$\data_memory$/work/rtl/cpu/pipeline/mem_stage.sv:20$923_EN' from process `\mem_stage.$proc$/work/rtl/cpu/pipeline/mem_stage.sv:0$1354'.
No latch inferred for signal `\mem_stage.$memwr$\data_memory$/work/rtl/cpu/pipeline/mem_stage.sv:20$924_EN' from process `\mem_stage.$proc$/work/rtl/cpu/pipeline/mem_stage.sv:0$1354'.
No latch inferred for signal `\mem_stage.$memwr$\data_memory$/work/rtl/cpu/pipeline/mem_stage.sv:20$925_EN' from process `\mem_stage.$proc$/work/rtl/cpu/pipeline/mem_stage.sv:0$1354'.
No latch inferred for signal `\mem_stage.$memwr$\data_memory$/work/rtl/cpu/pipeline/mem_stage.sv:20$926_EN' from process `\mem_stage.$proc$/work/rtl/cpu/pipeline/mem_stage.sv:0$1354'.
No latch inferred for signal `\mem_stage.$memwr$\data_memory$/work/rtl/cpu/pipeline/mem_stage.sv:20$927_EN' from process `\mem_stage.$proc$/work/rtl/cpu/pipeline/mem_stage.sv:0$1354'.
No latch inferred for signal `\mem_stage.$memwr$\data_memory$/work/rtl/cpu/pipeline/mem_stage.sv:20$928_EN' from process `\mem_stage.$proc$/work/rtl/cpu/pipeline/mem_stage.sv:0$1354'.
No latch inferred for signal `\mem_stage.$memwr$\data_memory$/work/rtl/cpu/pipeline/mem_stage.sv:20$929_EN' from process `\mem_stage.$proc$/work/rtl/cpu/pipeline/mem_stage.sv:0$1354'.
No latch inferred for signal `\mem_stage.$memwr$\data_memory$/work/rtl/cpu/pipeline/mem_stage.sv:20$930_EN' from process `\mem_stage.$proc$/work/rtl/cpu/pipeline/mem_stage.sv:0$1354'.
No latch inferred for signal `\mem_stage.$memwr$\data_memory$/work/rtl/cpu/pipeline/mem_stage.sv:20$931_EN' from process `\mem_stage.$proc$/work/rtl/cpu/pipeline/mem_stage.sv:0$1354'.
No latch inferred for signal `\mem_stage.$memwr$\data_memory$/work/rtl/cpu/pipeline/mem_stage.sv:20$932_EN' from process `\mem_stage.$proc$/work/rtl/cpu/pipeline/mem_stage.sv:0$1354'.
No latch inferred for signal `\mem_stage.$memwr$\data_memory$/work/rtl/cpu/pipeline/mem_stage.sv:20$933_EN' from process `\mem_stage.$proc$/work/rtl/cpu/pipeline/mem_stage.sv:0$1354'.
No latch inferred for signal `\mem_stage.$memwr$\data_memory$/work/rtl/cpu/pipeline/mem_stage.sv:20$934_EN' from process `\mem_stage.$proc$/work/rtl/cpu/pipeline/mem_stage.sv:0$1354'.
No latch inferred for signal `\mem_stage.$memwr$\data_memory$/work/rtl/cpu/pipeline/mem_stage.sv:20$935_EN' from process `\mem_stage.$proc$/work/rtl/cpu/pipeline/mem_stage.sv:0$1354'.
No latch inferred for signal `\mem_stage.$memwr$\data_memory$/work/rtl/cpu/pipeline/mem_stage.sv:20$936_EN' from process `\mem_stage.$proc$/work/rtl/cpu/pipeline/mem_stage.sv:0$1354'.
No latch inferred for signal `\mem_stage.$memwr$\data_memory$/work/rtl/cpu/pipeline/mem_stage.sv:20$937_EN' from process `\mem_stage.$proc$/work/rtl/cpu/pipeline/mem_stage.sv:0$1354'.
No latch inferred for signal `\mem_stage.$memwr$\data_memory$/work/rtl/cpu/pipeline/mem_stage.sv:20$938_EN' from process `\mem_stage.$proc$/work/rtl/cpu/pipeline/mem_stage.sv:0$1354'.
No latch inferred for signal `\mem_stage.$memwr$\data_memory$/work/rtl/cpu/pipeline/mem_stage.sv:20$939_EN' from process `\mem_stage.$proc$/work/rtl/cpu/pipeline/mem_stage.sv:0$1354'.
No latch inferred for signal `\mem_stage.$memwr$\data_memory$/work/rtl/cpu/pipeline/mem_stage.sv:20$940_EN' from process `\mem_stage.$proc$/work/rtl/cpu/pipeline/mem_stage.sv:0$1354'.
No latch inferred for signal `\mem_stage.$memwr$\data_memory$/work/rtl/cpu/pipeline/mem_stage.sv:20$941_EN' from process `\mem_stage.$proc$/work/rtl/cpu/pipeline/mem_stage.sv:0$1354'.
No latch inferred for signal `\mem_stage.$memwr$\data_memory$/work/rtl/cpu/pipeline/mem_stage.sv:20$942_EN' from process `\mem_stage.$proc$/work/rtl/cpu/pipeline/mem_stage.sv:0$1354'.
No latch inferred for signal `\mem_stage.$memwr$\data_memory$/work/rtl/cpu/pipeline/mem_stage.sv:20$943_EN' from process `\mem_stage.$proc$/work/rtl/cpu/pipeline/mem_stage.sv:0$1354'.
No latch inferred for signal `\mem_stage.$memwr$\data_memory$/work/rtl/cpu/pipeline/mem_stage.sv:20$944_EN' from process `\mem_stage.$proc$/work/rtl/cpu/pipeline/mem_stage.sv:0$1354'.
No latch inferred for signal `\mem_stage.$memwr$\data_memory$/work/rtl/cpu/pipeline/mem_stage.sv:20$945_EN' from process `\mem_stage.$proc$/work/rtl/cpu/pipeline/mem_stage.sv:0$1354'.
No latch inferred for signal `\mem_stage.$memwr$\data_memory$/work/rtl/cpu/pipeline/mem_stage.sv:20$946_EN' from process `\mem_stage.$proc$/work/rtl/cpu/pipeline/mem_stage.sv:0$1354'.
No latch inferred for signal `\mem_stage.$memwr$\data_memory$/work/rtl/cpu/pipeline/mem_stage.sv:20$947_EN' from process `\mem_stage.$proc$/work/rtl/cpu/pipeline/mem_stage.sv:0$1354'.
No latch inferred for signal `\mem_stage.$memwr$\data_memory$/work/rtl/cpu/pipeline/mem_stage.sv:20$948_EN' from process `\mem_stage.$proc$/work/rtl/cpu/pipeline/mem_stage.sv:0$1354'.
No latch inferred for signal `\mem_stage.$memwr$\data_memory$/work/rtl/cpu/pipeline/mem_stage.sv:20$949_EN' from process `\mem_stage.$proc$/work/rtl/cpu/pipeline/mem_stage.sv:0$1354'.
No latch inferred for signal `\mem_stage.$memwr$\data_memory$/work/rtl/cpu/pipeline/mem_stage.sv:20$950_EN' from process `\mem_stage.$proc$/work/rtl/cpu/pipeline/mem_stage.sv:0$1354'.
No latch inferred for signal `\mem_stage.$memwr$\data_memory$/work/rtl/cpu/pipeline/mem_stage.sv:20$951_EN' from process `\mem_stage.$proc$/work/rtl/cpu/pipeline/mem_stage.sv:0$1354'.
No latch inferred for signal `\mem_stage.$memwr$\data_memory$/work/rtl/cpu/pipeline/mem_stage.sv:20$952_EN' from process `\mem_stage.$proc$/work/rtl/cpu/pipeline/mem_stage.sv:0$1354'.
No latch inferred for signal `\mem_stage.$memwr$\data_memory$/work/rtl/cpu/pipeline/mem_stage.sv:20$953_EN' from process `\mem_stage.$proc$/work/rtl/cpu/pipeline/mem_stage.sv:0$1354'.
No latch inferred for signal `\mem_stage.$memwr$\data_memory$/work/rtl/cpu/pipeline/mem_stage.sv:20$954_EN' from process `\mem_stage.$proc$/work/rtl/cpu/pipeline/mem_stage.sv:0$1354'.
No latch inferred for signal `\mem_stage.$memwr$\data_memory$/work/rtl/cpu/pipeline/mem_stage.sv:20$955_EN' from process `\mem_stage.$proc$/work/rtl/cpu/pipeline/mem_stage.sv:0$1354'.
No latch inferred for signal `\mem_stage.$memwr$\data_memory$/work/rtl/cpu/pipeline/mem_stage.sv:20$956_EN' from process `\mem_stage.$proc$/work/rtl/cpu/pipeline/mem_stage.sv:0$1354'.
No latch inferred for signal `\mem_stage.$memwr$\data_memory$/work/rtl/cpu/pipeline/mem_stage.sv:20$957_EN' from process `\mem_stage.$proc$/work/rtl/cpu/pipeline/mem_stage.sv:0$1354'.
No latch inferred for signal `\mem_stage.$memwr$\data_memory$/work/rtl/cpu/pipeline/mem_stage.sv:20$958_EN' from process `\mem_stage.$proc$/work/rtl/cpu/pipeline/mem_stage.sv:0$1354'.
No latch inferred for signal `\mem_stage.$memwr$\data_memory$/work/rtl/cpu/pipeline/mem_stage.sv:20$959_EN' from process `\mem_stage.$proc$/work/rtl/cpu/pipeline/mem_stage.sv:0$1354'.
No latch inferred for signal `\mem_stage.$memwr$\data_memory$/work/rtl/cpu/pipeline/mem_stage.sv:20$960_EN' from process `\mem_stage.$proc$/work/rtl/cpu/pipeline/mem_stage.sv:0$1354'.
No latch inferred for signal `\mem_stage.$memwr$\data_memory$/work/rtl/cpu/pipeline/mem_stage.sv:20$961_EN' from process `\mem_stage.$proc$/work/rtl/cpu/pipeline/mem_stage.sv:0$1354'.
No latch inferred for signal `\mem_stage.$memwr$\data_memory$/work/rtl/cpu/pipeline/mem_stage.sv:20$962_EN' from process `\mem_stage.$proc$/work/rtl/cpu/pipeline/mem_stage.sv:0$1354'.
No latch inferred for signal `\mem_stage.$memwr$\data_memory$/work/rtl/cpu/pipeline/mem_stage.sv:20$963_EN' from process `\mem_stage.$proc$/work/rtl/cpu/pipeline/mem_stage.sv:0$1354'.
No latch inferred for signal `\mem_stage.$memwr$\data_memory$/work/rtl/cpu/pipeline/mem_stage.sv:20$964_EN' from process `\mem_stage.$proc$/work/rtl/cpu/pipeline/mem_stage.sv:0$1354'.
No latch inferred for signal `\mem_stage.$memwr$\data_memory$/work/rtl/cpu/pipeline/mem_stage.sv:20$965_EN' from process `\mem_stage.$proc$/work/rtl/cpu/pipeline/mem_stage.sv:0$1354'.
No latch inferred for signal `\mem_stage.$memwr$\data_memory$/work/rtl/cpu/pipeline/mem_stage.sv:20$966_EN' from process `\mem_stage.$proc$/work/rtl/cpu/pipeline/mem_stage.sv:0$1354'.
No latch inferred for signal `\mem_stage.$memwr$\data_memory$/work/rtl/cpu/pipeline/mem_stage.sv:20$967_EN' from process `\mem_stage.$proc$/work/rtl/cpu/pipeline/mem_stage.sv:0$1354'.
No latch inferred for signal `\mem_stage.$memwr$\data_memory$/work/rtl/cpu/pipeline/mem_stage.sv:20$968_EN' from process `\mem_stage.$proc$/work/rtl/cpu/pipeline/mem_stage.sv:0$1354'.
No latch inferred for signal `\mem_stage.$memwr$\data_memory$/work/rtl/cpu/pipeline/mem_stage.sv:20$969_EN' from process `\mem_stage.$proc$/work/rtl/cpu/pipeline/mem_stage.sv:0$1354'.
No latch inferred for signal `\mem_stage.$memwr$\data_memory$/work/rtl/cpu/pipeline/mem_stage.sv:20$970_EN' from process `\mem_stage.$proc$/work/rtl/cpu/pipeline/mem_stage.sv:0$1354'.
No latch inferred for signal `\mem_stage.$memwr$\data_memory$/work/rtl/cpu/pipeline/mem_stage.sv:20$971_EN' from process `\mem_stage.$proc$/work/rtl/cpu/pipeline/mem_stage.sv:0$1354'.
No latch inferred for signal `\mem_stage.$memwr$\data_memory$/work/rtl/cpu/pipeline/mem_stage.sv:20$972_EN' from process `\mem_stage.$proc$/work/rtl/cpu/pipeline/mem_stage.sv:0$1354'.
No latch inferred for signal `\mem_stage.$memwr$\data_memory$/work/rtl/cpu/pipeline/mem_stage.sv:20$973_EN' from process `\mem_stage.$proc$/work/rtl/cpu/pipeline/mem_stage.sv:0$1354'.
No latch inferred for signal `\mem_stage.$memwr$\data_memory$/work/rtl/cpu/pipeline/mem_stage.sv:20$974_EN' from process `\mem_stage.$proc$/work/rtl/cpu/pipeline/mem_stage.sv:0$1354'.
No latch inferred for signal `\mem_stage.$memwr$\data_memory$/work/rtl/cpu/pipeline/mem_stage.sv:20$975_EN' from process `\mem_stage.$proc$/work/rtl/cpu/pipeline/mem_stage.sv:0$1354'.
No latch inferred for signal `\mem_stage.$memwr$\data_memory$/work/rtl/cpu/pipeline/mem_stage.sv:20$976_EN' from process `\mem_stage.$proc$/work/rtl/cpu/pipeline/mem_stage.sv:0$1354'.
No latch inferred for signal `\mem_stage.$memwr$\data_memory$/work/rtl/cpu/pipeline/mem_stage.sv:20$977_EN' from process `\mem_stage.$proc$/work/rtl/cpu/pipeline/mem_stage.sv:0$1354'.
No latch inferred for signal `\mem_stage.$memwr$\data_memory$/work/rtl/cpu/pipeline/mem_stage.sv:20$978_EN' from process `\mem_stage.$proc$/work/rtl/cpu/pipeline/mem_stage.sv:0$1354'.
No latch inferred for signal `\mem_stage.$memwr$\data_memory$/work/rtl/cpu/pipeline/mem_stage.sv:20$979_EN' from process `\mem_stage.$proc$/work/rtl/cpu/pipeline/mem_stage.sv:0$1354'.
No latch inferred for signal `\mem_stage.$memwr$\data_memory$/work/rtl/cpu/pipeline/mem_stage.sv:20$980_EN' from process `\mem_stage.$proc$/work/rtl/cpu/pipeline/mem_stage.sv:0$1354'.
No latch inferred for signal `\mem_stage.$memwr$\data_memory$/work/rtl/cpu/pipeline/mem_stage.sv:20$981_EN' from process `\mem_stage.$proc$/work/rtl/cpu/pipeline/mem_stage.sv:0$1354'.
No latch inferred for signal `\mem_stage.$memwr$\data_memory$/work/rtl/cpu/pipeline/mem_stage.sv:20$982_EN' from process `\mem_stage.$proc$/work/rtl/cpu/pipeline/mem_stage.sv:0$1354'.
No latch inferred for signal `\mem_stage.$memwr$\data_memory$/work/rtl/cpu/pipeline/mem_stage.sv:20$983_EN' from process `\mem_stage.$proc$/work/rtl/cpu/pipeline/mem_stage.sv:0$1354'.
No latch inferred for signal `\mem_stage.$memwr$\data_memory$/work/rtl/cpu/pipeline/mem_stage.sv:20$984_EN' from process `\mem_stage.$proc$/work/rtl/cpu/pipeline/mem_stage.sv:0$1354'.
No latch inferred for signal `\mem_stage.$memwr$\data_memory$/work/rtl/cpu/pipeline/mem_stage.sv:20$985_EN' from process `\mem_stage.$proc$/work/rtl/cpu/pipeline/mem_stage.sv:0$1354'.
No latch inferred for signal `\mem_stage.$memwr$\data_memory$/work/rtl/cpu/pipeline/mem_stage.sv:20$986_EN' from process `\mem_stage.$proc$/work/rtl/cpu/pipeline/mem_stage.sv:0$1354'.
No latch inferred for signal `\mem_stage.$memwr$\data_memory$/work/rtl/cpu/pipeline/mem_stage.sv:20$987_EN' from process `\mem_stage.$proc$/work/rtl/cpu/pipeline/mem_stage.sv:0$1354'.
No latch inferred for signal `\mem_stage.$memwr$\data_memory$/work/rtl/cpu/pipeline/mem_stage.sv:20$988_EN' from process `\mem_stage.$proc$/work/rtl/cpu/pipeline/mem_stage.sv:0$1354'.
No latch inferred for signal `\mem_stage.$memwr$\data_memory$/work/rtl/cpu/pipeline/mem_stage.sv:20$989_EN' from process `\mem_stage.$proc$/work/rtl/cpu/pipeline/mem_stage.sv:0$1354'.
No latch inferred for signal `\mem_stage.$memwr$\data_memory$/work/rtl/cpu/pipeline/mem_stage.sv:20$990_EN' from process `\mem_stage.$proc$/work/rtl/cpu/pipeline/mem_stage.sv:0$1354'.
No latch inferred for signal `\mem_stage.$memwr$\data_memory$/work/rtl/cpu/pipeline/mem_stage.sv:20$991_EN' from process `\mem_stage.$proc$/work/rtl/cpu/pipeline/mem_stage.sv:0$1354'.
No latch inferred for signal `\mem_stage.$memwr$\data_memory$/work/rtl/cpu/pipeline/mem_stage.sv:20$992_EN' from process `\mem_stage.$proc$/work/rtl/cpu/pipeline/mem_stage.sv:0$1354'.
No latch inferred for signal `\mem_stage.$memwr$\data_memory$/work/rtl/cpu/pipeline/mem_stage.sv:20$993_EN' from process `\mem_stage.$proc$/work/rtl/cpu/pipeline/mem_stage.sv:0$1354'.
No latch inferred for signal `\mem_stage.$memwr$\data_memory$/work/rtl/cpu/pipeline/mem_stage.sv:20$994_EN' from process `\mem_stage.$proc$/work/rtl/cpu/pipeline/mem_stage.sv:0$1354'.
No latch inferred for signal `\mem_stage.$memwr$\data_memory$/work/rtl/cpu/pipeline/mem_stage.sv:20$995_EN' from process `\mem_stage.$proc$/work/rtl/cpu/pipeline/mem_stage.sv:0$1354'.
No latch inferred for signal `\mem_stage.$memwr$\data_memory$/work/rtl/cpu/pipeline/mem_stage.sv:20$996_EN' from process `\mem_stage.$proc$/work/rtl/cpu/pipeline/mem_stage.sv:0$1354'.
No latch inferred for signal `\mem_stage.$memwr$\data_memory$/work/rtl/cpu/pipeline/mem_stage.sv:20$997_EN' from process `\mem_stage.$proc$/work/rtl/cpu/pipeline/mem_stage.sv:0$1354'.
No latch inferred for signal `\mem_stage.$memwr$\data_memory$/work/rtl/cpu/pipeline/mem_stage.sv:20$998_EN' from process `\mem_stage.$proc$/work/rtl/cpu/pipeline/mem_stage.sv:0$1354'.
No latch inferred for signal `\mem_stage.$memwr$\data_memory$/work/rtl/cpu/pipeline/mem_stage.sv:20$999_EN' from process `\mem_stage.$proc$/work/rtl/cpu/pipeline/mem_stage.sv:0$1354'.
No latch inferred for signal `\mem_stage.$memwr$\data_memory$/work/rtl/cpu/pipeline/mem_stage.sv:20$1000_EN' from process `\mem_stage.$proc$/work/rtl/cpu/pipeline/mem_stage.sv:0$1354'.
No latch inferred for signal `\mem_stage.$memwr$\data_memory$/work/rtl/cpu/pipeline/mem_stage.sv:20$1001_EN' from process `\mem_stage.$proc$/work/rtl/cpu/pipeline/mem_stage.sv:0$1354'.
No latch inferred for signal `\mem_stage.$memwr$\data_memory$/work/rtl/cpu/pipeline/mem_stage.sv:20$1002_EN' from process `\mem_stage.$proc$/work/rtl/cpu/pipeline/mem_stage.sv:0$1354'.
No latch inferred for signal `\mem_stage.$memwr$\data_memory$/work/rtl/cpu/pipeline/mem_stage.sv:20$1003_EN' from process `\mem_stage.$proc$/work/rtl/cpu/pipeline/mem_stage.sv:0$1354'.
No latch inferred for signal `\mem_stage.$memwr$\data_memory$/work/rtl/cpu/pipeline/mem_stage.sv:20$1004_EN' from process `\mem_stage.$proc$/work/rtl/cpu/pipeline/mem_stage.sv:0$1354'.
No latch inferred for signal `\mem_stage.$memwr$\data_memory$/work/rtl/cpu/pipeline/mem_stage.sv:20$1005_EN' from process `\mem_stage.$proc$/work/rtl/cpu/pipeline/mem_stage.sv:0$1354'.
No latch inferred for signal `\mem_stage.$memwr$\data_memory$/work/rtl/cpu/pipeline/mem_stage.sv:20$1006_EN' from process `\mem_stage.$proc$/work/rtl/cpu/pipeline/mem_stage.sv:0$1354'.
No latch inferred for signal `\mem_stage.$memwr$\data_memory$/work/rtl/cpu/pipeline/mem_stage.sv:20$1007_EN' from process `\mem_stage.$proc$/work/rtl/cpu/pipeline/mem_stage.sv:0$1354'.
No latch inferred for signal `\mem_stage.$memwr$\data_memory$/work/rtl/cpu/pipeline/mem_stage.sv:20$1008_EN' from process `\mem_stage.$proc$/work/rtl/cpu/pipeline/mem_stage.sv:0$1354'.
No latch inferred for signal `\mem_stage.$memwr$\data_memory$/work/rtl/cpu/pipeline/mem_stage.sv:20$1009_EN' from process `\mem_stage.$proc$/work/rtl/cpu/pipeline/mem_stage.sv:0$1354'.
No latch inferred for signal `\mem_stage.$memwr$\data_memory$/work/rtl/cpu/pipeline/mem_stage.sv:20$1010_EN' from process `\mem_stage.$proc$/work/rtl/cpu/pipeline/mem_stage.sv:0$1354'.
No latch inferred for signal `\mem_stage.$memwr$\data_memory$/work/rtl/cpu/pipeline/mem_stage.sv:20$1011_EN' from process `\mem_stage.$proc$/work/rtl/cpu/pipeline/mem_stage.sv:0$1354'.
No latch inferred for signal `\mem_stage.$memwr$\data_memory$/work/rtl/cpu/pipeline/mem_stage.sv:20$1012_EN' from process `\mem_stage.$proc$/work/rtl/cpu/pipeline/mem_stage.sv:0$1354'.
No latch inferred for signal `\mem_stage.$memwr$\data_memory$/work/rtl/cpu/pipeline/mem_stage.sv:20$1013_EN' from process `\mem_stage.$proc$/work/rtl/cpu/pipeline/mem_stage.sv:0$1354'.
No latch inferred for signal `\mem_stage.$memwr$\data_memory$/work/rtl/cpu/pipeline/mem_stage.sv:20$1014_EN' from process `\mem_stage.$proc$/work/rtl/cpu/pipeline/mem_stage.sv:0$1354'.
No latch inferred for signal `\mem_stage.$memwr$\data_memory$/work/rtl/cpu/pipeline/mem_stage.sv:20$1015_EN' from process `\mem_stage.$proc$/work/rtl/cpu/pipeline/mem_stage.sv:0$1354'.
No latch inferred for signal `\mem_stage.$memwr$\data_memory$/work/rtl/cpu/pipeline/mem_stage.sv:20$1016_EN' from process `\mem_stage.$proc$/work/rtl/cpu/pipeline/mem_stage.sv:0$1354'.
No latch inferred for signal `\mem_stage.$memwr$\data_memory$/work/rtl/cpu/pipeline/mem_stage.sv:20$1017_EN' from process `\mem_stage.$proc$/work/rtl/cpu/pipeline/mem_stage.sv:0$1354'.
No latch inferred for signal `\mem_stage.$memwr$\data_memory$/work/rtl/cpu/pipeline/mem_stage.sv:20$1018_EN' from process `\mem_stage.$proc$/work/rtl/cpu/pipeline/mem_stage.sv:0$1354'.
No latch inferred for signal `\mem_stage.$memwr$\data_memory$/work/rtl/cpu/pipeline/mem_stage.sv:20$1019_EN' from process `\mem_stage.$proc$/work/rtl/cpu/pipeline/mem_stage.sv:0$1354'.
No latch inferred for signal `\mem_stage.$memwr$\data_memory$/work/rtl/cpu/pipeline/mem_stage.sv:20$1020_EN' from process `\mem_stage.$proc$/work/rtl/cpu/pipeline/mem_stage.sv:0$1354'.
No latch inferred for signal `\mem_stage.$memwr$\data_memory$/work/rtl/cpu/pipeline/mem_stage.sv:20$1021_EN' from process `\mem_stage.$proc$/work/rtl/cpu/pipeline/mem_stage.sv:0$1354'.
No latch inferred for signal `\mem_stage.$memwr$\data_memory$/work/rtl/cpu/pipeline/mem_stage.sv:20$1022_EN' from process `\mem_stage.$proc$/work/rtl/cpu/pipeline/mem_stage.sv:0$1354'.
No latch inferred for signal `\mem_stage.$memwr$\data_memory$/work/rtl/cpu/pipeline/mem_stage.sv:20$1023_EN' from process `\mem_stage.$proc$/work/rtl/cpu/pipeline/mem_stage.sv:0$1354'.
No latch inferred for signal `\mem_stage.$memwr$\data_memory$/work/rtl/cpu/pipeline/mem_stage.sv:20$1024_EN' from process `\mem_stage.$proc$/work/rtl/cpu/pipeline/mem_stage.sv:0$1354'.
No latch inferred for signal `\mem_stage.$memwr$\data_memory$/work/rtl/cpu/pipeline/mem_stage.sv:20$1025_EN' from process `\mem_stage.$proc$/work/rtl/cpu/pipeline/mem_stage.sv:0$1354'.
No latch inferred for signal `\mem_stage.$memwr$\data_memory$/work/rtl/cpu/pipeline/mem_stage.sv:20$1026_EN' from process `\mem_stage.$proc$/work/rtl/cpu/pipeline/mem_stage.sv:0$1354'.
No latch inferred for signal `\mem_stage.$memwr$\data_memory$/work/rtl/cpu/pipeline/mem_stage.sv:20$1027_EN' from process `\mem_stage.$proc$/work/rtl/cpu/pipeline/mem_stage.sv:0$1354'.
No latch inferred for signal `\mem_stage.$memwr$\data_memory$/work/rtl/cpu/pipeline/mem_stage.sv:20$1028_EN' from process `\mem_stage.$proc$/work/rtl/cpu/pipeline/mem_stage.sv:0$1354'.
No latch inferred for signal `\mem_stage.$memwr$\data_memory$/work/rtl/cpu/pipeline/mem_stage.sv:20$1029_EN' from process `\mem_stage.$proc$/work/rtl/cpu/pipeline/mem_stage.sv:0$1354'.
No latch inferred for signal `\mem_stage.$memwr$\data_memory$/work/rtl/cpu/pipeline/mem_stage.sv:20$1030_EN' from process `\mem_stage.$proc$/work/rtl/cpu/pipeline/mem_stage.sv:0$1354'.
No latch inferred for signal `\mem_stage.$memwr$\data_memory$/work/rtl/cpu/pipeline/mem_stage.sv:20$1031_EN' from process `\mem_stage.$proc$/work/rtl/cpu/pipeline/mem_stage.sv:0$1354'.
No latch inferred for signal `\mem_stage.$memwr$\data_memory$/work/rtl/cpu/pipeline/mem_stage.sv:20$1032_EN' from process `\mem_stage.$proc$/work/rtl/cpu/pipeline/mem_stage.sv:0$1354'.
No latch inferred for signal `\mem_stage.$memwr$\data_memory$/work/rtl/cpu/pipeline/mem_stage.sv:20$1033_EN' from process `\mem_stage.$proc$/work/rtl/cpu/pipeline/mem_stage.sv:0$1354'.
No latch inferred for signal `\mem_stage.$memwr$\data_memory$/work/rtl/cpu/pipeline/mem_stage.sv:20$1034_EN' from process `\mem_stage.$proc$/work/rtl/cpu/pipeline/mem_stage.sv:0$1354'.
No latch inferred for signal `\mem_stage.$memwr$\data_memory$/work/rtl/cpu/pipeline/mem_stage.sv:20$1035_EN' from process `\mem_stage.$proc$/work/rtl/cpu/pipeline/mem_stage.sv:0$1354'.
No latch inferred for signal `\mem_stage.$memwr$\data_memory$/work/rtl/cpu/pipeline/mem_stage.sv:20$1036_EN' from process `\mem_stage.$proc$/work/rtl/cpu/pipeline/mem_stage.sv:0$1354'.
No latch inferred for signal `\mem_stage.$memwr$\data_memory$/work/rtl/cpu/pipeline/mem_stage.sv:20$1037_EN' from process `\mem_stage.$proc$/work/rtl/cpu/pipeline/mem_stage.sv:0$1354'.
No latch inferred for signal `\mem_stage.$memwr$\data_memory$/work/rtl/cpu/pipeline/mem_stage.sv:20$1038_EN' from process `\mem_stage.$proc$/work/rtl/cpu/pipeline/mem_stage.sv:0$1354'.
No latch inferred for signal `\mem_stage.$memwr$\data_memory$/work/rtl/cpu/pipeline/mem_stage.sv:20$1039_EN' from process `\mem_stage.$proc$/work/rtl/cpu/pipeline/mem_stage.sv:0$1354'.
No latch inferred for signal `\mem_stage.$memwr$\data_memory$/work/rtl/cpu/pipeline/mem_stage.sv:20$1040_EN' from process `\mem_stage.$proc$/work/rtl/cpu/pipeline/mem_stage.sv:0$1354'.
No latch inferred for signal `\mem_stage.$memwr$\data_memory$/work/rtl/cpu/pipeline/mem_stage.sv:20$1041_EN' from process `\mem_stage.$proc$/work/rtl/cpu/pipeline/mem_stage.sv:0$1354'.
No latch inferred for signal `\mem_stage.$memwr$\data_memory$/work/rtl/cpu/pipeline/mem_stage.sv:20$1042_EN' from process `\mem_stage.$proc$/work/rtl/cpu/pipeline/mem_stage.sv:0$1354'.
No latch inferred for signal `\mem_stage.$memwr$\data_memory$/work/rtl/cpu/pipeline/mem_stage.sv:20$1043_EN' from process `\mem_stage.$proc$/work/rtl/cpu/pipeline/mem_stage.sv:0$1354'.
No latch inferred for signal `\mem_stage.$memwr$\data_memory$/work/rtl/cpu/pipeline/mem_stage.sv:20$1044_EN' from process `\mem_stage.$proc$/work/rtl/cpu/pipeline/mem_stage.sv:0$1354'.
No latch inferred for signal `\mem_stage.$memwr$\data_memory$/work/rtl/cpu/pipeline/mem_stage.sv:20$1045_EN' from process `\mem_stage.$proc$/work/rtl/cpu/pipeline/mem_stage.sv:0$1354'.
No latch inferred for signal `\mem_stage.$memwr$\data_memory$/work/rtl/cpu/pipeline/mem_stage.sv:20$1046_EN' from process `\mem_stage.$proc$/work/rtl/cpu/pipeline/mem_stage.sv:0$1354'.
No latch inferred for signal `\mem_stage.$memwr$\data_memory$/work/rtl/cpu/pipeline/mem_stage.sv:20$1047_EN' from process `\mem_stage.$proc$/work/rtl/cpu/pipeline/mem_stage.sv:0$1354'.
No latch inferred for signal `\mem_stage.$memwr$\data_memory$/work/rtl/cpu/pipeline/mem_stage.sv:20$1048_EN' from process `\mem_stage.$proc$/work/rtl/cpu/pipeline/mem_stage.sv:0$1354'.
No latch inferred for signal `\mem_stage.$memwr$\data_memory$/work/rtl/cpu/pipeline/mem_stage.sv:20$1049_EN' from process `\mem_stage.$proc$/work/rtl/cpu/pipeline/mem_stage.sv:0$1354'.
No latch inferred for signal `\mem_stage.$memwr$\data_memory$/work/rtl/cpu/pipeline/mem_stage.sv:20$1050_EN' from process `\mem_stage.$proc$/work/rtl/cpu/pipeline/mem_stage.sv:0$1354'.
No latch inferred for signal `\mem_stage.$memwr$\data_memory$/work/rtl/cpu/pipeline/mem_stage.sv:20$1051_EN' from process `\mem_stage.$proc$/work/rtl/cpu/pipeline/mem_stage.sv:0$1354'.
No latch inferred for signal `\mem_stage.$memwr$\data_memory$/work/rtl/cpu/pipeline/mem_stage.sv:20$1052_EN' from process `\mem_stage.$proc$/work/rtl/cpu/pipeline/mem_stage.sv:0$1354'.
No latch inferred for signal `\mem_stage.$memwr$\data_memory$/work/rtl/cpu/pipeline/mem_stage.sv:20$1053_EN' from process `\mem_stage.$proc$/work/rtl/cpu/pipeline/mem_stage.sv:0$1354'.
No latch inferred for signal `\mem_stage.$memwr$\data_memory$/work/rtl/cpu/pipeline/mem_stage.sv:20$1054_EN' from process `\mem_stage.$proc$/work/rtl/cpu/pipeline/mem_stage.sv:0$1354'.
No latch inferred for signal `\mem_stage.$memwr$\data_memory$/work/rtl/cpu/pipeline/mem_stage.sv:20$1055_EN' from process `\mem_stage.$proc$/work/rtl/cpu/pipeline/mem_stage.sv:0$1354'.
No latch inferred for signal `\mem_stage.$memwr$\data_memory$/work/rtl/cpu/pipeline/mem_stage.sv:20$1056_EN' from process `\mem_stage.$proc$/work/rtl/cpu/pipeline/mem_stage.sv:0$1354'.
No latch inferred for signal `\mem_stage.$memwr$\data_memory$/work/rtl/cpu/pipeline/mem_stage.sv:20$1057_EN' from process `\mem_stage.$proc$/work/rtl/cpu/pipeline/mem_stage.sv:0$1354'.
No latch inferred for signal `\mem_stage.$memwr$\data_memory$/work/rtl/cpu/pipeline/mem_stage.sv:20$1058_EN' from process `\mem_stage.$proc$/work/rtl/cpu/pipeline/mem_stage.sv:0$1354'.
No latch inferred for signal `\mem_stage.$memwr$\data_memory$/work/rtl/cpu/pipeline/mem_stage.sv:20$1059_EN' from process `\mem_stage.$proc$/work/rtl/cpu/pipeline/mem_stage.sv:0$1354'.
No latch inferred for signal `\mem_stage.$memwr$\data_memory$/work/rtl/cpu/pipeline/mem_stage.sv:20$1060_EN' from process `\mem_stage.$proc$/work/rtl/cpu/pipeline/mem_stage.sv:0$1354'.
No latch inferred for signal `\mem_stage.$memwr$\data_memory$/work/rtl/cpu/pipeline/mem_stage.sv:20$1061_EN' from process `\mem_stage.$proc$/work/rtl/cpu/pipeline/mem_stage.sv:0$1354'.
No latch inferred for signal `\mem_stage.$memwr$\data_memory$/work/rtl/cpu/pipeline/mem_stage.sv:20$1062_EN' from process `\mem_stage.$proc$/work/rtl/cpu/pipeline/mem_stage.sv:0$1354'.
No latch inferred for signal `\mem_stage.$memwr$\data_memory$/work/rtl/cpu/pipeline/mem_stage.sv:20$1063_EN' from process `\mem_stage.$proc$/work/rtl/cpu/pipeline/mem_stage.sv:0$1354'.
No latch inferred for signal `\mem_stage.$memwr$\data_memory$/work/rtl/cpu/pipeline/mem_stage.sv:20$1064_EN' from process `\mem_stage.$proc$/work/rtl/cpu/pipeline/mem_stage.sv:0$1354'.
No latch inferred for signal `\mem_stage.$memwr$\data_memory$/work/rtl/cpu/pipeline/mem_stage.sv:20$1065_EN' from process `\mem_stage.$proc$/work/rtl/cpu/pipeline/mem_stage.sv:0$1354'.
No latch inferred for signal `\mem_stage.$memwr$\data_memory$/work/rtl/cpu/pipeline/mem_stage.sv:20$1066_EN' from process `\mem_stage.$proc$/work/rtl/cpu/pipeline/mem_stage.sv:0$1354'.
No latch inferred for signal `\mem_stage.$memwr$\data_memory$/work/rtl/cpu/pipeline/mem_stage.sv:20$1067_EN' from process `\mem_stage.$proc$/work/rtl/cpu/pipeline/mem_stage.sv:0$1354'.
No latch inferred for signal `\mem_stage.$memwr$\data_memory$/work/rtl/cpu/pipeline/mem_stage.sv:20$1068_EN' from process `\mem_stage.$proc$/work/rtl/cpu/pipeline/mem_stage.sv:0$1354'.
No latch inferred for signal `\mem_stage.$memwr$\data_memory$/work/rtl/cpu/pipeline/mem_stage.sv:20$1069_EN' from process `\mem_stage.$proc$/work/rtl/cpu/pipeline/mem_stage.sv:0$1354'.
No latch inferred for signal `\mem_stage.$memwr$\data_memory$/work/rtl/cpu/pipeline/mem_stage.sv:20$1070_EN' from process `\mem_stage.$proc$/work/rtl/cpu/pipeline/mem_stage.sv:0$1354'.
No latch inferred for signal `\mem_stage.$memwr$\data_memory$/work/rtl/cpu/pipeline/mem_stage.sv:20$1071_EN' from process `\mem_stage.$proc$/work/rtl/cpu/pipeline/mem_stage.sv:0$1354'.
No latch inferred for signal `\mem_stage.$memwr$\data_memory$/work/rtl/cpu/pipeline/mem_stage.sv:20$1072_EN' from process `\mem_stage.$proc$/work/rtl/cpu/pipeline/mem_stage.sv:0$1354'.
No latch inferred for signal `\mem_stage.$memwr$\data_memory$/work/rtl/cpu/pipeline/mem_stage.sv:20$1073_EN' from process `\mem_stage.$proc$/work/rtl/cpu/pipeline/mem_stage.sv:0$1354'.
No latch inferred for signal `\mem_stage.$memwr$\data_memory$/work/rtl/cpu/pipeline/mem_stage.sv:20$1074_EN' from process `\mem_stage.$proc$/work/rtl/cpu/pipeline/mem_stage.sv:0$1354'.
No latch inferred for signal `\mem_stage.$memwr$\data_memory$/work/rtl/cpu/pipeline/mem_stage.sv:20$1075_EN' from process `\mem_stage.$proc$/work/rtl/cpu/pipeline/mem_stage.sv:0$1354'.
No latch inferred for signal `\mem_stage.$memwr$\data_memory$/work/rtl/cpu/pipeline/mem_stage.sv:20$1076_EN' from process `\mem_stage.$proc$/work/rtl/cpu/pipeline/mem_stage.sv:0$1354'.
No latch inferred for signal `\mem_stage.$memwr$\data_memory$/work/rtl/cpu/pipeline/mem_stage.sv:20$1077_EN' from process `\mem_stage.$proc$/work/rtl/cpu/pipeline/mem_stage.sv:0$1354'.
No latch inferred for signal `\mem_stage.$memwr$\data_memory$/work/rtl/cpu/pipeline/mem_stage.sv:20$1078_EN' from process `\mem_stage.$proc$/work/rtl/cpu/pipeline/mem_stage.sv:0$1354'.
No latch inferred for signal `\mem_stage.$memwr$\data_memory$/work/rtl/cpu/pipeline/mem_stage.sv:20$1079_EN' from process `\mem_stage.$proc$/work/rtl/cpu/pipeline/mem_stage.sv:0$1354'.
No latch inferred for signal `\mem_stage.$memwr$\data_memory$/work/rtl/cpu/pipeline/mem_stage.sv:20$1080_EN' from process `\mem_stage.$proc$/work/rtl/cpu/pipeline/mem_stage.sv:0$1354'.
No latch inferred for signal `\mem_stage.$memwr$\data_memory$/work/rtl/cpu/pipeline/mem_stage.sv:20$1081_EN' from process `\mem_stage.$proc$/work/rtl/cpu/pipeline/mem_stage.sv:0$1354'.
No latch inferred for signal `\mem_stage.$memwr$\data_memory$/work/rtl/cpu/pipeline/mem_stage.sv:20$1082_EN' from process `\mem_stage.$proc$/work/rtl/cpu/pipeline/mem_stage.sv:0$1354'.
No latch inferred for signal `\mem_stage.$memwr$\data_memory$/work/rtl/cpu/pipeline/mem_stage.sv:20$1083_EN' from process `\mem_stage.$proc$/work/rtl/cpu/pipeline/mem_stage.sv:0$1354'.
No latch inferred for signal `\mem_stage.$memwr$\data_memory$/work/rtl/cpu/pipeline/mem_stage.sv:20$1084_EN' from process `\mem_stage.$proc$/work/rtl/cpu/pipeline/mem_stage.sv:0$1354'.
No latch inferred for signal `\mem_stage.$memwr$\data_memory$/work/rtl/cpu/pipeline/mem_stage.sv:20$1085_EN' from process `\mem_stage.$proc$/work/rtl/cpu/pipeline/mem_stage.sv:0$1354'.
No latch inferred for signal `\mem_stage.$memwr$\data_memory$/work/rtl/cpu/pipeline/mem_stage.sv:20$1086_EN' from process `\mem_stage.$proc$/work/rtl/cpu/pipeline/mem_stage.sv:0$1354'.
No latch inferred for signal `\mem_stage.$memwr$\data_memory$/work/rtl/cpu/pipeline/mem_stage.sv:20$1087_EN' from process `\mem_stage.$proc$/work/rtl/cpu/pipeline/mem_stage.sv:0$1354'.
No latch inferred for signal `\mem_stage.\read_data' from process `\mem_stage.$proc$/work/rtl/cpu/pipeline/mem_stage.sv:0$1096'.
No latch inferred for signal `\wb_stage.\write_data' from process `\wb_stage.$proc$/work/rtl/cpu/pipeline/wb_stage.sv:7$830'.
No latch inferred for signal `\pipelined_cpu.\ex_forward_a' from process `\pipelined_cpu.$proc$/work/rtl/cpu/pipeline/pipelined_cpu.sv:0$829'.
No latch inferred for signal `\pipelined_cpu.\ex_forward_b' from process `\pipelined_cpu.$proc$/work/rtl/cpu/pipeline/pipelined_cpu.sv:0$829'.
No latch inferred for signal `\pipelined_cpu.\id_alu_control' from process `\pipelined_cpu.$proc$/work/rtl/cpu/pipeline/pipelined_cpu.sv:0$828'.
No latch inferred for signal `\bus_interconnect.\ram_sel' from process `\bus_interconnect.$proc$/work/rtl/bus/interconnect.sv:14$826'.
No latch inferred for signal `\bus_interconnect.\uart_sel' from process `\bus_interconnect.$proc$/work/rtl/bus/interconnect.sv:14$826'.
No latch inferred for signal `\bus_interconnect.\spi_sel' from process `\bus_interconnect.$proc$/work/rtl/bus/interconnect.sv:14$826'.
No latch inferred for signal `\bus_interconnect.\i2c_sel' from process `\bus_interconnect.$proc$/work/rtl/bus/interconnect.sv:14$826'.
No latch inferred for signal `\bus_interconnect.\gpio_sel' from process `\bus_interconnect.$proc$/work/rtl/bus/interconnect.sv:14$826'.
No latch inferred for signal `\bus_interconnect.\timer_sel' from process `\bus_interconnect.$proc$/work/rtl/bus/interconnect.sv:14$826'.
No latch inferred for signal `\bus_interconnect.\accel_sel' from process `\bus_interconnect.$proc$/work/rtl/bus/interconnect.sv:14$826'.
No latch inferred for signal `\memory_interface.\i' from process `\memory_interface.$proc$/work/rtl/memory/memory_interface.sv:0$569'.
No latch inferred for signal `\memory_interface.$memwr$\memory$/work/rtl/memory/memory_interface.sv:21$44_EN' from process `\memory_interface.$proc$/work/rtl/memory/memory_interface.sv:0$569'.
No latch inferred for signal `\memory_interface.$memwr$\memory$/work/rtl/memory/memory_interface.sv:21$45_EN' from process `\memory_interface.$proc$/work/rtl/memory/memory_interface.sv:0$569'.
No latch inferred for signal `\memory_interface.$memwr$\memory$/work/rtl/memory/memory_interface.sv:21$46_EN' from process `\memory_interface.$proc$/work/rtl/memory/memory_interface.sv:0$569'.
No latch inferred for signal `\memory_interface.$memwr$\memory$/work/rtl/memory/memory_interface.sv:21$47_EN' from process `\memory_interface.$proc$/work/rtl/memory/memory_interface.sv:0$569'.
No latch inferred for signal `\memory_interface.$memwr$\memory$/work/rtl/memory/memory_interface.sv:21$48_EN' from process `\memory_interface.$proc$/work/rtl/memory/memory_interface.sv:0$569'.
No latch inferred for signal `\memory_interface.$memwr$\memory$/work/rtl/memory/memory_interface.sv:21$49_EN' from process `\memory_interface.$proc$/work/rtl/memory/memory_interface.sv:0$569'.
No latch inferred for signal `\memory_interface.$memwr$\memory$/work/rtl/memory/memory_interface.sv:21$50_EN' from process `\memory_interface.$proc$/work/rtl/memory/memory_interface.sv:0$569'.
No latch inferred for signal `\memory_interface.$memwr$\memory$/work/rtl/memory/memory_interface.sv:21$51_EN' from process `\memory_interface.$proc$/work/rtl/memory/memory_interface.sv:0$569'.
No latch inferred for signal `\memory_interface.$memwr$\memory$/work/rtl/memory/memory_interface.sv:21$52_EN' from process `\memory_interface.$proc$/work/rtl/memory/memory_interface.sv:0$569'.
No latch inferred for signal `\memory_interface.$memwr$\memory$/work/rtl/memory/memory_interface.sv:21$53_EN' from process `\memory_interface.$proc$/work/rtl/memory/memory_interface.sv:0$569'.
No latch inferred for signal `\memory_interface.$memwr$\memory$/work/rtl/memory/memory_interface.sv:21$54_EN' from process `\memory_interface.$proc$/work/rtl/memory/memory_interface.sv:0$569'.
No latch inferred for signal `\memory_interface.$memwr$\memory$/work/rtl/memory/memory_interface.sv:21$55_EN' from process `\memory_interface.$proc$/work/rtl/memory/memory_interface.sv:0$569'.
No latch inferred for signal `\memory_interface.$memwr$\memory$/work/rtl/memory/memory_interface.sv:21$56_EN' from process `\memory_interface.$proc$/work/rtl/memory/memory_interface.sv:0$569'.
No latch inferred for signal `\memory_interface.$memwr$\memory$/work/rtl/memory/memory_interface.sv:21$57_EN' from process `\memory_interface.$proc$/work/rtl/memory/memory_interface.sv:0$569'.
No latch inferred for signal `\memory_interface.$memwr$\memory$/work/rtl/memory/memory_interface.sv:21$58_EN' from process `\memory_interface.$proc$/work/rtl/memory/memory_interface.sv:0$569'.
No latch inferred for signal `\memory_interface.$memwr$\memory$/work/rtl/memory/memory_interface.sv:21$59_EN' from process `\memory_interface.$proc$/work/rtl/memory/memory_interface.sv:0$569'.
No latch inferred for signal `\memory_interface.$memwr$\memory$/work/rtl/memory/memory_interface.sv:21$60_EN' from process `\memory_interface.$proc$/work/rtl/memory/memory_interface.sv:0$569'.
No latch inferred for signal `\memory_interface.$memwr$\memory$/work/rtl/memory/memory_interface.sv:21$61_EN' from process `\memory_interface.$proc$/work/rtl/memory/memory_interface.sv:0$569'.
No latch inferred for signal `\memory_interface.$memwr$\memory$/work/rtl/memory/memory_interface.sv:21$62_EN' from process `\memory_interface.$proc$/work/rtl/memory/memory_interface.sv:0$569'.
No latch inferred for signal `\memory_interface.$memwr$\memory$/work/rtl/memory/memory_interface.sv:21$63_EN' from process `\memory_interface.$proc$/work/rtl/memory/memory_interface.sv:0$569'.
No latch inferred for signal `\memory_interface.$memwr$\memory$/work/rtl/memory/memory_interface.sv:21$64_EN' from process `\memory_interface.$proc$/work/rtl/memory/memory_interface.sv:0$569'.
No latch inferred for signal `\memory_interface.$memwr$\memory$/work/rtl/memory/memory_interface.sv:21$65_EN' from process `\memory_interface.$proc$/work/rtl/memory/memory_interface.sv:0$569'.
No latch inferred for signal `\memory_interface.$memwr$\memory$/work/rtl/memory/memory_interface.sv:21$66_EN' from process `\memory_interface.$proc$/work/rtl/memory/memory_interface.sv:0$569'.
No latch inferred for signal `\memory_interface.$memwr$\memory$/work/rtl/memory/memory_interface.sv:21$67_EN' from process `\memory_interface.$proc$/work/rtl/memory/memory_interface.sv:0$569'.
No latch inferred for signal `\memory_interface.$memwr$\memory$/work/rtl/memory/memory_interface.sv:21$68_EN' from process `\memory_interface.$proc$/work/rtl/memory/memory_interface.sv:0$569'.
No latch inferred for signal `\memory_interface.$memwr$\memory$/work/rtl/memory/memory_interface.sv:21$69_EN' from process `\memory_interface.$proc$/work/rtl/memory/memory_interface.sv:0$569'.
No latch inferred for signal `\memory_interface.$memwr$\memory$/work/rtl/memory/memory_interface.sv:21$70_EN' from process `\memory_interface.$proc$/work/rtl/memory/memory_interface.sv:0$569'.
No latch inferred for signal `\memory_interface.$memwr$\memory$/work/rtl/memory/memory_interface.sv:21$71_EN' from process `\memory_interface.$proc$/work/rtl/memory/memory_interface.sv:0$569'.
No latch inferred for signal `\memory_interface.$memwr$\memory$/work/rtl/memory/memory_interface.sv:21$72_EN' from process `\memory_interface.$proc$/work/rtl/memory/memory_interface.sv:0$569'.
No latch inferred for signal `\memory_interface.$memwr$\memory$/work/rtl/memory/memory_interface.sv:21$73_EN' from process `\memory_interface.$proc$/work/rtl/memory/memory_interface.sv:0$569'.
No latch inferred for signal `\memory_interface.$memwr$\memory$/work/rtl/memory/memory_interface.sv:21$74_EN' from process `\memory_interface.$proc$/work/rtl/memory/memory_interface.sv:0$569'.
No latch inferred for signal `\memory_interface.$memwr$\memory$/work/rtl/memory/memory_interface.sv:21$75_EN' from process `\memory_interface.$proc$/work/rtl/memory/memory_interface.sv:0$569'.
No latch inferred for signal `\memory_interface.$memwr$\memory$/work/rtl/memory/memory_interface.sv:21$76_EN' from process `\memory_interface.$proc$/work/rtl/memory/memory_interface.sv:0$569'.
No latch inferred for signal `\memory_interface.$memwr$\memory$/work/rtl/memory/memory_interface.sv:21$77_EN' from process `\memory_interface.$proc$/work/rtl/memory/memory_interface.sv:0$569'.
No latch inferred for signal `\memory_interface.$memwr$\memory$/work/rtl/memory/memory_interface.sv:21$78_EN' from process `\memory_interface.$proc$/work/rtl/memory/memory_interface.sv:0$569'.
No latch inferred for signal `\memory_interface.$memwr$\memory$/work/rtl/memory/memory_interface.sv:21$79_EN' from process `\memory_interface.$proc$/work/rtl/memory/memory_interface.sv:0$569'.
No latch inferred for signal `\memory_interface.$memwr$\memory$/work/rtl/memory/memory_interface.sv:21$80_EN' from process `\memory_interface.$proc$/work/rtl/memory/memory_interface.sv:0$569'.
No latch inferred for signal `\memory_interface.$memwr$\memory$/work/rtl/memory/memory_interface.sv:21$81_EN' from process `\memory_interface.$proc$/work/rtl/memory/memory_interface.sv:0$569'.
No latch inferred for signal `\memory_interface.$memwr$\memory$/work/rtl/memory/memory_interface.sv:21$82_EN' from process `\memory_interface.$proc$/work/rtl/memory/memory_interface.sv:0$569'.
No latch inferred for signal `\memory_interface.$memwr$\memory$/work/rtl/memory/memory_interface.sv:21$83_EN' from process `\memory_interface.$proc$/work/rtl/memory/memory_interface.sv:0$569'.
No latch inferred for signal `\memory_interface.$memwr$\memory$/work/rtl/memory/memory_interface.sv:21$84_EN' from process `\memory_interface.$proc$/work/rtl/memory/memory_interface.sv:0$569'.
No latch inferred for signal `\memory_interface.$memwr$\memory$/work/rtl/memory/memory_interface.sv:21$85_EN' from process `\memory_interface.$proc$/work/rtl/memory/memory_interface.sv:0$569'.
No latch inferred for signal `\memory_interface.$memwr$\memory$/work/rtl/memory/memory_interface.sv:21$86_EN' from process `\memory_interface.$proc$/work/rtl/memory/memory_interface.sv:0$569'.
No latch inferred for signal `\memory_interface.$memwr$\memory$/work/rtl/memory/memory_interface.sv:21$87_EN' from process `\memory_interface.$proc$/work/rtl/memory/memory_interface.sv:0$569'.
No latch inferred for signal `\memory_interface.$memwr$\memory$/work/rtl/memory/memory_interface.sv:21$88_EN' from process `\memory_interface.$proc$/work/rtl/memory/memory_interface.sv:0$569'.
No latch inferred for signal `\memory_interface.$memwr$\memory$/work/rtl/memory/memory_interface.sv:21$89_EN' from process `\memory_interface.$proc$/work/rtl/memory/memory_interface.sv:0$569'.
No latch inferred for signal `\memory_interface.$memwr$\memory$/work/rtl/memory/memory_interface.sv:21$90_EN' from process `\memory_interface.$proc$/work/rtl/memory/memory_interface.sv:0$569'.
No latch inferred for signal `\memory_interface.$memwr$\memory$/work/rtl/memory/memory_interface.sv:21$91_EN' from process `\memory_interface.$proc$/work/rtl/memory/memory_interface.sv:0$569'.
No latch inferred for signal `\memory_interface.$memwr$\memory$/work/rtl/memory/memory_interface.sv:21$92_EN' from process `\memory_interface.$proc$/work/rtl/memory/memory_interface.sv:0$569'.
No latch inferred for signal `\memory_interface.$memwr$\memory$/work/rtl/memory/memory_interface.sv:21$93_EN' from process `\memory_interface.$proc$/work/rtl/memory/memory_interface.sv:0$569'.
No latch inferred for signal `\memory_interface.$memwr$\memory$/work/rtl/memory/memory_interface.sv:21$94_EN' from process `\memory_interface.$proc$/work/rtl/memory/memory_interface.sv:0$569'.
No latch inferred for signal `\memory_interface.$memwr$\memory$/work/rtl/memory/memory_interface.sv:21$95_EN' from process `\memory_interface.$proc$/work/rtl/memory/memory_interface.sv:0$569'.
No latch inferred for signal `\memory_interface.$memwr$\memory$/work/rtl/memory/memory_interface.sv:21$96_EN' from process `\memory_interface.$proc$/work/rtl/memory/memory_interface.sv:0$569'.
No latch inferred for signal `\memory_interface.$memwr$\memory$/work/rtl/memory/memory_interface.sv:21$97_EN' from process `\memory_interface.$proc$/work/rtl/memory/memory_interface.sv:0$569'.
No latch inferred for signal `\memory_interface.$memwr$\memory$/work/rtl/memory/memory_interface.sv:21$98_EN' from process `\memory_interface.$proc$/work/rtl/memory/memory_interface.sv:0$569'.
No latch inferred for signal `\memory_interface.$memwr$\memory$/work/rtl/memory/memory_interface.sv:21$99_EN' from process `\memory_interface.$proc$/work/rtl/memory/memory_interface.sv:0$569'.
No latch inferred for signal `\memory_interface.$memwr$\memory$/work/rtl/memory/memory_interface.sv:21$100_EN' from process `\memory_interface.$proc$/work/rtl/memory/memory_interface.sv:0$569'.
No latch inferred for signal `\memory_interface.$memwr$\memory$/work/rtl/memory/memory_interface.sv:21$101_EN' from process `\memory_interface.$proc$/work/rtl/memory/memory_interface.sv:0$569'.
No latch inferred for signal `\memory_interface.$memwr$\memory$/work/rtl/memory/memory_interface.sv:21$102_EN' from process `\memory_interface.$proc$/work/rtl/memory/memory_interface.sv:0$569'.
No latch inferred for signal `\memory_interface.$memwr$\memory$/work/rtl/memory/memory_interface.sv:21$103_EN' from process `\memory_interface.$proc$/work/rtl/memory/memory_interface.sv:0$569'.
No latch inferred for signal `\memory_interface.$memwr$\memory$/work/rtl/memory/memory_interface.sv:21$104_EN' from process `\memory_interface.$proc$/work/rtl/memory/memory_interface.sv:0$569'.
No latch inferred for signal `\memory_interface.$memwr$\memory$/work/rtl/memory/memory_interface.sv:21$105_EN' from process `\memory_interface.$proc$/work/rtl/memory/memory_interface.sv:0$569'.
No latch inferred for signal `\memory_interface.$memwr$\memory$/work/rtl/memory/memory_interface.sv:21$106_EN' from process `\memory_interface.$proc$/work/rtl/memory/memory_interface.sv:0$569'.
No latch inferred for signal `\memory_interface.$memwr$\memory$/work/rtl/memory/memory_interface.sv:21$107_EN' from process `\memory_interface.$proc$/work/rtl/memory/memory_interface.sv:0$569'.
No latch inferred for signal `\memory_interface.$memwr$\memory$/work/rtl/memory/memory_interface.sv:21$108_EN' from process `\memory_interface.$proc$/work/rtl/memory/memory_interface.sv:0$569'.
No latch inferred for signal `\memory_interface.$memwr$\memory$/work/rtl/memory/memory_interface.sv:21$109_EN' from process `\memory_interface.$proc$/work/rtl/memory/memory_interface.sv:0$569'.
No latch inferred for signal `\memory_interface.$memwr$\memory$/work/rtl/memory/memory_interface.sv:21$110_EN' from process `\memory_interface.$proc$/work/rtl/memory/memory_interface.sv:0$569'.
No latch inferred for signal `\memory_interface.$memwr$\memory$/work/rtl/memory/memory_interface.sv:21$111_EN' from process `\memory_interface.$proc$/work/rtl/memory/memory_interface.sv:0$569'.
No latch inferred for signal `\memory_interface.$memwr$\memory$/work/rtl/memory/memory_interface.sv:21$112_EN' from process `\memory_interface.$proc$/work/rtl/memory/memory_interface.sv:0$569'.
No latch inferred for signal `\memory_interface.$memwr$\memory$/work/rtl/memory/memory_interface.sv:21$113_EN' from process `\memory_interface.$proc$/work/rtl/memory/memory_interface.sv:0$569'.
No latch inferred for signal `\memory_interface.$memwr$\memory$/work/rtl/memory/memory_interface.sv:21$114_EN' from process `\memory_interface.$proc$/work/rtl/memory/memory_interface.sv:0$569'.
No latch inferred for signal `\memory_interface.$memwr$\memory$/work/rtl/memory/memory_interface.sv:21$115_EN' from process `\memory_interface.$proc$/work/rtl/memory/memory_interface.sv:0$569'.
No latch inferred for signal `\memory_interface.$memwr$\memory$/work/rtl/memory/memory_interface.sv:21$116_EN' from process `\memory_interface.$proc$/work/rtl/memory/memory_interface.sv:0$569'.
No latch inferred for signal `\memory_interface.$memwr$\memory$/work/rtl/memory/memory_interface.sv:21$117_EN' from process `\memory_interface.$proc$/work/rtl/memory/memory_interface.sv:0$569'.
No latch inferred for signal `\memory_interface.$memwr$\memory$/work/rtl/memory/memory_interface.sv:21$118_EN' from process `\memory_interface.$proc$/work/rtl/memory/memory_interface.sv:0$569'.
No latch inferred for signal `\memory_interface.$memwr$\memory$/work/rtl/memory/memory_interface.sv:21$119_EN' from process `\memory_interface.$proc$/work/rtl/memory/memory_interface.sv:0$569'.
No latch inferred for signal `\memory_interface.$memwr$\memory$/work/rtl/memory/memory_interface.sv:21$120_EN' from process `\memory_interface.$proc$/work/rtl/memory/memory_interface.sv:0$569'.
No latch inferred for signal `\memory_interface.$memwr$\memory$/work/rtl/memory/memory_interface.sv:21$121_EN' from process `\memory_interface.$proc$/work/rtl/memory/memory_interface.sv:0$569'.
No latch inferred for signal `\memory_interface.$memwr$\memory$/work/rtl/memory/memory_interface.sv:21$122_EN' from process `\memory_interface.$proc$/work/rtl/memory/memory_interface.sv:0$569'.
No latch inferred for signal `\memory_interface.$memwr$\memory$/work/rtl/memory/memory_interface.sv:21$123_EN' from process `\memory_interface.$proc$/work/rtl/memory/memory_interface.sv:0$569'.
No latch inferred for signal `\memory_interface.$memwr$\memory$/work/rtl/memory/memory_interface.sv:21$124_EN' from process `\memory_interface.$proc$/work/rtl/memory/memory_interface.sv:0$569'.
No latch inferred for signal `\memory_interface.$memwr$\memory$/work/rtl/memory/memory_interface.sv:21$125_EN' from process `\memory_interface.$proc$/work/rtl/memory/memory_interface.sv:0$569'.
No latch inferred for signal `\memory_interface.$memwr$\memory$/work/rtl/memory/memory_interface.sv:21$126_EN' from process `\memory_interface.$proc$/work/rtl/memory/memory_interface.sv:0$569'.
No latch inferred for signal `\memory_interface.$memwr$\memory$/work/rtl/memory/memory_interface.sv:21$127_EN' from process `\memory_interface.$proc$/work/rtl/memory/memory_interface.sv:0$569'.
No latch inferred for signal `\memory_interface.$memwr$\memory$/work/rtl/memory/memory_interface.sv:21$128_EN' from process `\memory_interface.$proc$/work/rtl/memory/memory_interface.sv:0$569'.
No latch inferred for signal `\memory_interface.$memwr$\memory$/work/rtl/memory/memory_interface.sv:21$129_EN' from process `\memory_interface.$proc$/work/rtl/memory/memory_interface.sv:0$569'.
No latch inferred for signal `\memory_interface.$memwr$\memory$/work/rtl/memory/memory_interface.sv:21$130_EN' from process `\memory_interface.$proc$/work/rtl/memory/memory_interface.sv:0$569'.
No latch inferred for signal `\memory_interface.$memwr$\memory$/work/rtl/memory/memory_interface.sv:21$131_EN' from process `\memory_interface.$proc$/work/rtl/memory/memory_interface.sv:0$569'.
No latch inferred for signal `\memory_interface.$memwr$\memory$/work/rtl/memory/memory_interface.sv:21$132_EN' from process `\memory_interface.$proc$/work/rtl/memory/memory_interface.sv:0$569'.
No latch inferred for signal `\memory_interface.$memwr$\memory$/work/rtl/memory/memory_interface.sv:21$133_EN' from process `\memory_interface.$proc$/work/rtl/memory/memory_interface.sv:0$569'.
No latch inferred for signal `\memory_interface.$memwr$\memory$/work/rtl/memory/memory_interface.sv:21$134_EN' from process `\memory_interface.$proc$/work/rtl/memory/memory_interface.sv:0$569'.
No latch inferred for signal `\memory_interface.$memwr$\memory$/work/rtl/memory/memory_interface.sv:21$135_EN' from process `\memory_interface.$proc$/work/rtl/memory/memory_interface.sv:0$569'.
No latch inferred for signal `\memory_interface.$memwr$\memory$/work/rtl/memory/memory_interface.sv:21$136_EN' from process `\memory_interface.$proc$/work/rtl/memory/memory_interface.sv:0$569'.
No latch inferred for signal `\memory_interface.$memwr$\memory$/work/rtl/memory/memory_interface.sv:21$137_EN' from process `\memory_interface.$proc$/work/rtl/memory/memory_interface.sv:0$569'.
No latch inferred for signal `\memory_interface.$memwr$\memory$/work/rtl/memory/memory_interface.sv:21$138_EN' from process `\memory_interface.$proc$/work/rtl/memory/memory_interface.sv:0$569'.
No latch inferred for signal `\memory_interface.$memwr$\memory$/work/rtl/memory/memory_interface.sv:21$139_EN' from process `\memory_interface.$proc$/work/rtl/memory/memory_interface.sv:0$569'.
No latch inferred for signal `\memory_interface.$memwr$\memory$/work/rtl/memory/memory_interface.sv:21$140_EN' from process `\memory_interface.$proc$/work/rtl/memory/memory_interface.sv:0$569'.
No latch inferred for signal `\memory_interface.$memwr$\memory$/work/rtl/memory/memory_interface.sv:21$141_EN' from process `\memory_interface.$proc$/work/rtl/memory/memory_interface.sv:0$569'.
No latch inferred for signal `\memory_interface.$memwr$\memory$/work/rtl/memory/memory_interface.sv:21$142_EN' from process `\memory_interface.$proc$/work/rtl/memory/memory_interface.sv:0$569'.
No latch inferred for signal `\memory_interface.$memwr$\memory$/work/rtl/memory/memory_interface.sv:21$143_EN' from process `\memory_interface.$proc$/work/rtl/memory/memory_interface.sv:0$569'.
No latch inferred for signal `\memory_interface.$memwr$\memory$/work/rtl/memory/memory_interface.sv:21$144_EN' from process `\memory_interface.$proc$/work/rtl/memory/memory_interface.sv:0$569'.
No latch inferred for signal `\memory_interface.$memwr$\memory$/work/rtl/memory/memory_interface.sv:21$145_EN' from process `\memory_interface.$proc$/work/rtl/memory/memory_interface.sv:0$569'.
No latch inferred for signal `\memory_interface.$memwr$\memory$/work/rtl/memory/memory_interface.sv:21$146_EN' from process `\memory_interface.$proc$/work/rtl/memory/memory_interface.sv:0$569'.
No latch inferred for signal `\memory_interface.$memwr$\memory$/work/rtl/memory/memory_interface.sv:21$147_EN' from process `\memory_interface.$proc$/work/rtl/memory/memory_interface.sv:0$569'.
No latch inferred for signal `\memory_interface.$memwr$\memory$/work/rtl/memory/memory_interface.sv:21$148_EN' from process `\memory_interface.$proc$/work/rtl/memory/memory_interface.sv:0$569'.
No latch inferred for signal `\memory_interface.$memwr$\memory$/work/rtl/memory/memory_interface.sv:21$149_EN' from process `\memory_interface.$proc$/work/rtl/memory/memory_interface.sv:0$569'.
No latch inferred for signal `\memory_interface.$memwr$\memory$/work/rtl/memory/memory_interface.sv:21$150_EN' from process `\memory_interface.$proc$/work/rtl/memory/memory_interface.sv:0$569'.
No latch inferred for signal `\memory_interface.$memwr$\memory$/work/rtl/memory/memory_interface.sv:21$151_EN' from process `\memory_interface.$proc$/work/rtl/memory/memory_interface.sv:0$569'.
No latch inferred for signal `\memory_interface.$memwr$\memory$/work/rtl/memory/memory_interface.sv:21$152_EN' from process `\memory_interface.$proc$/work/rtl/memory/memory_interface.sv:0$569'.
No latch inferred for signal `\memory_interface.$memwr$\memory$/work/rtl/memory/memory_interface.sv:21$153_EN' from process `\memory_interface.$proc$/work/rtl/memory/memory_interface.sv:0$569'.
No latch inferred for signal `\memory_interface.$memwr$\memory$/work/rtl/memory/memory_interface.sv:21$154_EN' from process `\memory_interface.$proc$/work/rtl/memory/memory_interface.sv:0$569'.
No latch inferred for signal `\memory_interface.$memwr$\memory$/work/rtl/memory/memory_interface.sv:21$155_EN' from process `\memory_interface.$proc$/work/rtl/memory/memory_interface.sv:0$569'.
No latch inferred for signal `\memory_interface.$memwr$\memory$/work/rtl/memory/memory_interface.sv:21$156_EN' from process `\memory_interface.$proc$/work/rtl/memory/memory_interface.sv:0$569'.
No latch inferred for signal `\memory_interface.$memwr$\memory$/work/rtl/memory/memory_interface.sv:21$157_EN' from process `\memory_interface.$proc$/work/rtl/memory/memory_interface.sv:0$569'.
No latch inferred for signal `\memory_interface.$memwr$\memory$/work/rtl/memory/memory_interface.sv:21$158_EN' from process `\memory_interface.$proc$/work/rtl/memory/memory_interface.sv:0$569'.
No latch inferred for signal `\memory_interface.$memwr$\memory$/work/rtl/memory/memory_interface.sv:21$159_EN' from process `\memory_interface.$proc$/work/rtl/memory/memory_interface.sv:0$569'.
No latch inferred for signal `\memory_interface.$memwr$\memory$/work/rtl/memory/memory_interface.sv:21$160_EN' from process `\memory_interface.$proc$/work/rtl/memory/memory_interface.sv:0$569'.
No latch inferred for signal `\memory_interface.$memwr$\memory$/work/rtl/memory/memory_interface.sv:21$161_EN' from process `\memory_interface.$proc$/work/rtl/memory/memory_interface.sv:0$569'.
No latch inferred for signal `\memory_interface.$memwr$\memory$/work/rtl/memory/memory_interface.sv:21$162_EN' from process `\memory_interface.$proc$/work/rtl/memory/memory_interface.sv:0$569'.
No latch inferred for signal `\memory_interface.$memwr$\memory$/work/rtl/memory/memory_interface.sv:21$163_EN' from process `\memory_interface.$proc$/work/rtl/memory/memory_interface.sv:0$569'.
No latch inferred for signal `\memory_interface.$memwr$\memory$/work/rtl/memory/memory_interface.sv:21$164_EN' from process `\memory_interface.$proc$/work/rtl/memory/memory_interface.sv:0$569'.
No latch inferred for signal `\memory_interface.$memwr$\memory$/work/rtl/memory/memory_interface.sv:21$165_EN' from process `\memory_interface.$proc$/work/rtl/memory/memory_interface.sv:0$569'.
No latch inferred for signal `\memory_interface.$memwr$\memory$/work/rtl/memory/memory_interface.sv:21$166_EN' from process `\memory_interface.$proc$/work/rtl/memory/memory_interface.sv:0$569'.
No latch inferred for signal `\memory_interface.$memwr$\memory$/work/rtl/memory/memory_interface.sv:21$167_EN' from process `\memory_interface.$proc$/work/rtl/memory/memory_interface.sv:0$569'.
No latch inferred for signal `\memory_interface.$memwr$\memory$/work/rtl/memory/memory_interface.sv:21$168_EN' from process `\memory_interface.$proc$/work/rtl/memory/memory_interface.sv:0$569'.
No latch inferred for signal `\memory_interface.$memwr$\memory$/work/rtl/memory/memory_interface.sv:21$169_EN' from process `\memory_interface.$proc$/work/rtl/memory/memory_interface.sv:0$569'.
No latch inferred for signal `\memory_interface.$memwr$\memory$/work/rtl/memory/memory_interface.sv:21$170_EN' from process `\memory_interface.$proc$/work/rtl/memory/memory_interface.sv:0$569'.
No latch inferred for signal `\memory_interface.$memwr$\memory$/work/rtl/memory/memory_interface.sv:21$171_EN' from process `\memory_interface.$proc$/work/rtl/memory/memory_interface.sv:0$569'.
No latch inferred for signal `\memory_interface.$memwr$\memory$/work/rtl/memory/memory_interface.sv:21$172_EN' from process `\memory_interface.$proc$/work/rtl/memory/memory_interface.sv:0$569'.
No latch inferred for signal `\memory_interface.$memwr$\memory$/work/rtl/memory/memory_interface.sv:21$173_EN' from process `\memory_interface.$proc$/work/rtl/memory/memory_interface.sv:0$569'.
No latch inferred for signal `\memory_interface.$memwr$\memory$/work/rtl/memory/memory_interface.sv:21$174_EN' from process `\memory_interface.$proc$/work/rtl/memory/memory_interface.sv:0$569'.
No latch inferred for signal `\memory_interface.$memwr$\memory$/work/rtl/memory/memory_interface.sv:21$175_EN' from process `\memory_interface.$proc$/work/rtl/memory/memory_interface.sv:0$569'.
No latch inferred for signal `\memory_interface.$memwr$\memory$/work/rtl/memory/memory_interface.sv:21$176_EN' from process `\memory_interface.$proc$/work/rtl/memory/memory_interface.sv:0$569'.
No latch inferred for signal `\memory_interface.$memwr$\memory$/work/rtl/memory/memory_interface.sv:21$177_EN' from process `\memory_interface.$proc$/work/rtl/memory/memory_interface.sv:0$569'.
No latch inferred for signal `\memory_interface.$memwr$\memory$/work/rtl/memory/memory_interface.sv:21$178_EN' from process `\memory_interface.$proc$/work/rtl/memory/memory_interface.sv:0$569'.
No latch inferred for signal `\memory_interface.$memwr$\memory$/work/rtl/memory/memory_interface.sv:21$179_EN' from process `\memory_interface.$proc$/work/rtl/memory/memory_interface.sv:0$569'.
No latch inferred for signal `\memory_interface.$memwr$\memory$/work/rtl/memory/memory_interface.sv:21$180_EN' from process `\memory_interface.$proc$/work/rtl/memory/memory_interface.sv:0$569'.
No latch inferred for signal `\memory_interface.$memwr$\memory$/work/rtl/memory/memory_interface.sv:21$181_EN' from process `\memory_interface.$proc$/work/rtl/memory/memory_interface.sv:0$569'.
No latch inferred for signal `\memory_interface.$memwr$\memory$/work/rtl/memory/memory_interface.sv:21$182_EN' from process `\memory_interface.$proc$/work/rtl/memory/memory_interface.sv:0$569'.
No latch inferred for signal `\memory_interface.$memwr$\memory$/work/rtl/memory/memory_interface.sv:21$183_EN' from process `\memory_interface.$proc$/work/rtl/memory/memory_interface.sv:0$569'.
No latch inferred for signal `\memory_interface.$memwr$\memory$/work/rtl/memory/memory_interface.sv:21$184_EN' from process `\memory_interface.$proc$/work/rtl/memory/memory_interface.sv:0$569'.
No latch inferred for signal `\memory_interface.$memwr$\memory$/work/rtl/memory/memory_interface.sv:21$185_EN' from process `\memory_interface.$proc$/work/rtl/memory/memory_interface.sv:0$569'.
No latch inferred for signal `\memory_interface.$memwr$\memory$/work/rtl/memory/memory_interface.sv:21$186_EN' from process `\memory_interface.$proc$/work/rtl/memory/memory_interface.sv:0$569'.
No latch inferred for signal `\memory_interface.$memwr$\memory$/work/rtl/memory/memory_interface.sv:21$187_EN' from process `\memory_interface.$proc$/work/rtl/memory/memory_interface.sv:0$569'.
No latch inferred for signal `\memory_interface.$memwr$\memory$/work/rtl/memory/memory_interface.sv:21$188_EN' from process `\memory_interface.$proc$/work/rtl/memory/memory_interface.sv:0$569'.
No latch inferred for signal `\memory_interface.$memwr$\memory$/work/rtl/memory/memory_interface.sv:21$189_EN' from process `\memory_interface.$proc$/work/rtl/memory/memory_interface.sv:0$569'.
No latch inferred for signal `\memory_interface.$memwr$\memory$/work/rtl/memory/memory_interface.sv:21$190_EN' from process `\memory_interface.$proc$/work/rtl/memory/memory_interface.sv:0$569'.
No latch inferred for signal `\memory_interface.$memwr$\memory$/work/rtl/memory/memory_interface.sv:21$191_EN' from process `\memory_interface.$proc$/work/rtl/memory/memory_interface.sv:0$569'.
No latch inferred for signal `\memory_interface.$memwr$\memory$/work/rtl/memory/memory_interface.sv:21$192_EN' from process `\memory_interface.$proc$/work/rtl/memory/memory_interface.sv:0$569'.
No latch inferred for signal `\memory_interface.$memwr$\memory$/work/rtl/memory/memory_interface.sv:21$193_EN' from process `\memory_interface.$proc$/work/rtl/memory/memory_interface.sv:0$569'.
No latch inferred for signal `\memory_interface.$memwr$\memory$/work/rtl/memory/memory_interface.sv:21$194_EN' from process `\memory_interface.$proc$/work/rtl/memory/memory_interface.sv:0$569'.
No latch inferred for signal `\memory_interface.$memwr$\memory$/work/rtl/memory/memory_interface.sv:21$195_EN' from process `\memory_interface.$proc$/work/rtl/memory/memory_interface.sv:0$569'.
No latch inferred for signal `\memory_interface.$memwr$\memory$/work/rtl/memory/memory_interface.sv:21$196_EN' from process `\memory_interface.$proc$/work/rtl/memory/memory_interface.sv:0$569'.
No latch inferred for signal `\memory_interface.$memwr$\memory$/work/rtl/memory/memory_interface.sv:21$197_EN' from process `\memory_interface.$proc$/work/rtl/memory/memory_interface.sv:0$569'.
No latch inferred for signal `\memory_interface.$memwr$\memory$/work/rtl/memory/memory_interface.sv:21$198_EN' from process `\memory_interface.$proc$/work/rtl/memory/memory_interface.sv:0$569'.
No latch inferred for signal `\memory_interface.$memwr$\memory$/work/rtl/memory/memory_interface.sv:21$199_EN' from process `\memory_interface.$proc$/work/rtl/memory/memory_interface.sv:0$569'.
No latch inferred for signal `\memory_interface.$memwr$\memory$/work/rtl/memory/memory_interface.sv:21$200_EN' from process `\memory_interface.$proc$/work/rtl/memory/memory_interface.sv:0$569'.
No latch inferred for signal `\memory_interface.$memwr$\memory$/work/rtl/memory/memory_interface.sv:21$201_EN' from process `\memory_interface.$proc$/work/rtl/memory/memory_interface.sv:0$569'.
No latch inferred for signal `\memory_interface.$memwr$\memory$/work/rtl/memory/memory_interface.sv:21$202_EN' from process `\memory_interface.$proc$/work/rtl/memory/memory_interface.sv:0$569'.
No latch inferred for signal `\memory_interface.$memwr$\memory$/work/rtl/memory/memory_interface.sv:21$203_EN' from process `\memory_interface.$proc$/work/rtl/memory/memory_interface.sv:0$569'.
No latch inferred for signal `\memory_interface.$memwr$\memory$/work/rtl/memory/memory_interface.sv:21$204_EN' from process `\memory_interface.$proc$/work/rtl/memory/memory_interface.sv:0$569'.
No latch inferred for signal `\memory_interface.$memwr$\memory$/work/rtl/memory/memory_interface.sv:21$205_EN' from process `\memory_interface.$proc$/work/rtl/memory/memory_interface.sv:0$569'.
No latch inferred for signal `\memory_interface.$memwr$\memory$/work/rtl/memory/memory_interface.sv:21$206_EN' from process `\memory_interface.$proc$/work/rtl/memory/memory_interface.sv:0$569'.
No latch inferred for signal `\memory_interface.$memwr$\memory$/work/rtl/memory/memory_interface.sv:21$207_EN' from process `\memory_interface.$proc$/work/rtl/memory/memory_interface.sv:0$569'.
No latch inferred for signal `\memory_interface.$memwr$\memory$/work/rtl/memory/memory_interface.sv:21$208_EN' from process `\memory_interface.$proc$/work/rtl/memory/memory_interface.sv:0$569'.
No latch inferred for signal `\memory_interface.$memwr$\memory$/work/rtl/memory/memory_interface.sv:21$209_EN' from process `\memory_interface.$proc$/work/rtl/memory/memory_interface.sv:0$569'.
No latch inferred for signal `\memory_interface.$memwr$\memory$/work/rtl/memory/memory_interface.sv:21$210_EN' from process `\memory_interface.$proc$/work/rtl/memory/memory_interface.sv:0$569'.
No latch inferred for signal `\memory_interface.$memwr$\memory$/work/rtl/memory/memory_interface.sv:21$211_EN' from process `\memory_interface.$proc$/work/rtl/memory/memory_interface.sv:0$569'.
No latch inferred for signal `\memory_interface.$memwr$\memory$/work/rtl/memory/memory_interface.sv:21$212_EN' from process `\memory_interface.$proc$/work/rtl/memory/memory_interface.sv:0$569'.
No latch inferred for signal `\memory_interface.$memwr$\memory$/work/rtl/memory/memory_interface.sv:21$213_EN' from process `\memory_interface.$proc$/work/rtl/memory/memory_interface.sv:0$569'.
No latch inferred for signal `\memory_interface.$memwr$\memory$/work/rtl/memory/memory_interface.sv:21$214_EN' from process `\memory_interface.$proc$/work/rtl/memory/memory_interface.sv:0$569'.
No latch inferred for signal `\memory_interface.$memwr$\memory$/work/rtl/memory/memory_interface.sv:21$215_EN' from process `\memory_interface.$proc$/work/rtl/memory/memory_interface.sv:0$569'.
No latch inferred for signal `\memory_interface.$memwr$\memory$/work/rtl/memory/memory_interface.sv:21$216_EN' from process `\memory_interface.$proc$/work/rtl/memory/memory_interface.sv:0$569'.
No latch inferred for signal `\memory_interface.$memwr$\memory$/work/rtl/memory/memory_interface.sv:21$217_EN' from process `\memory_interface.$proc$/work/rtl/memory/memory_interface.sv:0$569'.
No latch inferred for signal `\memory_interface.$memwr$\memory$/work/rtl/memory/memory_interface.sv:21$218_EN' from process `\memory_interface.$proc$/work/rtl/memory/memory_interface.sv:0$569'.
No latch inferred for signal `\memory_interface.$memwr$\memory$/work/rtl/memory/memory_interface.sv:21$219_EN' from process `\memory_interface.$proc$/work/rtl/memory/memory_interface.sv:0$569'.
No latch inferred for signal `\memory_interface.$memwr$\memory$/work/rtl/memory/memory_interface.sv:21$220_EN' from process `\memory_interface.$proc$/work/rtl/memory/memory_interface.sv:0$569'.
No latch inferred for signal `\memory_interface.$memwr$\memory$/work/rtl/memory/memory_interface.sv:21$221_EN' from process `\memory_interface.$proc$/work/rtl/memory/memory_interface.sv:0$569'.
No latch inferred for signal `\memory_interface.$memwr$\memory$/work/rtl/memory/memory_interface.sv:21$222_EN' from process `\memory_interface.$proc$/work/rtl/memory/memory_interface.sv:0$569'.
No latch inferred for signal `\memory_interface.$memwr$\memory$/work/rtl/memory/memory_interface.sv:21$223_EN' from process `\memory_interface.$proc$/work/rtl/memory/memory_interface.sv:0$569'.
No latch inferred for signal `\memory_interface.$memwr$\memory$/work/rtl/memory/memory_interface.sv:21$224_EN' from process `\memory_interface.$proc$/work/rtl/memory/memory_interface.sv:0$569'.
No latch inferred for signal `\memory_interface.$memwr$\memory$/work/rtl/memory/memory_interface.sv:21$225_EN' from process `\memory_interface.$proc$/work/rtl/memory/memory_interface.sv:0$569'.
No latch inferred for signal `\memory_interface.$memwr$\memory$/work/rtl/memory/memory_interface.sv:21$226_EN' from process `\memory_interface.$proc$/work/rtl/memory/memory_interface.sv:0$569'.
No latch inferred for signal `\memory_interface.$memwr$\memory$/work/rtl/memory/memory_interface.sv:21$227_EN' from process `\memory_interface.$proc$/work/rtl/memory/memory_interface.sv:0$569'.
No latch inferred for signal `\memory_interface.$memwr$\memory$/work/rtl/memory/memory_interface.sv:21$228_EN' from process `\memory_interface.$proc$/work/rtl/memory/memory_interface.sv:0$569'.
No latch inferred for signal `\memory_interface.$memwr$\memory$/work/rtl/memory/memory_interface.sv:21$229_EN' from process `\memory_interface.$proc$/work/rtl/memory/memory_interface.sv:0$569'.
No latch inferred for signal `\memory_interface.$memwr$\memory$/work/rtl/memory/memory_interface.sv:21$230_EN' from process `\memory_interface.$proc$/work/rtl/memory/memory_interface.sv:0$569'.
No latch inferred for signal `\memory_interface.$memwr$\memory$/work/rtl/memory/memory_interface.sv:21$231_EN' from process `\memory_interface.$proc$/work/rtl/memory/memory_interface.sv:0$569'.
No latch inferred for signal `\memory_interface.$memwr$\memory$/work/rtl/memory/memory_interface.sv:21$232_EN' from process `\memory_interface.$proc$/work/rtl/memory/memory_interface.sv:0$569'.
No latch inferred for signal `\memory_interface.$memwr$\memory$/work/rtl/memory/memory_interface.sv:21$233_EN' from process `\memory_interface.$proc$/work/rtl/memory/memory_interface.sv:0$569'.
No latch inferred for signal `\memory_interface.$memwr$\memory$/work/rtl/memory/memory_interface.sv:21$234_EN' from process `\memory_interface.$proc$/work/rtl/memory/memory_interface.sv:0$569'.
No latch inferred for signal `\memory_interface.$memwr$\memory$/work/rtl/memory/memory_interface.sv:21$235_EN' from process `\memory_interface.$proc$/work/rtl/memory/memory_interface.sv:0$569'.
No latch inferred for signal `\memory_interface.$memwr$\memory$/work/rtl/memory/memory_interface.sv:21$236_EN' from process `\memory_interface.$proc$/work/rtl/memory/memory_interface.sv:0$569'.
No latch inferred for signal `\memory_interface.$memwr$\memory$/work/rtl/memory/memory_interface.sv:21$237_EN' from process `\memory_interface.$proc$/work/rtl/memory/memory_interface.sv:0$569'.
No latch inferred for signal `\memory_interface.$memwr$\memory$/work/rtl/memory/memory_interface.sv:21$238_EN' from process `\memory_interface.$proc$/work/rtl/memory/memory_interface.sv:0$569'.
No latch inferred for signal `\memory_interface.$memwr$\memory$/work/rtl/memory/memory_interface.sv:21$239_EN' from process `\memory_interface.$proc$/work/rtl/memory/memory_interface.sv:0$569'.
No latch inferred for signal `\memory_interface.$memwr$\memory$/work/rtl/memory/memory_interface.sv:21$240_EN' from process `\memory_interface.$proc$/work/rtl/memory/memory_interface.sv:0$569'.
No latch inferred for signal `\memory_interface.$memwr$\memory$/work/rtl/memory/memory_interface.sv:21$241_EN' from process `\memory_interface.$proc$/work/rtl/memory/memory_interface.sv:0$569'.
No latch inferred for signal `\memory_interface.$memwr$\memory$/work/rtl/memory/memory_interface.sv:21$242_EN' from process `\memory_interface.$proc$/work/rtl/memory/memory_interface.sv:0$569'.
No latch inferred for signal `\memory_interface.$memwr$\memory$/work/rtl/memory/memory_interface.sv:21$243_EN' from process `\memory_interface.$proc$/work/rtl/memory/memory_interface.sv:0$569'.
No latch inferred for signal `\memory_interface.$memwr$\memory$/work/rtl/memory/memory_interface.sv:21$244_EN' from process `\memory_interface.$proc$/work/rtl/memory/memory_interface.sv:0$569'.
No latch inferred for signal `\memory_interface.$memwr$\memory$/work/rtl/memory/memory_interface.sv:21$245_EN' from process `\memory_interface.$proc$/work/rtl/memory/memory_interface.sv:0$569'.
No latch inferred for signal `\memory_interface.$memwr$\memory$/work/rtl/memory/memory_interface.sv:21$246_EN' from process `\memory_interface.$proc$/work/rtl/memory/memory_interface.sv:0$569'.
No latch inferred for signal `\memory_interface.$memwr$\memory$/work/rtl/memory/memory_interface.sv:21$247_EN' from process `\memory_interface.$proc$/work/rtl/memory/memory_interface.sv:0$569'.
No latch inferred for signal `\memory_interface.$memwr$\memory$/work/rtl/memory/memory_interface.sv:21$248_EN' from process `\memory_interface.$proc$/work/rtl/memory/memory_interface.sv:0$569'.
No latch inferred for signal `\memory_interface.$memwr$\memory$/work/rtl/memory/memory_interface.sv:21$249_EN' from process `\memory_interface.$proc$/work/rtl/memory/memory_interface.sv:0$569'.
No latch inferred for signal `\memory_interface.$memwr$\memory$/work/rtl/memory/memory_interface.sv:21$250_EN' from process `\memory_interface.$proc$/work/rtl/memory/memory_interface.sv:0$569'.
No latch inferred for signal `\memory_interface.$memwr$\memory$/work/rtl/memory/memory_interface.sv:21$251_EN' from process `\memory_interface.$proc$/work/rtl/memory/memory_interface.sv:0$569'.
No latch inferred for signal `\memory_interface.$memwr$\memory$/work/rtl/memory/memory_interface.sv:21$252_EN' from process `\memory_interface.$proc$/work/rtl/memory/memory_interface.sv:0$569'.
No latch inferred for signal `\memory_interface.$memwr$\memory$/work/rtl/memory/memory_interface.sv:21$253_EN' from process `\memory_interface.$proc$/work/rtl/memory/memory_interface.sv:0$569'.
No latch inferred for signal `\memory_interface.$memwr$\memory$/work/rtl/memory/memory_interface.sv:21$254_EN' from process `\memory_interface.$proc$/work/rtl/memory/memory_interface.sv:0$569'.
No latch inferred for signal `\memory_interface.$memwr$\memory$/work/rtl/memory/memory_interface.sv:21$255_EN' from process `\memory_interface.$proc$/work/rtl/memory/memory_interface.sv:0$569'.
No latch inferred for signal `\memory_interface.$memwr$\memory$/work/rtl/memory/memory_interface.sv:21$256_EN' from process `\memory_interface.$proc$/work/rtl/memory/memory_interface.sv:0$569'.
No latch inferred for signal `\memory_interface.$memwr$\memory$/work/rtl/memory/memory_interface.sv:21$257_EN' from process `\memory_interface.$proc$/work/rtl/memory/memory_interface.sv:0$569'.
No latch inferred for signal `\memory_interface.$memwr$\memory$/work/rtl/memory/memory_interface.sv:21$258_EN' from process `\memory_interface.$proc$/work/rtl/memory/memory_interface.sv:0$569'.
No latch inferred for signal `\memory_interface.$memwr$\memory$/work/rtl/memory/memory_interface.sv:21$259_EN' from process `\memory_interface.$proc$/work/rtl/memory/memory_interface.sv:0$569'.
No latch inferred for signal `\memory_interface.$memwr$\memory$/work/rtl/memory/memory_interface.sv:21$260_EN' from process `\memory_interface.$proc$/work/rtl/memory/memory_interface.sv:0$569'.
No latch inferred for signal `\memory_interface.$memwr$\memory$/work/rtl/memory/memory_interface.sv:21$261_EN' from process `\memory_interface.$proc$/work/rtl/memory/memory_interface.sv:0$569'.
No latch inferred for signal `\memory_interface.$memwr$\memory$/work/rtl/memory/memory_interface.sv:21$262_EN' from process `\memory_interface.$proc$/work/rtl/memory/memory_interface.sv:0$569'.
No latch inferred for signal `\memory_interface.$memwr$\memory$/work/rtl/memory/memory_interface.sv:21$263_EN' from process `\memory_interface.$proc$/work/rtl/memory/memory_interface.sv:0$569'.
No latch inferred for signal `\memory_interface.$memwr$\memory$/work/rtl/memory/memory_interface.sv:21$264_EN' from process `\memory_interface.$proc$/work/rtl/memory/memory_interface.sv:0$569'.
No latch inferred for signal `\memory_interface.$memwr$\memory$/work/rtl/memory/memory_interface.sv:21$265_EN' from process `\memory_interface.$proc$/work/rtl/memory/memory_interface.sv:0$569'.
No latch inferred for signal `\memory_interface.$memwr$\memory$/work/rtl/memory/memory_interface.sv:21$266_EN' from process `\memory_interface.$proc$/work/rtl/memory/memory_interface.sv:0$569'.
No latch inferred for signal `\memory_interface.$memwr$\memory$/work/rtl/memory/memory_interface.sv:21$267_EN' from process `\memory_interface.$proc$/work/rtl/memory/memory_interface.sv:0$569'.
No latch inferred for signal `\memory_interface.$memwr$\memory$/work/rtl/memory/memory_interface.sv:21$268_EN' from process `\memory_interface.$proc$/work/rtl/memory/memory_interface.sv:0$569'.
No latch inferred for signal `\memory_interface.$memwr$\memory$/work/rtl/memory/memory_interface.sv:21$269_EN' from process `\memory_interface.$proc$/work/rtl/memory/memory_interface.sv:0$569'.
No latch inferred for signal `\memory_interface.$memwr$\memory$/work/rtl/memory/memory_interface.sv:21$270_EN' from process `\memory_interface.$proc$/work/rtl/memory/memory_interface.sv:0$569'.
No latch inferred for signal `\memory_interface.$memwr$\memory$/work/rtl/memory/memory_interface.sv:21$271_EN' from process `\memory_interface.$proc$/work/rtl/memory/memory_interface.sv:0$569'.
No latch inferred for signal `\memory_interface.$memwr$\memory$/work/rtl/memory/memory_interface.sv:21$272_EN' from process `\memory_interface.$proc$/work/rtl/memory/memory_interface.sv:0$569'.
No latch inferred for signal `\memory_interface.$memwr$\memory$/work/rtl/memory/memory_interface.sv:21$273_EN' from process `\memory_interface.$proc$/work/rtl/memory/memory_interface.sv:0$569'.
No latch inferred for signal `\memory_interface.$memwr$\memory$/work/rtl/memory/memory_interface.sv:21$274_EN' from process `\memory_interface.$proc$/work/rtl/memory/memory_interface.sv:0$569'.
No latch inferred for signal `\memory_interface.$memwr$\memory$/work/rtl/memory/memory_interface.sv:21$275_EN' from process `\memory_interface.$proc$/work/rtl/memory/memory_interface.sv:0$569'.
No latch inferred for signal `\memory_interface.$memwr$\memory$/work/rtl/memory/memory_interface.sv:21$276_EN' from process `\memory_interface.$proc$/work/rtl/memory/memory_interface.sv:0$569'.
No latch inferred for signal `\memory_interface.$memwr$\memory$/work/rtl/memory/memory_interface.sv:21$277_EN' from process `\memory_interface.$proc$/work/rtl/memory/memory_interface.sv:0$569'.
No latch inferred for signal `\memory_interface.$memwr$\memory$/work/rtl/memory/memory_interface.sv:21$278_EN' from process `\memory_interface.$proc$/work/rtl/memory/memory_interface.sv:0$569'.
No latch inferred for signal `\memory_interface.$memwr$\memory$/work/rtl/memory/memory_interface.sv:21$279_EN' from process `\memory_interface.$proc$/work/rtl/memory/memory_interface.sv:0$569'.
No latch inferred for signal `\memory_interface.$memwr$\memory$/work/rtl/memory/memory_interface.sv:21$280_EN' from process `\memory_interface.$proc$/work/rtl/memory/memory_interface.sv:0$569'.
No latch inferred for signal `\memory_interface.$memwr$\memory$/work/rtl/memory/memory_interface.sv:21$281_EN' from process `\memory_interface.$proc$/work/rtl/memory/memory_interface.sv:0$569'.
No latch inferred for signal `\memory_interface.$memwr$\memory$/work/rtl/memory/memory_interface.sv:21$282_EN' from process `\memory_interface.$proc$/work/rtl/memory/memory_interface.sv:0$569'.
No latch inferred for signal `\memory_interface.$memwr$\memory$/work/rtl/memory/memory_interface.sv:21$283_EN' from process `\memory_interface.$proc$/work/rtl/memory/memory_interface.sv:0$569'.
No latch inferred for signal `\memory_interface.$memwr$\memory$/work/rtl/memory/memory_interface.sv:21$284_EN' from process `\memory_interface.$proc$/work/rtl/memory/memory_interface.sv:0$569'.
No latch inferred for signal `\memory_interface.$memwr$\memory$/work/rtl/memory/memory_interface.sv:21$285_EN' from process `\memory_interface.$proc$/work/rtl/memory/memory_interface.sv:0$569'.
No latch inferred for signal `\memory_interface.$memwr$\memory$/work/rtl/memory/memory_interface.sv:21$286_EN' from process `\memory_interface.$proc$/work/rtl/memory/memory_interface.sv:0$569'.
No latch inferred for signal `\memory_interface.$memwr$\memory$/work/rtl/memory/memory_interface.sv:21$287_EN' from process `\memory_interface.$proc$/work/rtl/memory/memory_interface.sv:0$569'.
No latch inferred for signal `\memory_interface.$memwr$\memory$/work/rtl/memory/memory_interface.sv:21$288_EN' from process `\memory_interface.$proc$/work/rtl/memory/memory_interface.sv:0$569'.
No latch inferred for signal `\memory_interface.$memwr$\memory$/work/rtl/memory/memory_interface.sv:21$289_EN' from process `\memory_interface.$proc$/work/rtl/memory/memory_interface.sv:0$569'.
No latch inferred for signal `\memory_interface.$memwr$\memory$/work/rtl/memory/memory_interface.sv:21$290_EN' from process `\memory_interface.$proc$/work/rtl/memory/memory_interface.sv:0$569'.
No latch inferred for signal `\memory_interface.$memwr$\memory$/work/rtl/memory/memory_interface.sv:21$291_EN' from process `\memory_interface.$proc$/work/rtl/memory/memory_interface.sv:0$569'.
No latch inferred for signal `\memory_interface.$memwr$\memory$/work/rtl/memory/memory_interface.sv:21$292_EN' from process `\memory_interface.$proc$/work/rtl/memory/memory_interface.sv:0$569'.
No latch inferred for signal `\memory_interface.$memwr$\memory$/work/rtl/memory/memory_interface.sv:21$293_EN' from process `\memory_interface.$proc$/work/rtl/memory/memory_interface.sv:0$569'.
No latch inferred for signal `\memory_interface.$memwr$\memory$/work/rtl/memory/memory_interface.sv:21$294_EN' from process `\memory_interface.$proc$/work/rtl/memory/memory_interface.sv:0$569'.
No latch inferred for signal `\memory_interface.$memwr$\memory$/work/rtl/memory/memory_interface.sv:21$295_EN' from process `\memory_interface.$proc$/work/rtl/memory/memory_interface.sv:0$569'.
No latch inferred for signal `\memory_interface.$memwr$\memory$/work/rtl/memory/memory_interface.sv:21$296_EN' from process `\memory_interface.$proc$/work/rtl/memory/memory_interface.sv:0$569'.
No latch inferred for signal `\memory_interface.$memwr$\memory$/work/rtl/memory/memory_interface.sv:21$297_EN' from process `\memory_interface.$proc$/work/rtl/memory/memory_interface.sv:0$569'.
No latch inferred for signal `\memory_interface.$memwr$\memory$/work/rtl/memory/memory_interface.sv:21$298_EN' from process `\memory_interface.$proc$/work/rtl/memory/memory_interface.sv:0$569'.
No latch inferred for signal `\memory_interface.$memwr$\memory$/work/rtl/memory/memory_interface.sv:21$299_EN' from process `\memory_interface.$proc$/work/rtl/memory/memory_interface.sv:0$569'.
No latch inferred for signal `\memory_interface.\read_data' from process `\memory_interface.$proc$/work/rtl/memory/memory_interface.sv:0$311'.
No latch inferred for signal `\uart.\rdata' from process `\uart.$proc$/work/rtl/peripherals/uart.sv:0$41'.
No latch inferred for signal `\spi.\rdata' from process `\spi.$proc$/work/rtl/peripherals/spi.sv:0$36'.
No latch inferred for signal `\i2c.\rdata' from process `\i2c.$proc$/work/rtl/peripherals/i2c.sv:0$31'.
No latch inferred for signal `\gpio.\rdata' from process `\gpio.$proc$/work/rtl/peripherals/gpio.sv:0$24'.
No latch inferred for signal `\timer.\rdata' from process `\timer.$proc$/work/rtl/peripherals/timer.sv:0$19'.
No latch inferred for signal `\control_unit.\mem_read' from process `\control_unit.$proc$/work/rtl/cpu/control_unit.sv:0$2423'.
No latch inferred for signal `\control_unit.\mem_write' from process `\control_unit.$proc$/work/rtl/cpu/control_unit.sv:0$2423'.
No latch inferred for signal `\control_unit.\reg_write' from process `\control_unit.$proc$/work/rtl/cpu/control_unit.sv:0$2423'.
No latch inferred for signal `\control_unit.\mem_to_reg' from process `\control_unit.$proc$/work/rtl/cpu/control_unit.sv:0$2423'.
No latch inferred for signal `\control_unit.\alu_src' from process `\control_unit.$proc$/work/rtl/cpu/control_unit.sv:0$2423'.
No latch inferred for signal `\control_unit.\branch' from process `\control_unit.$proc$/work/rtl/cpu/control_unit.sv:0$2423'.
No latch inferred for signal `\control_unit.\jump' from process `\control_unit.$proc$/work/rtl/cpu/control_unit.sv:0$2423'.
No latch inferred for signal `\control_unit.\alu_op' from process `\control_unit.$proc$/work/rtl/cpu/control_unit.sv:0$2423'.
No latch inferred for signal `\alu.\result' from process `\alu.$proc$/work/rtl/cpu/alu.sv:0$2539'.
No latch inferred for signal `\regfile.\rs1_data' from process `\regfile.$proc$/work/rtl/cpu/regfile.sv:0$2534'.
No latch inferred for signal `\regfile.\rs2_data' from process `\regfile.$proc$/work/rtl/cpu/regfile.sv:0$2534'.
No latch inferred for signal `\immediate_generator.\immediate' from process `\immediate_generator.$proc$/work/rtl/cpu/immediate_generator.sv:0$2424'.
No latch inferred for signal `\immediate_generator.\opcode' from process `\immediate_generator.$proc$/work/rtl/cpu/immediate_generator.sv:0$2424'.

41. Executing PROC_DFF pass (convert process syncs to FFs).
Creating register for signal `\soc_top.\mac_start' using process `\soc_top.$proc$/work/rtl/soc_top.sv:225$7'.
  created $adff cell `$procdff$3314' with positive edge clock and positive level reset.
Creating register for signal `\soc_top.\mac_a' using process `\soc_top.$proc$/work/rtl/soc_top.sv:225$7'.
  created $adff cell `$procdff$3317' with positive edge clock and positive level reset.
Creating register for signal `\soc_top.\mac_b' using process `\soc_top.$proc$/work/rtl/soc_top.sv:225$7'.
  created $adff cell `$procdff$3320' with positive edge clock and positive level reset.
Creating register for signal `\soc_top.\mac_c' using process `\soc_top.$proc$/work/rtl/soc_top.sv:225$7'.
  created $adff cell `$procdff$3323' with positive edge clock and positive level reset.
Creating register for signal `\if_stage.\pc' using process `\if_stage.$proc$/work/rtl/cpu/pipeline/if_stage.sv:26$1904'.
  created $dff cell `$procdff$3324' with positive edge clock.
Creating register for signal `\pipeline_regs.\id_pc' using process `\pipeline_regs.$proc$/work/rtl/cpu/pipeline_regs.sv:84$1611'.
  created $dff cell `$procdff$3325' with positive edge clock.
Creating register for signal `\pipeline_regs.\id_pc_plus4' using process `\pipeline_regs.$proc$/work/rtl/cpu/pipeline_regs.sv:84$1611'.
  created $dff cell `$procdff$3326' with positive edge clock.
Creating register for signal `\pipeline_regs.\ex_rs1' using process `\pipeline_regs.$proc$/work/rtl/cpu/pipeline_regs.sv:84$1611'.
  created $dff cell `$procdff$3327' with positive edge clock.
Creating register for signal `\pipeline_regs.\ex_rs2' using process `\pipeline_regs.$proc$/work/rtl/cpu/pipeline_regs.sv:84$1611'.
  created $dff cell `$procdff$3328' with positive edge clock.
Creating register for signal `\pipeline_regs.\ex_rd' using process `\pipeline_regs.$proc$/work/rtl/cpu/pipeline_regs.sv:84$1611'.
  created $dff cell `$procdff$3329' with positive edge clock.
Creating register for signal `\pipeline_regs.\ex_mem_read' using process `\pipeline_regs.$proc$/work/rtl/cpu/pipeline_regs.sv:84$1611'.
  created $dff cell `$procdff$3330' with positive edge clock.
Creating register for signal `\pipeline_regs.\ex_rs1_data' using process `\pipeline_regs.$proc$/work/rtl/cpu/pipeline_regs.sv:84$1611'.
  created $dff cell `$procdff$3331' with positive edge clock.
Creating register for signal `\pipeline_regs.\ex_rs2_data' using process `\pipeline_regs.$proc$/work/rtl/cpu/pipeline_regs.sv:84$1611'.
  created $dff cell `$procdff$3332' with positive edge clock.
Creating register for signal `\pipeline_regs.\ex_immediate' using process `\pipeline_regs.$proc$/work/rtl/cpu/pipeline_regs.sv:84$1611'.
  created $dff cell `$procdff$3333' with positive edge clock.
Creating register for signal `\pipeline_regs.\ex_pc' using process `\pipeline_regs.$proc$/work/rtl/cpu/pipeline_regs.sv:84$1611'.
  created $dff cell `$procdff$3334' with positive edge clock.
Creating register for signal `\pipeline_regs.\ex_reg_write' using process `\pipeline_regs.$proc$/work/rtl/cpu/pipeline_regs.sv:84$1611'.
  created $dff cell `$procdff$3335' with positive edge clock.
Creating register for signal `\pipeline_regs.\ex_mem_write' using process `\pipeline_regs.$proc$/work/rtl/cpu/pipeline_regs.sv:84$1611'.
  created $dff cell `$procdff$3336' with positive edge clock.
Creating register for signal `\pipeline_regs.\ex_mem_to_reg' using process `\pipeline_regs.$proc$/work/rtl/cpu/pipeline_regs.sv:84$1611'.
  created $dff cell `$procdff$3337' with positive edge clock.
Creating register for signal `\pipeline_regs.\ex_alu_src' using process `\pipeline_regs.$proc$/work/rtl/cpu/pipeline_regs.sv:84$1611'.
  created $dff cell `$procdff$3338' with positive edge clock.
Creating register for signal `\pipeline_regs.\ex_branch' using process `\pipeline_regs.$proc$/work/rtl/cpu/pipeline_regs.sv:84$1611'.
  created $dff cell `$procdff$3339' with positive edge clock.
Creating register for signal `\pipeline_regs.\ex_jump' using process `\pipeline_regs.$proc$/work/rtl/cpu/pipeline_regs.sv:84$1611'.
  created $dff cell `$procdff$3340' with positive edge clock.
Creating register for signal `\pipeline_regs.\ex_alu_control' using process `\pipeline_regs.$proc$/work/rtl/cpu/pipeline_regs.sv:84$1611'.
  created $dff cell `$procdff$3341' with positive edge clock.
Creating register for signal `\pipeline_regs.\mem_rd' using process `\pipeline_regs.$proc$/work/rtl/cpu/pipeline_regs.sv:84$1611'.
  created $dff cell `$procdff$3342' with positive edge clock.
Creating register for signal `\pipeline_regs.\wb_rd' using process `\pipeline_regs.$proc$/work/rtl/cpu/pipeline_regs.sv:84$1611'.
  created $dff cell `$procdff$3343' with positive edge clock.
Creating register for signal `\pipeline_regs.\mem_reg_write' using process `\pipeline_regs.$proc$/work/rtl/cpu/pipeline_regs.sv:84$1611'.
  created $dff cell `$procdff$3344' with positive edge clock.
Creating register for signal `\pipeline_regs.\wb_reg_write' using process `\pipeline_regs.$proc$/work/rtl/cpu/pipeline_regs.sv:84$1611'.
  created $dff cell `$procdff$3345' with positive edge clock.
Creating register for signal `\pipeline_regs.\mem_alu_result' using process `\pipeline_regs.$proc$/work/rtl/cpu/pipeline_regs.sv:84$1611'.
  created $dff cell `$procdff$3346' with positive edge clock.
Creating register for signal `\pipeline_regs.\mem_store_data' using process `\pipeline_regs.$proc$/work/rtl/cpu/pipeline_regs.sv:84$1611'.
  created $dff cell `$procdff$3347' with positive edge clock.
Creating register for signal `\pipeline_regs.\mem_mem_read' using process `\pipeline_regs.$proc$/work/rtl/cpu/pipeline_regs.sv:84$1611'.
  created $dff cell `$procdff$3348' with positive edge clock.
Creating register for signal `\pipeline_regs.\mem_mem_write' using process `\pipeline_regs.$proc$/work/rtl/cpu/pipeline_regs.sv:84$1611'.
  created $dff cell `$procdff$3349' with positive edge clock.
Creating register for signal `\pipeline_regs.\mem_mem_to_reg' using process `\pipeline_regs.$proc$/work/rtl/cpu/pipeline_regs.sv:84$1611'.
  created $dff cell `$procdff$3350' with positive edge clock.
Creating register for signal `\pipeline_regs.\wb_read_data' using process `\pipeline_regs.$proc$/work/rtl/cpu/pipeline_regs.sv:84$1611'.
  created $dff cell `$procdff$3351' with positive edge clock.
Creating register for signal `\pipeline_regs.\wb_alu_result' using process `\pipeline_regs.$proc$/work/rtl/cpu/pipeline_regs.sv:84$1611'.
  created $dff cell `$procdff$3352' with positive edge clock.
Creating register for signal `\pipeline_regs.\wb_mem_to_reg' using process `\pipeline_regs.$proc$/work/rtl/cpu/pipeline_regs.sv:84$1611'.
  created $dff cell `$procdff$3353' with positive edge clock.
Creating register for signal `\pipeline_regs.\id_instr' using process `\pipeline_regs.$proc$/work/rtl/cpu/pipeline_regs.sv:84$1611'.
  created $dff cell `$procdff$3354' with positive edge clock.
Creating register for signal `\mem_stage.$memwr$\data_memory$/work/rtl/cpu/pipeline/mem_stage.sv:26$1088_ADDR' using process `\mem_stage.$proc$/work/rtl/cpu/pipeline/mem_stage.sv:23$1089'.
  created $dff cell `$procdff$3355' with positive edge clock.
Creating register for signal `\mem_stage.$memwr$\data_memory$/work/rtl/cpu/pipeline/mem_stage.sv:26$1088_DATA' using process `\mem_stage.$proc$/work/rtl/cpu/pipeline/mem_stage.sv:23$1089'.
  created $dff cell `$procdff$3356' with positive edge clock.
Creating register for signal `\mem_stage.$memwr$\data_memory$/work/rtl/cpu/pipeline/mem_stage.sv:26$1088_EN' using process `\mem_stage.$proc$/work/rtl/cpu/pipeline/mem_stage.sv:23$1089'.
  created $dff cell `$procdff$3357' with positive edge clock.
Creating register for signal `\memory_interface.\ready' using process `\memory_interface.$proc$/work/rtl/memory/memory_interface.sv:24$301'.
  created $dff cell `$procdff$3358' with positive edge clock.
Creating register for signal `\memory_interface.$memwr$\memory$/work/rtl/memory/memory_interface.sv:35$300_ADDR' using process `\memory_interface.$proc$/work/rtl/memory/memory_interface.sv:24$301'.
  created $dff cell `$procdff$3359' with positive edge clock.
Creating register for signal `\memory_interface.$memwr$\memory$/work/rtl/memory/memory_interface.sv:35$300_DATA' using process `\memory_interface.$proc$/work/rtl/memory/memory_interface.sv:24$301'.
  created $dff cell `$procdff$3360' with positive edge clock.
Creating register for signal `\memory_interface.$memwr$\memory$/work/rtl/memory/memory_interface.sv:35$300_EN' using process `\memory_interface.$proc$/work/rtl/memory/memory_interface.sv:24$301'.
  created $dff cell `$procdff$3361' with positive edge clock.
Creating register for signal `\uart.\tx_data' using process `\uart.$proc$/work/rtl/peripherals/uart.sv:17$39'.
  created $adff cell `$procdff$3364' with positive edge clock and positive level reset.
Creating register for signal `\uart.\tx_busy' using process `\uart.$proc$/work/rtl/peripherals/uart.sv:17$39'.
  created $adff cell `$procdff$3367' with positive edge clock and positive level reset.
Creating register for signal `\spi.\tx_data' using process `\spi.$proc$/work/rtl/peripherals/spi.sv:19$34'.
  created $adff cell `$procdff$3370' with positive edge clock and positive level reset.
Creating register for signal `\spi.\rx_data' using process `\spi.$proc$/work/rtl/peripherals/spi.sv:19$34'.
  created $adff cell `$procdff$3373' with positive edge clock and positive level reset.
Creating register for signal `\i2c.\tx_data' using process `\i2c.$proc$/work/rtl/peripherals/i2c.sv:18$27'.
  created $adff cell `$procdff$3376' with positive edge clock and positive level reset.
Creating register for signal `\i2c.\rx_data' using process `\i2c.$proc$/work/rtl/peripherals/i2c.sv:18$27'.
  created $adff cell `$procdff$3379' with positive edge clock and positive level reset.
Creating register for signal `\gpio.\gpio_out' using process `\gpio.$proc$/work/rtl/peripherals/gpio.sv:14$22'.
  created $adff cell `$procdff$3382' with positive edge clock and positive level reset.
Creating register for signal `\timer.\irq' using process `\timer.$proc$/work/rtl/peripherals/timer.sv:17$15'.
  created $adff cell `$procdff$3385' with positive edge clock and positive level reset.
Creating register for signal `\timer.\counter' using process `\timer.$proc$/work/rtl/peripherals/timer.sv:17$15'.
  created $adff cell `$procdff$3388' with positive edge clock and positive level reset.
Creating register for signal `\timer.\compare' using process `\timer.$proc$/work/rtl/peripherals/timer.sv:17$15'.
  created $adff cell `$procdff$3391' with positive edge clock and positive level reset.
Creating register for signal `\timer.\enable' using process `\timer.$proc$/work/rtl/peripherals/timer.sv:17$15'.
  created $adff cell `$procdff$3394' with positive edge clock and positive level reset.
Creating register for signal `\mac_accelerator.\result' using process `\mac_accelerator.$proc$/work/rtl/accelerator/mac_accelerator.sv:14$12'.
  created $adff cell `$procdff$3397' with positive edge clock and positive level reset.
Creating register for signal `\mac_accelerator.\done' using process `\mac_accelerator.$proc$/work/rtl/accelerator/mac_accelerator.sv:14$12'.
  created $adff cell `$procdff$3400' with positive edge clock and positive level reset.
Creating register for signal `\regfile.\i' using process `\regfile.$proc$/work/rtl/cpu/regfile.sv:20$2458'.
  created $dff cell `$procdff$3401' with positive edge clock.
Creating register for signal `\regfile.$memwr$\regs$/work/rtl/cpu/regfile.sv:23$2425_EN' using process `\regfile.$proc$/work/rtl/cpu/regfile.sv:20$2458'.
  created $dff cell `$procdff$3402' with positive edge clock.
Creating register for signal `\regfile.$memwr$\regs$/work/rtl/cpu/regfile.sv:23$2426_EN' using process `\regfile.$proc$/work/rtl/cpu/regfile.sv:20$2458'.
  created $dff cell `$procdff$3403' with positive edge clock.
Creating register for signal `\regfile.$memwr$\regs$/work/rtl/cpu/regfile.sv:23$2427_EN' using process `\regfile.$proc$/work/rtl/cpu/regfile.sv:20$2458'.
  created $dff cell `$procdff$3404' with positive edge clock.
Creating register for signal `\regfile.$memwr$\regs$/work/rtl/cpu/regfile.sv:23$2428_EN' using process `\regfile.$proc$/work/rtl/cpu/regfile.sv:20$2458'.
  created $dff cell `$procdff$3405' with positive edge clock.
Creating register for signal `\regfile.$memwr$\regs$/work/rtl/cpu/regfile.sv:23$2429_EN' using process `\regfile.$proc$/work/rtl/cpu/regfile.sv:20$2458'.
  created $dff cell `$procdff$3406' with positive edge clock.
Creating register for signal `\regfile.$memwr$\regs$/work/rtl/cpu/regfile.sv:23$2430_EN' using process `\regfile.$proc$/work/rtl/cpu/regfile.sv:20$2458'.
  created $dff cell `$procdff$3407' with positive edge clock.
Creating register for signal `\regfile.$memwr$\regs$/work/rtl/cpu/regfile.sv:23$2431_EN' using process `\regfile.$proc$/work/rtl/cpu/regfile.sv:20$2458'.
  created $dff cell `$procdff$3408' with positive edge clock.
Creating register for signal `\regfile.$memwr$\regs$/work/rtl/cpu/regfile.sv:23$2432_EN' using process `\regfile.$proc$/work/rtl/cpu/regfile.sv:20$2458'.
  created $dff cell `$procdff$3409' with positive edge clock.
Creating register for signal `\regfile.$memwr$\regs$/work/rtl/cpu/regfile.sv:23$2433_EN' using process `\regfile.$proc$/work/rtl/cpu/regfile.sv:20$2458'.
  created $dff cell `$procdff$3410' with positive edge clock.
Creating register for signal `\regfile.$memwr$\regs$/work/rtl/cpu/regfile.sv:23$2434_EN' using process `\regfile.$proc$/work/rtl/cpu/regfile.sv:20$2458'.
  created $dff cell `$procdff$3411' with positive edge clock.
Creating register for signal `\regfile.$memwr$\regs$/work/rtl/cpu/regfile.sv:23$2435_EN' using process `\regfile.$proc$/work/rtl/cpu/regfile.sv:20$2458'.
  created $dff cell `$procdff$3412' with positive edge clock.
Creating register for signal `\regfile.$memwr$\regs$/work/rtl/cpu/regfile.sv:23$2436_EN' using process `\regfile.$proc$/work/rtl/cpu/regfile.sv:20$2458'.
  created $dff cell `$procdff$3413' with positive edge clock.
Creating register for signal `\regfile.$memwr$\regs$/work/rtl/cpu/regfile.sv:23$2437_EN' using process `\regfile.$proc$/work/rtl/cpu/regfile.sv:20$2458'.
  created $dff cell `$procdff$3414' with positive edge clock.
Creating register for signal `\regfile.$memwr$\regs$/work/rtl/cpu/regfile.sv:23$2438_EN' using process `\regfile.$proc$/work/rtl/cpu/regfile.sv:20$2458'.
  created $dff cell `$procdff$3415' with positive edge clock.
Creating register for signal `\regfile.$memwr$\regs$/work/rtl/cpu/regfile.sv:23$2439_EN' using process `\regfile.$proc$/work/rtl/cpu/regfile.sv:20$2458'.
  created $dff cell `$procdff$3416' with positive edge clock.
Creating register for signal `\regfile.$memwr$\regs$/work/rtl/cpu/regfile.sv:23$2440_EN' using process `\regfile.$proc$/work/rtl/cpu/regfile.sv:20$2458'.
  created $dff cell `$procdff$3417' with positive edge clock.
Creating register for signal `\regfile.$memwr$\regs$/work/rtl/cpu/regfile.sv:23$2441_EN' using process `\regfile.$proc$/work/rtl/cpu/regfile.sv:20$2458'.
  created $dff cell `$procdff$3418' with positive edge clock.
Creating register for signal `\regfile.$memwr$\regs$/work/rtl/cpu/regfile.sv:23$2442_EN' using process `\regfile.$proc$/work/rtl/cpu/regfile.sv:20$2458'.
  created $dff cell `$procdff$3419' with positive edge clock.
Creating register for signal `\regfile.$memwr$\regs$/work/rtl/cpu/regfile.sv:23$2443_EN' using process `\regfile.$proc$/work/rtl/cpu/regfile.sv:20$2458'.
  created $dff cell `$procdff$3420' with positive edge clock.
Creating register for signal `\regfile.$memwr$\regs$/work/rtl/cpu/regfile.sv:23$2444_EN' using process `\regfile.$proc$/work/rtl/cpu/regfile.sv:20$2458'.
  created $dff cell `$procdff$3421' with positive edge clock.
Creating register for signal `\regfile.$memwr$\regs$/work/rtl/cpu/regfile.sv:23$2445_EN' using process `\regfile.$proc$/work/rtl/cpu/regfile.sv:20$2458'.
  created $dff cell `$procdff$3422' with positive edge clock.
Creating register for signal `\regfile.$memwr$\regs$/work/rtl/cpu/regfile.sv:23$2446_EN' using process `\regfile.$proc$/work/rtl/cpu/regfile.sv:20$2458'.
  created $dff cell `$procdff$3423' with positive edge clock.
Creating register for signal `\regfile.$memwr$\regs$/work/rtl/cpu/regfile.sv:23$2447_EN' using process `\regfile.$proc$/work/rtl/cpu/regfile.sv:20$2458'.
  created $dff cell `$procdff$3424' with positive edge clock.
Creating register for signal `\regfile.$memwr$\regs$/work/rtl/cpu/regfile.sv:23$2448_EN' using process `\regfile.$proc$/work/rtl/cpu/regfile.sv:20$2458'.
  created $dff cell `$procdff$3425' with positive edge clock.
Creating register for signal `\regfile.$memwr$\regs$/work/rtl/cpu/regfile.sv:23$2449_EN' using process `\regfile.$proc$/work/rtl/cpu/regfile.sv:20$2458'.
  created $dff cell `$procdff$3426' with positive edge clock.
Creating register for signal `\regfile.$memwr$\regs$/work/rtl/cpu/regfile.sv:23$2450_EN' using process `\regfile.$proc$/work/rtl/cpu/regfile.sv:20$2458'.
  created $dff cell `$procdff$3427' with positive edge clock.
Creating register for signal `\regfile.$memwr$\regs$/work/rtl/cpu/regfile.sv:23$2451_EN' using process `\regfile.$proc$/work/rtl/cpu/regfile.sv:20$2458'.
  created $dff cell `$procdff$3428' with positive edge clock.
Creating register for signal `\regfile.$memwr$\regs$/work/rtl/cpu/regfile.sv:23$2452_EN' using process `\regfile.$proc$/work/rtl/cpu/regfile.sv:20$2458'.
  created $dff cell `$procdff$3429' with positive edge clock.
Creating register for signal `\regfile.$memwr$\regs$/work/rtl/cpu/regfile.sv:23$2453_EN' using process `\regfile.$proc$/work/rtl/cpu/regfile.sv:20$2458'.
  created $dff cell `$procdff$3430' with positive edge clock.
Creating register for signal `\regfile.$memwr$\regs$/work/rtl/cpu/regfile.sv:23$2454_EN' using process `\regfile.$proc$/work/rtl/cpu/regfile.sv:20$2458'.
  created $dff cell `$procdff$3431' with positive edge clock.
Creating register for signal `\regfile.$memwr$\regs$/work/rtl/cpu/regfile.sv:23$2455_EN' using process `\regfile.$proc$/work/rtl/cpu/regfile.sv:20$2458'.
  created $dff cell `$procdff$3432' with positive edge clock.
Creating register for signal `\regfile.$memwr$\regs$/work/rtl/cpu/regfile.sv:23$2456_EN' using process `\regfile.$proc$/work/rtl/cpu/regfile.sv:20$2458'.
  created $dff cell `$procdff$3433' with positive edge clock.
Creating register for signal `\regfile.$memwr$\regs$/work/rtl/cpu/regfile.sv:27$2457_ADDR' using process `\regfile.$proc$/work/rtl/cpu/regfile.sv:20$2458'.
  created $dff cell `$procdff$3434' with positive edge clock.
Creating register for signal `\regfile.$memwr$\regs$/work/rtl/cpu/regfile.sv:27$2457_DATA' using process `\regfile.$proc$/work/rtl/cpu/regfile.sv:20$2458'.
  created $dff cell `$procdff$3435' with positive edge clock.
Creating register for signal `\regfile.$memwr$\regs$/work/rtl/cpu/regfile.sv:27$2457_EN' using process `\regfile.$proc$/work/rtl/cpu/regfile.sv:20$2458'.
  created $dff cell `$procdff$3436' with positive edge clock.

42. Executing PROC_MEMWR pass (convert process memory writes to cells).

43. Executing PROC_CLEAN pass (remove empty switches from decision trees).
Found and cleaned up 7 empty switches in `\soc_top.$proc$/work/rtl/soc_top.sv:0$11'.
Removing empty process `soc_top.$proc$/work/rtl/soc_top.sv:0$11'.
Found and cleaned up 2 empty switches in `\soc_top.$proc$/work/rtl/soc_top.sv:0$9'.
Removing empty process `soc_top.$proc$/work/rtl/soc_top.sv:0$9'.
Found and cleaned up 2 empty switches in `\soc_top.$proc$/work/rtl/soc_top.sv:225$7'.
Removing empty process `soc_top.$proc$/work/rtl/soc_top.sv:225$7'.
Removing empty process `if_stage.$proc$/work/rtl/cpu/pipeline/if_stage.sv:0$2166'.
Removing empty process `if_stage.$proc$/work/rtl/cpu/pipeline/if_stage.sv:0$1908'.
Removing empty process `if_stage.$proc$/work/rtl/cpu/pipeline/if_stage.sv:0$1906'.
Found and cleaned up 3 empty switches in `\if_stage.$proc$/work/rtl/cpu/pipeline/if_stage.sv:26$1904'.
Removing empty process `if_stage.$proc$/work/rtl/cpu/pipeline/if_stage.sv:26$1904'.
Found and cleaned up 1 empty switch in `\hazard_detection.$proc$/work/rtl/cpu/pipeline/hazard_detection.sv:0$1641'.
Removing empty process `hazard_detection.$proc$/work/rtl/cpu/pipeline/hazard_detection.sv:0$1641'.
Found and cleaned up 4 empty switches in `\forwarding_unit.$proc$/work/rtl/cpu/pipeline/forwarding_unit.sv:0$1624'.
Removing empty process `forwarding_unit.$proc$/work/rtl/cpu/pipeline/forwarding_unit.sv:0$1624'.
Found and cleaned up 2 empty switches in `\branch_unit.$proc$/work/rtl/cpu/pipeline/branch_unit.sv:0$1617'.
Removing empty process `branch_unit.$proc$/work/rtl/cpu/pipeline/branch_unit.sv:0$1617'.
Found and cleaned up 5 empty switches in `\pipeline_regs.$proc$/work/rtl/cpu/pipeline_regs.sv:84$1611'.
Removing empty process `pipeline_regs.$proc$/work/rtl/cpu/pipeline_regs.sv:84$1611'.
Removing empty process `mem_stage.$proc$/work/rtl/cpu/pipeline/mem_stage.sv:0$1354'.
Found and cleaned up 1 empty switch in `\mem_stage.$proc$/work/rtl/cpu/pipeline/mem_stage.sv:0$1096'.
Removing empty process `mem_stage.$proc$/work/rtl/cpu/pipeline/mem_stage.sv:0$1096'.
Found and cleaned up 1 empty switch in `\mem_stage.$proc$/work/rtl/cpu/pipeline/mem_stage.sv:23$1089'.
Removing empty process `mem_stage.$proc$/work/rtl/cpu/pipeline/mem_stage.sv:23$1089'.
Found and cleaned up 1 empty switch in `\wb_stage.$proc$/work/rtl/cpu/pipeline/wb_stage.sv:7$830'.
Removing empty process `wb_stage.$proc$/work/rtl/cpu/pipeline/wb_stage.sv:7$830'.
Found and cleaned up 2 empty switches in `\pipelined_cpu.$proc$/work/rtl/cpu/pipeline/pipelined_cpu.sv:0$829'.
Removing empty process `pipelined_cpu.$proc$/work/rtl/cpu/pipeline/pipelined_cpu.sv:0$829'.
Found and cleaned up 1 empty switch in `\pipelined_cpu.$proc$/work/rtl/cpu/pipeline/pipelined_cpu.sv:0$828'.
Removing empty process `pipelined_cpu.$proc$/work/rtl/cpu/pipeline/pipelined_cpu.sv:0$828'.
Found and cleaned up 2 empty switches in `\bus_interconnect.$proc$/work/rtl/bus/interconnect.sv:14$826'.
Removing empty process `bus_interconnect.$proc$/work/rtl/bus/interconnect.sv:14$826'.
Removing empty process `memory_interface.$proc$/work/rtl/memory/memory_interface.sv:0$569'.
Found and cleaned up 1 empty switch in `\memory_interface.$proc$/work/rtl/memory/memory_interface.sv:0$311'.
Removing empty process `memory_interface.$proc$/work/rtl/memory/memory_interface.sv:0$311'.
Found and cleaned up 2 empty switches in `\memory_interface.$proc$/work/rtl/memory/memory_interface.sv:24$301'.
Removing empty process `memory_interface.$proc$/work/rtl/memory/memory_interface.sv:24$301'.
Found and cleaned up 1 empty switch in `\uart.$proc$/work/rtl/peripherals/uart.sv:0$41'.
Removing empty process `uart.$proc$/work/rtl/peripherals/uart.sv:0$41'.
Found and cleaned up 1 empty switch in `\uart.$proc$/work/rtl/peripherals/uart.sv:17$39'.
Removing empty process `uart.$proc$/work/rtl/peripherals/uart.sv:17$39'.
Found and cleaned up 1 empty switch in `\spi.$proc$/work/rtl/peripherals/spi.sv:0$36'.
Removing empty process `spi.$proc$/work/rtl/peripherals/spi.sv:0$36'.
Found and cleaned up 1 empty switch in `\spi.$proc$/work/rtl/peripherals/spi.sv:19$34'.
Removing empty process `spi.$proc$/work/rtl/peripherals/spi.sv:19$34'.
Found and cleaned up 1 empty switch in `\i2c.$proc$/work/rtl/peripherals/i2c.sv:0$31'.
Removing empty process `i2c.$proc$/work/rtl/peripherals/i2c.sv:0$31'.
Found and cleaned up 2 empty switches in `\i2c.$proc$/work/rtl/peripherals/i2c.sv:18$27'.
Removing empty process `i2c.$proc$/work/rtl/peripherals/i2c.sv:18$27'.
Found and cleaned up 1 empty switch in `\gpio.$proc$/work/rtl/peripherals/gpio.sv:0$24'.
Removing empty process `gpio.$proc$/work/rtl/peripherals/gpio.sv:0$24'.
Found and cleaned up 1 empty switch in `\gpio.$proc$/work/rtl/peripherals/gpio.sv:14$22'.
Removing empty process `gpio.$proc$/work/rtl/peripherals/gpio.sv:14$22'.
Found and cleaned up 1 empty switch in `\timer.$proc$/work/rtl/peripherals/timer.sv:0$19'.
Removing empty process `timer.$proc$/work/rtl/peripherals/timer.sv:0$19'.
Found and cleaned up 3 empty switches in `\timer.$proc$/work/rtl/peripherals/timer.sv:17$15'.
Removing empty process `timer.$proc$/work/rtl/peripherals/timer.sv:17$15'.
Found and cleaned up 1 empty switch in `\mac_accelerator.$proc$/work/rtl/accelerator/mac_accelerator.sv:14$12'.
Removing empty process `mac_accelerator.$proc$/work/rtl/accelerator/mac_accelerator.sv:14$12'.
Found and cleaned up 1 empty switch in `\control_unit.$proc$/work/rtl/cpu/control_unit.sv:0$2423'.
Removing empty process `control_unit.$proc$/work/rtl/cpu/control_unit.sv:0$2423'.
Found and cleaned up 1 empty switch in `\alu.$proc$/work/rtl/cpu/alu.sv:0$2539'.
Removing empty process `alu.$proc$/work/rtl/cpu/alu.sv:0$2539'.
Found and cleaned up 2 empty switches in `\regfile.$proc$/work/rtl/cpu/regfile.sv:0$2534'.
Removing empty process `regfile.$proc$/work/rtl/cpu/regfile.sv:0$2534'.
Found and cleaned up 2 empty switches in `\regfile.$proc$/work/rtl/cpu/regfile.sv:20$2458'.
Removing empty process `regfile.$proc$/work/rtl/cpu/regfile.sv:20$2458'.
Found and cleaned up 1 empty switch in `\immediate_generator.$proc$/work/rtl/cpu/immediate_generator.sv:0$2424'.
Removing empty process `immediate_generator.$proc$/work/rtl/cpu/immediate_generator.sv:0$2424'.
Cleaned up 58 empty switches.

44. Executing CHECK pass (checking for obvious problems).
Checking module soc_top...
Checking module if_stage...
Checking module id_stage...
Checking module hazard_detection...
Checking module forwarding_unit...
Checking module ex_stage...
Checking module branch_unit...
Checking module pipeline_regs...
Checking module mem_stage...
Checking module wb_stage...
Checking module pipelined_cpu...
Checking module bus_interconnect...
Checking module memory_interface...
Checking module uart...
Checking module spi...
Checking module i2c...
Checking module gpio...
Checking module timer...
Checking module mac_accelerator...
Checking module control_unit...
Checking module alu...
Checking module regfile...
Checking module immediate_generator...
Found and reported 0 problems.

45. Executing OPT_EXPR pass (perform const folding).
Optimizing module soc_top.
<suppressed ~6 debug messages>
Optimizing module if_stage.
Optimizing module id_stage.
Optimizing module hazard_detection.
<suppressed ~1 debug messages>
Optimizing module forwarding_unit.
<suppressed ~4 debug messages>
Optimizing module ex_stage.
Optimizing module branch_unit.
Optimizing module pipeline_regs.
<suppressed ~5 debug messages>
Optimizing module mem_stage.
Optimizing module wb_stage.
<suppressed ~1 debug messages>
Optimizing module pipelined_cpu.
Optimizing module bus_interconnect.
<suppressed ~1 debug messages>
Optimizing module memory_interface.
Optimizing module uart.
<suppressed ~2 debug messages>
Optimizing module spi.
<suppressed ~2 debug messages>
Optimizing module i2c.
<suppressed ~2 debug messages>
Optimizing module gpio.
<suppressed ~1 debug messages>
Optimizing module timer.
<suppressed ~4 debug messages>
Optimizing module mac_accelerator.
<suppressed ~2 debug messages>
Optimizing module control_unit.
Optimizing module alu.
<suppressed ~2 debug messages>
Optimizing module regfile.
<suppressed ~3 debug messages>
Optimizing module immediate_generator.

46. Executing FLATTEN pass (flatten design).
Deleting now unused module if_stage.
Deleting now unused module id_stage.
Deleting now unused module hazard_detection.
Deleting now unused module forwarding_unit.
Deleting now unused module ex_stage.
Deleting now unused module branch_unit.
Deleting now unused module pipeline_regs.
Deleting now unused module mem_stage.
Deleting now unused module wb_stage.
Deleting now unused module pipelined_cpu.
Deleting now unused module bus_interconnect.
Deleting now unused module memory_interface.
Deleting now unused module uart.
Deleting now unused module spi.
Deleting now unused module i2c.
Deleting now unused module gpio.
Deleting now unused module timer.
Deleting now unused module mac_accelerator.
Deleting now unused module control_unit.
Deleting now unused module alu.
Deleting now unused module regfile.
Deleting now unused module immediate_generator.
<suppressed ~22 debug messages>

47. Executing OPT_EXPR pass (perform const folding).
Optimizing module soc_top.
<suppressed ~1 debug messages>

48. Executing OPT_CLEAN pass (remove unused cells and wires).
Finding unused cells or wires in module \soc_top..
Removed 315 unused cells and 2127 unused wires.
<suppressed ~335 debug messages>

49. Executing OPT_EXPR pass (perform const folding).
Optimizing module soc_top.

50. Executing OPT_MERGE pass (detect identical cells).
Finding identical cells in module `\soc_top'.
<suppressed ~102 debug messages>
Removed a total of 34 cells.

51. Executing OPT_MUXTREE pass (detect dead branches in mux trees).
Running muxtree optimizer on module \soc_top..
  Creating internal representation of mux trees.
  Evaluating internal representation of mux trees.
  Analyzing evaluation results.
    dead port 1/2 on $mux $flatten\cpu.\u_forward.$procmux$2689.
    dead port 1/2 on $mux $flatten\cpu.\u_forward.$procmux$2698.
    dead port 2/2 on $mux $flatten\bus.$procmux$2950.
    dead port 2/2 on $mux $flatten\bus.$procmux$2956.
    dead port 2/2 on $mux $flatten\bus.$procmux$2963.
    dead port 2/2 on $mux $flatten\bus.$procmux$2971.
    dead port 2/2 on $mux $flatten\bus.$procmux$2980.
    dead port 2/2 on $mux $flatten\bus.$procmux$2990.
    dead port 1/2 on $mux $flatten\cpu.\u_id.\rf.$procmux$3183.
    dead port 1/2 on $mux $flatten\cpu.\u_id.\rf.$procmux$3189.
    dead port 1/2 on $mux $flatten\cpu.\u_id.\rf.$procmux$3195.
    dead port 2/2 on $mux $flatten\bus.$procmux$3001.
    dead port 1/2 on $mux $flatten\ram.$procmux$3031.
    dead port 1/2 on $mux $flatten\ram.$procmux$3037.
    dead port 1/2 on $mux $flatten\ram.$procmux$3043.
    dead port 1/2 on $mux $procmux$2555.
    dead port 1/2 on $mux $procmux$2558.
    dead port 1/2 on $mux $procmux$2561.
    dead port 1/2 on $mux $procmux$2564.
    dead port 1/2 on $mux $procmux$2567.
    dead port 1/2 on $mux $procmux$2570.
    dead port 1/2 on $mux $procmux$2576.
    dead port 1/2 on $mux $procmux$2579.
    dead port 1/2 on $mux $procmux$2582.
    dead port 1/2 on $mux $procmux$2585.
    dead port 1/2 on $mux $procmux$2588.
    dead port 1/2 on $mux $procmux$2594.
    dead port 1/2 on $mux $procmux$2597.
    dead port 1/2 on $mux $procmux$2600.
    dead port 1/2 on $mux $procmux$2603.
    dead port 1/2 on $mux $procmux$2609.
    dead port 1/2 on $mux $procmux$2612.
    dead port 1/2 on $mux $procmux$2615.
    dead port 1/2 on $mux $procmux$2621.
    dead port 1/2 on $mux $procmux$2624.
    dead port 1/2 on $mux $procmux$2630.
    dead port 2/2 on $mux $procmux$2641.
Removed 37 multiplexer ports.
<suppressed ~101 debug messages>

52. Executing OPT_REDUCE pass (consolidate $*mux and $reduce_* inputs).
  Optimizing cells in module \soc_top.
    New ctrl vector for $pmux cell $flatten\cpu.\u_id.\ctrl.$procmux$3121: $auto$opt_reduce.cc:134:opt_pmux$3495
    New ctrl vector for $pmux cell $flatten\cpu.\u_id.\ctrl.$procmux$3127: $auto$opt_reduce.cc:134:opt_pmux$3497
    New ctrl vector for $pmux cell $flatten\cpu.\u_id.\ctrl.$procmux$3134: $auto$opt_reduce.cc:134:opt_pmux$3499
    Consolidated identical input bits for $mux cell $flatten\cpu.\u_id.\rf.$procmux$3180:
      Old ports: A=0, B=32'11111111111111111111111111111111, Y=$flatten\cpu.\u_id.\rf.$procmux$3180_Y
      New ports: A=1'0, B=1'1, Y=$flatten\cpu.\u_id.\rf.$procmux$3180_Y [0]
      New connections: $flatten\cpu.\u_id.\rf.$procmux$3180_Y [31:1] = { $flatten\cpu.\u_id.\rf.$procmux$3180_Y [0] $flatten\cpu.\u_id.\rf.$procmux$3180_Y [0] $flatten\cpu.\u_id.\rf.$procmux$3180_Y [0] $flatten\cpu.\u_id.\rf.$procmux$3180_Y [0] $flatten\cpu.\u_id.\rf.$procmux$3180_Y [0] $flatten\cpu.\u_id.\rf.$procmux$3180_Y [0] $flatten\cpu.\u_id.\rf.$procmux$3180_Y [0] $flatten\cpu.\u_id.\rf.$procmux$3180_Y [0] $flatten\cpu.\u_id.\rf.$procmux$3180_Y [0] $flatten\cpu.\u_id.\rf.$procmux$3180_Y [0] $flatten\cpu.\u_id.\rf.$procmux$3180_Y [0] $flatten\cpu.\u_id.\rf.$procmux$3180_Y [0] $flatten\cpu.\u_id.\rf.$procmux$3180_Y [0] $flatten\cpu.\u_id.\rf.$procmux$3180_Y [0] $flatten\cpu.\u_id.\rf.$procmux$3180_Y [0] $flatten\cpu.\u_id.\rf.$procmux$3180_Y [0] $flatten\cpu.\u_id.\rf.$procmux$3180_Y [0] $flatten\cpu.\u_id.\rf.$procmux$3180_Y [0] $flatten\cpu.\u_id.\rf.$procmux$3180_Y [0] $flatten\cpu.\u_id.\rf.$procmux$3180_Y [0] $flatten\cpu.\u_id.\rf.$procmux$3180_Y [0] $flatten\cpu.\u_id.\rf.$procmux$3180_Y [0] $flatten\cpu.\u_id.\rf.$procmux$3180_Y [0] $flatten\cpu.\u_id.\rf.$procmux$3180_Y [0] $flatten\cpu.\u_id.\rf.$procmux$3180_Y [0] $flatten\cpu.\u_id.\rf.$procmux$3180_Y [0] $flatten\cpu.\u_id.\rf.$procmux$3180_Y [0] $flatten\cpu.\u_id.\rf.$procmux$3180_Y [0] $flatten\cpu.\u_id.\rf.$procmux$3180_Y [0] $flatten\cpu.\u_id.\rf.$procmux$3180_Y [0] $flatten\cpu.\u_id.\rf.$procmux$3180_Y [0] }
    Consolidated identical input bits for $mux cell $flatten\cpu.\u_id.\rf.$procmux$3201:
      Old ports: A=0, B=32'11111111111111111111111111111111, Y=$flatten\cpu.\u_id.\rf.$0$memwr$\regs$/work/rtl/cpu/regfile.sv:23$2456_EN[31:0]$2490
      New ports: A=1'0, B=1'1, Y=$flatten\cpu.\u_id.\rf.$0$memwr$\regs$/work/rtl/cpu/regfile.sv:23$2456_EN[31:0]$2490 [0]
      New connections: $flatten\cpu.\u_id.\rf.$0$memwr$\regs$/work/rtl/cpu/regfile.sv:23$2456_EN[31:0]$2490 [31:1] = { $flatten\cpu.\u_id.\rf.$0$memwr$\regs$/work/rtl/cpu/regfile.sv:23$2456_EN[31:0]$2490 [0] $flatten\cpu.\u_id.\rf.$0$memwr$\regs$/work/rtl/cpu/regfile.sv:23$2456_EN[31:0]$2490 [0] $flatten\cpu.\u_id.\rf.$0$memwr$\regs$/work/rtl/cpu/regfile.sv:23$2456_EN[31:0]$2490 [0] $flatten\cpu.\u_id.\rf.$0$memwr$\regs$/work/rtl/cpu/regfile.sv:23$2456_EN[31:0]$2490 [0] $flatten\cpu.\u_id.\rf.$0$memwr$\regs$/work/rtl/cpu/regfile.sv:23$2456_EN[31:0]$2490 [0] $flatten\cpu.\u_id.\rf.$0$memwr$\regs$/work/rtl/cpu/regfile.sv:23$2456_EN[31:0]$2490 [0] $flatten\cpu.\u_id.\rf.$0$memwr$\regs$/work/rtl/cpu/regfile.sv:23$2456_EN[31:0]$2490 [0] $flatten\cpu.\u_id.\rf.$0$memwr$\regs$/work/rtl/cpu/regfile.sv:23$2456_EN[31:0]$2490 [0] $flatten\cpu.\u_id.\rf.$0$memwr$\regs$/work/rtl/cpu/regfile.sv:23$2456_EN[31:0]$2490 [0] $flatten\cpu.\u_id.\rf.$0$memwr$\regs$/work/rtl/cpu/regfile.sv:23$2456_EN[31:0]$2490 [0] $flatten\cpu.\u_id.\rf.$0$memwr$\regs$/work/rtl/cpu/regfile.sv:23$2456_EN[31:0]$2490 [0] $flatten\cpu.\u_id.\rf.$0$memwr$\regs$/work/rtl/cpu/regfile.sv:23$2456_EN[31:0]$2490 [0] $flatten\cpu.\u_id.\rf.$0$memwr$\regs$/work/rtl/cpu/regfile.sv:23$2456_EN[31:0]$2490 [0] $flatten\cpu.\u_id.\rf.$0$memwr$\regs$/work/rtl/cpu/regfile.sv:23$2456_EN[31:0]$2490 [0] $flatten\cpu.\u_id.\rf.$0$memwr$\regs$/work/rtl/cpu/regfile.sv:23$2456_EN[31:0]$2490 [0] $flatten\cpu.\u_id.\rf.$0$memwr$\regs$/work/rtl/cpu/regfile.sv:23$2456_EN[31:0]$2490 [0] $flatten\cpu.\u_id.\rf.$0$memwr$\regs$/work/rtl/cpu/regfile.sv:23$2456_EN[31:0]$2490 [0] $flatten\cpu.\u_id.\rf.$0$memwr$\regs$/work/rtl/cpu/regfile.sv:23$2456_EN[31:0]$2490 [0] $flatten\cpu.\u_id.\rf.$0$memwr$\regs$/work/rtl/cpu/regfile.sv:23$2456_EN[31:0]$2490 [0] $flatten\cpu.\u_id.\rf.$0$memwr$\regs$/work/rtl/cpu/regfile.sv:23$2456_EN[31:0]$2490 [0] $flatten\cpu.\u_id.\rf.$0$memwr$\regs$/work/rtl/cpu/regfile.sv:23$2456_EN[31:0]$2490 [0] $flatten\cpu.\u_id.\rf.$0$memwr$\regs$/work/rtl/cpu/regfile.sv:23$2456_EN[31:0]$2490 [0] $flatten\cpu.\u_id.\rf.$0$memwr$\regs$/work/rtl/cpu/regfile.sv:23$2456_EN[31:0]$2490 [0] $flatten\cpu.\u_id.\rf.$0$memwr$\regs$/work/rtl/cpu/regfile.sv:23$2456_EN[31:0]$2490 [0] $flatten\cpu.\u_id.\rf.$0$memwr$\regs$/work/rtl/cpu/regfile.sv:23$2456_EN[31:0]$2490 [0] $flatten\cpu.\u_id.\rf.$0$memwr$\regs$/work/rtl/cpu/regfile.sv:23$2456_EN[31:0]$2490 [0] $flatten\cpu.\u_id.\rf.$0$memwr$\regs$/work/rtl/cpu/regfile.sv:23$2456_EN[31:0]$2490 [0] $flatten\cpu.\u_id.\rf.$0$memwr$\regs$/work/rtl/cpu/regfile.sv:23$2456_EN[31:0]$2490 [0] $flatten\cpu.\u_id.\rf.$0$memwr$\regs$/work/rtl/cpu/regfile.sv:23$2456_EN[31:0]$2490 [0] $flatten\cpu.\u_id.\rf.$0$memwr$\regs$/work/rtl/cpu/regfile.sv:23$2456_EN[31:0]$2490 [0] $flatten\cpu.\u_id.\rf.$0$memwr$\regs$/work/rtl/cpu/regfile.sv:23$2456_EN[31:0]$2490 [0] }
    Consolidated identical input bits for $mux cell $flatten\cpu.\u_id.\rf.$procmux$3204:
      Old ports: A=0, B=32'11111111111111111111111111111111, Y=$flatten\cpu.\u_id.\rf.$0$memwr$\regs$/work/rtl/cpu/regfile.sv:23$2455_EN[31:0]$2489
      New ports: A=1'0, B=1'1, Y=$flatten\cpu.\u_id.\rf.$0$memwr$\regs$/work/rtl/cpu/regfile.sv:23$2455_EN[31:0]$2489 [0]
      New connections: $flatten\cpu.\u_id.\rf.$0$memwr$\regs$/work/rtl/cpu/regfile.sv:23$2455_EN[31:0]$2489 [31:1] = { $flatten\cpu.\u_id.\rf.$0$memwr$\regs$/work/rtl/cpu/regfile.sv:23$2455_EN[31:0]$2489 [0] $flatten\cpu.\u_id.\rf.$0$memwr$\regs$/work/rtl/cpu/regfile.sv:23$2455_EN[31:0]$2489 [0] $flatten\cpu.\u_id.\rf.$0$memwr$\regs$/work/rtl/cpu/regfile.sv:23$2455_EN[31:0]$2489 [0] $flatten\cpu.\u_id.\rf.$0$memwr$\regs$/work/rtl/cpu/regfile.sv:23$2455_EN[31:0]$2489 [0] $flatten\cpu.\u_id.\rf.$0$memwr$\regs$/work/rtl/cpu/regfile.sv:23$2455_EN[31:0]$2489 [0] $flatten\cpu.\u_id.\rf.$0$memwr$\regs$/work/rtl/cpu/regfile.sv:23$2455_EN[31:0]$2489 [0] $flatten\cpu.\u_id.\rf.$0$memwr$\regs$/work/rtl/cpu/regfile.sv:23$2455_EN[31:0]$2489 [0] $flatten\cpu.\u_id.\rf.$0$memwr$\regs$/work/rtl/cpu/regfile.sv:23$2455_EN[31:0]$2489 [0] $flatten\cpu.\u_id.\rf.$0$memwr$\regs$/work/rtl/cpu/regfile.sv:23$2455_EN[31:0]$2489 [0] $flatten\cpu.\u_id.\rf.$0$memwr$\regs$/work/rtl/cpu/regfile.sv:23$2455_EN[31:0]$2489 [0] $flatten\cpu.\u_id.\rf.$0$memwr$\regs$/work/rtl/cpu/regfile.sv:23$2455_EN[31:0]$2489 [0] $flatten\cpu.\u_id.\rf.$0$memwr$\regs$/work/rtl/cpu/regfile.sv:23$2455_EN[31:0]$2489 [0] $flatten\cpu.\u_id.\rf.$0$memwr$\regs$/work/rtl/cpu/regfile.sv:23$2455_EN[31:0]$2489 [0] $flatten\cpu.\u_id.\rf.$0$memwr$\regs$/work/rtl/cpu/regfile.sv:23$2455_EN[31:0]$2489 [0] $flatten\cpu.\u_id.\rf.$0$memwr$\regs$/work/rtl/cpu/regfile.sv:23$2455_EN[31:0]$2489 [0] $flatten\cpu.\u_id.\rf.$0$memwr$\regs$/work/rtl/cpu/regfile.sv:23$2455_EN[31:0]$2489 [0] $flatten\cpu.\u_id.\rf.$0$memwr$\regs$/work/rtl/cpu/regfile.sv:23$2455_EN[31:0]$2489 [0] $flatten\cpu.\u_id.\rf.$0$memwr$\regs$/work/rtl/cpu/regfile.sv:23$2455_EN[31:0]$2489 [0] $flatten\cpu.\u_id.\rf.$0$memwr$\regs$/work/rtl/cpu/regfile.sv:23$2455_EN[31:0]$2489 [0] $flatten\cpu.\u_id.\rf.$0$memwr$\regs$/work/rtl/cpu/regfile.sv:23$2455_EN[31:0]$2489 [0] $flatten\cpu.\u_id.\rf.$0$memwr$\regs$/work/rtl/cpu/regfile.sv:23$2455_EN[31:0]$2489 [0] $flatten\cpu.\u_id.\rf.$0$memwr$\regs$/work/rtl/cpu/regfile.sv:23$2455_EN[31:0]$2489 [0] $flatten\cpu.\u_id.\rf.$0$memwr$\regs$/work/rtl/cpu/regfile.sv:23$2455_EN[31:0]$2489 [0] $flatten\cpu.\u_id.\rf.$0$memwr$\regs$/work/rtl/cpu/regfile.sv:23$2455_EN[31:0]$2489 [0] $flatten\cpu.\u_id.\rf.$0$memwr$\regs$/work/rtl/cpu/regfile.sv:23$2455_EN[31:0]$2489 [0] $flatten\cpu.\u_id.\rf.$0$memwr$\regs$/work/rtl/cpu/regfile.sv:23$2455_EN[31:0]$2489 [0] $flatten\cpu.\u_id.\rf.$0$memwr$\regs$/work/rtl/cpu/regfile.sv:23$2455_EN[31:0]$2489 [0] $flatten\cpu.\u_id.\rf.$0$memwr$\regs$/work/rtl/cpu/regfile.sv:23$2455_EN[31:0]$2489 [0] $flatten\cpu.\u_id.\rf.$0$memwr$\regs$/work/rtl/cpu/regfile.sv:23$2455_EN[31:0]$2489 [0] $flatten\cpu.\u_id.\rf.$0$memwr$\regs$/work/rtl/cpu/regfile.sv:23$2455_EN[31:0]$2489 [0] $flatten\cpu.\u_id.\rf.$0$memwr$\regs$/work/rtl/cpu/regfile.sv:23$2455_EN[31:0]$2489 [0] }
    Consolidated identical input bits for $mux cell $flatten\cpu.\u_id.\rf.$procmux$3207:
      Old ports: A=0, B=32'11111111111111111111111111111111, Y=$flatten\cpu.\u_id.\rf.$0$memwr$\regs$/work/rtl/cpu/regfile.sv:23$2454_EN[31:0]$2488
      New ports: A=1'0, B=1'1, Y=$flatten\cpu.\u_id.\rf.$0$memwr$\regs$/work/rtl/cpu/regfile.sv:23$2454_EN[31:0]$2488 [0]
      New connections: $flatten\cpu.\u_id.\rf.$0$memwr$\regs$/work/rtl/cpu/regfile.sv:23$2454_EN[31:0]$2488 [31:1] = { $flatten\cpu.\u_id.\rf.$0$memwr$\regs$/work/rtl/cpu/regfile.sv:23$2454_EN[31:0]$2488 [0] $flatten\cpu.\u_id.\rf.$0$memwr$\regs$/work/rtl/cpu/regfile.sv:23$2454_EN[31:0]$2488 [0] $flatten\cpu.\u_id.\rf.$0$memwr$\regs$/work/rtl/cpu/regfile.sv:23$2454_EN[31:0]$2488 [0] $flatten\cpu.\u_id.\rf.$0$memwr$\regs$/work/rtl/cpu/regfile.sv:23$2454_EN[31:0]$2488 [0] $flatten\cpu.\u_id.\rf.$0$memwr$\regs$/work/rtl/cpu/regfile.sv:23$2454_EN[31:0]$2488 [0] $flatten\cpu.\u_id.\rf.$0$memwr$\regs$/work/rtl/cpu/regfile.sv:23$2454_EN[31:0]$2488 [0] $flatten\cpu.\u_id.\rf.$0$memwr$\regs$/work/rtl/cpu/regfile.sv:23$2454_EN[31:0]$2488 [0] $flatten\cpu.\u_id.\rf.$0$memwr$\regs$/work/rtl/cpu/regfile.sv:23$2454_EN[31:0]$2488 [0] $flatten\cpu.\u_id.\rf.$0$memwr$\regs$/work/rtl/cpu/regfile.sv:23$2454_EN[31:0]$2488 [0] $flatten\cpu.\u_id.\rf.$0$memwr$\regs$/work/rtl/cpu/regfile.sv:23$2454_EN[31:0]$2488 [0] $flatten\cpu.\u_id.\rf.$0$memwr$\regs$/work/rtl/cpu/regfile.sv:23$2454_EN[31:0]$2488 [0] $flatten\cpu.\u_id.\rf.$0$memwr$\regs$/work/rtl/cpu/regfile.sv:23$2454_EN[31:0]$2488 [0] $flatten\cpu.\u_id.\rf.$0$memwr$\regs$/work/rtl/cpu/regfile.sv:23$2454_EN[31:0]$2488 [0] $flatten\cpu.\u_id.\rf.$0$memwr$\regs$/work/rtl/cpu/regfile.sv:23$2454_EN[31:0]$2488 [0] $flatten\cpu.\u_id.\rf.$0$memwr$\regs$/work/rtl/cpu/regfile.sv:23$2454_EN[31:0]$2488 [0] $flatten\cpu.\u_id.\rf.$0$memwr$\regs$/work/rtl/cpu/regfile.sv:23$2454_EN[31:0]$2488 [0] $flatten\cpu.\u_id.\rf.$0$memwr$\regs$/work/rtl/cpu/regfile.sv:23$2454_EN[31:0]$2488 [0] $flatten\cpu.\u_id.\rf.$0$memwr$\regs$/work/rtl/cpu/regfile.sv:23$2454_EN[31:0]$2488 [0] $flatten\cpu.\u_id.\rf.$0$memwr$\regs$/work/rtl/cpu/regfile.sv:23$2454_EN[31:0]$2488 [0] $flatten\cpu.\u_id.\rf.$0$memwr$\regs$/work/rtl/cpu/regfile.sv:23$2454_EN[31:0]$2488 [0] $flatten\cpu.\u_id.\rf.$0$memwr$\regs$/work/rtl/cpu/regfile.sv:23$2454_EN[31:0]$2488 [0] $flatten\cpu.\u_id.\rf.$0$memwr$\regs$/work/rtl/cpu/regfile.sv:23$2454_EN[31:0]$2488 [0] $flatten\cpu.\u_id.\rf.$0$memwr$\regs$/work/rtl/cpu/regfile.sv:23$2454_EN[31:0]$2488 [0] $flatten\cpu.\u_id.\rf.$0$memwr$\regs$/work/rtl/cpu/regfile.sv:23$2454_EN[31:0]$2488 [0] $flatten\cpu.\u_id.\rf.$0$memwr$\regs$/work/rtl/cpu/regfile.sv:23$2454_EN[31:0]$2488 [0] $flatten\cpu.\u_id.\rf.$0$memwr$\regs$/work/rtl/cpu/regfile.sv:23$2454_EN[31:0]$2488 [0] $flatten\cpu.\u_id.\rf.$0$memwr$\regs$/work/rtl/cpu/regfile.sv:23$2454_EN[31:0]$2488 [0] $flatten\cpu.\u_id.\rf.$0$memwr$\regs$/work/rtl/cpu/regfile.sv:23$2454_EN[31:0]$2488 [0] $flatten\cpu.\u_id.\rf.$0$memwr$\regs$/work/rtl/cpu/regfile.sv:23$2454_EN[31:0]$2488 [0] $flatten\cpu.\u_id.\rf.$0$memwr$\regs$/work/rtl/cpu/regfile.sv:23$2454_EN[31:0]$2488 [0] $flatten\cpu.\u_id.\rf.$0$memwr$\regs$/work/rtl/cpu/regfile.sv:23$2454_EN[31:0]$2488 [0] }
    Consolidated identical input bits for $mux cell $flatten\cpu.\u_id.\rf.$procmux$3210:
      Old ports: A=0, B=32'11111111111111111111111111111111, Y=$flatten\cpu.\u_id.\rf.$0$memwr$\regs$/work/rtl/cpu/regfile.sv:23$2453_EN[31:0]$2487
      New ports: A=1'0, B=1'1, Y=$flatten\cpu.\u_id.\rf.$0$memwr$\regs$/work/rtl/cpu/regfile.sv:23$2453_EN[31:0]$2487 [0]
      New connections: $flatten\cpu.\u_id.\rf.$0$memwr$\regs$/work/rtl/cpu/regfile.sv:23$2453_EN[31:0]$2487 [31:1] = { $flatten\cpu.\u_id.\rf.$0$memwr$\regs$/work/rtl/cpu/regfile.sv:23$2453_EN[31:0]$2487 [0] $flatten\cpu.\u_id.\rf.$0$memwr$\regs$/work/rtl/cpu/regfile.sv:23$2453_EN[31:0]$2487 [0] $flatten\cpu.\u_id.\rf.$0$memwr$\regs$/work/rtl/cpu/regfile.sv:23$2453_EN[31:0]$2487 [0] $flatten\cpu.\u_id.\rf.$0$memwr$\regs$/work/rtl/cpu/regfile.sv:23$2453_EN[31:0]$2487 [0] $flatten\cpu.\u_id.\rf.$0$memwr$\regs$/work/rtl/cpu/regfile.sv:23$2453_EN[31:0]$2487 [0] $flatten\cpu.\u_id.\rf.$0$memwr$\regs$/work/rtl/cpu/regfile.sv:23$2453_EN[31:0]$2487 [0] $flatten\cpu.\u_id.\rf.$0$memwr$\regs$/work/rtl/cpu/regfile.sv:23$2453_EN[31:0]$2487 [0] $flatten\cpu.\u_id.\rf.$0$memwr$\regs$/work/rtl/cpu/regfile.sv:23$2453_EN[31:0]$2487 [0] $flatten\cpu.\u_id.\rf.$0$memwr$\regs$/work/rtl/cpu/regfile.sv:23$2453_EN[31:0]$2487 [0] $flatten\cpu.\u_id.\rf.$0$memwr$\regs$/work/rtl/cpu/regfile.sv:23$2453_EN[31:0]$2487 [0] $flatten\cpu.\u_id.\rf.$0$memwr$\regs$/work/rtl/cpu/regfile.sv:23$2453_EN[31:0]$2487 [0] $flatten\cpu.\u_id.\rf.$0$memwr$\regs$/work/rtl/cpu/regfile.sv:23$2453_EN[31:0]$2487 [0] $flatten\cpu.\u_id.\rf.$0$memwr$\regs$/work/rtl/cpu/regfile.sv:23$2453_EN[31:0]$2487 [0] $flatten\cpu.\u_id.\rf.$0$memwr$\regs$/work/rtl/cpu/regfile.sv:23$2453_EN[31:0]$2487 [0] $flatten\cpu.\u_id.\rf.$0$memwr$\regs$/work/rtl/cpu/regfile.sv:23$2453_EN[31:0]$2487 [0] $flatten\cpu.\u_id.\rf.$0$memwr$\regs$/work/rtl/cpu/regfile.sv:23$2453_EN[31:0]$2487 [0] $flatten\cpu.\u_id.\rf.$0$memwr$\regs$/work/rtl/cpu/regfile.sv:23$2453_EN[31:0]$2487 [0] $flatten\cpu.\u_id.\rf.$0$memwr$\regs$/work/rtl/cpu/regfile.sv:23$2453_EN[31:0]$2487 [0] $flatten\cpu.\u_id.\rf.$0$memwr$\regs$/work/rtl/cpu/regfile.sv:23$2453_EN[31:0]$2487 [0] $flatten\cpu.\u_id.\rf.$0$memwr$\regs$/work/rtl/cpu/regfile.sv:23$2453_EN[31:0]$2487 [0] $flatten\cpu.\u_id.\rf.$0$memwr$\regs$/work/rtl/cpu/regfile.sv:23$2453_EN[31:0]$2487 [0] $flatten\cpu.\u_id.\rf.$0$memwr$\regs$/work/rtl/cpu/regfile.sv:23$2453_EN[31:0]$2487 [0] $flatten\cpu.\u_id.\rf.$0$memwr$\regs$/work/rtl/cpu/regfile.sv:23$2453_EN[31:0]$2487 [0] $flatten\cpu.\u_id.\rf.$0$memwr$\regs$/work/rtl/cpu/regfile.sv:23$2453_EN[31:0]$2487 [0] $flatten\cpu.\u_id.\rf.$0$memwr$\regs$/work/rtl/cpu/regfile.sv:23$2453_EN[31:0]$2487 [0] $flatten\cpu.\u_id.\rf.$0$memwr$\regs$/work/rtl/cpu/regfile.sv:23$2453_EN[31:0]$2487 [0] $flatten\cpu.\u_id.\rf.$0$memwr$\regs$/work/rtl/cpu/regfile.sv:23$2453_EN[31:0]$2487 [0] $flatten\cpu.\u_id.\rf.$0$memwr$\regs$/work/rtl/cpu/regfile.sv:23$2453_EN[31:0]$2487 [0] $flatten\cpu.\u_id.\rf.$0$memwr$\regs$/work/rtl/cpu/regfile.sv:23$2453_EN[31:0]$2487 [0] $flatten\cpu.\u_id.\rf.$0$memwr$\regs$/work/rtl/cpu/regfile.sv:23$2453_EN[31:0]$2487 [0] $flatten\cpu.\u_id.\rf.$0$memwr$\regs$/work/rtl/cpu/regfile.sv:23$2453_EN[31:0]$2487 [0] }
    Consolidated identical input bits for $mux cell $flatten\cpu.\u_id.\rf.$procmux$3213:
      Old ports: A=0, B=32'11111111111111111111111111111111, Y=$flatten\cpu.\u_id.\rf.$0$memwr$\regs$/work/rtl/cpu/regfile.sv:23$2452_EN[31:0]$2486
      New ports: A=1'0, B=1'1, Y=$flatten\cpu.\u_id.\rf.$0$memwr$\regs$/work/rtl/cpu/regfile.sv:23$2452_EN[31:0]$2486 [0]
      New connections: $flatten\cpu.\u_id.\rf.$0$memwr$\regs$/work/rtl/cpu/regfile.sv:23$2452_EN[31:0]$2486 [31:1] = { $flatten\cpu.\u_id.\rf.$0$memwr$\regs$/work/rtl/cpu/regfile.sv:23$2452_EN[31:0]$2486 [0] $flatten\cpu.\u_id.\rf.$0$memwr$\regs$/work/rtl/cpu/regfile.sv:23$2452_EN[31:0]$2486 [0] $flatten\cpu.\u_id.\rf.$0$memwr$\regs$/work/rtl/cpu/regfile.sv:23$2452_EN[31:0]$2486 [0] $flatten\cpu.\u_id.\rf.$0$memwr$\regs$/work/rtl/cpu/regfile.sv:23$2452_EN[31:0]$2486 [0] $flatten\cpu.\u_id.\rf.$0$memwr$\regs$/work/rtl/cpu/regfile.sv:23$2452_EN[31:0]$2486 [0] $flatten\cpu.\u_id.\rf.$0$memwr$\regs$/work/rtl/cpu/regfile.sv:23$2452_EN[31:0]$2486 [0] $flatten\cpu.\u_id.\rf.$0$memwr$\regs$/work/rtl/cpu/regfile.sv:23$2452_EN[31:0]$2486 [0] $flatten\cpu.\u_id.\rf.$0$memwr$\regs$/work/rtl/cpu/regfile.sv:23$2452_EN[31:0]$2486 [0] $flatten\cpu.\u_id.\rf.$0$memwr$\regs$/work/rtl/cpu/regfile.sv:23$2452_EN[31:0]$2486 [0] $flatten\cpu.\u_id.\rf.$0$memwr$\regs$/work/rtl/cpu/regfile.sv:23$2452_EN[31:0]$2486 [0] $flatten\cpu.\u_id.\rf.$0$memwr$\regs$/work/rtl/cpu/regfile.sv:23$2452_EN[31:0]$2486 [0] $flatten\cpu.\u_id.\rf.$0$memwr$\regs$/work/rtl/cpu/regfile.sv:23$2452_EN[31:0]$2486 [0] $flatten\cpu.\u_id.\rf.$0$memwr$\regs$/work/rtl/cpu/regfile.sv:23$2452_EN[31:0]$2486 [0] $flatten\cpu.\u_id.\rf.$0$memwr$\regs$/work/rtl/cpu/regfile.sv:23$2452_EN[31:0]$2486 [0] $flatten\cpu.\u_id.\rf.$0$memwr$\regs$/work/rtl/cpu/regfile.sv:23$2452_EN[31:0]$2486 [0] $flatten\cpu.\u_id.\rf.$0$memwr$\regs$/work/rtl/cpu/regfile.sv:23$2452_EN[31:0]$2486 [0] $flatten\cpu.\u_id.\rf.$0$memwr$\regs$/work/rtl/cpu/regfile.sv:23$2452_EN[31:0]$2486 [0] $flatten\cpu.\u_id.\rf.$0$memwr$\regs$/work/rtl/cpu/regfile.sv:23$2452_EN[31:0]$2486 [0] $flatten\cpu.\u_id.\rf.$0$memwr$\regs$/work/rtl/cpu/regfile.sv:23$2452_EN[31:0]$2486 [0] $flatten\cpu.\u_id.\rf.$0$memwr$\regs$/work/rtl/cpu/regfile.sv:23$2452_EN[31:0]$2486 [0] $flatten\cpu.\u_id.\rf.$0$memwr$\regs$/work/rtl/cpu/regfile.sv:23$2452_EN[31:0]$2486 [0] $flatten\cpu.\u_id.\rf.$0$memwr$\regs$/work/rtl/cpu/regfile.sv:23$2452_EN[31:0]$2486 [0] $flatten\cpu.\u_id.\rf.$0$memwr$\regs$/work/rtl/cpu/regfile.sv:23$2452_EN[31:0]$2486 [0] $flatten\cpu.\u_id.\rf.$0$memwr$\regs$/work/rtl/cpu/regfile.sv:23$2452_EN[31:0]$2486 [0] $flatten\cpu.\u_id.\rf.$0$memwr$\regs$/work/rtl/cpu/regfile.sv:23$2452_EN[31:0]$2486 [0] $flatten\cpu.\u_id.\rf.$0$memwr$\regs$/work/rtl/cpu/regfile.sv:23$2452_EN[31:0]$2486 [0] $flatten\cpu.\u_id.\rf.$0$memwr$\regs$/work/rtl/cpu/regfile.sv:23$2452_EN[31:0]$2486 [0] $flatten\cpu.\u_id.\rf.$0$memwr$\regs$/work/rtl/cpu/regfile.sv:23$2452_EN[31:0]$2486 [0] $flatten\cpu.\u_id.\rf.$0$memwr$\regs$/work/rtl/cpu/regfile.sv:23$2452_EN[31:0]$2486 [0] $flatten\cpu.\u_id.\rf.$0$memwr$\regs$/work/rtl/cpu/regfile.sv:23$2452_EN[31:0]$2486 [0] $flatten\cpu.\u_id.\rf.$0$memwr$\regs$/work/rtl/cpu/regfile.sv:23$2452_EN[31:0]$2486 [0] }
    Consolidated identical input bits for $mux cell $flatten\cpu.\u_id.\rf.$procmux$3216:
      Old ports: A=0, B=32'11111111111111111111111111111111, Y=$flatten\cpu.\u_id.\rf.$0$memwr$\regs$/work/rtl/cpu/regfile.sv:23$2451_EN[31:0]$2485
      New ports: A=1'0, B=1'1, Y=$flatten\cpu.\u_id.\rf.$0$memwr$\regs$/work/rtl/cpu/regfile.sv:23$2451_EN[31:0]$2485 [0]
      New connections: $flatten\cpu.\u_id.\rf.$0$memwr$\regs$/work/rtl/cpu/regfile.sv:23$2451_EN[31:0]$2485 [31:1] = { $flatten\cpu.\u_id.\rf.$0$memwr$\regs$/work/rtl/cpu/regfile.sv:23$2451_EN[31:0]$2485 [0] $flatten\cpu.\u_id.\rf.$0$memwr$\regs$/work/rtl/cpu/regfile.sv:23$2451_EN[31:0]$2485 [0] $flatten\cpu.\u_id.\rf.$0$memwr$\regs$/work/rtl/cpu/regfile.sv:23$2451_EN[31:0]$2485 [0] $flatten\cpu.\u_id.\rf.$0$memwr$\regs$/work/rtl/cpu/regfile.sv:23$2451_EN[31:0]$2485 [0] $flatten\cpu.\u_id.\rf.$0$memwr$\regs$/work/rtl/cpu/regfile.sv:23$2451_EN[31:0]$2485 [0] $flatten\cpu.\u_id.\rf.$0$memwr$\regs$/work/rtl/cpu/regfile.sv:23$2451_EN[31:0]$2485 [0] $flatten\cpu.\u_id.\rf.$0$memwr$\regs$/work/rtl/cpu/regfile.sv:23$2451_EN[31:0]$2485 [0] $flatten\cpu.\u_id.\rf.$0$memwr$\regs$/work/rtl/cpu/regfile.sv:23$2451_EN[31:0]$2485 [0] $flatten\cpu.\u_id.\rf.$0$memwr$\regs$/work/rtl/cpu/regfile.sv:23$2451_EN[31:0]$2485 [0] $flatten\cpu.\u_id.\rf.$0$memwr$\regs$/work/rtl/cpu/regfile.sv:23$2451_EN[31:0]$2485 [0] $flatten\cpu.\u_id.\rf.$0$memwr$\regs$/work/rtl/cpu/regfile.sv:23$2451_EN[31:0]$2485 [0] $flatten\cpu.\u_id.\rf.$0$memwr$\regs$/work/rtl/cpu/regfile.sv:23$2451_EN[31:0]$2485 [0] $flatten\cpu.\u_id.\rf.$0$memwr$\regs$/work/rtl/cpu/regfile.sv:23$2451_EN[31:0]$2485 [0] $flatten\cpu.\u_id.\rf.$0$memwr$\regs$/work/rtl/cpu/regfile.sv:23$2451_EN[31:0]$2485 [0] $flatten\cpu.\u_id.\rf.$0$memwr$\regs$/work/rtl/cpu/regfile.sv:23$2451_EN[31:0]$2485 [0] $flatten\cpu.\u_id.\rf.$0$memwr$\regs$/work/rtl/cpu/regfile.sv:23$2451_EN[31:0]$2485 [0] $flatten\cpu.\u_id.\rf.$0$memwr$\regs$/work/rtl/cpu/regfile.sv:23$2451_EN[31:0]$2485 [0] $flatten\cpu.\u_id.\rf.$0$memwr$\regs$/work/rtl/cpu/regfile.sv:23$2451_EN[31:0]$2485 [0] $flatten\cpu.\u_id.\rf.$0$memwr$\regs$/work/rtl/cpu/regfile.sv:23$2451_EN[31:0]$2485 [0] $flatten\cpu.\u_id.\rf.$0$memwr$\regs$/work/rtl/cpu/regfile.sv:23$2451_EN[31:0]$2485 [0] $flatten\cpu.\u_id.\rf.$0$memwr$\regs$/work/rtl/cpu/regfile.sv:23$2451_EN[31:0]$2485 [0] $flatten\cpu.\u_id.\rf.$0$memwr$\regs$/work/rtl/cpu/regfile.sv:23$2451_EN[31:0]$2485 [0] $flatten\cpu.\u_id.\rf.$0$memwr$\regs$/work/rtl/cpu/regfile.sv:23$2451_EN[31:0]$2485 [0] $flatten\cpu.\u_id.\rf.$0$memwr$\regs$/work/rtl/cpu/regfile.sv:23$2451_EN[31:0]$2485 [0] $flatten\cpu.\u_id.\rf.$0$memwr$\regs$/work/rtl/cpu/regfile.sv:23$2451_EN[31:0]$2485 [0] $flatten\cpu.\u_id.\rf.$0$memwr$\regs$/work/rtl/cpu/regfile.sv:23$2451_EN[31:0]$2485 [0] $flatten\cpu.\u_id.\rf.$0$memwr$\regs$/work/rtl/cpu/regfile.sv:23$2451_EN[31:0]$2485 [0] $flatten\cpu.\u_id.\rf.$0$memwr$\regs$/work/rtl/cpu/regfile.sv:23$2451_EN[31:0]$2485 [0] $flatten\cpu.\u_id.\rf.$0$memwr$\regs$/work/rtl/cpu/regfile.sv:23$2451_EN[31:0]$2485 [0] $flatten\cpu.\u_id.\rf.$0$memwr$\regs$/work/rtl/cpu/regfile.sv:23$2451_EN[31:0]$2485 [0] $flatten\cpu.\u_id.\rf.$0$memwr$\regs$/work/rtl/cpu/regfile.sv:23$2451_EN[31:0]$2485 [0] }
    Consolidated identical input bits for $mux cell $flatten\cpu.\u_id.\rf.$procmux$3219:
      Old ports: A=0, B=32'11111111111111111111111111111111, Y=$flatten\cpu.\u_id.\rf.$0$memwr$\regs$/work/rtl/cpu/regfile.sv:23$2450_EN[31:0]$2484
      New ports: A=1'0, B=1'1, Y=$flatten\cpu.\u_id.\rf.$0$memwr$\regs$/work/rtl/cpu/regfile.sv:23$2450_EN[31:0]$2484 [0]
      New connections: $flatten\cpu.\u_id.\rf.$0$memwr$\regs$/work/rtl/cpu/regfile.sv:23$2450_EN[31:0]$2484 [31:1] = { $flatten\cpu.\u_id.\rf.$0$memwr$\regs$/work/rtl/cpu/regfile.sv:23$2450_EN[31:0]$2484 [0] $flatten\cpu.\u_id.\rf.$0$memwr$\regs$/work/rtl/cpu/regfile.sv:23$2450_EN[31:0]$2484 [0] $flatten\cpu.\u_id.\rf.$0$memwr$\regs$/work/rtl/cpu/regfile.sv:23$2450_EN[31:0]$2484 [0] $flatten\cpu.\u_id.\rf.$0$memwr$\regs$/work/rtl/cpu/regfile.sv:23$2450_EN[31:0]$2484 [0] $flatten\cpu.\u_id.\rf.$0$memwr$\regs$/work/rtl/cpu/regfile.sv:23$2450_EN[31:0]$2484 [0] $flatten\cpu.\u_id.\rf.$0$memwr$\regs$/work/rtl/cpu/regfile.sv:23$2450_EN[31:0]$2484 [0] $flatten\cpu.\u_id.\rf.$0$memwr$\regs$/work/rtl/cpu/regfile.sv:23$2450_EN[31:0]$2484 [0] $flatten\cpu.\u_id.\rf.$0$memwr$\regs$/work/rtl/cpu/regfile.sv:23$2450_EN[31:0]$2484 [0] $flatten\cpu.\u_id.\rf.$0$memwr$\regs$/work/rtl/cpu/regfile.sv:23$2450_EN[31:0]$2484 [0] $flatten\cpu.\u_id.\rf.$0$memwr$\regs$/work/rtl/cpu/regfile.sv:23$2450_EN[31:0]$2484 [0] $flatten\cpu.\u_id.\rf.$0$memwr$\regs$/work/rtl/cpu/regfile.sv:23$2450_EN[31:0]$2484 [0] $flatten\cpu.\u_id.\rf.$0$memwr$\regs$/work/rtl/cpu/regfile.sv:23$2450_EN[31:0]$2484 [0] $flatten\cpu.\u_id.\rf.$0$memwr$\regs$/work/rtl/cpu/regfile.sv:23$2450_EN[31:0]$2484 [0] $flatten\cpu.\u_id.\rf.$0$memwr$\regs$/work/rtl/cpu/regfile.sv:23$2450_EN[31:0]$2484 [0] $flatten\cpu.\u_id.\rf.$0$memwr$\regs$/work/rtl/cpu/regfile.sv:23$2450_EN[31:0]$2484 [0] $flatten\cpu.\u_id.\rf.$0$memwr$\regs$/work/rtl/cpu/regfile.sv:23$2450_EN[31:0]$2484 [0] $flatten\cpu.\u_id.\rf.$0$memwr$\regs$/work/rtl/cpu/regfile.sv:23$2450_EN[31:0]$2484 [0] $flatten\cpu.\u_id.\rf.$0$memwr$\regs$/work/rtl/cpu/regfile.sv:23$2450_EN[31:0]$2484 [0] $flatten\cpu.\u_id.\rf.$0$memwr$\regs$/work/rtl/cpu/regfile.sv:23$2450_EN[31:0]$2484 [0] $flatten\cpu.\u_id.\rf.$0$memwr$\regs$/work/rtl/cpu/regfile.sv:23$2450_EN[31:0]$2484 [0] $flatten\cpu.\u_id.\rf.$0$memwr$\regs$/work/rtl/cpu/regfile.sv:23$2450_EN[31:0]$2484 [0] $flatten\cpu.\u_id.\rf.$0$memwr$\regs$/work/rtl/cpu/regfile.sv:23$2450_EN[31:0]$2484 [0] $flatten\cpu.\u_id.\rf.$0$memwr$\regs$/work/rtl/cpu/regfile.sv:23$2450_EN[31:0]$2484 [0] $flatten\cpu.\u_id.\rf.$0$memwr$\regs$/work/rtl/cpu/regfile.sv:23$2450_EN[31:0]$2484 [0] $flatten\cpu.\u_id.\rf.$0$memwr$\regs$/work/rtl/cpu/regfile.sv:23$2450_EN[31:0]$2484 [0] $flatten\cpu.\u_id.\rf.$0$memwr$\regs$/work/rtl/cpu/regfile.sv:23$2450_EN[31:0]$2484 [0] $flatten\cpu.\u_id.\rf.$0$memwr$\regs$/work/rtl/cpu/regfile.sv:23$2450_EN[31:0]$2484 [0] $flatten\cpu.\u_id.\rf.$0$memwr$\regs$/work/rtl/cpu/regfile.sv:23$2450_EN[31:0]$2484 [0] $flatten\cpu.\u_id.\rf.$0$memwr$\regs$/work/rtl/cpu/regfile.sv:23$2450_EN[31:0]$2484 [0] $flatten\cpu.\u_id.\rf.$0$memwr$\regs$/work/rtl/cpu/regfile.sv:23$2450_EN[31:0]$2484 [0] $flatten\cpu.\u_id.\rf.$0$memwr$\regs$/work/rtl/cpu/regfile.sv:23$2450_EN[31:0]$2484 [0] }
    Consolidated identical input bits for $mux cell $flatten\cpu.\u_id.\rf.$procmux$3222:
      Old ports: A=0, B=32'11111111111111111111111111111111, Y=$flatten\cpu.\u_id.\rf.$0$memwr$\regs$/work/rtl/cpu/regfile.sv:23$2449_EN[31:0]$2483
      New ports: A=1'0, B=1'1, Y=$flatten\cpu.\u_id.\rf.$0$memwr$\regs$/work/rtl/cpu/regfile.sv:23$2449_EN[31:0]$2483 [0]
      New connections: $flatten\cpu.\u_id.\rf.$0$memwr$\regs$/work/rtl/cpu/regfile.sv:23$2449_EN[31:0]$2483 [31:1] = { $flatten\cpu.\u_id.\rf.$0$memwr$\regs$/work/rtl/cpu/regfile.sv:23$2449_EN[31:0]$2483 [0] $flatten\cpu.\u_id.\rf.$0$memwr$\regs$/work/rtl/cpu/regfile.sv:23$2449_EN[31:0]$2483 [0] $flatten\cpu.\u_id.\rf.$0$memwr$\regs$/work/rtl/cpu/regfile.sv:23$2449_EN[31:0]$2483 [0] $flatten\cpu.\u_id.\rf.$0$memwr$\regs$/work/rtl/cpu/regfile.sv:23$2449_EN[31:0]$2483 [0] $flatten\cpu.\u_id.\rf.$0$memwr$\regs$/work/rtl/cpu/regfile.sv:23$2449_EN[31:0]$2483 [0] $flatten\cpu.\u_id.\rf.$0$memwr$\regs$/work/rtl/cpu/regfile.sv:23$2449_EN[31:0]$2483 [0] $flatten\cpu.\u_id.\rf.$0$memwr$\regs$/work/rtl/cpu/regfile.sv:23$2449_EN[31:0]$2483 [0] $flatten\cpu.\u_id.\rf.$0$memwr$\regs$/work/rtl/cpu/regfile.sv:23$2449_EN[31:0]$2483 [0] $flatten\cpu.\u_id.\rf.$0$memwr$\regs$/work/rtl/cpu/regfile.sv:23$2449_EN[31:0]$2483 [0] $flatten\cpu.\u_id.\rf.$0$memwr$\regs$/work/rtl/cpu/regfile.sv:23$2449_EN[31:0]$2483 [0] $flatten\cpu.\u_id.\rf.$0$memwr$\regs$/work/rtl/cpu/regfile.sv:23$2449_EN[31:0]$2483 [0] $flatten\cpu.\u_id.\rf.$0$memwr$\regs$/work/rtl/cpu/regfile.sv:23$2449_EN[31:0]$2483 [0] $flatten\cpu.\u_id.\rf.$0$memwr$\regs$/work/rtl/cpu/regfile.sv:23$2449_EN[31:0]$2483 [0] $flatten\cpu.\u_id.\rf.$0$memwr$\regs$/work/rtl/cpu/regfile.sv:23$2449_EN[31:0]$2483 [0] $flatten\cpu.\u_id.\rf.$0$memwr$\regs$/work/rtl/cpu/regfile.sv:23$2449_EN[31:0]$2483 [0] $flatten\cpu.\u_id.\rf.$0$memwr$\regs$/work/rtl/cpu/regfile.sv:23$2449_EN[31:0]$2483 [0] $flatten\cpu.\u_id.\rf.$0$memwr$\regs$/work/rtl/cpu/regfile.sv:23$2449_EN[31:0]$2483 [0] $flatten\cpu.\u_id.\rf.$0$memwr$\regs$/work/rtl/cpu/regfile.sv:23$2449_EN[31:0]$2483 [0] $flatten\cpu.\u_id.\rf.$0$memwr$\regs$/work/rtl/cpu/regfile.sv:23$2449_EN[31:0]$2483 [0] $flatten\cpu.\u_id.\rf.$0$memwr$\regs$/work/rtl/cpu/regfile.sv:23$2449_EN[31:0]$2483 [0] $flatten\cpu.\u_id.\rf.$0$memwr$\regs$/work/rtl/cpu/regfile.sv:23$2449_EN[31:0]$2483 [0] $flatten\cpu.\u_id.\rf.$0$memwr$\regs$/work/rtl/cpu/regfile.sv:23$2449_EN[31:0]$2483 [0] $flatten\cpu.\u_id.\rf.$0$memwr$\regs$/work/rtl/cpu/regfile.sv:23$2449_EN[31:0]$2483 [0] $flatten\cpu.\u_id.\rf.$0$memwr$\regs$/work/rtl/cpu/regfile.sv:23$2449_EN[31:0]$2483 [0] $flatten\cpu.\u_id.\rf.$0$memwr$\regs$/work/rtl/cpu/regfile.sv:23$2449_EN[31:0]$2483 [0] $flatten\cpu.\u_id.\rf.$0$memwr$\regs$/work/rtl/cpu/regfile.sv:23$2449_EN[31:0]$2483 [0] $flatten\cpu.\u_id.\rf.$0$memwr$\regs$/work/rtl/cpu/regfile.sv:23$2449_EN[31:0]$2483 [0] $flatten\cpu.\u_id.\rf.$0$memwr$\regs$/work/rtl/cpu/regfile.sv:23$2449_EN[31:0]$2483 [0] $flatten\cpu.\u_id.\rf.$0$memwr$\regs$/work/rtl/cpu/regfile.sv:23$2449_EN[31:0]$2483 [0] $flatten\cpu.\u_id.\rf.$0$memwr$\regs$/work/rtl/cpu/regfile.sv:23$2449_EN[31:0]$2483 [0] $flatten\cpu.\u_id.\rf.$0$memwr$\regs$/work/rtl/cpu/regfile.sv:23$2449_EN[31:0]$2483 [0] }
    Consolidated identical input bits for $mux cell $flatten\cpu.\u_id.\rf.$procmux$3225:
      Old ports: A=0, B=32'11111111111111111111111111111111, Y=$flatten\cpu.\u_id.\rf.$0$memwr$\regs$/work/rtl/cpu/regfile.sv:23$2448_EN[31:0]$2482
      New ports: A=1'0, B=1'1, Y=$flatten\cpu.\u_id.\rf.$0$memwr$\regs$/work/rtl/cpu/regfile.sv:23$2448_EN[31:0]$2482 [0]
      New connections: $flatten\cpu.\u_id.\rf.$0$memwr$\regs$/work/rtl/cpu/regfile.sv:23$2448_EN[31:0]$2482 [31:1] = { $flatten\cpu.\u_id.\rf.$0$memwr$\regs$/work/rtl/cpu/regfile.sv:23$2448_EN[31:0]$2482 [0] $flatten\cpu.\u_id.\rf.$0$memwr$\regs$/work/rtl/cpu/regfile.sv:23$2448_EN[31:0]$2482 [0] $flatten\cpu.\u_id.\rf.$0$memwr$\regs$/work/rtl/cpu/regfile.sv:23$2448_EN[31:0]$2482 [0] $flatten\cpu.\u_id.\rf.$0$memwr$\regs$/work/rtl/cpu/regfile.sv:23$2448_EN[31:0]$2482 [0] $flatten\cpu.\u_id.\rf.$0$memwr$\regs$/work/rtl/cpu/regfile.sv:23$2448_EN[31:0]$2482 [0] $flatten\cpu.\u_id.\rf.$0$memwr$\regs$/work/rtl/cpu/regfile.sv:23$2448_EN[31:0]$2482 [0] $flatten\cpu.\u_id.\rf.$0$memwr$\regs$/work/rtl/cpu/regfile.sv:23$2448_EN[31:0]$2482 [0] $flatten\cpu.\u_id.\rf.$0$memwr$\regs$/work/rtl/cpu/regfile.sv:23$2448_EN[31:0]$2482 [0] $flatten\cpu.\u_id.\rf.$0$memwr$\regs$/work/rtl/cpu/regfile.sv:23$2448_EN[31:0]$2482 [0] $flatten\cpu.\u_id.\rf.$0$memwr$\regs$/work/rtl/cpu/regfile.sv:23$2448_EN[31:0]$2482 [0] $flatten\cpu.\u_id.\rf.$0$memwr$\regs$/work/rtl/cpu/regfile.sv:23$2448_EN[31:0]$2482 [0] $flatten\cpu.\u_id.\rf.$0$memwr$\regs$/work/rtl/cpu/regfile.sv:23$2448_EN[31:0]$2482 [0] $flatten\cpu.\u_id.\rf.$0$memwr$\regs$/work/rtl/cpu/regfile.sv:23$2448_EN[31:0]$2482 [0] $flatten\cpu.\u_id.\rf.$0$memwr$\regs$/work/rtl/cpu/regfile.sv:23$2448_EN[31:0]$2482 [0] $flatten\cpu.\u_id.\rf.$0$memwr$\regs$/work/rtl/cpu/regfile.sv:23$2448_EN[31:0]$2482 [0] $flatten\cpu.\u_id.\rf.$0$memwr$\regs$/work/rtl/cpu/regfile.sv:23$2448_EN[31:0]$2482 [0] $flatten\cpu.\u_id.\rf.$0$memwr$\regs$/work/rtl/cpu/regfile.sv:23$2448_EN[31:0]$2482 [0] $flatten\cpu.\u_id.\rf.$0$memwr$\regs$/work/rtl/cpu/regfile.sv:23$2448_EN[31:0]$2482 [0] $flatten\cpu.\u_id.\rf.$0$memwr$\regs$/work/rtl/cpu/regfile.sv:23$2448_EN[31:0]$2482 [0] $flatten\cpu.\u_id.\rf.$0$memwr$\regs$/work/rtl/cpu/regfile.sv:23$2448_EN[31:0]$2482 [0] $flatten\cpu.\u_id.\rf.$0$memwr$\regs$/work/rtl/cpu/regfile.sv:23$2448_EN[31:0]$2482 [0] $flatten\cpu.\u_id.\rf.$0$memwr$\regs$/work/rtl/cpu/regfile.sv:23$2448_EN[31:0]$2482 [0] $flatten\cpu.\u_id.\rf.$0$memwr$\regs$/work/rtl/cpu/regfile.sv:23$2448_EN[31:0]$2482 [0] $flatten\cpu.\u_id.\rf.$0$memwr$\regs$/work/rtl/cpu/regfile.sv:23$2448_EN[31:0]$2482 [0] $flatten\cpu.\u_id.\rf.$0$memwr$\regs$/work/rtl/cpu/regfile.sv:23$2448_EN[31:0]$2482 [0] $flatten\cpu.\u_id.\rf.$0$memwr$\regs$/work/rtl/cpu/regfile.sv:23$2448_EN[31:0]$2482 [0] $flatten\cpu.\u_id.\rf.$0$memwr$\regs$/work/rtl/cpu/regfile.sv:23$2448_EN[31:0]$2482 [0] $flatten\cpu.\u_id.\rf.$0$memwr$\regs$/work/rtl/cpu/regfile.sv:23$2448_EN[31:0]$2482 [0] $flatten\cpu.\u_id.\rf.$0$memwr$\regs$/work/rtl/cpu/regfile.sv:23$2448_EN[31:0]$2482 [0] $flatten\cpu.\u_id.\rf.$0$memwr$\regs$/work/rtl/cpu/regfile.sv:23$2448_EN[31:0]$2482 [0] $flatten\cpu.\u_id.\rf.$0$memwr$\regs$/work/rtl/cpu/regfile.sv:23$2448_EN[31:0]$2482 [0] }
    Consolidated identical input bits for $mux cell $flatten\cpu.\u_id.\rf.$procmux$3228:
      Old ports: A=0, B=32'11111111111111111111111111111111, Y=$flatten\cpu.\u_id.\rf.$0$memwr$\regs$/work/rtl/cpu/regfile.sv:23$2447_EN[31:0]$2481
      New ports: A=1'0, B=1'1, Y=$flatten\cpu.\u_id.\rf.$0$memwr$\regs$/work/rtl/cpu/regfile.sv:23$2447_EN[31:0]$2481 [0]
      New connections: $flatten\cpu.\u_id.\rf.$0$memwr$\regs$/work/rtl/cpu/regfile.sv:23$2447_EN[31:0]$2481 [31:1] = { $flatten\cpu.\u_id.\rf.$0$memwr$\regs$/work/rtl/cpu/regfile.sv:23$2447_EN[31:0]$2481 [0] $flatten\cpu.\u_id.\rf.$0$memwr$\regs$/work/rtl/cpu/regfile.sv:23$2447_EN[31:0]$2481 [0] $flatten\cpu.\u_id.\rf.$0$memwr$\regs$/work/rtl/cpu/regfile.sv:23$2447_EN[31:0]$2481 [0] $flatten\cpu.\u_id.\rf.$0$memwr$\regs$/work/rtl/cpu/regfile.sv:23$2447_EN[31:0]$2481 [0] $flatten\cpu.\u_id.\rf.$0$memwr$\regs$/work/rtl/cpu/regfile.sv:23$2447_EN[31:0]$2481 [0] $flatten\cpu.\u_id.\rf.$0$memwr$\regs$/work/rtl/cpu/regfile.sv:23$2447_EN[31:0]$2481 [0] $flatten\cpu.\u_id.\rf.$0$memwr$\regs$/work/rtl/cpu/regfile.sv:23$2447_EN[31:0]$2481 [0] $flatten\cpu.\u_id.\rf.$0$memwr$\regs$/work/rtl/cpu/regfile.sv:23$2447_EN[31:0]$2481 [0] $flatten\cpu.\u_id.\rf.$0$memwr$\regs$/work/rtl/cpu/regfile.sv:23$2447_EN[31:0]$2481 [0] $flatten\cpu.\u_id.\rf.$0$memwr$\regs$/work/rtl/cpu/regfile.sv:23$2447_EN[31:0]$2481 [0] $flatten\cpu.\u_id.\rf.$0$memwr$\regs$/work/rtl/cpu/regfile.sv:23$2447_EN[31:0]$2481 [0] $flatten\cpu.\u_id.\rf.$0$memwr$\regs$/work/rtl/cpu/regfile.sv:23$2447_EN[31:0]$2481 [0] $flatten\cpu.\u_id.\rf.$0$memwr$\regs$/work/rtl/cpu/regfile.sv:23$2447_EN[31:0]$2481 [0] $flatten\cpu.\u_id.\rf.$0$memwr$\regs$/work/rtl/cpu/regfile.sv:23$2447_EN[31:0]$2481 [0] $flatten\cpu.\u_id.\rf.$0$memwr$\regs$/work/rtl/cpu/regfile.sv:23$2447_EN[31:0]$2481 [0] $flatten\cpu.\u_id.\rf.$0$memwr$\regs$/work/rtl/cpu/regfile.sv:23$2447_EN[31:0]$2481 [0] $flatten\cpu.\u_id.\rf.$0$memwr$\regs$/work/rtl/cpu/regfile.sv:23$2447_EN[31:0]$2481 [0] $flatten\cpu.\u_id.\rf.$0$memwr$\regs$/work/rtl/cpu/regfile.sv:23$2447_EN[31:0]$2481 [0] $flatten\cpu.\u_id.\rf.$0$memwr$\regs$/work/rtl/cpu/regfile.sv:23$2447_EN[31:0]$2481 [0] $flatten\cpu.\u_id.\rf.$0$memwr$\regs$/work/rtl/cpu/regfile.sv:23$2447_EN[31:0]$2481 [0] $flatten\cpu.\u_id.\rf.$0$memwr$\regs$/work/rtl/cpu/regfile.sv:23$2447_EN[31:0]$2481 [0] $flatten\cpu.\u_id.\rf.$0$memwr$\regs$/work/rtl/cpu/regfile.sv:23$2447_EN[31:0]$2481 [0] $flatten\cpu.\u_id.\rf.$0$memwr$\regs$/work/rtl/cpu/regfile.sv:23$2447_EN[31:0]$2481 [0] $flatten\cpu.\u_id.\rf.$0$memwr$\regs$/work/rtl/cpu/regfile.sv:23$2447_EN[31:0]$2481 [0] $flatten\cpu.\u_id.\rf.$0$memwr$\regs$/work/rtl/cpu/regfile.sv:23$2447_EN[31:0]$2481 [0] $flatten\cpu.\u_id.\rf.$0$memwr$\regs$/work/rtl/cpu/regfile.sv:23$2447_EN[31:0]$2481 [0] $flatten\cpu.\u_id.\rf.$0$memwr$\regs$/work/rtl/cpu/regfile.sv:23$2447_EN[31:0]$2481 [0] $flatten\cpu.\u_id.\rf.$0$memwr$\regs$/work/rtl/cpu/regfile.sv:23$2447_EN[31:0]$2481 [0] $flatten\cpu.\u_id.\rf.$0$memwr$\regs$/work/rtl/cpu/regfile.sv:23$2447_EN[31:0]$2481 [0] $flatten\cpu.\u_id.\rf.$0$memwr$\regs$/work/rtl/cpu/regfile.sv:23$2447_EN[31:0]$2481 [0] $flatten\cpu.\u_id.\rf.$0$memwr$\regs$/work/rtl/cpu/regfile.sv:23$2447_EN[31:0]$2481 [0] }
    Consolidated identical input bits for $mux cell $flatten\cpu.\u_id.\rf.$procmux$3231:
      Old ports: A=0, B=32'11111111111111111111111111111111, Y=$flatten\cpu.\u_id.\rf.$0$memwr$\regs$/work/rtl/cpu/regfile.sv:23$2446_EN[31:0]$2480
      New ports: A=1'0, B=1'1, Y=$flatten\cpu.\u_id.\rf.$0$memwr$\regs$/work/rtl/cpu/regfile.sv:23$2446_EN[31:0]$2480 [0]
      New connections: $flatten\cpu.\u_id.\rf.$0$memwr$\regs$/work/rtl/cpu/regfile.sv:23$2446_EN[31:0]$2480 [31:1] = { $flatten\cpu.\u_id.\rf.$0$memwr$\regs$/work/rtl/cpu/regfile.sv:23$2446_EN[31:0]$2480 [0] $flatten\cpu.\u_id.\rf.$0$memwr$\regs$/work/rtl/cpu/regfile.sv:23$2446_EN[31:0]$2480 [0] $flatten\cpu.\u_id.\rf.$0$memwr$\regs$/work/rtl/cpu/regfile.sv:23$2446_EN[31:0]$2480 [0] $flatten\cpu.\u_id.\rf.$0$memwr$\regs$/work/rtl/cpu/regfile.sv:23$2446_EN[31:0]$2480 [0] $flatten\cpu.\u_id.\rf.$0$memwr$\regs$/work/rtl/cpu/regfile.sv:23$2446_EN[31:0]$2480 [0] $flatten\cpu.\u_id.\rf.$0$memwr$\regs$/work/rtl/cpu/regfile.sv:23$2446_EN[31:0]$2480 [0] $flatten\cpu.\u_id.\rf.$0$memwr$\regs$/work/rtl/cpu/regfile.sv:23$2446_EN[31:0]$2480 [0] $flatten\cpu.\u_id.\rf.$0$memwr$\regs$/work/rtl/cpu/regfile.sv:23$2446_EN[31:0]$2480 [0] $flatten\cpu.\u_id.\rf.$0$memwr$\regs$/work/rtl/cpu/regfile.sv:23$2446_EN[31:0]$2480 [0] $flatten\cpu.\u_id.\rf.$0$memwr$\regs$/work/rtl/cpu/regfile.sv:23$2446_EN[31:0]$2480 [0] $flatten\cpu.\u_id.\rf.$0$memwr$\regs$/work/rtl/cpu/regfile.sv:23$2446_EN[31:0]$2480 [0] $flatten\cpu.\u_id.\rf.$0$memwr$\regs$/work/rtl/cpu/regfile.sv:23$2446_EN[31:0]$2480 [0] $flatten\cpu.\u_id.\rf.$0$memwr$\regs$/work/rtl/cpu/regfile.sv:23$2446_EN[31:0]$2480 [0] $flatten\cpu.\u_id.\rf.$0$memwr$\regs$/work/rtl/cpu/regfile.sv:23$2446_EN[31:0]$2480 [0] $flatten\cpu.\u_id.\rf.$0$memwr$\regs$/work/rtl/cpu/regfile.sv:23$2446_EN[31:0]$2480 [0] $flatten\cpu.\u_id.\rf.$0$memwr$\regs$/work/rtl/cpu/regfile.sv:23$2446_EN[31:0]$2480 [0] $flatten\cpu.\u_id.\rf.$0$memwr$\regs$/work/rtl/cpu/regfile.sv:23$2446_EN[31:0]$2480 [0] $flatten\cpu.\u_id.\rf.$0$memwr$\regs$/work/rtl/cpu/regfile.sv:23$2446_EN[31:0]$2480 [0] $flatten\cpu.\u_id.\rf.$0$memwr$\regs$/work/rtl/cpu/regfile.sv:23$2446_EN[31:0]$2480 [0] $flatten\cpu.\u_id.\rf.$0$memwr$\regs$/work/rtl/cpu/regfile.sv:23$2446_EN[31:0]$2480 [0] $flatten\cpu.\u_id.\rf.$0$memwr$\regs$/work/rtl/cpu/regfile.sv:23$2446_EN[31:0]$2480 [0] $flatten\cpu.\u_id.\rf.$0$memwr$\regs$/work/rtl/cpu/regfile.sv:23$2446_EN[31:0]$2480 [0] $flatten\cpu.\u_id.\rf.$0$memwr$\regs$/work/rtl/cpu/regfile.sv:23$2446_EN[31:0]$2480 [0] $flatten\cpu.\u_id.\rf.$0$memwr$\regs$/work/rtl/cpu/regfile.sv:23$2446_EN[31:0]$2480 [0] $flatten\cpu.\u_id.\rf.$0$memwr$\regs$/work/rtl/cpu/regfile.sv:23$2446_EN[31:0]$2480 [0] $flatten\cpu.\u_id.\rf.$0$memwr$\regs$/work/rtl/cpu/regfile.sv:23$2446_EN[31:0]$2480 [0] $flatten\cpu.\u_id.\rf.$0$memwr$\regs$/work/rtl/cpu/regfile.sv:23$2446_EN[31:0]$2480 [0] $flatten\cpu.\u_id.\rf.$0$memwr$\regs$/work/rtl/cpu/regfile.sv:23$2446_EN[31:0]$2480 [0] $flatten\cpu.\u_id.\rf.$0$memwr$\regs$/work/rtl/cpu/regfile.sv:23$2446_EN[31:0]$2480 [0] $flatten\cpu.\u_id.\rf.$0$memwr$\regs$/work/rtl/cpu/regfile.sv:23$2446_EN[31:0]$2480 [0] $flatten\cpu.\u_id.\rf.$0$memwr$\regs$/work/rtl/cpu/regfile.sv:23$2446_EN[31:0]$2480 [0] }
    Consolidated identical input bits for $mux cell $flatten\cpu.\u_id.\rf.$procmux$3234:
      Old ports: A=0, B=32'11111111111111111111111111111111, Y=$flatten\cpu.\u_id.\rf.$0$memwr$\regs$/work/rtl/cpu/regfile.sv:23$2445_EN[31:0]$2479
      New ports: A=1'0, B=1'1, Y=$flatten\cpu.\u_id.\rf.$0$memwr$\regs$/work/rtl/cpu/regfile.sv:23$2445_EN[31:0]$2479 [0]
      New connections: $flatten\cpu.\u_id.\rf.$0$memwr$\regs$/work/rtl/cpu/regfile.sv:23$2445_EN[31:0]$2479 [31:1] = { $flatten\cpu.\u_id.\rf.$0$memwr$\regs$/work/rtl/cpu/regfile.sv:23$2445_EN[31:0]$2479 [0] $flatten\cpu.\u_id.\rf.$0$memwr$\regs$/work/rtl/cpu/regfile.sv:23$2445_EN[31:0]$2479 [0] $flatten\cpu.\u_id.\rf.$0$memwr$\regs$/work/rtl/cpu/regfile.sv:23$2445_EN[31:0]$2479 [0] $flatten\cpu.\u_id.\rf.$0$memwr$\regs$/work/rtl/cpu/regfile.sv:23$2445_EN[31:0]$2479 [0] $flatten\cpu.\u_id.\rf.$0$memwr$\regs$/work/rtl/cpu/regfile.sv:23$2445_EN[31:0]$2479 [0] $flatten\cpu.\u_id.\rf.$0$memwr$\regs$/work/rtl/cpu/regfile.sv:23$2445_EN[31:0]$2479 [0] $flatten\cpu.\u_id.\rf.$0$memwr$\regs$/work/rtl/cpu/regfile.sv:23$2445_EN[31:0]$2479 [0] $flatten\cpu.\u_id.\rf.$0$memwr$\regs$/work/rtl/cpu/regfile.sv:23$2445_EN[31:0]$2479 [0] $flatten\cpu.\u_id.\rf.$0$memwr$\regs$/work/rtl/cpu/regfile.sv:23$2445_EN[31:0]$2479 [0] $flatten\cpu.\u_id.\rf.$0$memwr$\regs$/work/rtl/cpu/regfile.sv:23$2445_EN[31:0]$2479 [0] $flatten\cpu.\u_id.\rf.$0$memwr$\regs$/work/rtl/cpu/regfile.sv:23$2445_EN[31:0]$2479 [0] $flatten\cpu.\u_id.\rf.$0$memwr$\regs$/work/rtl/cpu/regfile.sv:23$2445_EN[31:0]$2479 [0] $flatten\cpu.\u_id.\rf.$0$memwr$\regs$/work/rtl/cpu/regfile.sv:23$2445_EN[31:0]$2479 [0] $flatten\cpu.\u_id.\rf.$0$memwr$\regs$/work/rtl/cpu/regfile.sv:23$2445_EN[31:0]$2479 [0] $flatten\cpu.\u_id.\rf.$0$memwr$\regs$/work/rtl/cpu/regfile.sv:23$2445_EN[31:0]$2479 [0] $flatten\cpu.\u_id.\rf.$0$memwr$\regs$/work/rtl/cpu/regfile.sv:23$2445_EN[31:0]$2479 [0] $flatten\cpu.\u_id.\rf.$0$memwr$\regs$/work/rtl/cpu/regfile.sv:23$2445_EN[31:0]$2479 [0] $flatten\cpu.\u_id.\rf.$0$memwr$\regs$/work/rtl/cpu/regfile.sv:23$2445_EN[31:0]$2479 [0] $flatten\cpu.\u_id.\rf.$0$memwr$\regs$/work/rtl/cpu/regfile.sv:23$2445_EN[31:0]$2479 [0] $flatten\cpu.\u_id.\rf.$0$memwr$\regs$/work/rtl/cpu/regfile.sv:23$2445_EN[31:0]$2479 [0] $flatten\cpu.\u_id.\rf.$0$memwr$\regs$/work/rtl/cpu/regfile.sv:23$2445_EN[31:0]$2479 [0] $flatten\cpu.\u_id.\rf.$0$memwr$\regs$/work/rtl/cpu/regfile.sv:23$2445_EN[31:0]$2479 [0] $flatten\cpu.\u_id.\rf.$0$memwr$\regs$/work/rtl/cpu/regfile.sv:23$2445_EN[31:0]$2479 [0] $flatten\cpu.\u_id.\rf.$0$memwr$\regs$/work/rtl/cpu/regfile.sv:23$2445_EN[31:0]$2479 [0] $flatten\cpu.\u_id.\rf.$0$memwr$\regs$/work/rtl/cpu/regfile.sv:23$2445_EN[31:0]$2479 [0] $flatten\cpu.\u_id.\rf.$0$memwr$\regs$/work/rtl/cpu/regfile.sv:23$2445_EN[31:0]$2479 [0] $flatten\cpu.\u_id.\rf.$0$memwr$\regs$/work/rtl/cpu/regfile.sv:23$2445_EN[31:0]$2479 [0] $flatten\cpu.\u_id.\rf.$0$memwr$\regs$/work/rtl/cpu/regfile.sv:23$2445_EN[31:0]$2479 [0] $flatten\cpu.\u_id.\rf.$0$memwr$\regs$/work/rtl/cpu/regfile.sv:23$2445_EN[31:0]$2479 [0] $flatten\cpu.\u_id.\rf.$0$memwr$\regs$/work/rtl/cpu/regfile.sv:23$2445_EN[31:0]$2479 [0] $flatten\cpu.\u_id.\rf.$0$memwr$\regs$/work/rtl/cpu/regfile.sv:23$2445_EN[31:0]$2479 [0] }
    Consolidated identical input bits for $mux cell $flatten\cpu.\u_id.\rf.$procmux$3237:
      Old ports: A=0, B=32'11111111111111111111111111111111, Y=$flatten\cpu.\u_id.\rf.$0$memwr$\regs$/work/rtl/cpu/regfile.sv:23$2444_EN[31:0]$2478
      New ports: A=1'0, B=1'1, Y=$flatten\cpu.\u_id.\rf.$0$memwr$\regs$/work/rtl/cpu/regfile.sv:23$2444_EN[31:0]$2478 [0]
      New connections: $flatten\cpu.\u_id.\rf.$0$memwr$\regs$/work/rtl/cpu/regfile.sv:23$2444_EN[31:0]$2478 [31:1] = { $flatten\cpu.\u_id.\rf.$0$memwr$\regs$/work/rtl/cpu/regfile.sv:23$2444_EN[31:0]$2478 [0] $flatten\cpu.\u_id.\rf.$0$memwr$\regs$/work/rtl/cpu/regfile.sv:23$2444_EN[31:0]$2478 [0] $flatten\cpu.\u_id.\rf.$0$memwr$\regs$/work/rtl/cpu/regfile.sv:23$2444_EN[31:0]$2478 [0] $flatten\cpu.\u_id.\rf.$0$memwr$\regs$/work/rtl/cpu/regfile.sv:23$2444_EN[31:0]$2478 [0] $flatten\cpu.\u_id.\rf.$0$memwr$\regs$/work/rtl/cpu/regfile.sv:23$2444_EN[31:0]$2478 [0] $flatten\cpu.\u_id.\rf.$0$memwr$\regs$/work/rtl/cpu/regfile.sv:23$2444_EN[31:0]$2478 [0] $flatten\cpu.\u_id.\rf.$0$memwr$\regs$/work/rtl/cpu/regfile.sv:23$2444_EN[31:0]$2478 [0] $flatten\cpu.\u_id.\rf.$0$memwr$\regs$/work/rtl/cpu/regfile.sv:23$2444_EN[31:0]$2478 [0] $flatten\cpu.\u_id.\rf.$0$memwr$\regs$/work/rtl/cpu/regfile.sv:23$2444_EN[31:0]$2478 [0] $flatten\cpu.\u_id.\rf.$0$memwr$\regs$/work/rtl/cpu/regfile.sv:23$2444_EN[31:0]$2478 [0] $flatten\cpu.\u_id.\rf.$0$memwr$\regs$/work/rtl/cpu/regfile.sv:23$2444_EN[31:0]$2478 [0] $flatten\cpu.\u_id.\rf.$0$memwr$\regs$/work/rtl/cpu/regfile.sv:23$2444_EN[31:0]$2478 [0] $flatten\cpu.\u_id.\rf.$0$memwr$\regs$/work/rtl/cpu/regfile.sv:23$2444_EN[31:0]$2478 [0] $flatten\cpu.\u_id.\rf.$0$memwr$\regs$/work/rtl/cpu/regfile.sv:23$2444_EN[31:0]$2478 [0] $flatten\cpu.\u_id.\rf.$0$memwr$\regs$/work/rtl/cpu/regfile.sv:23$2444_EN[31:0]$2478 [0] $flatten\cpu.\u_id.\rf.$0$memwr$\regs$/work/rtl/cpu/regfile.sv:23$2444_EN[31:0]$2478 [0] $flatten\cpu.\u_id.\rf.$0$memwr$\regs$/work/rtl/cpu/regfile.sv:23$2444_EN[31:0]$2478 [0] $flatten\cpu.\u_id.\rf.$0$memwr$\regs$/work/rtl/cpu/regfile.sv:23$2444_EN[31:0]$2478 [0] $flatten\cpu.\u_id.\rf.$0$memwr$\regs$/work/rtl/cpu/regfile.sv:23$2444_EN[31:0]$2478 [0] $flatten\cpu.\u_id.\rf.$0$memwr$\regs$/work/rtl/cpu/regfile.sv:23$2444_EN[31:0]$2478 [0] $flatten\cpu.\u_id.\rf.$0$memwr$\regs$/work/rtl/cpu/regfile.sv:23$2444_EN[31:0]$2478 [0] $flatten\cpu.\u_id.\rf.$0$memwr$\regs$/work/rtl/cpu/regfile.sv:23$2444_EN[31:0]$2478 [0] $flatten\cpu.\u_id.\rf.$0$memwr$\regs$/work/rtl/cpu/regfile.sv:23$2444_EN[31:0]$2478 [0] $flatten\cpu.\u_id.\rf.$0$memwr$\regs$/work/rtl/cpu/regfile.sv:23$2444_EN[31:0]$2478 [0] $flatten\cpu.\u_id.\rf.$0$memwr$\regs$/work/rtl/cpu/regfile.sv:23$2444_EN[31:0]$2478 [0] $flatten\cpu.\u_id.\rf.$0$memwr$\regs$/work/rtl/cpu/regfile.sv:23$2444_EN[31:0]$2478 [0] $flatten\cpu.\u_id.\rf.$0$memwr$\regs$/work/rtl/cpu/regfile.sv:23$2444_EN[31:0]$2478 [0] $flatten\cpu.\u_id.\rf.$0$memwr$\regs$/work/rtl/cpu/regfile.sv:23$2444_EN[31:0]$2478 [0] $flatten\cpu.\u_id.\rf.$0$memwr$\regs$/work/rtl/cpu/regfile.sv:23$2444_EN[31:0]$2478 [0] $flatten\cpu.\u_id.\rf.$0$memwr$\regs$/work/rtl/cpu/regfile.sv:23$2444_EN[31:0]$2478 [0] $flatten\cpu.\u_id.\rf.$0$memwr$\regs$/work/rtl/cpu/regfile.sv:23$2444_EN[31:0]$2478 [0] }
    Consolidated identical input bits for $mux cell $flatten\cpu.\u_id.\rf.$procmux$3240:
      Old ports: A=0, B=32'11111111111111111111111111111111, Y=$flatten\cpu.\u_id.\rf.$0$memwr$\regs$/work/rtl/cpu/regfile.sv:23$2443_EN[31:0]$2477
      New ports: A=1'0, B=1'1, Y=$flatten\cpu.\u_id.\rf.$0$memwr$\regs$/work/rtl/cpu/regfile.sv:23$2443_EN[31:0]$2477 [0]
      New connections: $flatten\cpu.\u_id.\rf.$0$memwr$\regs$/work/rtl/cpu/regfile.sv:23$2443_EN[31:0]$2477 [31:1] = { $flatten\cpu.\u_id.\rf.$0$memwr$\regs$/work/rtl/cpu/regfile.sv:23$2443_EN[31:0]$2477 [0] $flatten\cpu.\u_id.\rf.$0$memwr$\regs$/work/rtl/cpu/regfile.sv:23$2443_EN[31:0]$2477 [0] $flatten\cpu.\u_id.\rf.$0$memwr$\regs$/work/rtl/cpu/regfile.sv:23$2443_EN[31:0]$2477 [0] $flatten\cpu.\u_id.\rf.$0$memwr$\regs$/work/rtl/cpu/regfile.sv:23$2443_EN[31:0]$2477 [0] $flatten\cpu.\u_id.\rf.$0$memwr$\regs$/work/rtl/cpu/regfile.sv:23$2443_EN[31:0]$2477 [0] $flatten\cpu.\u_id.\rf.$0$memwr$\regs$/work/rtl/cpu/regfile.sv:23$2443_EN[31:0]$2477 [0] $flatten\cpu.\u_id.\rf.$0$memwr$\regs$/work/rtl/cpu/regfile.sv:23$2443_EN[31:0]$2477 [0] $flatten\cpu.\u_id.\rf.$0$memwr$\regs$/work/rtl/cpu/regfile.sv:23$2443_EN[31:0]$2477 [0] $flatten\cpu.\u_id.\rf.$0$memwr$\regs$/work/rtl/cpu/regfile.sv:23$2443_EN[31:0]$2477 [0] $flatten\cpu.\u_id.\rf.$0$memwr$\regs$/work/rtl/cpu/regfile.sv:23$2443_EN[31:0]$2477 [0] $flatten\cpu.\u_id.\rf.$0$memwr$\regs$/work/rtl/cpu/regfile.sv:23$2443_EN[31:0]$2477 [0] $flatten\cpu.\u_id.\rf.$0$memwr$\regs$/work/rtl/cpu/regfile.sv:23$2443_EN[31:0]$2477 [0] $flatten\cpu.\u_id.\rf.$0$memwr$\regs$/work/rtl/cpu/regfile.sv:23$2443_EN[31:0]$2477 [0] $flatten\cpu.\u_id.\rf.$0$memwr$\regs$/work/rtl/cpu/regfile.sv:23$2443_EN[31:0]$2477 [0] $flatten\cpu.\u_id.\rf.$0$memwr$\regs$/work/rtl/cpu/regfile.sv:23$2443_EN[31:0]$2477 [0] $flatten\cpu.\u_id.\rf.$0$memwr$\regs$/work/rtl/cpu/regfile.sv:23$2443_EN[31:0]$2477 [0] $flatten\cpu.\u_id.\rf.$0$memwr$\regs$/work/rtl/cpu/regfile.sv:23$2443_EN[31:0]$2477 [0] $flatten\cpu.\u_id.\rf.$0$memwr$\regs$/work/rtl/cpu/regfile.sv:23$2443_EN[31:0]$2477 [0] $flatten\cpu.\u_id.\rf.$0$memwr$\regs$/work/rtl/cpu/regfile.sv:23$2443_EN[31:0]$2477 [0] $flatten\cpu.\u_id.\rf.$0$memwr$\regs$/work/rtl/cpu/regfile.sv:23$2443_EN[31:0]$2477 [0] $flatten\cpu.\u_id.\rf.$0$memwr$\regs$/work/rtl/cpu/regfile.sv:23$2443_EN[31:0]$2477 [0] $flatten\cpu.\u_id.\rf.$0$memwr$\regs$/work/rtl/cpu/regfile.sv:23$2443_EN[31:0]$2477 [0] $flatten\cpu.\u_id.\rf.$0$memwr$\regs$/work/rtl/cpu/regfile.sv:23$2443_EN[31:0]$2477 [0] $flatten\cpu.\u_id.\rf.$0$memwr$\regs$/work/rtl/cpu/regfile.sv:23$2443_EN[31:0]$2477 [0] $flatten\cpu.\u_id.\rf.$0$memwr$\regs$/work/rtl/cpu/regfile.sv:23$2443_EN[31:0]$2477 [0] $flatten\cpu.\u_id.\rf.$0$memwr$\regs$/work/rtl/cpu/regfile.sv:23$2443_EN[31:0]$2477 [0] $flatten\cpu.\u_id.\rf.$0$memwr$\regs$/work/rtl/cpu/regfile.sv:23$2443_EN[31:0]$2477 [0] $flatten\cpu.\u_id.\rf.$0$memwr$\regs$/work/rtl/cpu/regfile.sv:23$2443_EN[31:0]$2477 [0] $flatten\cpu.\u_id.\rf.$0$memwr$\regs$/work/rtl/cpu/regfile.sv:23$2443_EN[31:0]$2477 [0] $flatten\cpu.\u_id.\rf.$0$memwr$\regs$/work/rtl/cpu/regfile.sv:23$2443_EN[31:0]$2477 [0] $flatten\cpu.\u_id.\rf.$0$memwr$\regs$/work/rtl/cpu/regfile.sv:23$2443_EN[31:0]$2477 [0] }
    Consolidated identical input bits for $mux cell $flatten\cpu.\u_id.\rf.$procmux$3243:
      Old ports: A=0, B=32'11111111111111111111111111111111, Y=$flatten\cpu.\u_id.\rf.$0$memwr$\regs$/work/rtl/cpu/regfile.sv:23$2442_EN[31:0]$2476
      New ports: A=1'0, B=1'1, Y=$flatten\cpu.\u_id.\rf.$0$memwr$\regs$/work/rtl/cpu/regfile.sv:23$2442_EN[31:0]$2476 [0]
      New connections: $flatten\cpu.\u_id.\rf.$0$memwr$\regs$/work/rtl/cpu/regfile.sv:23$2442_EN[31:0]$2476 [31:1] = { $flatten\cpu.\u_id.\rf.$0$memwr$\regs$/work/rtl/cpu/regfile.sv:23$2442_EN[31:0]$2476 [0] $flatten\cpu.\u_id.\rf.$0$memwr$\regs$/work/rtl/cpu/regfile.sv:23$2442_EN[31:0]$2476 [0] $flatten\cpu.\u_id.\rf.$0$memwr$\regs$/work/rtl/cpu/regfile.sv:23$2442_EN[31:0]$2476 [0] $flatten\cpu.\u_id.\rf.$0$memwr$\regs$/work/rtl/cpu/regfile.sv:23$2442_EN[31:0]$2476 [0] $flatten\cpu.\u_id.\rf.$0$memwr$\regs$/work/rtl/cpu/regfile.sv:23$2442_EN[31:0]$2476 [0] $flatten\cpu.\u_id.\rf.$0$memwr$\regs$/work/rtl/cpu/regfile.sv:23$2442_EN[31:0]$2476 [0] $flatten\cpu.\u_id.\rf.$0$memwr$\regs$/work/rtl/cpu/regfile.sv:23$2442_EN[31:0]$2476 [0] $flatten\cpu.\u_id.\rf.$0$memwr$\regs$/work/rtl/cpu/regfile.sv:23$2442_EN[31:0]$2476 [0] $flatten\cpu.\u_id.\rf.$0$memwr$\regs$/work/rtl/cpu/regfile.sv:23$2442_EN[31:0]$2476 [0] $flatten\cpu.\u_id.\rf.$0$memwr$\regs$/work/rtl/cpu/regfile.sv:23$2442_EN[31:0]$2476 [0] $flatten\cpu.\u_id.\rf.$0$memwr$\regs$/work/rtl/cpu/regfile.sv:23$2442_EN[31:0]$2476 [0] $flatten\cpu.\u_id.\rf.$0$memwr$\regs$/work/rtl/cpu/regfile.sv:23$2442_EN[31:0]$2476 [0] $flatten\cpu.\u_id.\rf.$0$memwr$\regs$/work/rtl/cpu/regfile.sv:23$2442_EN[31:0]$2476 [0] $flatten\cpu.\u_id.\rf.$0$memwr$\regs$/work/rtl/cpu/regfile.sv:23$2442_EN[31:0]$2476 [0] $flatten\cpu.\u_id.\rf.$0$memwr$\regs$/work/rtl/cpu/regfile.sv:23$2442_EN[31:0]$2476 [0] $flatten\cpu.\u_id.\rf.$0$memwr$\regs$/work/rtl/cpu/regfile.sv:23$2442_EN[31:0]$2476 [0] $flatten\cpu.\u_id.\rf.$0$memwr$\regs$/work/rtl/cpu/regfile.sv:23$2442_EN[31:0]$2476 [0] $flatten\cpu.\u_id.\rf.$0$memwr$\regs$/work/rtl/cpu/regfile.sv:23$2442_EN[31:0]$2476 [0] $flatten\cpu.\u_id.\rf.$0$memwr$\regs$/work/rtl/cpu/regfile.sv:23$2442_EN[31:0]$2476 [0] $flatten\cpu.\u_id.\rf.$0$memwr$\regs$/work/rtl/cpu/regfile.sv:23$2442_EN[31:0]$2476 [0] $flatten\cpu.\u_id.\rf.$0$memwr$\regs$/work/rtl/cpu/regfile.sv:23$2442_EN[31:0]$2476 [0] $flatten\cpu.\u_id.\rf.$0$memwr$\regs$/work/rtl/cpu/regfile.sv:23$2442_EN[31:0]$2476 [0] $flatten\cpu.\u_id.\rf.$0$memwr$\regs$/work/rtl/cpu/regfile.sv:23$2442_EN[31:0]$2476 [0] $flatten\cpu.\u_id.\rf.$0$memwr$\regs$/work/rtl/cpu/regfile.sv:23$2442_EN[31:0]$2476 [0] $flatten\cpu.\u_id.\rf.$0$memwr$\regs$/work/rtl/cpu/regfile.sv:23$2442_EN[31:0]$2476 [0] $flatten\cpu.\u_id.\rf.$0$memwr$\regs$/work/rtl/cpu/regfile.sv:23$2442_EN[31:0]$2476 [0] $flatten\cpu.\u_id.\rf.$0$memwr$\regs$/work/rtl/cpu/regfile.sv:23$2442_EN[31:0]$2476 [0] $flatten\cpu.\u_id.\rf.$0$memwr$\regs$/work/rtl/cpu/regfile.sv:23$2442_EN[31:0]$2476 [0] $flatten\cpu.\u_id.\rf.$0$memwr$\regs$/work/rtl/cpu/regfile.sv:23$2442_EN[31:0]$2476 [0] $flatten\cpu.\u_id.\rf.$0$memwr$\regs$/work/rtl/cpu/regfile.sv:23$2442_EN[31:0]$2476 [0] $flatten\cpu.\u_id.\rf.$0$memwr$\regs$/work/rtl/cpu/regfile.sv:23$2442_EN[31:0]$2476 [0] }
    Consolidated identical input bits for $mux cell $flatten\cpu.\u_id.\rf.$procmux$3246:
      Old ports: A=0, B=32'11111111111111111111111111111111, Y=$flatten\cpu.\u_id.\rf.$0$memwr$\regs$/work/rtl/cpu/regfile.sv:23$2441_EN[31:0]$2475
      New ports: A=1'0, B=1'1, Y=$flatten\cpu.\u_id.\rf.$0$memwr$\regs$/work/rtl/cpu/regfile.sv:23$2441_EN[31:0]$2475 [0]
      New connections: $flatten\cpu.\u_id.\rf.$0$memwr$\regs$/work/rtl/cpu/regfile.sv:23$2441_EN[31:0]$2475 [31:1] = { $flatten\cpu.\u_id.\rf.$0$memwr$\regs$/work/rtl/cpu/regfile.sv:23$2441_EN[31:0]$2475 [0] $flatten\cpu.\u_id.\rf.$0$memwr$\regs$/work/rtl/cpu/regfile.sv:23$2441_EN[31:0]$2475 [0] $flatten\cpu.\u_id.\rf.$0$memwr$\regs$/work/rtl/cpu/regfile.sv:23$2441_EN[31:0]$2475 [0] $flatten\cpu.\u_id.\rf.$0$memwr$\regs$/work/rtl/cpu/regfile.sv:23$2441_EN[31:0]$2475 [0] $flatten\cpu.\u_id.\rf.$0$memwr$\regs$/work/rtl/cpu/regfile.sv:23$2441_EN[31:0]$2475 [0] $flatten\cpu.\u_id.\rf.$0$memwr$\regs$/work/rtl/cpu/regfile.sv:23$2441_EN[31:0]$2475 [0] $flatten\cpu.\u_id.\rf.$0$memwr$\regs$/work/rtl/cpu/regfile.sv:23$2441_EN[31:0]$2475 [0] $flatten\cpu.\u_id.\rf.$0$memwr$\regs$/work/rtl/cpu/regfile.sv:23$2441_EN[31:0]$2475 [0] $flatten\cpu.\u_id.\rf.$0$memwr$\regs$/work/rtl/cpu/regfile.sv:23$2441_EN[31:0]$2475 [0] $flatten\cpu.\u_id.\rf.$0$memwr$\regs$/work/rtl/cpu/regfile.sv:23$2441_EN[31:0]$2475 [0] $flatten\cpu.\u_id.\rf.$0$memwr$\regs$/work/rtl/cpu/regfile.sv:23$2441_EN[31:0]$2475 [0] $flatten\cpu.\u_id.\rf.$0$memwr$\regs$/work/rtl/cpu/regfile.sv:23$2441_EN[31:0]$2475 [0] $flatten\cpu.\u_id.\rf.$0$memwr$\regs$/work/rtl/cpu/regfile.sv:23$2441_EN[31:0]$2475 [0] $flatten\cpu.\u_id.\rf.$0$memwr$\regs$/work/rtl/cpu/regfile.sv:23$2441_EN[31:0]$2475 [0] $flatten\cpu.\u_id.\rf.$0$memwr$\regs$/work/rtl/cpu/regfile.sv:23$2441_EN[31:0]$2475 [0] $flatten\cpu.\u_id.\rf.$0$memwr$\regs$/work/rtl/cpu/regfile.sv:23$2441_EN[31:0]$2475 [0] $flatten\cpu.\u_id.\rf.$0$memwr$\regs$/work/rtl/cpu/regfile.sv:23$2441_EN[31:0]$2475 [0] $flatten\cpu.\u_id.\rf.$0$memwr$\regs$/work/rtl/cpu/regfile.sv:23$2441_EN[31:0]$2475 [0] $flatten\cpu.\u_id.\rf.$0$memwr$\regs$/work/rtl/cpu/regfile.sv:23$2441_EN[31:0]$2475 [0] $flatten\cpu.\u_id.\rf.$0$memwr$\regs$/work/rtl/cpu/regfile.sv:23$2441_EN[31:0]$2475 [0] $flatten\cpu.\u_id.\rf.$0$memwr$\regs$/work/rtl/cpu/regfile.sv:23$2441_EN[31:0]$2475 [0] $flatten\cpu.\u_id.\rf.$0$memwr$\regs$/work/rtl/cpu/regfile.sv:23$2441_EN[31:0]$2475 [0] $flatten\cpu.\u_id.\rf.$0$memwr$\regs$/work/rtl/cpu/regfile.sv:23$2441_EN[31:0]$2475 [0] $flatten\cpu.\u_id.\rf.$0$memwr$\regs$/work/rtl/cpu/regfile.sv:23$2441_EN[31:0]$2475 [0] $flatten\cpu.\u_id.\rf.$0$memwr$\regs$/work/rtl/cpu/regfile.sv:23$2441_EN[31:0]$2475 [0] $flatten\cpu.\u_id.\rf.$0$memwr$\regs$/work/rtl/cpu/regfile.sv:23$2441_EN[31:0]$2475 [0] $flatten\cpu.\u_id.\rf.$0$memwr$\regs$/work/rtl/cpu/regfile.sv:23$2441_EN[31:0]$2475 [0] $flatten\cpu.\u_id.\rf.$0$memwr$\regs$/work/rtl/cpu/regfile.sv:23$2441_EN[31:0]$2475 [0] $flatten\cpu.\u_id.\rf.$0$memwr$\regs$/work/rtl/cpu/regfile.sv:23$2441_EN[31:0]$2475 [0] $flatten\cpu.\u_id.\rf.$0$memwr$\regs$/work/rtl/cpu/regfile.sv:23$2441_EN[31:0]$2475 [0] $flatten\cpu.\u_id.\rf.$0$memwr$\regs$/work/rtl/cpu/regfile.sv:23$2441_EN[31:0]$2475 [0] }
    Consolidated identical input bits for $mux cell $flatten\cpu.\u_id.\rf.$procmux$3249:
      Old ports: A=0, B=32'11111111111111111111111111111111, Y=$flatten\cpu.\u_id.\rf.$0$memwr$\regs$/work/rtl/cpu/regfile.sv:23$2440_EN[31:0]$2474
      New ports: A=1'0, B=1'1, Y=$flatten\cpu.\u_id.\rf.$0$memwr$\regs$/work/rtl/cpu/regfile.sv:23$2440_EN[31:0]$2474 [0]
      New connections: $flatten\cpu.\u_id.\rf.$0$memwr$\regs$/work/rtl/cpu/regfile.sv:23$2440_EN[31:0]$2474 [31:1] = { $flatten\cpu.\u_id.\rf.$0$memwr$\regs$/work/rtl/cpu/regfile.sv:23$2440_EN[31:0]$2474 [0] $flatten\cpu.\u_id.\rf.$0$memwr$\regs$/work/rtl/cpu/regfile.sv:23$2440_EN[31:0]$2474 [0] $flatten\cpu.\u_id.\rf.$0$memwr$\regs$/work/rtl/cpu/regfile.sv:23$2440_EN[31:0]$2474 [0] $flatten\cpu.\u_id.\rf.$0$memwr$\regs$/work/rtl/cpu/regfile.sv:23$2440_EN[31:0]$2474 [0] $flatten\cpu.\u_id.\rf.$0$memwr$\regs$/work/rtl/cpu/regfile.sv:23$2440_EN[31:0]$2474 [0] $flatten\cpu.\u_id.\rf.$0$memwr$\regs$/work/rtl/cpu/regfile.sv:23$2440_EN[31:0]$2474 [0] $flatten\cpu.\u_id.\rf.$0$memwr$\regs$/work/rtl/cpu/regfile.sv:23$2440_EN[31:0]$2474 [0] $flatten\cpu.\u_id.\rf.$0$memwr$\regs$/work/rtl/cpu/regfile.sv:23$2440_EN[31:0]$2474 [0] $flatten\cpu.\u_id.\rf.$0$memwr$\regs$/work/rtl/cpu/regfile.sv:23$2440_EN[31:0]$2474 [0] $flatten\cpu.\u_id.\rf.$0$memwr$\regs$/work/rtl/cpu/regfile.sv:23$2440_EN[31:0]$2474 [0] $flatten\cpu.\u_id.\rf.$0$memwr$\regs$/work/rtl/cpu/regfile.sv:23$2440_EN[31:0]$2474 [0] $flatten\cpu.\u_id.\rf.$0$memwr$\regs$/work/rtl/cpu/regfile.sv:23$2440_EN[31:0]$2474 [0] $flatten\cpu.\u_id.\rf.$0$memwr$\regs$/work/rtl/cpu/regfile.sv:23$2440_EN[31:0]$2474 [0] $flatten\cpu.\u_id.\rf.$0$memwr$\regs$/work/rtl/cpu/regfile.sv:23$2440_EN[31:0]$2474 [0] $flatten\cpu.\u_id.\rf.$0$memwr$\regs$/work/rtl/cpu/regfile.sv:23$2440_EN[31:0]$2474 [0] $flatten\cpu.\u_id.\rf.$0$memwr$\regs$/work/rtl/cpu/regfile.sv:23$2440_EN[31:0]$2474 [0] $flatten\cpu.\u_id.\rf.$0$memwr$\regs$/work/rtl/cpu/regfile.sv:23$2440_EN[31:0]$2474 [0] $flatten\cpu.\u_id.\rf.$0$memwr$\regs$/work/rtl/cpu/regfile.sv:23$2440_EN[31:0]$2474 [0] $flatten\cpu.\u_id.\rf.$0$memwr$\regs$/work/rtl/cpu/regfile.sv:23$2440_EN[31:0]$2474 [0] $flatten\cpu.\u_id.\rf.$0$memwr$\regs$/work/rtl/cpu/regfile.sv:23$2440_EN[31:0]$2474 [0] $flatten\cpu.\u_id.\rf.$0$memwr$\regs$/work/rtl/cpu/regfile.sv:23$2440_EN[31:0]$2474 [0] $flatten\cpu.\u_id.\rf.$0$memwr$\regs$/work/rtl/cpu/regfile.sv:23$2440_EN[31:0]$2474 [0] $flatten\cpu.\u_id.\rf.$0$memwr$\regs$/work/rtl/cpu/regfile.sv:23$2440_EN[31:0]$2474 [0] $flatten\cpu.\u_id.\rf.$0$memwr$\regs$/work/rtl/cpu/regfile.sv:23$2440_EN[31:0]$2474 [0] $flatten\cpu.\u_id.\rf.$0$memwr$\regs$/work/rtl/cpu/regfile.sv:23$2440_EN[31:0]$2474 [0] $flatten\cpu.\u_id.\rf.$0$memwr$\regs$/work/rtl/cpu/regfile.sv:23$2440_EN[31:0]$2474 [0] $flatten\cpu.\u_id.\rf.$0$memwr$\regs$/work/rtl/cpu/regfile.sv:23$2440_EN[31:0]$2474 [0] $flatten\cpu.\u_id.\rf.$0$memwr$\regs$/work/rtl/cpu/regfile.sv:23$2440_EN[31:0]$2474 [0] $flatten\cpu.\u_id.\rf.$0$memwr$\regs$/work/rtl/cpu/regfile.sv:23$2440_EN[31:0]$2474 [0] $flatten\cpu.\u_id.\rf.$0$memwr$\regs$/work/rtl/cpu/regfile.sv:23$2440_EN[31:0]$2474 [0] $flatten\cpu.\u_id.\rf.$0$memwr$\regs$/work/rtl/cpu/regfile.sv:23$2440_EN[31:0]$2474 [0] }
    Consolidated identical input bits for $mux cell $flatten\cpu.\u_id.\rf.$procmux$3252:
      Old ports: A=0, B=32'11111111111111111111111111111111, Y=$flatten\cpu.\u_id.\rf.$0$memwr$\regs$/work/rtl/cpu/regfile.sv:23$2439_EN[31:0]$2473
      New ports: A=1'0, B=1'1, Y=$flatten\cpu.\u_id.\rf.$0$memwr$\regs$/work/rtl/cpu/regfile.sv:23$2439_EN[31:0]$2473 [0]
      New connections: $flatten\cpu.\u_id.\rf.$0$memwr$\regs$/work/rtl/cpu/regfile.sv:23$2439_EN[31:0]$2473 [31:1] = { $flatten\cpu.\u_id.\rf.$0$memwr$\regs$/work/rtl/cpu/regfile.sv:23$2439_EN[31:0]$2473 [0] $flatten\cpu.\u_id.\rf.$0$memwr$\regs$/work/rtl/cpu/regfile.sv:23$2439_EN[31:0]$2473 [0] $flatten\cpu.\u_id.\rf.$0$memwr$\regs$/work/rtl/cpu/regfile.sv:23$2439_EN[31:0]$2473 [0] $flatten\cpu.\u_id.\rf.$0$memwr$\regs$/work/rtl/cpu/regfile.sv:23$2439_EN[31:0]$2473 [0] $flatten\cpu.\u_id.\rf.$0$memwr$\regs$/work/rtl/cpu/regfile.sv:23$2439_EN[31:0]$2473 [0] $flatten\cpu.\u_id.\rf.$0$memwr$\regs$/work/rtl/cpu/regfile.sv:23$2439_EN[31:0]$2473 [0] $flatten\cpu.\u_id.\rf.$0$memwr$\regs$/work/rtl/cpu/regfile.sv:23$2439_EN[31:0]$2473 [0] $flatten\cpu.\u_id.\rf.$0$memwr$\regs$/work/rtl/cpu/regfile.sv:23$2439_EN[31:0]$2473 [0] $flatten\cpu.\u_id.\rf.$0$memwr$\regs$/work/rtl/cpu/regfile.sv:23$2439_EN[31:0]$2473 [0] $flatten\cpu.\u_id.\rf.$0$memwr$\regs$/work/rtl/cpu/regfile.sv:23$2439_EN[31:0]$2473 [0] $flatten\cpu.\u_id.\rf.$0$memwr$\regs$/work/rtl/cpu/regfile.sv:23$2439_EN[31:0]$2473 [0] $flatten\cpu.\u_id.\rf.$0$memwr$\regs$/work/rtl/cpu/regfile.sv:23$2439_EN[31:0]$2473 [0] $flatten\cpu.\u_id.\rf.$0$memwr$\regs$/work/rtl/cpu/regfile.sv:23$2439_EN[31:0]$2473 [0] $flatten\cpu.\u_id.\rf.$0$memwr$\regs$/work/rtl/cpu/regfile.sv:23$2439_EN[31:0]$2473 [0] $flatten\cpu.\u_id.\rf.$0$memwr$\regs$/work/rtl/cpu/regfile.sv:23$2439_EN[31:0]$2473 [0] $flatten\cpu.\u_id.\rf.$0$memwr$\regs$/work/rtl/cpu/regfile.sv:23$2439_EN[31:0]$2473 [0] $flatten\cpu.\u_id.\rf.$0$memwr$\regs$/work/rtl/cpu/regfile.sv:23$2439_EN[31:0]$2473 [0] $flatten\cpu.\u_id.\rf.$0$memwr$\regs$/work/rtl/cpu/regfile.sv:23$2439_EN[31:0]$2473 [0] $flatten\cpu.\u_id.\rf.$0$memwr$\regs$/work/rtl/cpu/regfile.sv:23$2439_EN[31:0]$2473 [0] $flatten\cpu.\u_id.\rf.$0$memwr$\regs$/work/rtl/cpu/regfile.sv:23$2439_EN[31:0]$2473 [0] $flatten\cpu.\u_id.\rf.$0$memwr$\regs$/work/rtl/cpu/regfile.sv:23$2439_EN[31:0]$2473 [0] $flatten\cpu.\u_id.\rf.$0$memwr$\regs$/work/rtl/cpu/regfile.sv:23$2439_EN[31:0]$2473 [0] $flatten\cpu.\u_id.\rf.$0$memwr$\regs$/work/rtl/cpu/regfile.sv:23$2439_EN[31:0]$2473 [0] $flatten\cpu.\u_id.\rf.$0$memwr$\regs$/work/rtl/cpu/regfile.sv:23$2439_EN[31:0]$2473 [0] $flatten\cpu.\u_id.\rf.$0$memwr$\regs$/work/rtl/cpu/regfile.sv:23$2439_EN[31:0]$2473 [0] $flatten\cpu.\u_id.\rf.$0$memwr$\regs$/work/rtl/cpu/regfile.sv:23$2439_EN[31:0]$2473 [0] $flatten\cpu.\u_id.\rf.$0$memwr$\regs$/work/rtl/cpu/regfile.sv:23$2439_EN[31:0]$2473 [0] $flatten\cpu.\u_id.\rf.$0$memwr$\regs$/work/rtl/cpu/regfile.sv:23$2439_EN[31:0]$2473 [0] $flatten\cpu.\u_id.\rf.$0$memwr$\regs$/work/rtl/cpu/regfile.sv:23$2439_EN[31:0]$2473 [0] $flatten\cpu.\u_id.\rf.$0$memwr$\regs$/work/rtl/cpu/regfile.sv:23$2439_EN[31:0]$2473 [0] $flatten\cpu.\u_id.\rf.$0$memwr$\regs$/work/rtl/cpu/regfile.sv:23$2439_EN[31:0]$2473 [0] }
    Consolidated identical input bits for $mux cell $flatten\cpu.\u_id.\rf.$procmux$3255:
      Old ports: A=0, B=32'11111111111111111111111111111111, Y=$flatten\cpu.\u_id.\rf.$0$memwr$\regs$/work/rtl/cpu/regfile.sv:23$2438_EN[31:0]$2472
      New ports: A=1'0, B=1'1, Y=$flatten\cpu.\u_id.\rf.$0$memwr$\regs$/work/rtl/cpu/regfile.sv:23$2438_EN[31:0]$2472 [0]
      New connections: $flatten\cpu.\u_id.\rf.$0$memwr$\regs$/work/rtl/cpu/regfile.sv:23$2438_EN[31:0]$2472 [31:1] = { $flatten\cpu.\u_id.\rf.$0$memwr$\regs$/work/rtl/cpu/regfile.sv:23$2438_EN[31:0]$2472 [0] $flatten\cpu.\u_id.\rf.$0$memwr$\regs$/work/rtl/cpu/regfile.sv:23$2438_EN[31:0]$2472 [0] $flatten\cpu.\u_id.\rf.$0$memwr$\regs$/work/rtl/cpu/regfile.sv:23$2438_EN[31:0]$2472 [0] $flatten\cpu.\u_id.\rf.$0$memwr$\regs$/work/rtl/cpu/regfile.sv:23$2438_EN[31:0]$2472 [0] $flatten\cpu.\u_id.\rf.$0$memwr$\regs$/work/rtl/cpu/regfile.sv:23$2438_EN[31:0]$2472 [0] $flatten\cpu.\u_id.\rf.$0$memwr$\regs$/work/rtl/cpu/regfile.sv:23$2438_EN[31:0]$2472 [0] $flatten\cpu.\u_id.\rf.$0$memwr$\regs$/work/rtl/cpu/regfile.sv:23$2438_EN[31:0]$2472 [0] $flatten\cpu.\u_id.\rf.$0$memwr$\regs$/work/rtl/cpu/regfile.sv:23$2438_EN[31:0]$2472 [0] $flatten\cpu.\u_id.\rf.$0$memwr$\regs$/work/rtl/cpu/regfile.sv:23$2438_EN[31:0]$2472 [0] $flatten\cpu.\u_id.\rf.$0$memwr$\regs$/work/rtl/cpu/regfile.sv:23$2438_EN[31:0]$2472 [0] $flatten\cpu.\u_id.\rf.$0$memwr$\regs$/work/rtl/cpu/regfile.sv:23$2438_EN[31:0]$2472 [0] $flatten\cpu.\u_id.\rf.$0$memwr$\regs$/work/rtl/cpu/regfile.sv:23$2438_EN[31:0]$2472 [0] $flatten\cpu.\u_id.\rf.$0$memwr$\regs$/work/rtl/cpu/regfile.sv:23$2438_EN[31:0]$2472 [0] $flatten\cpu.\u_id.\rf.$0$memwr$\regs$/work/rtl/cpu/regfile.sv:23$2438_EN[31:0]$2472 [0] $flatten\cpu.\u_id.\rf.$0$memwr$\regs$/work/rtl/cpu/regfile.sv:23$2438_EN[31:0]$2472 [0] $flatten\cpu.\u_id.\rf.$0$memwr$\regs$/work/rtl/cpu/regfile.sv:23$2438_EN[31:0]$2472 [0] $flatten\cpu.\u_id.\rf.$0$memwr$\regs$/work/rtl/cpu/regfile.sv:23$2438_EN[31:0]$2472 [0] $flatten\cpu.\u_id.\rf.$0$memwr$\regs$/work/rtl/cpu/regfile.sv:23$2438_EN[31:0]$2472 [0] $flatten\cpu.\u_id.\rf.$0$memwr$\regs$/work/rtl/cpu/regfile.sv:23$2438_EN[31:0]$2472 [0] $flatten\cpu.\u_id.\rf.$0$memwr$\regs$/work/rtl/cpu/regfile.sv:23$2438_EN[31:0]$2472 [0] $flatten\cpu.\u_id.\rf.$0$memwr$\regs$/work/rtl/cpu/regfile.sv:23$2438_EN[31:0]$2472 [0] $flatten\cpu.\u_id.\rf.$0$memwr$\regs$/work/rtl/cpu/regfile.sv:23$2438_EN[31:0]$2472 [0] $flatten\cpu.\u_id.\rf.$0$memwr$\regs$/work/rtl/cpu/regfile.sv:23$2438_EN[31:0]$2472 [0] $flatten\cpu.\u_id.\rf.$0$memwr$\regs$/work/rtl/cpu/regfile.sv:23$2438_EN[31:0]$2472 [0] $flatten\cpu.\u_id.\rf.$0$memwr$\regs$/work/rtl/cpu/regfile.sv:23$2438_EN[31:0]$2472 [0] $flatten\cpu.\u_id.\rf.$0$memwr$\regs$/work/rtl/cpu/regfile.sv:23$2438_EN[31:0]$2472 [0] $flatten\cpu.\u_id.\rf.$0$memwr$\regs$/work/rtl/cpu/regfile.sv:23$2438_EN[31:0]$2472 [0] $flatten\cpu.\u_id.\rf.$0$memwr$\regs$/work/rtl/cpu/regfile.sv:23$2438_EN[31:0]$2472 [0] $flatten\cpu.\u_id.\rf.$0$memwr$\regs$/work/rtl/cpu/regfile.sv:23$2438_EN[31:0]$2472 [0] $flatten\cpu.\u_id.\rf.$0$memwr$\regs$/work/rtl/cpu/regfile.sv:23$2438_EN[31:0]$2472 [0] $flatten\cpu.\u_id.\rf.$0$memwr$\regs$/work/rtl/cpu/regfile.sv:23$2438_EN[31:0]$2472 [0] }
    Consolidated identical input bits for $mux cell $flatten\cpu.\u_id.\rf.$procmux$3258:
      Old ports: A=0, B=32'11111111111111111111111111111111, Y=$flatten\cpu.\u_id.\rf.$0$memwr$\regs$/work/rtl/cpu/regfile.sv:23$2437_EN[31:0]$2471
      New ports: A=1'0, B=1'1, Y=$flatten\cpu.\u_id.\rf.$0$memwr$\regs$/work/rtl/cpu/regfile.sv:23$2437_EN[31:0]$2471 [0]
      New connections: $flatten\cpu.\u_id.\rf.$0$memwr$\regs$/work/rtl/cpu/regfile.sv:23$2437_EN[31:0]$2471 [31:1] = { $flatten\cpu.\u_id.\rf.$0$memwr$\regs$/work/rtl/cpu/regfile.sv:23$2437_EN[31:0]$2471 [0] $flatten\cpu.\u_id.\rf.$0$memwr$\regs$/work/rtl/cpu/regfile.sv:23$2437_EN[31:0]$2471 [0] $flatten\cpu.\u_id.\rf.$0$memwr$\regs$/work/rtl/cpu/regfile.sv:23$2437_EN[31:0]$2471 [0] $flatten\cpu.\u_id.\rf.$0$memwr$\regs$/work/rtl/cpu/regfile.sv:23$2437_EN[31:0]$2471 [0] $flatten\cpu.\u_id.\rf.$0$memwr$\regs$/work/rtl/cpu/regfile.sv:23$2437_EN[31:0]$2471 [0] $flatten\cpu.\u_id.\rf.$0$memwr$\regs$/work/rtl/cpu/regfile.sv:23$2437_EN[31:0]$2471 [0] $flatten\cpu.\u_id.\rf.$0$memwr$\regs$/work/rtl/cpu/regfile.sv:23$2437_EN[31:0]$2471 [0] $flatten\cpu.\u_id.\rf.$0$memwr$\regs$/work/rtl/cpu/regfile.sv:23$2437_EN[31:0]$2471 [0] $flatten\cpu.\u_id.\rf.$0$memwr$\regs$/work/rtl/cpu/regfile.sv:23$2437_EN[31:0]$2471 [0] $flatten\cpu.\u_id.\rf.$0$memwr$\regs$/work/rtl/cpu/regfile.sv:23$2437_EN[31:0]$2471 [0] $flatten\cpu.\u_id.\rf.$0$memwr$\regs$/work/rtl/cpu/regfile.sv:23$2437_EN[31:0]$2471 [0] $flatten\cpu.\u_id.\rf.$0$memwr$\regs$/work/rtl/cpu/regfile.sv:23$2437_EN[31:0]$2471 [0] $flatten\cpu.\u_id.\rf.$0$memwr$\regs$/work/rtl/cpu/regfile.sv:23$2437_EN[31:0]$2471 [0] $flatten\cpu.\u_id.\rf.$0$memwr$\regs$/work/rtl/cpu/regfile.sv:23$2437_EN[31:0]$2471 [0] $flatten\cpu.\u_id.\rf.$0$memwr$\regs$/work/rtl/cpu/regfile.sv:23$2437_EN[31:0]$2471 [0] $flatten\cpu.\u_id.\rf.$0$memwr$\regs$/work/rtl/cpu/regfile.sv:23$2437_EN[31:0]$2471 [0] $flatten\cpu.\u_id.\rf.$0$memwr$\regs$/work/rtl/cpu/regfile.sv:23$2437_EN[31:0]$2471 [0] $flatten\cpu.\u_id.\rf.$0$memwr$\regs$/work/rtl/cpu/regfile.sv:23$2437_EN[31:0]$2471 [0] $flatten\cpu.\u_id.\rf.$0$memwr$\regs$/work/rtl/cpu/regfile.sv:23$2437_EN[31:0]$2471 [0] $flatten\cpu.\u_id.\rf.$0$memwr$\regs$/work/rtl/cpu/regfile.sv:23$2437_EN[31:0]$2471 [0] $flatten\cpu.\u_id.\rf.$0$memwr$\regs$/work/rtl/cpu/regfile.sv:23$2437_EN[31:0]$2471 [0] $flatten\cpu.\u_id.\rf.$0$memwr$\regs$/work/rtl/cpu/regfile.sv:23$2437_EN[31:0]$2471 [0] $flatten\cpu.\u_id.\rf.$0$memwr$\regs$/work/rtl/cpu/regfile.sv:23$2437_EN[31:0]$2471 [0] $flatten\cpu.\u_id.\rf.$0$memwr$\regs$/work/rtl/cpu/regfile.sv:23$2437_EN[31:0]$2471 [0] $flatten\cpu.\u_id.\rf.$0$memwr$\regs$/work/rtl/cpu/regfile.sv:23$2437_EN[31:0]$2471 [0] $flatten\cpu.\u_id.\rf.$0$memwr$\regs$/work/rtl/cpu/regfile.sv:23$2437_EN[31:0]$2471 [0] $flatten\cpu.\u_id.\rf.$0$memwr$\regs$/work/rtl/cpu/regfile.sv:23$2437_EN[31:0]$2471 [0] $flatten\cpu.\u_id.\rf.$0$memwr$\regs$/work/rtl/cpu/regfile.sv:23$2437_EN[31:0]$2471 [0] $flatten\cpu.\u_id.\rf.$0$memwr$\regs$/work/rtl/cpu/regfile.sv:23$2437_EN[31:0]$2471 [0] $flatten\cpu.\u_id.\rf.$0$memwr$\regs$/work/rtl/cpu/regfile.sv:23$2437_EN[31:0]$2471 [0] $flatten\cpu.\u_id.\rf.$0$memwr$\regs$/work/rtl/cpu/regfile.sv:23$2437_EN[31:0]$2471 [0] }
    Consolidated identical input bits for $mux cell $flatten\cpu.\u_id.\rf.$procmux$3261:
      Old ports: A=0, B=32'11111111111111111111111111111111, Y=$flatten\cpu.\u_id.\rf.$0$memwr$\regs$/work/rtl/cpu/regfile.sv:23$2436_EN[31:0]$2470
      New ports: A=1'0, B=1'1, Y=$flatten\cpu.\u_id.\rf.$0$memwr$\regs$/work/rtl/cpu/regfile.sv:23$2436_EN[31:0]$2470 [0]
      New connections: $flatten\cpu.\u_id.\rf.$0$memwr$\regs$/work/rtl/cpu/regfile.sv:23$2436_EN[31:0]$2470 [31:1] = { $flatten\cpu.\u_id.\rf.$0$memwr$\regs$/work/rtl/cpu/regfile.sv:23$2436_EN[31:0]$2470 [0] $flatten\cpu.\u_id.\rf.$0$memwr$\regs$/work/rtl/cpu/regfile.sv:23$2436_EN[31:0]$2470 [0] $flatten\cpu.\u_id.\rf.$0$memwr$\regs$/work/rtl/cpu/regfile.sv:23$2436_EN[31:0]$2470 [0] $flatten\cpu.\u_id.\rf.$0$memwr$\regs$/work/rtl/cpu/regfile.sv:23$2436_EN[31:0]$2470 [0] $flatten\cpu.\u_id.\rf.$0$memwr$\regs$/work/rtl/cpu/regfile.sv:23$2436_EN[31:0]$2470 [0] $flatten\cpu.\u_id.\rf.$0$memwr$\regs$/work/rtl/cpu/regfile.sv:23$2436_EN[31:0]$2470 [0] $flatten\cpu.\u_id.\rf.$0$memwr$\regs$/work/rtl/cpu/regfile.sv:23$2436_EN[31:0]$2470 [0] $flatten\cpu.\u_id.\rf.$0$memwr$\regs$/work/rtl/cpu/regfile.sv:23$2436_EN[31:0]$2470 [0] $flatten\cpu.\u_id.\rf.$0$memwr$\regs$/work/rtl/cpu/regfile.sv:23$2436_EN[31:0]$2470 [0] $flatten\cpu.\u_id.\rf.$0$memwr$\regs$/work/rtl/cpu/regfile.sv:23$2436_EN[31:0]$2470 [0] $flatten\cpu.\u_id.\rf.$0$memwr$\regs$/work/rtl/cpu/regfile.sv:23$2436_EN[31:0]$2470 [0] $flatten\cpu.\u_id.\rf.$0$memwr$\regs$/work/rtl/cpu/regfile.sv:23$2436_EN[31:0]$2470 [0] $flatten\cpu.\u_id.\rf.$0$memwr$\regs$/work/rtl/cpu/regfile.sv:23$2436_EN[31:0]$2470 [0] $flatten\cpu.\u_id.\rf.$0$memwr$\regs$/work/rtl/cpu/regfile.sv:23$2436_EN[31:0]$2470 [0] $flatten\cpu.\u_id.\rf.$0$memwr$\regs$/work/rtl/cpu/regfile.sv:23$2436_EN[31:0]$2470 [0] $flatten\cpu.\u_id.\rf.$0$memwr$\regs$/work/rtl/cpu/regfile.sv:23$2436_EN[31:0]$2470 [0] $flatten\cpu.\u_id.\rf.$0$memwr$\regs$/work/rtl/cpu/regfile.sv:23$2436_EN[31:0]$2470 [0] $flatten\cpu.\u_id.\rf.$0$memwr$\regs$/work/rtl/cpu/regfile.sv:23$2436_EN[31:0]$2470 [0] $flatten\cpu.\u_id.\rf.$0$memwr$\regs$/work/rtl/cpu/regfile.sv:23$2436_EN[31:0]$2470 [0] $flatten\cpu.\u_id.\rf.$0$memwr$\regs$/work/rtl/cpu/regfile.sv:23$2436_EN[31:0]$2470 [0] $flatten\cpu.\u_id.\rf.$0$memwr$\regs$/work/rtl/cpu/regfile.sv:23$2436_EN[31:0]$2470 [0] $flatten\cpu.\u_id.\rf.$0$memwr$\regs$/work/rtl/cpu/regfile.sv:23$2436_EN[31:0]$2470 [0] $flatten\cpu.\u_id.\rf.$0$memwr$\regs$/work/rtl/cpu/regfile.sv:23$2436_EN[31:0]$2470 [0] $flatten\cpu.\u_id.\rf.$0$memwr$\regs$/work/rtl/cpu/regfile.sv:23$2436_EN[31:0]$2470 [0] $flatten\cpu.\u_id.\rf.$0$memwr$\regs$/work/rtl/cpu/regfile.sv:23$2436_EN[31:0]$2470 [0] $flatten\cpu.\u_id.\rf.$0$memwr$\regs$/work/rtl/cpu/regfile.sv:23$2436_EN[31:0]$2470 [0] $flatten\cpu.\u_id.\rf.$0$memwr$\regs$/work/rtl/cpu/regfile.sv:23$2436_EN[31:0]$2470 [0] $flatten\cpu.\u_id.\rf.$0$memwr$\regs$/work/rtl/cpu/regfile.sv:23$2436_EN[31:0]$2470 [0] $flatten\cpu.\u_id.\rf.$0$memwr$\regs$/work/rtl/cpu/regfile.sv:23$2436_EN[31:0]$2470 [0] $flatten\cpu.\u_id.\rf.$0$memwr$\regs$/work/rtl/cpu/regfile.sv:23$2436_EN[31:0]$2470 [0] $flatten\cpu.\u_id.\rf.$0$memwr$\regs$/work/rtl/cpu/regfile.sv:23$2436_EN[31:0]$2470 [0] }
    Consolidated identical input bits for $mux cell $flatten\cpu.\u_id.\rf.$procmux$3264:
      Old ports: A=0, B=32'11111111111111111111111111111111, Y=$flatten\cpu.\u_id.\rf.$0$memwr$\regs$/work/rtl/cpu/regfile.sv:23$2435_EN[31:0]$2469
      New ports: A=1'0, B=1'1, Y=$flatten\cpu.\u_id.\rf.$0$memwr$\regs$/work/rtl/cpu/regfile.sv:23$2435_EN[31:0]$2469 [0]
      New connections: $flatten\cpu.\u_id.\rf.$0$memwr$\regs$/work/rtl/cpu/regfile.sv:23$2435_EN[31:0]$2469 [31:1] = { $flatten\cpu.\u_id.\rf.$0$memwr$\regs$/work/rtl/cpu/regfile.sv:23$2435_EN[31:0]$2469 [0] $flatten\cpu.\u_id.\rf.$0$memwr$\regs$/work/rtl/cpu/regfile.sv:23$2435_EN[31:0]$2469 [0] $flatten\cpu.\u_id.\rf.$0$memwr$\regs$/work/rtl/cpu/regfile.sv:23$2435_EN[31:0]$2469 [0] $flatten\cpu.\u_id.\rf.$0$memwr$\regs$/work/rtl/cpu/regfile.sv:23$2435_EN[31:0]$2469 [0] $flatten\cpu.\u_id.\rf.$0$memwr$\regs$/work/rtl/cpu/regfile.sv:23$2435_EN[31:0]$2469 [0] $flatten\cpu.\u_id.\rf.$0$memwr$\regs$/work/rtl/cpu/regfile.sv:23$2435_EN[31:0]$2469 [0] $flatten\cpu.\u_id.\rf.$0$memwr$\regs$/work/rtl/cpu/regfile.sv:23$2435_EN[31:0]$2469 [0] $flatten\cpu.\u_id.\rf.$0$memwr$\regs$/work/rtl/cpu/regfile.sv:23$2435_EN[31:0]$2469 [0] $flatten\cpu.\u_id.\rf.$0$memwr$\regs$/work/rtl/cpu/regfile.sv:23$2435_EN[31:0]$2469 [0] $flatten\cpu.\u_id.\rf.$0$memwr$\regs$/work/rtl/cpu/regfile.sv:23$2435_EN[31:0]$2469 [0] $flatten\cpu.\u_id.\rf.$0$memwr$\regs$/work/rtl/cpu/regfile.sv:23$2435_EN[31:0]$2469 [0] $flatten\cpu.\u_id.\rf.$0$memwr$\regs$/work/rtl/cpu/regfile.sv:23$2435_EN[31:0]$2469 [0] $flatten\cpu.\u_id.\rf.$0$memwr$\regs$/work/rtl/cpu/regfile.sv:23$2435_EN[31:0]$2469 [0] $flatten\cpu.\u_id.\rf.$0$memwr$\regs$/work/rtl/cpu/regfile.sv:23$2435_EN[31:0]$2469 [0] $flatten\cpu.\u_id.\rf.$0$memwr$\regs$/work/rtl/cpu/regfile.sv:23$2435_EN[31:0]$2469 [0] $flatten\cpu.\u_id.\rf.$0$memwr$\regs$/work/rtl/cpu/regfile.sv:23$2435_EN[31:0]$2469 [0] $flatten\cpu.\u_id.\rf.$0$memwr$\regs$/work/rtl/cpu/regfile.sv:23$2435_EN[31:0]$2469 [0] $flatten\cpu.\u_id.\rf.$0$memwr$\regs$/work/rtl/cpu/regfile.sv:23$2435_EN[31:0]$2469 [0] $flatten\cpu.\u_id.\rf.$0$memwr$\regs$/work/rtl/cpu/regfile.sv:23$2435_EN[31:0]$2469 [0] $flatten\cpu.\u_id.\rf.$0$memwr$\regs$/work/rtl/cpu/regfile.sv:23$2435_EN[31:0]$2469 [0] $flatten\cpu.\u_id.\rf.$0$memwr$\regs$/work/rtl/cpu/regfile.sv:23$2435_EN[31:0]$2469 [0] $flatten\cpu.\u_id.\rf.$0$memwr$\regs$/work/rtl/cpu/regfile.sv:23$2435_EN[31:0]$2469 [0] $flatten\cpu.\u_id.\rf.$0$memwr$\regs$/work/rtl/cpu/regfile.sv:23$2435_EN[31:0]$2469 [0] $flatten\cpu.\u_id.\rf.$0$memwr$\regs$/work/rtl/cpu/regfile.sv:23$2435_EN[31:0]$2469 [0] $flatten\cpu.\u_id.\rf.$0$memwr$\regs$/work/rtl/cpu/regfile.sv:23$2435_EN[31:0]$2469 [0] $flatten\cpu.\u_id.\rf.$0$memwr$\regs$/work/rtl/cpu/regfile.sv:23$2435_EN[31:0]$2469 [0] $flatten\cpu.\u_id.\rf.$0$memwr$\regs$/work/rtl/cpu/regfile.sv:23$2435_EN[31:0]$2469 [0] $flatten\cpu.\u_id.\rf.$0$memwr$\regs$/work/rtl/cpu/regfile.sv:23$2435_EN[31:0]$2469 [0] $flatten\cpu.\u_id.\rf.$0$memwr$\regs$/work/rtl/cpu/regfile.sv:23$2435_EN[31:0]$2469 [0] $flatten\cpu.\u_id.\rf.$0$memwr$\regs$/work/rtl/cpu/regfile.sv:23$2435_EN[31:0]$2469 [0] $flatten\cpu.\u_id.\rf.$0$memwr$\regs$/work/rtl/cpu/regfile.sv:23$2435_EN[31:0]$2469 [0] }
    Consolidated identical input bits for $mux cell $flatten\cpu.\u_id.\rf.$procmux$3267:
      Old ports: A=0, B=32'11111111111111111111111111111111, Y=$flatten\cpu.\u_id.\rf.$0$memwr$\regs$/work/rtl/cpu/regfile.sv:23$2434_EN[31:0]$2468
      New ports: A=1'0, B=1'1, Y=$flatten\cpu.\u_id.\rf.$0$memwr$\regs$/work/rtl/cpu/regfile.sv:23$2434_EN[31:0]$2468 [0]
      New connections: $flatten\cpu.\u_id.\rf.$0$memwr$\regs$/work/rtl/cpu/regfile.sv:23$2434_EN[31:0]$2468 [31:1] = { $flatten\cpu.\u_id.\rf.$0$memwr$\regs$/work/rtl/cpu/regfile.sv:23$2434_EN[31:0]$2468 [0] $flatten\cpu.\u_id.\rf.$0$memwr$\regs$/work/rtl/cpu/regfile.sv:23$2434_EN[31:0]$2468 [0] $flatten\cpu.\u_id.\rf.$0$memwr$\regs$/work/rtl/cpu/regfile.sv:23$2434_EN[31:0]$2468 [0] $flatten\cpu.\u_id.\rf.$0$memwr$\regs$/work/rtl/cpu/regfile.sv:23$2434_EN[31:0]$2468 [0] $flatten\cpu.\u_id.\rf.$0$memwr$\regs$/work/rtl/cpu/regfile.sv:23$2434_EN[31:0]$2468 [0] $flatten\cpu.\u_id.\rf.$0$memwr$\regs$/work/rtl/cpu/regfile.sv:23$2434_EN[31:0]$2468 [0] $flatten\cpu.\u_id.\rf.$0$memwr$\regs$/work/rtl/cpu/regfile.sv:23$2434_EN[31:0]$2468 [0] $flatten\cpu.\u_id.\rf.$0$memwr$\regs$/work/rtl/cpu/regfile.sv:23$2434_EN[31:0]$2468 [0] $flatten\cpu.\u_id.\rf.$0$memwr$\regs$/work/rtl/cpu/regfile.sv:23$2434_EN[31:0]$2468 [0] $flatten\cpu.\u_id.\rf.$0$memwr$\regs$/work/rtl/cpu/regfile.sv:23$2434_EN[31:0]$2468 [0] $flatten\cpu.\u_id.\rf.$0$memwr$\regs$/work/rtl/cpu/regfile.sv:23$2434_EN[31:0]$2468 [0] $flatten\cpu.\u_id.\rf.$0$memwr$\regs$/work/rtl/cpu/regfile.sv:23$2434_EN[31:0]$2468 [0] $flatten\cpu.\u_id.\rf.$0$memwr$\regs$/work/rtl/cpu/regfile.sv:23$2434_EN[31:0]$2468 [0] $flatten\cpu.\u_id.\rf.$0$memwr$\regs$/work/rtl/cpu/regfile.sv:23$2434_EN[31:0]$2468 [0] $flatten\cpu.\u_id.\rf.$0$memwr$\regs$/work/rtl/cpu/regfile.sv:23$2434_EN[31:0]$2468 [0] $flatten\cpu.\u_id.\rf.$0$memwr$\regs$/work/rtl/cpu/regfile.sv:23$2434_EN[31:0]$2468 [0] $flatten\cpu.\u_id.\rf.$0$memwr$\regs$/work/rtl/cpu/regfile.sv:23$2434_EN[31:0]$2468 [0] $flatten\cpu.\u_id.\rf.$0$memwr$\regs$/work/rtl/cpu/regfile.sv:23$2434_EN[31:0]$2468 [0] $flatten\cpu.\u_id.\rf.$0$memwr$\regs$/work/rtl/cpu/regfile.sv:23$2434_EN[31:0]$2468 [0] $flatten\cpu.\u_id.\rf.$0$memwr$\regs$/work/rtl/cpu/regfile.sv:23$2434_EN[31:0]$2468 [0] $flatten\cpu.\u_id.\rf.$0$memwr$\regs$/work/rtl/cpu/regfile.sv:23$2434_EN[31:0]$2468 [0] $flatten\cpu.\u_id.\rf.$0$memwr$\regs$/work/rtl/cpu/regfile.sv:23$2434_EN[31:0]$2468 [0] $flatten\cpu.\u_id.\rf.$0$memwr$\regs$/work/rtl/cpu/regfile.sv:23$2434_EN[31:0]$2468 [0] $flatten\cpu.\u_id.\rf.$0$memwr$\regs$/work/rtl/cpu/regfile.sv:23$2434_EN[31:0]$2468 [0] $flatten\cpu.\u_id.\rf.$0$memwr$\regs$/work/rtl/cpu/regfile.sv:23$2434_EN[31:0]$2468 [0] $flatten\cpu.\u_id.\rf.$0$memwr$\regs$/work/rtl/cpu/regfile.sv:23$2434_EN[31:0]$2468 [0] $flatten\cpu.\u_id.\rf.$0$memwr$\regs$/work/rtl/cpu/regfile.sv:23$2434_EN[31:0]$2468 [0] $flatten\cpu.\u_id.\rf.$0$memwr$\regs$/work/rtl/cpu/regfile.sv:23$2434_EN[31:0]$2468 [0] $flatten\cpu.\u_id.\rf.$0$memwr$\regs$/work/rtl/cpu/regfile.sv:23$2434_EN[31:0]$2468 [0] $flatten\cpu.\u_id.\rf.$0$memwr$\regs$/work/rtl/cpu/regfile.sv:23$2434_EN[31:0]$2468 [0] $flatten\cpu.\u_id.\rf.$0$memwr$\regs$/work/rtl/cpu/regfile.sv:23$2434_EN[31:0]$2468 [0] }
    Consolidated identical input bits for $mux cell $flatten\cpu.\u_id.\rf.$procmux$3270:
      Old ports: A=0, B=32'11111111111111111111111111111111, Y=$flatten\cpu.\u_id.\rf.$0$memwr$\regs$/work/rtl/cpu/regfile.sv:23$2433_EN[31:0]$2467
      New ports: A=1'0, B=1'1, Y=$flatten\cpu.\u_id.\rf.$0$memwr$\regs$/work/rtl/cpu/regfile.sv:23$2433_EN[31:0]$2467 [0]
      New connections: $flatten\cpu.\u_id.\rf.$0$memwr$\regs$/work/rtl/cpu/regfile.sv:23$2433_EN[31:0]$2467 [31:1] = { $flatten\cpu.\u_id.\rf.$0$memwr$\regs$/work/rtl/cpu/regfile.sv:23$2433_EN[31:0]$2467 [0] $flatten\cpu.\u_id.\rf.$0$memwr$\regs$/work/rtl/cpu/regfile.sv:23$2433_EN[31:0]$2467 [0] $flatten\cpu.\u_id.\rf.$0$memwr$\regs$/work/rtl/cpu/regfile.sv:23$2433_EN[31:0]$2467 [0] $flatten\cpu.\u_id.\rf.$0$memwr$\regs$/work/rtl/cpu/regfile.sv:23$2433_EN[31:0]$2467 [0] $flatten\cpu.\u_id.\rf.$0$memwr$\regs$/work/rtl/cpu/regfile.sv:23$2433_EN[31:0]$2467 [0] $flatten\cpu.\u_id.\rf.$0$memwr$\regs$/work/rtl/cpu/regfile.sv:23$2433_EN[31:0]$2467 [0] $flatten\cpu.\u_id.\rf.$0$memwr$\regs$/work/rtl/cpu/regfile.sv:23$2433_EN[31:0]$2467 [0] $flatten\cpu.\u_id.\rf.$0$memwr$\regs$/work/rtl/cpu/regfile.sv:23$2433_EN[31:0]$2467 [0] $flatten\cpu.\u_id.\rf.$0$memwr$\regs$/work/rtl/cpu/regfile.sv:23$2433_EN[31:0]$2467 [0] $flatten\cpu.\u_id.\rf.$0$memwr$\regs$/work/rtl/cpu/regfile.sv:23$2433_EN[31:0]$2467 [0] $flatten\cpu.\u_id.\rf.$0$memwr$\regs$/work/rtl/cpu/regfile.sv:23$2433_EN[31:0]$2467 [0] $flatten\cpu.\u_id.\rf.$0$memwr$\regs$/work/rtl/cpu/regfile.sv:23$2433_EN[31:0]$2467 [0] $flatten\cpu.\u_id.\rf.$0$memwr$\regs$/work/rtl/cpu/regfile.sv:23$2433_EN[31:0]$2467 [0] $flatten\cpu.\u_id.\rf.$0$memwr$\regs$/work/rtl/cpu/regfile.sv:23$2433_EN[31:0]$2467 [0] $flatten\cpu.\u_id.\rf.$0$memwr$\regs$/work/rtl/cpu/regfile.sv:23$2433_EN[31:0]$2467 [0] $flatten\cpu.\u_id.\rf.$0$memwr$\regs$/work/rtl/cpu/regfile.sv:23$2433_EN[31:0]$2467 [0] $flatten\cpu.\u_id.\rf.$0$memwr$\regs$/work/rtl/cpu/regfile.sv:23$2433_EN[31:0]$2467 [0] $flatten\cpu.\u_id.\rf.$0$memwr$\regs$/work/rtl/cpu/regfile.sv:23$2433_EN[31:0]$2467 [0] $flatten\cpu.\u_id.\rf.$0$memwr$\regs$/work/rtl/cpu/regfile.sv:23$2433_EN[31:0]$2467 [0] $flatten\cpu.\u_id.\rf.$0$memwr$\regs$/work/rtl/cpu/regfile.sv:23$2433_EN[31:0]$2467 [0] $flatten\cpu.\u_id.\rf.$0$memwr$\regs$/work/rtl/cpu/regfile.sv:23$2433_EN[31:0]$2467 [0] $flatten\cpu.\u_id.\rf.$0$memwr$\regs$/work/rtl/cpu/regfile.sv:23$2433_EN[31:0]$2467 [0] $flatten\cpu.\u_id.\rf.$0$memwr$\regs$/work/rtl/cpu/regfile.sv:23$2433_EN[31:0]$2467 [0] $flatten\cpu.\u_id.\rf.$0$memwr$\regs$/work/rtl/cpu/regfile.sv:23$2433_EN[31:0]$2467 [0] $flatten\cpu.\u_id.\rf.$0$memwr$\regs$/work/rtl/cpu/regfile.sv:23$2433_EN[31:0]$2467 [0] $flatten\cpu.\u_id.\rf.$0$memwr$\regs$/work/rtl/cpu/regfile.sv:23$2433_EN[31:0]$2467 [0] $flatten\cpu.\u_id.\rf.$0$memwr$\regs$/work/rtl/cpu/regfile.sv:23$2433_EN[31:0]$2467 [0] $flatten\cpu.\u_id.\rf.$0$memwr$\regs$/work/rtl/cpu/regfile.sv:23$2433_EN[31:0]$2467 [0] $flatten\cpu.\u_id.\rf.$0$memwr$\regs$/work/rtl/cpu/regfile.sv:23$2433_EN[31:0]$2467 [0] $flatten\cpu.\u_id.\rf.$0$memwr$\regs$/work/rtl/cpu/regfile.sv:23$2433_EN[31:0]$2467 [0] $flatten\cpu.\u_id.\rf.$0$memwr$\regs$/work/rtl/cpu/regfile.sv:23$2433_EN[31:0]$2467 [0] }
    Consolidated identical input bits for $mux cell $flatten\cpu.\u_id.\rf.$procmux$3273:
      Old ports: A=0, B=32'11111111111111111111111111111111, Y=$flatten\cpu.\u_id.\rf.$0$memwr$\regs$/work/rtl/cpu/regfile.sv:23$2432_EN[31:0]$2466
      New ports: A=1'0, B=1'1, Y=$flatten\cpu.\u_id.\rf.$0$memwr$\regs$/work/rtl/cpu/regfile.sv:23$2432_EN[31:0]$2466 [0]
      New connections: $flatten\cpu.\u_id.\rf.$0$memwr$\regs$/work/rtl/cpu/regfile.sv:23$2432_EN[31:0]$2466 [31:1] = { $flatten\cpu.\u_id.\rf.$0$memwr$\regs$/work/rtl/cpu/regfile.sv:23$2432_EN[31:0]$2466 [0] $flatten\cpu.\u_id.\rf.$0$memwr$\regs$/work/rtl/cpu/regfile.sv:23$2432_EN[31:0]$2466 [0] $flatten\cpu.\u_id.\rf.$0$memwr$\regs$/work/rtl/cpu/regfile.sv:23$2432_EN[31:0]$2466 [0] $flatten\cpu.\u_id.\rf.$0$memwr$\regs$/work/rtl/cpu/regfile.sv:23$2432_EN[31:0]$2466 [0] $flatten\cpu.\u_id.\rf.$0$memwr$\regs$/work/rtl/cpu/regfile.sv:23$2432_EN[31:0]$2466 [0] $flatten\cpu.\u_id.\rf.$0$memwr$\regs$/work/rtl/cpu/regfile.sv:23$2432_EN[31:0]$2466 [0] $flatten\cpu.\u_id.\rf.$0$memwr$\regs$/work/rtl/cpu/regfile.sv:23$2432_EN[31:0]$2466 [0] $flatten\cpu.\u_id.\rf.$0$memwr$\regs$/work/rtl/cpu/regfile.sv:23$2432_EN[31:0]$2466 [0] $flatten\cpu.\u_id.\rf.$0$memwr$\regs$/work/rtl/cpu/regfile.sv:23$2432_EN[31:0]$2466 [0] $flatten\cpu.\u_id.\rf.$0$memwr$\regs$/work/rtl/cpu/regfile.sv:23$2432_EN[31:0]$2466 [0] $flatten\cpu.\u_id.\rf.$0$memwr$\regs$/work/rtl/cpu/regfile.sv:23$2432_EN[31:0]$2466 [0] $flatten\cpu.\u_id.\rf.$0$memwr$\regs$/work/rtl/cpu/regfile.sv:23$2432_EN[31:0]$2466 [0] $flatten\cpu.\u_id.\rf.$0$memwr$\regs$/work/rtl/cpu/regfile.sv:23$2432_EN[31:0]$2466 [0] $flatten\cpu.\u_id.\rf.$0$memwr$\regs$/work/rtl/cpu/regfile.sv:23$2432_EN[31:0]$2466 [0] $flatten\cpu.\u_id.\rf.$0$memwr$\regs$/work/rtl/cpu/regfile.sv:23$2432_EN[31:0]$2466 [0] $flatten\cpu.\u_id.\rf.$0$memwr$\regs$/work/rtl/cpu/regfile.sv:23$2432_EN[31:0]$2466 [0] $flatten\cpu.\u_id.\rf.$0$memwr$\regs$/work/rtl/cpu/regfile.sv:23$2432_EN[31:0]$2466 [0] $flatten\cpu.\u_id.\rf.$0$memwr$\regs$/work/rtl/cpu/regfile.sv:23$2432_EN[31:0]$2466 [0] $flatten\cpu.\u_id.\rf.$0$memwr$\regs$/work/rtl/cpu/regfile.sv:23$2432_EN[31:0]$2466 [0] $flatten\cpu.\u_id.\rf.$0$memwr$\regs$/work/rtl/cpu/regfile.sv:23$2432_EN[31:0]$2466 [0] $flatten\cpu.\u_id.\rf.$0$memwr$\regs$/work/rtl/cpu/regfile.sv:23$2432_EN[31:0]$2466 [0] $flatten\cpu.\u_id.\rf.$0$memwr$\regs$/work/rtl/cpu/regfile.sv:23$2432_EN[31:0]$2466 [0] $flatten\cpu.\u_id.\rf.$0$memwr$\regs$/work/rtl/cpu/regfile.sv:23$2432_EN[31:0]$2466 [0] $flatten\cpu.\u_id.\rf.$0$memwr$\regs$/work/rtl/cpu/regfile.sv:23$2432_EN[31:0]$2466 [0] $flatten\cpu.\u_id.\rf.$0$memwr$\regs$/work/rtl/cpu/regfile.sv:23$2432_EN[31:0]$2466 [0] $flatten\cpu.\u_id.\rf.$0$memwr$\regs$/work/rtl/cpu/regfile.sv:23$2432_EN[31:0]$2466 [0] $flatten\cpu.\u_id.\rf.$0$memwr$\regs$/work/rtl/cpu/regfile.sv:23$2432_EN[31:0]$2466 [0] $flatten\cpu.\u_id.\rf.$0$memwr$\regs$/work/rtl/cpu/regfile.sv:23$2432_EN[31:0]$2466 [0] $flatten\cpu.\u_id.\rf.$0$memwr$\regs$/work/rtl/cpu/regfile.sv:23$2432_EN[31:0]$2466 [0] $flatten\cpu.\u_id.\rf.$0$memwr$\regs$/work/rtl/cpu/regfile.sv:23$2432_EN[31:0]$2466 [0] $flatten\cpu.\u_id.\rf.$0$memwr$\regs$/work/rtl/cpu/regfile.sv:23$2432_EN[31:0]$2466 [0] }
    Consolidated identical input bits for $mux cell $flatten\cpu.\u_id.\rf.$procmux$3276:
      Old ports: A=0, B=32'11111111111111111111111111111111, Y=$flatten\cpu.\u_id.\rf.$0$memwr$\regs$/work/rtl/cpu/regfile.sv:23$2431_EN[31:0]$2465
      New ports: A=1'0, B=1'1, Y=$flatten\cpu.\u_id.\rf.$0$memwr$\regs$/work/rtl/cpu/regfile.sv:23$2431_EN[31:0]$2465 [0]
      New connections: $flatten\cpu.\u_id.\rf.$0$memwr$\regs$/work/rtl/cpu/regfile.sv:23$2431_EN[31:0]$2465 [31:1] = { $flatten\cpu.\u_id.\rf.$0$memwr$\regs$/work/rtl/cpu/regfile.sv:23$2431_EN[31:0]$2465 [0] $flatten\cpu.\u_id.\rf.$0$memwr$\regs$/work/rtl/cpu/regfile.sv:23$2431_EN[31:0]$2465 [0] $flatten\cpu.\u_id.\rf.$0$memwr$\regs$/work/rtl/cpu/regfile.sv:23$2431_EN[31:0]$2465 [0] $flatten\cpu.\u_id.\rf.$0$memwr$\regs$/work/rtl/cpu/regfile.sv:23$2431_EN[31:0]$2465 [0] $flatten\cpu.\u_id.\rf.$0$memwr$\regs$/work/rtl/cpu/regfile.sv:23$2431_EN[31:0]$2465 [0] $flatten\cpu.\u_id.\rf.$0$memwr$\regs$/work/rtl/cpu/regfile.sv:23$2431_EN[31:0]$2465 [0] $flatten\cpu.\u_id.\rf.$0$memwr$\regs$/work/rtl/cpu/regfile.sv:23$2431_EN[31:0]$2465 [0] $flatten\cpu.\u_id.\rf.$0$memwr$\regs$/work/rtl/cpu/regfile.sv:23$2431_EN[31:0]$2465 [0] $flatten\cpu.\u_id.\rf.$0$memwr$\regs$/work/rtl/cpu/regfile.sv:23$2431_EN[31:0]$2465 [0] $flatten\cpu.\u_id.\rf.$0$memwr$\regs$/work/rtl/cpu/regfile.sv:23$2431_EN[31:0]$2465 [0] $flatten\cpu.\u_id.\rf.$0$memwr$\regs$/work/rtl/cpu/regfile.sv:23$2431_EN[31:0]$2465 [0] $flatten\cpu.\u_id.\rf.$0$memwr$\regs$/work/rtl/cpu/regfile.sv:23$2431_EN[31:0]$2465 [0] $flatten\cpu.\u_id.\rf.$0$memwr$\regs$/work/rtl/cpu/regfile.sv:23$2431_EN[31:0]$2465 [0] $flatten\cpu.\u_id.\rf.$0$memwr$\regs$/work/rtl/cpu/regfile.sv:23$2431_EN[31:0]$2465 [0] $flatten\cpu.\u_id.\rf.$0$memwr$\regs$/work/rtl/cpu/regfile.sv:23$2431_EN[31:0]$2465 [0] $flatten\cpu.\u_id.\rf.$0$memwr$\regs$/work/rtl/cpu/regfile.sv:23$2431_EN[31:0]$2465 [0] $flatten\cpu.\u_id.\rf.$0$memwr$\regs$/work/rtl/cpu/regfile.sv:23$2431_EN[31:0]$2465 [0] $flatten\cpu.\u_id.\rf.$0$memwr$\regs$/work/rtl/cpu/regfile.sv:23$2431_EN[31:0]$2465 [0] $flatten\cpu.\u_id.\rf.$0$memwr$\regs$/work/rtl/cpu/regfile.sv:23$2431_EN[31:0]$2465 [0] $flatten\cpu.\u_id.\rf.$0$memwr$\regs$/work/rtl/cpu/regfile.sv:23$2431_EN[31:0]$2465 [0] $flatten\cpu.\u_id.\rf.$0$memwr$\regs$/work/rtl/cpu/regfile.sv:23$2431_EN[31:0]$2465 [0] $flatten\cpu.\u_id.\rf.$0$memwr$\regs$/work/rtl/cpu/regfile.sv:23$2431_EN[31:0]$2465 [0] $flatten\cpu.\u_id.\rf.$0$memwr$\regs$/work/rtl/cpu/regfile.sv:23$2431_EN[31:0]$2465 [0] $flatten\cpu.\u_id.\rf.$0$memwr$\regs$/work/rtl/cpu/regfile.sv:23$2431_EN[31:0]$2465 [0] $flatten\cpu.\u_id.\rf.$0$memwr$\regs$/work/rtl/cpu/regfile.sv:23$2431_EN[31:0]$2465 [0] $flatten\cpu.\u_id.\rf.$0$memwr$\regs$/work/rtl/cpu/regfile.sv:23$2431_EN[31:0]$2465 [0] $flatten\cpu.\u_id.\rf.$0$memwr$\regs$/work/rtl/cpu/regfile.sv:23$2431_EN[31:0]$2465 [0] $flatten\cpu.\u_id.\rf.$0$memwr$\regs$/work/rtl/cpu/regfile.sv:23$2431_EN[31:0]$2465 [0] $flatten\cpu.\u_id.\rf.$0$memwr$\regs$/work/rtl/cpu/regfile.sv:23$2431_EN[31:0]$2465 [0] $flatten\cpu.\u_id.\rf.$0$memwr$\regs$/work/rtl/cpu/regfile.sv:23$2431_EN[31:0]$2465 [0] $flatten\cpu.\u_id.\rf.$0$memwr$\regs$/work/rtl/cpu/regfile.sv:23$2431_EN[31:0]$2465 [0] }
    Consolidated identical input bits for $mux cell $flatten\cpu.\u_id.\rf.$procmux$3279:
      Old ports: A=0, B=32'11111111111111111111111111111111, Y=$flatten\cpu.\u_id.\rf.$0$memwr$\regs$/work/rtl/cpu/regfile.sv:23$2430_EN[31:0]$2464
      New ports: A=1'0, B=1'1, Y=$flatten\cpu.\u_id.\rf.$0$memwr$\regs$/work/rtl/cpu/regfile.sv:23$2430_EN[31:0]$2464 [0]
      New connections: $flatten\cpu.\u_id.\rf.$0$memwr$\regs$/work/rtl/cpu/regfile.sv:23$2430_EN[31:0]$2464 [31:1] = { $flatten\cpu.\u_id.\rf.$0$memwr$\regs$/work/rtl/cpu/regfile.sv:23$2430_EN[31:0]$2464 [0] $flatten\cpu.\u_id.\rf.$0$memwr$\regs$/work/rtl/cpu/regfile.sv:23$2430_EN[31:0]$2464 [0] $flatten\cpu.\u_id.\rf.$0$memwr$\regs$/work/rtl/cpu/regfile.sv:23$2430_EN[31:0]$2464 [0] $flatten\cpu.\u_id.\rf.$0$memwr$\regs$/work/rtl/cpu/regfile.sv:23$2430_EN[31:0]$2464 [0] $flatten\cpu.\u_id.\rf.$0$memwr$\regs$/work/rtl/cpu/regfile.sv:23$2430_EN[31:0]$2464 [0] $flatten\cpu.\u_id.\rf.$0$memwr$\regs$/work/rtl/cpu/regfile.sv:23$2430_EN[31:0]$2464 [0] $flatten\cpu.\u_id.\rf.$0$memwr$\regs$/work/rtl/cpu/regfile.sv:23$2430_EN[31:0]$2464 [0] $flatten\cpu.\u_id.\rf.$0$memwr$\regs$/work/rtl/cpu/regfile.sv:23$2430_EN[31:0]$2464 [0] $flatten\cpu.\u_id.\rf.$0$memwr$\regs$/work/rtl/cpu/regfile.sv:23$2430_EN[31:0]$2464 [0] $flatten\cpu.\u_id.\rf.$0$memwr$\regs$/work/rtl/cpu/regfile.sv:23$2430_EN[31:0]$2464 [0] $flatten\cpu.\u_id.\rf.$0$memwr$\regs$/work/rtl/cpu/regfile.sv:23$2430_EN[31:0]$2464 [0] $flatten\cpu.\u_id.\rf.$0$memwr$\regs$/work/rtl/cpu/regfile.sv:23$2430_EN[31:0]$2464 [0] $flatten\cpu.\u_id.\rf.$0$memwr$\regs$/work/rtl/cpu/regfile.sv:23$2430_EN[31:0]$2464 [0] $flatten\cpu.\u_id.\rf.$0$memwr$\regs$/work/rtl/cpu/regfile.sv:23$2430_EN[31:0]$2464 [0] $flatten\cpu.\u_id.\rf.$0$memwr$\regs$/work/rtl/cpu/regfile.sv:23$2430_EN[31:0]$2464 [0] $flatten\cpu.\u_id.\rf.$0$memwr$\regs$/work/rtl/cpu/regfile.sv:23$2430_EN[31:0]$2464 [0] $flatten\cpu.\u_id.\rf.$0$memwr$\regs$/work/rtl/cpu/regfile.sv:23$2430_EN[31:0]$2464 [0] $flatten\cpu.\u_id.\rf.$0$memwr$\regs$/work/rtl/cpu/regfile.sv:23$2430_EN[31:0]$2464 [0] $flatten\cpu.\u_id.\rf.$0$memwr$\regs$/work/rtl/cpu/regfile.sv:23$2430_EN[31:0]$2464 [0] $flatten\cpu.\u_id.\rf.$0$memwr$\regs$/work/rtl/cpu/regfile.sv:23$2430_EN[31:0]$2464 [0] $flatten\cpu.\u_id.\rf.$0$memwr$\regs$/work/rtl/cpu/regfile.sv:23$2430_EN[31:0]$2464 [0] $flatten\cpu.\u_id.\rf.$0$memwr$\regs$/work/rtl/cpu/regfile.sv:23$2430_EN[31:0]$2464 [0] $flatten\cpu.\u_id.\rf.$0$memwr$\regs$/work/rtl/cpu/regfile.sv:23$2430_EN[31:0]$2464 [0] $flatten\cpu.\u_id.\rf.$0$memwr$\regs$/work/rtl/cpu/regfile.sv:23$2430_EN[31:0]$2464 [0] $flatten\cpu.\u_id.\rf.$0$memwr$\regs$/work/rtl/cpu/regfile.sv:23$2430_EN[31:0]$2464 [0] $flatten\cpu.\u_id.\rf.$0$memwr$\regs$/work/rtl/cpu/regfile.sv:23$2430_EN[31:0]$2464 [0] $flatten\cpu.\u_id.\rf.$0$memwr$\regs$/work/rtl/cpu/regfile.sv:23$2430_EN[31:0]$2464 [0] $flatten\cpu.\u_id.\rf.$0$memwr$\regs$/work/rtl/cpu/regfile.sv:23$2430_EN[31:0]$2464 [0] $flatten\cpu.\u_id.\rf.$0$memwr$\regs$/work/rtl/cpu/regfile.sv:23$2430_EN[31:0]$2464 [0] $flatten\cpu.\u_id.\rf.$0$memwr$\regs$/work/rtl/cpu/regfile.sv:23$2430_EN[31:0]$2464 [0] $flatten\cpu.\u_id.\rf.$0$memwr$\regs$/work/rtl/cpu/regfile.sv:23$2430_EN[31:0]$2464 [0] }
    Consolidated identical input bits for $mux cell $flatten\cpu.\u_id.\rf.$procmux$3282:
      Old ports: A=0, B=32'11111111111111111111111111111111, Y=$flatten\cpu.\u_id.\rf.$0$memwr$\regs$/work/rtl/cpu/regfile.sv:23$2429_EN[31:0]$2463
      New ports: A=1'0, B=1'1, Y=$flatten\cpu.\u_id.\rf.$0$memwr$\regs$/work/rtl/cpu/regfile.sv:23$2429_EN[31:0]$2463 [0]
      New connections: $flatten\cpu.\u_id.\rf.$0$memwr$\regs$/work/rtl/cpu/regfile.sv:23$2429_EN[31:0]$2463 [31:1] = { $flatten\cpu.\u_id.\rf.$0$memwr$\regs$/work/rtl/cpu/regfile.sv:23$2429_EN[31:0]$2463 [0] $flatten\cpu.\u_id.\rf.$0$memwr$\regs$/work/rtl/cpu/regfile.sv:23$2429_EN[31:0]$2463 [0] $flatten\cpu.\u_id.\rf.$0$memwr$\regs$/work/rtl/cpu/regfile.sv:23$2429_EN[31:0]$2463 [0] $flatten\cpu.\u_id.\rf.$0$memwr$\regs$/work/rtl/cpu/regfile.sv:23$2429_EN[31:0]$2463 [0] $flatten\cpu.\u_id.\rf.$0$memwr$\regs$/work/rtl/cpu/regfile.sv:23$2429_EN[31:0]$2463 [0] $flatten\cpu.\u_id.\rf.$0$memwr$\regs$/work/rtl/cpu/regfile.sv:23$2429_EN[31:0]$2463 [0] $flatten\cpu.\u_id.\rf.$0$memwr$\regs$/work/rtl/cpu/regfile.sv:23$2429_EN[31:0]$2463 [0] $flatten\cpu.\u_id.\rf.$0$memwr$\regs$/work/rtl/cpu/regfile.sv:23$2429_EN[31:0]$2463 [0] $flatten\cpu.\u_id.\rf.$0$memwr$\regs$/work/rtl/cpu/regfile.sv:23$2429_EN[31:0]$2463 [0] $flatten\cpu.\u_id.\rf.$0$memwr$\regs$/work/rtl/cpu/regfile.sv:23$2429_EN[31:0]$2463 [0] $flatten\cpu.\u_id.\rf.$0$memwr$\regs$/work/rtl/cpu/regfile.sv:23$2429_EN[31:0]$2463 [0] $flatten\cpu.\u_id.\rf.$0$memwr$\regs$/work/rtl/cpu/regfile.sv:23$2429_EN[31:0]$2463 [0] $flatten\cpu.\u_id.\rf.$0$memwr$\regs$/work/rtl/cpu/regfile.sv:23$2429_EN[31:0]$2463 [0] $flatten\cpu.\u_id.\rf.$0$memwr$\regs$/work/rtl/cpu/regfile.sv:23$2429_EN[31:0]$2463 [0] $flatten\cpu.\u_id.\rf.$0$memwr$\regs$/work/rtl/cpu/regfile.sv:23$2429_EN[31:0]$2463 [0] $flatten\cpu.\u_id.\rf.$0$memwr$\regs$/work/rtl/cpu/regfile.sv:23$2429_EN[31:0]$2463 [0] $flatten\cpu.\u_id.\rf.$0$memwr$\regs$/work/rtl/cpu/regfile.sv:23$2429_EN[31:0]$2463 [0] $flatten\cpu.\u_id.\rf.$0$memwr$\regs$/work/rtl/cpu/regfile.sv:23$2429_EN[31:0]$2463 [0] $flatten\cpu.\u_id.\rf.$0$memwr$\regs$/work/rtl/cpu/regfile.sv:23$2429_EN[31:0]$2463 [0] $flatten\cpu.\u_id.\rf.$0$memwr$\regs$/work/rtl/cpu/regfile.sv:23$2429_EN[31:0]$2463 [0] $flatten\cpu.\u_id.\rf.$0$memwr$\regs$/work/rtl/cpu/regfile.sv:23$2429_EN[31:0]$2463 [0] $flatten\cpu.\u_id.\rf.$0$memwr$\regs$/work/rtl/cpu/regfile.sv:23$2429_EN[31:0]$2463 [0] $flatten\cpu.\u_id.\rf.$0$memwr$\regs$/work/rtl/cpu/regfile.sv:23$2429_EN[31:0]$2463 [0] $flatten\cpu.\u_id.\rf.$0$memwr$\regs$/work/rtl/cpu/regfile.sv:23$2429_EN[31:0]$2463 [0] $flatten\cpu.\u_id.\rf.$0$memwr$\regs$/work/rtl/cpu/regfile.sv:23$2429_EN[31:0]$2463 [0] $flatten\cpu.\u_id.\rf.$0$memwr$\regs$/work/rtl/cpu/regfile.sv:23$2429_EN[31:0]$2463 [0] $flatten\cpu.\u_id.\rf.$0$memwr$\regs$/work/rtl/cpu/regfile.sv:23$2429_EN[31:0]$2463 [0] $flatten\cpu.\u_id.\rf.$0$memwr$\regs$/work/rtl/cpu/regfile.sv:23$2429_EN[31:0]$2463 [0] $flatten\cpu.\u_id.\rf.$0$memwr$\regs$/work/rtl/cpu/regfile.sv:23$2429_EN[31:0]$2463 [0] $flatten\cpu.\u_id.\rf.$0$memwr$\regs$/work/rtl/cpu/regfile.sv:23$2429_EN[31:0]$2463 [0] $flatten\cpu.\u_id.\rf.$0$memwr$\regs$/work/rtl/cpu/regfile.sv:23$2429_EN[31:0]$2463 [0] }
    Consolidated identical input bits for $mux cell $flatten\cpu.\u_id.\rf.$procmux$3285:
      Old ports: A=0, B=32'11111111111111111111111111111111, Y=$flatten\cpu.\u_id.\rf.$0$memwr$\regs$/work/rtl/cpu/regfile.sv:23$2428_EN[31:0]$2462
      New ports: A=1'0, B=1'1, Y=$flatten\cpu.\u_id.\rf.$0$memwr$\regs$/work/rtl/cpu/regfile.sv:23$2428_EN[31:0]$2462 [0]
      New connections: $flatten\cpu.\u_id.\rf.$0$memwr$\regs$/work/rtl/cpu/regfile.sv:23$2428_EN[31:0]$2462 [31:1] = { $flatten\cpu.\u_id.\rf.$0$memwr$\regs$/work/rtl/cpu/regfile.sv:23$2428_EN[31:0]$2462 [0] $flatten\cpu.\u_id.\rf.$0$memwr$\regs$/work/rtl/cpu/regfile.sv:23$2428_EN[31:0]$2462 [0] $flatten\cpu.\u_id.\rf.$0$memwr$\regs$/work/rtl/cpu/regfile.sv:23$2428_EN[31:0]$2462 [0] $flatten\cpu.\u_id.\rf.$0$memwr$\regs$/work/rtl/cpu/regfile.sv:23$2428_EN[31:0]$2462 [0] $flatten\cpu.\u_id.\rf.$0$memwr$\regs$/work/rtl/cpu/regfile.sv:23$2428_EN[31:0]$2462 [0] $flatten\cpu.\u_id.\rf.$0$memwr$\regs$/work/rtl/cpu/regfile.sv:23$2428_EN[31:0]$2462 [0] $flatten\cpu.\u_id.\rf.$0$memwr$\regs$/work/rtl/cpu/regfile.sv:23$2428_EN[31:0]$2462 [0] $flatten\cpu.\u_id.\rf.$0$memwr$\regs$/work/rtl/cpu/regfile.sv:23$2428_EN[31:0]$2462 [0] $flatten\cpu.\u_id.\rf.$0$memwr$\regs$/work/rtl/cpu/regfile.sv:23$2428_EN[31:0]$2462 [0] $flatten\cpu.\u_id.\rf.$0$memwr$\regs$/work/rtl/cpu/regfile.sv:23$2428_EN[31:0]$2462 [0] $flatten\cpu.\u_id.\rf.$0$memwr$\regs$/work/rtl/cpu/regfile.sv:23$2428_EN[31:0]$2462 [0] $flatten\cpu.\u_id.\rf.$0$memwr$\regs$/work/rtl/cpu/regfile.sv:23$2428_EN[31:0]$2462 [0] $flatten\cpu.\u_id.\rf.$0$memwr$\regs$/work/rtl/cpu/regfile.sv:23$2428_EN[31:0]$2462 [0] $flatten\cpu.\u_id.\rf.$0$memwr$\regs$/work/rtl/cpu/regfile.sv:23$2428_EN[31:0]$2462 [0] $flatten\cpu.\u_id.\rf.$0$memwr$\regs$/work/rtl/cpu/regfile.sv:23$2428_EN[31:0]$2462 [0] $flatten\cpu.\u_id.\rf.$0$memwr$\regs$/work/rtl/cpu/regfile.sv:23$2428_EN[31:0]$2462 [0] $flatten\cpu.\u_id.\rf.$0$memwr$\regs$/work/rtl/cpu/regfile.sv:23$2428_EN[31:0]$2462 [0] $flatten\cpu.\u_id.\rf.$0$memwr$\regs$/work/rtl/cpu/regfile.sv:23$2428_EN[31:0]$2462 [0] $flatten\cpu.\u_id.\rf.$0$memwr$\regs$/work/rtl/cpu/regfile.sv:23$2428_EN[31:0]$2462 [0] $flatten\cpu.\u_id.\rf.$0$memwr$\regs$/work/rtl/cpu/regfile.sv:23$2428_EN[31:0]$2462 [0] $flatten\cpu.\u_id.\rf.$0$memwr$\regs$/work/rtl/cpu/regfile.sv:23$2428_EN[31:0]$2462 [0] $flatten\cpu.\u_id.\rf.$0$memwr$\regs$/work/rtl/cpu/regfile.sv:23$2428_EN[31:0]$2462 [0] $flatten\cpu.\u_id.\rf.$0$memwr$\regs$/work/rtl/cpu/regfile.sv:23$2428_EN[31:0]$2462 [0] $flatten\cpu.\u_id.\rf.$0$memwr$\regs$/work/rtl/cpu/regfile.sv:23$2428_EN[31:0]$2462 [0] $flatten\cpu.\u_id.\rf.$0$memwr$\regs$/work/rtl/cpu/regfile.sv:23$2428_EN[31:0]$2462 [0] $flatten\cpu.\u_id.\rf.$0$memwr$\regs$/work/rtl/cpu/regfile.sv:23$2428_EN[31:0]$2462 [0] $flatten\cpu.\u_id.\rf.$0$memwr$\regs$/work/rtl/cpu/regfile.sv:23$2428_EN[31:0]$2462 [0] $flatten\cpu.\u_id.\rf.$0$memwr$\regs$/work/rtl/cpu/regfile.sv:23$2428_EN[31:0]$2462 [0] $flatten\cpu.\u_id.\rf.$0$memwr$\regs$/work/rtl/cpu/regfile.sv:23$2428_EN[31:0]$2462 [0] $flatten\cpu.\u_id.\rf.$0$memwr$\regs$/work/rtl/cpu/regfile.sv:23$2428_EN[31:0]$2462 [0] $flatten\cpu.\u_id.\rf.$0$memwr$\regs$/work/rtl/cpu/regfile.sv:23$2428_EN[31:0]$2462 [0] }
    Consolidated identical input bits for $mux cell $flatten\cpu.\u_id.\rf.$procmux$3288:
      Old ports: A=0, B=32'11111111111111111111111111111111, Y=$flatten\cpu.\u_id.\rf.$0$memwr$\regs$/work/rtl/cpu/regfile.sv:23$2427_EN[31:0]$2461
      New ports: A=1'0, B=1'1, Y=$flatten\cpu.\u_id.\rf.$0$memwr$\regs$/work/rtl/cpu/regfile.sv:23$2427_EN[31:0]$2461 [0]
      New connections: $flatten\cpu.\u_id.\rf.$0$memwr$\regs$/work/rtl/cpu/regfile.sv:23$2427_EN[31:0]$2461 [31:1] = { $flatten\cpu.\u_id.\rf.$0$memwr$\regs$/work/rtl/cpu/regfile.sv:23$2427_EN[31:0]$2461 [0] $flatten\cpu.\u_id.\rf.$0$memwr$\regs$/work/rtl/cpu/regfile.sv:23$2427_EN[31:0]$2461 [0] $flatten\cpu.\u_id.\rf.$0$memwr$\regs$/work/rtl/cpu/regfile.sv:23$2427_EN[31:0]$2461 [0] $flatten\cpu.\u_id.\rf.$0$memwr$\regs$/work/rtl/cpu/regfile.sv:23$2427_EN[31:0]$2461 [0] $flatten\cpu.\u_id.\rf.$0$memwr$\regs$/work/rtl/cpu/regfile.sv:23$2427_EN[31:0]$2461 [0] $flatten\cpu.\u_id.\rf.$0$memwr$\regs$/work/rtl/cpu/regfile.sv:23$2427_EN[31:0]$2461 [0] $flatten\cpu.\u_id.\rf.$0$memwr$\regs$/work/rtl/cpu/regfile.sv:23$2427_EN[31:0]$2461 [0] $flatten\cpu.\u_id.\rf.$0$memwr$\regs$/work/rtl/cpu/regfile.sv:23$2427_EN[31:0]$2461 [0] $flatten\cpu.\u_id.\rf.$0$memwr$\regs$/work/rtl/cpu/regfile.sv:23$2427_EN[31:0]$2461 [0] $flatten\cpu.\u_id.\rf.$0$memwr$\regs$/work/rtl/cpu/regfile.sv:23$2427_EN[31:0]$2461 [0] $flatten\cpu.\u_id.\rf.$0$memwr$\regs$/work/rtl/cpu/regfile.sv:23$2427_EN[31:0]$2461 [0] $flatten\cpu.\u_id.\rf.$0$memwr$\regs$/work/rtl/cpu/regfile.sv:23$2427_EN[31:0]$2461 [0] $flatten\cpu.\u_id.\rf.$0$memwr$\regs$/work/rtl/cpu/regfile.sv:23$2427_EN[31:0]$2461 [0] $flatten\cpu.\u_id.\rf.$0$memwr$\regs$/work/rtl/cpu/regfile.sv:23$2427_EN[31:0]$2461 [0] $flatten\cpu.\u_id.\rf.$0$memwr$\regs$/work/rtl/cpu/regfile.sv:23$2427_EN[31:0]$2461 [0] $flatten\cpu.\u_id.\rf.$0$memwr$\regs$/work/rtl/cpu/regfile.sv:23$2427_EN[31:0]$2461 [0] $flatten\cpu.\u_id.\rf.$0$memwr$\regs$/work/rtl/cpu/regfile.sv:23$2427_EN[31:0]$2461 [0] $flatten\cpu.\u_id.\rf.$0$memwr$\regs$/work/rtl/cpu/regfile.sv:23$2427_EN[31:0]$2461 [0] $flatten\cpu.\u_id.\rf.$0$memwr$\regs$/work/rtl/cpu/regfile.sv:23$2427_EN[31:0]$2461 [0] $flatten\cpu.\u_id.\rf.$0$memwr$\regs$/work/rtl/cpu/regfile.sv:23$2427_EN[31:0]$2461 [0] $flatten\cpu.\u_id.\rf.$0$memwr$\regs$/work/rtl/cpu/regfile.sv:23$2427_EN[31:0]$2461 [0] $flatten\cpu.\u_id.\rf.$0$memwr$\regs$/work/rtl/cpu/regfile.sv:23$2427_EN[31:0]$2461 [0] $flatten\cpu.\u_id.\rf.$0$memwr$\regs$/work/rtl/cpu/regfile.sv:23$2427_EN[31:0]$2461 [0] $flatten\cpu.\u_id.\rf.$0$memwr$\regs$/work/rtl/cpu/regfile.sv:23$2427_EN[31:0]$2461 [0] $flatten\cpu.\u_id.\rf.$0$memwr$\regs$/work/rtl/cpu/regfile.sv:23$2427_EN[31:0]$2461 [0] $flatten\cpu.\u_id.\rf.$0$memwr$\regs$/work/rtl/cpu/regfile.sv:23$2427_EN[31:0]$2461 [0] $flatten\cpu.\u_id.\rf.$0$memwr$\regs$/work/rtl/cpu/regfile.sv:23$2427_EN[31:0]$2461 [0] $flatten\cpu.\u_id.\rf.$0$memwr$\regs$/work/rtl/cpu/regfile.sv:23$2427_EN[31:0]$2461 [0] $flatten\cpu.\u_id.\rf.$0$memwr$\regs$/work/rtl/cpu/regfile.sv:23$2427_EN[31:0]$2461 [0] $flatten\cpu.\u_id.\rf.$0$memwr$\regs$/work/rtl/cpu/regfile.sv:23$2427_EN[31:0]$2461 [0] $flatten\cpu.\u_id.\rf.$0$memwr$\regs$/work/rtl/cpu/regfile.sv:23$2427_EN[31:0]$2461 [0] }
    Consolidated identical input bits for $mux cell $flatten\cpu.\u_id.\rf.$procmux$3291:
      Old ports: A=0, B=32'11111111111111111111111111111111, Y=$flatten\cpu.\u_id.\rf.$0$memwr$\regs$/work/rtl/cpu/regfile.sv:23$2426_EN[31:0]$2460
      New ports: A=1'0, B=1'1, Y=$flatten\cpu.\u_id.\rf.$0$memwr$\regs$/work/rtl/cpu/regfile.sv:23$2426_EN[31:0]$2460 [0]
      New connections: $flatten\cpu.\u_id.\rf.$0$memwr$\regs$/work/rtl/cpu/regfile.sv:23$2426_EN[31:0]$2460 [31:1] = { $flatten\cpu.\u_id.\rf.$0$memwr$\regs$/work/rtl/cpu/regfile.sv:23$2426_EN[31:0]$2460 [0] $flatten\cpu.\u_id.\rf.$0$memwr$\regs$/work/rtl/cpu/regfile.sv:23$2426_EN[31:0]$2460 [0] $flatten\cpu.\u_id.\rf.$0$memwr$\regs$/work/rtl/cpu/regfile.sv:23$2426_EN[31:0]$2460 [0] $flatten\cpu.\u_id.\rf.$0$memwr$\regs$/work/rtl/cpu/regfile.sv:23$2426_EN[31:0]$2460 [0] $flatten\cpu.\u_id.\rf.$0$memwr$\regs$/work/rtl/cpu/regfile.sv:23$2426_EN[31:0]$2460 [0] $flatten\cpu.\u_id.\rf.$0$memwr$\regs$/work/rtl/cpu/regfile.sv:23$2426_EN[31:0]$2460 [0] $flatten\cpu.\u_id.\rf.$0$memwr$\regs$/work/rtl/cpu/regfile.sv:23$2426_EN[31:0]$2460 [0] $flatten\cpu.\u_id.\rf.$0$memwr$\regs$/work/rtl/cpu/regfile.sv:23$2426_EN[31:0]$2460 [0] $flatten\cpu.\u_id.\rf.$0$memwr$\regs$/work/rtl/cpu/regfile.sv:23$2426_EN[31:0]$2460 [0] $flatten\cpu.\u_id.\rf.$0$memwr$\regs$/work/rtl/cpu/regfile.sv:23$2426_EN[31:0]$2460 [0] $flatten\cpu.\u_id.\rf.$0$memwr$\regs$/work/rtl/cpu/regfile.sv:23$2426_EN[31:0]$2460 [0] $flatten\cpu.\u_id.\rf.$0$memwr$\regs$/work/rtl/cpu/regfile.sv:23$2426_EN[31:0]$2460 [0] $flatten\cpu.\u_id.\rf.$0$memwr$\regs$/work/rtl/cpu/regfile.sv:23$2426_EN[31:0]$2460 [0] $flatten\cpu.\u_id.\rf.$0$memwr$\regs$/work/rtl/cpu/regfile.sv:23$2426_EN[31:0]$2460 [0] $flatten\cpu.\u_id.\rf.$0$memwr$\regs$/work/rtl/cpu/regfile.sv:23$2426_EN[31:0]$2460 [0] $flatten\cpu.\u_id.\rf.$0$memwr$\regs$/work/rtl/cpu/regfile.sv:23$2426_EN[31:0]$2460 [0] $flatten\cpu.\u_id.\rf.$0$memwr$\regs$/work/rtl/cpu/regfile.sv:23$2426_EN[31:0]$2460 [0] $flatten\cpu.\u_id.\rf.$0$memwr$\regs$/work/rtl/cpu/regfile.sv:23$2426_EN[31:0]$2460 [0] $flatten\cpu.\u_id.\rf.$0$memwr$\regs$/work/rtl/cpu/regfile.sv:23$2426_EN[31:0]$2460 [0] $flatten\cpu.\u_id.\rf.$0$memwr$\regs$/work/rtl/cpu/regfile.sv:23$2426_EN[31:0]$2460 [0] $flatten\cpu.\u_id.\rf.$0$memwr$\regs$/work/rtl/cpu/regfile.sv:23$2426_EN[31:0]$2460 [0] $flatten\cpu.\u_id.\rf.$0$memwr$\regs$/work/rtl/cpu/regfile.sv:23$2426_EN[31:0]$2460 [0] $flatten\cpu.\u_id.\rf.$0$memwr$\regs$/work/rtl/cpu/regfile.sv:23$2426_EN[31:0]$2460 [0] $flatten\cpu.\u_id.\rf.$0$memwr$\regs$/work/rtl/cpu/regfile.sv:23$2426_EN[31:0]$2460 [0] $flatten\cpu.\u_id.\rf.$0$memwr$\regs$/work/rtl/cpu/regfile.sv:23$2426_EN[31:0]$2460 [0] $flatten\cpu.\u_id.\rf.$0$memwr$\regs$/work/rtl/cpu/regfile.sv:23$2426_EN[31:0]$2460 [0] $flatten\cpu.\u_id.\rf.$0$memwr$\regs$/work/rtl/cpu/regfile.sv:23$2426_EN[31:0]$2460 [0] $flatten\cpu.\u_id.\rf.$0$memwr$\regs$/work/rtl/cpu/regfile.sv:23$2426_EN[31:0]$2460 [0] $flatten\cpu.\u_id.\rf.$0$memwr$\regs$/work/rtl/cpu/regfile.sv:23$2426_EN[31:0]$2460 [0] $flatten\cpu.\u_id.\rf.$0$memwr$\regs$/work/rtl/cpu/regfile.sv:23$2426_EN[31:0]$2460 [0] $flatten\cpu.\u_id.\rf.$0$memwr$\regs$/work/rtl/cpu/regfile.sv:23$2426_EN[31:0]$2460 [0] }
    Consolidated identical input bits for $mux cell $flatten\cpu.\u_id.\rf.$procmux$3294:
      Old ports: A=0, B=32'11111111111111111111111111111111, Y=$flatten\cpu.\u_id.\rf.$0$memwr$\regs$/work/rtl/cpu/regfile.sv:23$2425_EN[31:0]$2459
      New ports: A=1'0, B=1'1, Y=$flatten\cpu.\u_id.\rf.$0$memwr$\regs$/work/rtl/cpu/regfile.sv:23$2425_EN[31:0]$2459 [0]
      New connections: $flatten\cpu.\u_id.\rf.$0$memwr$\regs$/work/rtl/cpu/regfile.sv:23$2425_EN[31:0]$2459 [31:1] = { $flatten\cpu.\u_id.\rf.$0$memwr$\regs$/work/rtl/cpu/regfile.sv:23$2425_EN[31:0]$2459 [0] $flatten\cpu.\u_id.\rf.$0$memwr$\regs$/work/rtl/cpu/regfile.sv:23$2425_EN[31:0]$2459 [0] $flatten\cpu.\u_id.\rf.$0$memwr$\regs$/work/rtl/cpu/regfile.sv:23$2425_EN[31:0]$2459 [0] $flatten\cpu.\u_id.\rf.$0$memwr$\regs$/work/rtl/cpu/regfile.sv:23$2425_EN[31:0]$2459 [0] $flatten\cpu.\u_id.\rf.$0$memwr$\regs$/work/rtl/cpu/regfile.sv:23$2425_EN[31:0]$2459 [0] $flatten\cpu.\u_id.\rf.$0$memwr$\regs$/work/rtl/cpu/regfile.sv:23$2425_EN[31:0]$2459 [0] $flatten\cpu.\u_id.\rf.$0$memwr$\regs$/work/rtl/cpu/regfile.sv:23$2425_EN[31:0]$2459 [0] $flatten\cpu.\u_id.\rf.$0$memwr$\regs$/work/rtl/cpu/regfile.sv:23$2425_EN[31:0]$2459 [0] $flatten\cpu.\u_id.\rf.$0$memwr$\regs$/work/rtl/cpu/regfile.sv:23$2425_EN[31:0]$2459 [0] $flatten\cpu.\u_id.\rf.$0$memwr$\regs$/work/rtl/cpu/regfile.sv:23$2425_EN[31:0]$2459 [0] $flatten\cpu.\u_id.\rf.$0$memwr$\regs$/work/rtl/cpu/regfile.sv:23$2425_EN[31:0]$2459 [0] $flatten\cpu.\u_id.\rf.$0$memwr$\regs$/work/rtl/cpu/regfile.sv:23$2425_EN[31:0]$2459 [0] $flatten\cpu.\u_id.\rf.$0$memwr$\regs$/work/rtl/cpu/regfile.sv:23$2425_EN[31:0]$2459 [0] $flatten\cpu.\u_id.\rf.$0$memwr$\regs$/work/rtl/cpu/regfile.sv:23$2425_EN[31:0]$2459 [0] $flatten\cpu.\u_id.\rf.$0$memwr$\regs$/work/rtl/cpu/regfile.sv:23$2425_EN[31:0]$2459 [0] $flatten\cpu.\u_id.\rf.$0$memwr$\regs$/work/rtl/cpu/regfile.sv:23$2425_EN[31:0]$2459 [0] $flatten\cpu.\u_id.\rf.$0$memwr$\regs$/work/rtl/cpu/regfile.sv:23$2425_EN[31:0]$2459 [0] $flatten\cpu.\u_id.\rf.$0$memwr$\regs$/work/rtl/cpu/regfile.sv:23$2425_EN[31:0]$2459 [0] $flatten\cpu.\u_id.\rf.$0$memwr$\regs$/work/rtl/cpu/regfile.sv:23$2425_EN[31:0]$2459 [0] $flatten\cpu.\u_id.\rf.$0$memwr$\regs$/work/rtl/cpu/regfile.sv:23$2425_EN[31:0]$2459 [0] $flatten\cpu.\u_id.\rf.$0$memwr$\regs$/work/rtl/cpu/regfile.sv:23$2425_EN[31:0]$2459 [0] $flatten\cpu.\u_id.\rf.$0$memwr$\regs$/work/rtl/cpu/regfile.sv:23$2425_EN[31:0]$2459 [0] $flatten\cpu.\u_id.\rf.$0$memwr$\regs$/work/rtl/cpu/regfile.sv:23$2425_EN[31:0]$2459 [0] $flatten\cpu.\u_id.\rf.$0$memwr$\regs$/work/rtl/cpu/regfile.sv:23$2425_EN[31:0]$2459 [0] $flatten\cpu.\u_id.\rf.$0$memwr$\regs$/work/rtl/cpu/regfile.sv:23$2425_EN[31:0]$2459 [0] $flatten\cpu.\u_id.\rf.$0$memwr$\regs$/work/rtl/cpu/regfile.sv:23$2425_EN[31:0]$2459 [0] $flatten\cpu.\u_id.\rf.$0$memwr$\regs$/work/rtl/cpu/regfile.sv:23$2425_EN[31:0]$2459 [0] $flatten\cpu.\u_id.\rf.$0$memwr$\regs$/work/rtl/cpu/regfile.sv:23$2425_EN[31:0]$2459 [0] $flatten\cpu.\u_id.\rf.$0$memwr$\regs$/work/rtl/cpu/regfile.sv:23$2425_EN[31:0]$2459 [0] $flatten\cpu.\u_id.\rf.$0$memwr$\regs$/work/rtl/cpu/regfile.sv:23$2425_EN[31:0]$2459 [0] $flatten\cpu.\u_id.\rf.$0$memwr$\regs$/work/rtl/cpu/regfile.sv:23$2425_EN[31:0]$2459 [0] }
    Consolidated identical input bits for $mux cell $flatten\ram.$procmux$3028:
      Old ports: A=0, B=32'11111111111111111111111111111111, Y=$flatten\ram.$procmux$3028_Y
      New ports: A=1'0, B=1'1, Y=$flatten\ram.$procmux$3028_Y [0]
      New connections: $flatten\ram.$procmux$3028_Y [31:1] = { $flatten\ram.$procmux$3028_Y [0] $flatten\ram.$procmux$3028_Y [0] $flatten\ram.$procmux$3028_Y [0] $flatten\ram.$procmux$3028_Y [0] $flatten\ram.$procmux$3028_Y [0] $flatten\ram.$procmux$3028_Y [0] $flatten\ram.$procmux$3028_Y [0] $flatten\ram.$procmux$3028_Y [0] $flatten\ram.$procmux$3028_Y [0] $flatten\ram.$procmux$3028_Y [0] $flatten\ram.$procmux$3028_Y [0] $flatten\ram.$procmux$3028_Y [0] $flatten\ram.$procmux$3028_Y [0] $flatten\ram.$procmux$3028_Y [0] $flatten\ram.$procmux$3028_Y [0] $flatten\ram.$procmux$3028_Y [0] $flatten\ram.$procmux$3028_Y [0] $flatten\ram.$procmux$3028_Y [0] $flatten\ram.$procmux$3028_Y [0] $flatten\ram.$procmux$3028_Y [0] $flatten\ram.$procmux$3028_Y [0] $flatten\ram.$procmux$3028_Y [0] $flatten\ram.$procmux$3028_Y [0] $flatten\ram.$procmux$3028_Y [0] $flatten\ram.$procmux$3028_Y [0] $flatten\ram.$procmux$3028_Y [0] $flatten\ram.$procmux$3028_Y [0] $flatten\ram.$procmux$3028_Y [0] $flatten\ram.$procmux$3028_Y [0] $flatten\ram.$procmux$3028_Y [0] $flatten\ram.$procmux$3028_Y [0] }
  Optimizing cells in module \soc_top.
    Consolidated identical input bits for $mux cell $flatten\cpu.\u_id.\rf.$procmux$3297:
      Old ports: A=$flatten\cpu.\u_id.\rf.$2$memwr$\regs$/work/rtl/cpu/regfile.sv:27$2457_EN[31:0]$2533, B=0, Y=$flatten\cpu.\u_id.\rf.$0$memwr$\regs$/work/rtl/cpu/regfile.sv:27$2457_EN[31:0]$2493
      New ports: A=$flatten\cpu.\u_id.\rf.$procmux$3180_Y [0], B=1'0, Y=$flatten\cpu.\u_id.\rf.$0$memwr$\regs$/work/rtl/cpu/regfile.sv:27$2457_EN[31:0]$2493 [0]
      New connections: $flatten\cpu.\u_id.\rf.$0$memwr$\regs$/work/rtl/cpu/regfile.sv:27$2457_EN[31:0]$2493 [31:1] = { $flatten\cpu.\u_id.\rf.$0$memwr$\regs$/work/rtl/cpu/regfile.sv:27$2457_EN[31:0]$2493 [0] $flatten\cpu.\u_id.\rf.$0$memwr$\regs$/work/rtl/cpu/regfile.sv:27$2457_EN[31:0]$2493 [0] $flatten\cpu.\u_id.\rf.$0$memwr$\regs$/work/rtl/cpu/regfile.sv:27$2457_EN[31:0]$2493 [0] $flatten\cpu.\u_id.\rf.$0$memwr$\regs$/work/rtl/cpu/regfile.sv:27$2457_EN[31:0]$2493 [0] $flatten\cpu.\u_id.\rf.$0$memwr$\regs$/work/rtl/cpu/regfile.sv:27$2457_EN[31:0]$2493 [0] $flatten\cpu.\u_id.\rf.$0$memwr$\regs$/work/rtl/cpu/regfile.sv:27$2457_EN[31:0]$2493 [0] $flatten\cpu.\u_id.\rf.$0$memwr$\regs$/work/rtl/cpu/regfile.sv:27$2457_EN[31:0]$2493 [0] $flatten\cpu.\u_id.\rf.$0$memwr$\regs$/work/rtl/cpu/regfile.sv:27$2457_EN[31:0]$2493 [0] $flatten\cpu.\u_id.\rf.$0$memwr$\regs$/work/rtl/cpu/regfile.sv:27$2457_EN[31:0]$2493 [0] $flatten\cpu.\u_id.\rf.$0$memwr$\regs$/work/rtl/cpu/regfile.sv:27$2457_EN[31:0]$2493 [0] $flatten\cpu.\u_id.\rf.$0$memwr$\regs$/work/rtl/cpu/regfile.sv:27$2457_EN[31:0]$2493 [0] $flatten\cpu.\u_id.\rf.$0$memwr$\regs$/work/rtl/cpu/regfile.sv:27$2457_EN[31:0]$2493 [0] $flatten\cpu.\u_id.\rf.$0$memwr$\regs$/work/rtl/cpu/regfile.sv:27$2457_EN[31:0]$2493 [0] $flatten\cpu.\u_id.\rf.$0$memwr$\regs$/work/rtl/cpu/regfile.sv:27$2457_EN[31:0]$2493 [0] $flatten\cpu.\u_id.\rf.$0$memwr$\regs$/work/rtl/cpu/regfile.sv:27$2457_EN[31:0]$2493 [0] $flatten\cpu.\u_id.\rf.$0$memwr$\regs$/work/rtl/cpu/regfile.sv:27$2457_EN[31:0]$2493 [0] $flatten\cpu.\u_id.\rf.$0$memwr$\regs$/work/rtl/cpu/regfile.sv:27$2457_EN[31:0]$2493 [0] $flatten\cpu.\u_id.\rf.$0$memwr$\regs$/work/rtl/cpu/regfile.sv:27$2457_EN[31:0]$2493 [0] $flatten\cpu.\u_id.\rf.$0$memwr$\regs$/work/rtl/cpu/regfile.sv:27$2457_EN[31:0]$2493 [0] $flatten\cpu.\u_id.\rf.$0$memwr$\regs$/work/rtl/cpu/regfile.sv:27$2457_EN[31:0]$2493 [0] $flatten\cpu.\u_id.\rf.$0$memwr$\regs$/work/rtl/cpu/regfile.sv:27$2457_EN[31:0]$2493 [0] $flatten\cpu.\u_id.\rf.$0$memwr$\regs$/work/rtl/cpu/regfile.sv:27$2457_EN[31:0]$2493 [0] $flatten\cpu.\u_id.\rf.$0$memwr$\regs$/work/rtl/cpu/regfile.sv:27$2457_EN[31:0]$2493 [0] $flatten\cpu.\u_id.\rf.$0$memwr$\regs$/work/rtl/cpu/regfile.sv:27$2457_EN[31:0]$2493 [0] $flatten\cpu.\u_id.\rf.$0$memwr$\regs$/work/rtl/cpu/regfile.sv:27$2457_EN[31:0]$2493 [0] $flatten\cpu.\u_id.\rf.$0$memwr$\regs$/work/rtl/cpu/regfile.sv:27$2457_EN[31:0]$2493 [0] $flatten\cpu.\u_id.\rf.$0$memwr$\regs$/work/rtl/cpu/regfile.sv:27$2457_EN[31:0]$2493 [0] $flatten\cpu.\u_id.\rf.$0$memwr$\regs$/work/rtl/cpu/regfile.sv:27$2457_EN[31:0]$2493 [0] $flatten\cpu.\u_id.\rf.$0$memwr$\regs$/work/rtl/cpu/regfile.sv:27$2457_EN[31:0]$2493 [0] $flatten\cpu.\u_id.\rf.$0$memwr$\regs$/work/rtl/cpu/regfile.sv:27$2457_EN[31:0]$2493 [0] $flatten\cpu.\u_id.\rf.$0$memwr$\regs$/work/rtl/cpu/regfile.sv:27$2457_EN[31:0]$2493 [0] }
    Consolidated identical input bits for $mux cell $flatten\ram.$procmux$3049:
      Old ports: A=$flatten\ram.$2$memwr$\memory$/work/rtl/memory/memory_interface.sv:35$300_EN[31:0]$310, B=0, Y=$flatten\ram.$0$memwr$\memory$/work/rtl/memory/memory_interface.sv:35$300_EN[31:0]$304
      New ports: A=$flatten\ram.$procmux$3028_Y [0], B=1'0, Y=$flatten\ram.$0$memwr$\memory$/work/rtl/memory/memory_interface.sv:35$300_EN[31:0]$304 [0]
      New connections: $flatten\ram.$0$memwr$\memory$/work/rtl/memory/memory_interface.sv:35$300_EN[31:0]$304 [31:1] = { $flatten\ram.$0$memwr$\memory$/work/rtl/memory/memory_interface.sv:35$300_EN[31:0]$304 [0] $flatten\ram.$0$memwr$\memory$/work/rtl/memory/memory_interface.sv:35$300_EN[31:0]$304 [0] $flatten\ram.$0$memwr$\memory$/work/rtl/memory/memory_interface.sv:35$300_EN[31:0]$304 [0] $flatten\ram.$0$memwr$\memory$/work/rtl/memory/memory_interface.sv:35$300_EN[31:0]$304 [0] $flatten\ram.$0$memwr$\memory$/work/rtl/memory/memory_interface.sv:35$300_EN[31:0]$304 [0] $flatten\ram.$0$memwr$\memory$/work/rtl/memory/memory_interface.sv:35$300_EN[31:0]$304 [0] $flatten\ram.$0$memwr$\memory$/work/rtl/memory/memory_interface.sv:35$300_EN[31:0]$304 [0] $flatten\ram.$0$memwr$\memory$/work/rtl/memory/memory_interface.sv:35$300_EN[31:0]$304 [0] $flatten\ram.$0$memwr$\memory$/work/rtl/memory/memory_interface.sv:35$300_EN[31:0]$304 [0] $flatten\ram.$0$memwr$\memory$/work/rtl/memory/memory_interface.sv:35$300_EN[31:0]$304 [0] $flatten\ram.$0$memwr$\memory$/work/rtl/memory/memory_interface.sv:35$300_EN[31:0]$304 [0] $flatten\ram.$0$memwr$\memory$/work/rtl/memory/memory_interface.sv:35$300_EN[31:0]$304 [0] $flatten\ram.$0$memwr$\memory$/work/rtl/memory/memory_interface.sv:35$300_EN[31:0]$304 [0] $flatten\ram.$0$memwr$\memory$/work/rtl/memory/memory_interface.sv:35$300_EN[31:0]$304 [0] $flatten\ram.$0$memwr$\memory$/work/rtl/memory/memory_interface.sv:35$300_EN[31:0]$304 [0] $flatten\ram.$0$memwr$\memory$/work/rtl/memory/memory_interface.sv:35$300_EN[31:0]$304 [0] $flatten\ram.$0$memwr$\memory$/work/rtl/memory/memory_interface.sv:35$300_EN[31:0]$304 [0] $flatten\ram.$0$memwr$\memory$/work/rtl/memory/memory_interface.sv:35$300_EN[31:0]$304 [0] $flatten\ram.$0$memwr$\memory$/work/rtl/memory/memory_interface.sv:35$300_EN[31:0]$304 [0] $flatten\ram.$0$memwr$\memory$/work/rtl/memory/memory_interface.sv:35$300_EN[31:0]$304 [0] $flatten\ram.$0$memwr$\memory$/work/rtl/memory/memory_interface.sv:35$300_EN[31:0]$304 [0] $flatten\ram.$0$memwr$\memory$/work/rtl/memory/memory_interface.sv:35$300_EN[31:0]$304 [0] $flatten\ram.$0$memwr$\memory$/work/rtl/memory/memory_interface.sv:35$300_EN[31:0]$304 [0] $flatten\ram.$0$memwr$\memory$/work/rtl/memory/memory_interface.sv:35$300_EN[31:0]$304 [0] $flatten\ram.$0$memwr$\memory$/work/rtl/memory/memory_interface.sv:35$300_EN[31:0]$304 [0] $flatten\ram.$0$memwr$\memory$/work/rtl/memory/memory_interface.sv:35$300_EN[31:0]$304 [0] $flatten\ram.$0$memwr$\memory$/work/rtl/memory/memory_interface.sv:35$300_EN[31:0]$304 [0] $flatten\ram.$0$memwr$\memory$/work/rtl/memory/memory_interface.sv:35$300_EN[31:0]$304 [0] $flatten\ram.$0$memwr$\memory$/work/rtl/memory/memory_interface.sv:35$300_EN[31:0]$304 [0] $flatten\ram.$0$memwr$\memory$/work/rtl/memory/memory_interface.sv:35$300_EN[31:0]$304 [0] $flatten\ram.$0$memwr$\memory$/work/rtl/memory/memory_interface.sv:35$300_EN[31:0]$304 [0] }
  Optimizing cells in module \soc_top.
Performed a total of 39 changes.

53. Executing OPT_MERGE pass (detect identical cells).
Finding identical cells in module `\soc_top'.
<suppressed ~114 debug messages>
Removed a total of 38 cells.

54. Executing OPT_DFF pass (perform DFF optimizations).
Handling D = Q on $flatten\spi_peripheral.$procdff$3373 ($adff) from module soc_top (removing D path).
Setting constant 0-bit at position 0 on $flatten\spi_peripheral.$procdff$3373 ($dlatch) from module soc_top.
Setting constant 0-bit at position 1 on $flatten\spi_peripheral.$procdff$3373 ($dlatch) from module soc_top.
Setting constant 0-bit at position 2 on $flatten\spi_peripheral.$procdff$3373 ($dlatch) from module soc_top.
Setting constant 0-bit at position 3 on $flatten\spi_peripheral.$procdff$3373 ($dlatch) from module soc_top.
Setting constant 0-bit at position 4 on $flatten\spi_peripheral.$procdff$3373 ($dlatch) from module soc_top.
Setting constant 0-bit at position 5 on $flatten\spi_peripheral.$procdff$3373 ($dlatch) from module soc_top.
Setting constant 0-bit at position 6 on $flatten\spi_peripheral.$procdff$3373 ($dlatch) from module soc_top.
Setting constant 0-bit at position 7 on $flatten\spi_peripheral.$procdff$3373 ($dlatch) from module soc_top.

55. Executing OPT_CLEAN pass (remove unused cells and wires).
Finding unused cells or wires in module \soc_top..
Removed 0 unused cells and 104 unused wires.
<suppressed ~1 debug messages>

56. Executing OPT_EXPR pass (perform const folding).
Optimizing module soc_top.
<suppressed ~1 debug messages>

57. Rerunning OPT passes. (Maybe there is more to do…)

58. Executing OPT_MUXTREE pass (detect dead branches in mux trees).
Running muxtree optimizer on module \soc_top..
  Creating internal representation of mux trees.
  Evaluating internal representation of mux trees.
  Analyzing evaluation results.
Removed 0 multiplexer ports.
<suppressed ~68 debug messages>

59. Executing OPT_REDUCE pass (consolidate $*mux and $reduce_* inputs).
  Optimizing cells in module \soc_top.
Performed a total of 0 changes.

60. Executing OPT_MERGE pass (detect identical cells).
Finding identical cells in module `\soc_top'.
Removed a total of 0 cells.

61. Executing OPT_DFF pass (perform DFF optimizations).

62. Executing OPT_CLEAN pass (remove unused cells and wires).
Finding unused cells or wires in module \soc_top..
Removed 1 unused cells and 1 unused wires.
<suppressed ~2 debug messages>

63. Executing OPT_EXPR pass (perform const folding).
Optimizing module soc_top.

64. Rerunning OPT passes. (Maybe there is more to do…)

65. Executing OPT_MUXTREE pass (detect dead branches in mux trees).
Running muxtree optimizer on module \soc_top..
  Creating internal representation of mux trees.
  Evaluating internal representation of mux trees.
  Analyzing evaluation results.
Removed 0 multiplexer ports.
<suppressed ~68 debug messages>

66. Executing OPT_REDUCE pass (consolidate $*mux and $reduce_* inputs).
  Optimizing cells in module \soc_top.
Performed a total of 0 changes.

67. Executing OPT_MERGE pass (detect identical cells).
Finding identical cells in module `\soc_top'.
Removed a total of 0 cells.

68. Executing OPT_DFF pass (perform DFF optimizations).

69. Executing OPT_CLEAN pass (remove unused cells and wires).
Finding unused cells or wires in module \soc_top..

70. Executing OPT_EXPR pass (perform const folding).
Optimizing module soc_top.

71. Executing FSM pass (extract and optimize FSM).

71.1. Executing FSM_DETECT pass (finding FSMs in design).
Found FSM state register soc_top.cpu.u_pipeline_regs.ex_alu_control.

71.2. Executing FSM_EXTRACT pass (extracting FSM from design).
Extracting FSM `\cpu.u_pipeline_regs.ex_alu_control' from module `\soc_top'.
  found $dff cell for state register: $flatten\cpu.\u_pipeline_regs.$procdff$3341
  root of input selection tree: $flatten\cpu.\u_pipeline_regs.$0\ex_alu_control[3:0]
  found reset state: 4'0000 (guessed from mux tree)
  found ctrl input: \rst
  found ctrl input: \cpu.branch_taken
  found ctrl input: \cpu.control_stall
  found ctrl input: $flatten\cpu.$procmux$2938_CMP
  found ctrl input: $flatten\cpu.$procmux$2939_CMP
  found state code: 4'0000
  found state code: 4'0010
  found state code: 4'0001
  found ctrl output: $flatten\cpu.\u_ex.\alu_unit.$procmux$3172_CMP
  found ctrl output: $flatten\cpu.\u_ex.\alu_unit.$procmux$3171_CMP
  found ctrl output: $flatten\cpu.\u_ex.\alu_unit.$procmux$3170_CMP
  found ctrl output: $flatten\cpu.\u_ex.\alu_unit.$procmux$3169_CMP
  found ctrl output: $flatten\cpu.\u_ex.\alu_unit.$procmux$3168_CMP
  found ctrl output: $flatten\cpu.\u_ex.\alu_unit.$procmux$3167_CMP
  found ctrl output: $flatten\cpu.\u_ex.\alu_unit.$procmux$3166_CMP
  found ctrl output: $flatten\cpu.\u_ex.\alu_unit.$procmux$3165_CMP
  found ctrl output: $flatten\cpu.\u_ex.\alu_unit.$procmux$3164_CMP
  ctrl inputs: { \cpu.branch_taken \cpu.control_stall $flatten\cpu.$procmux$2938_CMP $flatten\cpu.$procmux$2939_CMP \rst }
  ctrl outputs: { $flatten\cpu.\u_ex.\alu_unit.$procmux$3164_CMP $flatten\cpu.\u_ex.\alu_unit.$procmux$3165_CMP $flatten\cpu.\u_ex.\alu_unit.$procmux$3166_CMP $flatten\cpu.\u_ex.\alu_unit.$procmux$3167_CMP $flatten\cpu.\u_ex.\alu_unit.$procmux$3168_CMP $flatten\cpu.\u_ex.\alu_unit.$procmux$3169_CMP $flatten\cpu.\u_ex.\alu_unit.$procmux$3170_CMP $flatten\cpu.\u_ex.\alu_unit.$procmux$3171_CMP $flatten\cpu.\u_ex.\alu_unit.$procmux$3172_CMP $flatten\cpu.\u_pipeline_regs.$0\ex_alu_control[3:0] }
  transition:     4'0000 5'00000 ->     4'0000 13'0000000010000
  transition:     4'0000 5'00-10 ->     4'0001 13'0000000010001
  transition:     4'0000 5'001-0 ->     4'0010 13'0000000010010
  transition:     4'0000 5'01--0 ->     4'0000 13'0000000010000
  transition:     4'0000 5'1---0 ->     4'0000 13'0000000010000
  transition:     4'0000 5'----1 ->     4'0000 13'0000000010000
  transition:     4'0010 5'00000 ->     4'0000 13'0000001000000
  transition:     4'0010 5'00-10 ->     4'0001 13'0000001000001
  transition:     4'0010 5'001-0 ->     4'0010 13'0000001000010
  transition:     4'0010 5'01--0 ->     4'0000 13'0000001000000
  transition:     4'0010 5'1---0 ->     4'0000 13'0000001000000
  transition:     4'0010 5'----1 ->     4'0000 13'0000001000000
  transition:     4'0001 5'00000 ->     4'0000 13'0000000100000
  transition:     4'0001 5'00-10 ->     4'0001 13'0000000100001
  transition:     4'0001 5'001-0 ->     4'0010 13'0000000100010
  transition:     4'0001 5'01--0 ->     4'0000 13'0000000100000
  transition:     4'0001 5'1---0 ->     4'0000 13'0000000100000
  transition:     4'0001 5'----1 ->     4'0000 13'0000000100000

71.3. Executing FSM_OPT pass (simple optimizations of FSMs).
Optimizing FSM `$fsm$\cpu.u_pipeline_regs.ex_alu_control$3500' from module `\soc_top'.

71.4. Executing OPT_CLEAN pass (remove unused cells and wires).
Finding unused cells or wires in module \soc_top..
Removed 14 unused cells and 18 unused wires.
<suppressed ~20 debug messages>

71.5. Executing FSM_OPT pass (simple optimizations of FSMs).
Optimizing FSM `$fsm$\cpu.u_pipeline_regs.ex_alu_control$3500' from module `\soc_top'.
  Removing unused output signal $flatten\cpu.\u_pipeline_regs.$0\ex_alu_control[3:0] [0].
  Removing unused output signal $flatten\cpu.\u_pipeline_regs.$0\ex_alu_control[3:0] [1].
  Removing unused output signal $flatten\cpu.\u_pipeline_regs.$0\ex_alu_control[3:0] [2].
  Removing unused output signal $flatten\cpu.\u_pipeline_regs.$0\ex_alu_control[3:0] [3].

71.6. Executing FSM_RECODE pass (re-assigning FSM state encoding).
Recoding FSM `$fsm$\cpu.u_pipeline_regs.ex_alu_control$3500' from module `\soc_top' using `auto' encoding:
  mapping auto encoding to `one-hot` for this FSM.
  0000 -> --1
  0010 -> -1-
  0001 -> 1--

71.7. Executing FSM_INFO pass (dumping all available information on FSM cells).

FSM `$fsm$\cpu.u_pipeline_regs.ex_alu_control$3500' from module `soc_top':
-------------------------------------

  Information on FSM $fsm$\cpu.u_pipeline_regs.ex_alu_control$3500 (\cpu.u_pipeline_regs.ex_alu_control):

  Number of input signals:    5
  Number of output signals:   9
  Number of state bits:       3

  Input signals:
    0: \rst
    1: $flatten\cpu.$procmux$2939_CMP
    2: $flatten\cpu.$procmux$2938_CMP
    3: \cpu.control_stall
    4: \cpu.branch_taken

  Output signals:
    0: $flatten\cpu.\u_ex.\alu_unit.$procmux$3172_CMP
    1: $flatten\cpu.\u_ex.\alu_unit.$procmux$3171_CMP
    2: $flatten\cpu.\u_ex.\alu_unit.$procmux$3170_CMP
    3: $flatten\cpu.\u_ex.\alu_unit.$procmux$3169_CMP
    4: $flatten\cpu.\u_ex.\alu_unit.$procmux$3168_CMP
    5: $flatten\cpu.\u_ex.\alu_unit.$procmux$3167_CMP
    6: $flatten\cpu.\u_ex.\alu_unit.$procmux$3166_CMP
    7: $flatten\cpu.\u_ex.\alu_unit.$procmux$3165_CMP
    8: $flatten\cpu.\u_ex.\alu_unit.$procmux$3164_CMP

  State encoding:
    0:      3'--1  <RESET STATE>
    1:      3'-1-
    2:      3'1--

  Transition Table (state_in, ctrl_in, state_out, ctrl_out):
      0:     0 5'00000   ->     0 9'000000001
      1:     0 5'01--0   ->     0 9'000000001
      2:     0 5'1---0   ->     0 9'000000001
      3:     0 5'----1   ->     0 9'000000001
      4:     0 5'001-0   ->     1 9'000000001
      5:     0 5'00-10   ->     2 9'000000001
      6:     1 5'00000   ->     0 9'000000100
      7:     1 5'01--0   ->     0 9'000000100
      8:     1 5'1---0   ->     0 9'000000100
      9:     1 5'----1   ->     0 9'000000100
     10:     1 5'001-0   ->     1 9'000000100
     11:     1 5'00-10   ->     2 9'000000100
     12:     2 5'00000   ->     0 9'000000010
     13:     2 5'01--0   ->     0 9'000000010
     14:     2 5'1---0   ->     0 9'000000010
     15:     2 5'----1   ->     0 9'000000010
     16:     2 5'001-0   ->     1 9'000000010
     17:     2 5'00-10   ->     2 9'000000010

-------------------------------------

71.8. Executing FSM_MAP pass (mapping FSMs to basic logic).
Mapping FSM `$fsm$\cpu.u_pipeline_regs.ex_alu_control$3500' from module `\soc_top'.

72. Executing OPT_EXPR pass (perform const folding).
Optimizing module soc_top.
<suppressed ~2 debug messages>

73. Executing OPT_MERGE pass (detect identical cells).
Finding identical cells in module `\soc_top'.
Removed a total of 0 cells.

74. Executing OPT_MUXTREE pass (detect dead branches in mux trees).
Running muxtree optimizer on module \soc_top..
  Creating internal representation of mux trees.
  Evaluating internal representation of mux trees.
  Analyzing evaluation results.
    dead port 1/10 on $pmux $flatten\cpu.\u_ex.\alu_unit.$procmux$3163.
    dead port 2/10 on $pmux $flatten\cpu.\u_ex.\alu_unit.$procmux$3163.
    dead port 3/10 on $pmux $flatten\cpu.\u_ex.\alu_unit.$procmux$3163.
    dead port 4/10 on $pmux $flatten\cpu.\u_ex.\alu_unit.$procmux$3163.
    dead port 5/10 on $pmux $flatten\cpu.\u_ex.\alu_unit.$procmux$3163.
    dead port 6/10 on $pmux $flatten\cpu.\u_ex.\alu_unit.$procmux$3163.
    dead port 1/2 on $mux $flatten\cpu.\u_ex.\alu_unit.$ternary$/work/rtl/cpu/alu.sv:49$2546.
    dead port 2/2 on $mux $flatten\cpu.\u_ex.\alu_unit.$ternary$/work/rtl/cpu/alu.sv:49$2546.
Removed 8 multiplexer ports.
<suppressed ~67 debug messages>

75. Executing OPT_REDUCE pass (consolidate $*mux and $reduce_* inputs).
  Optimizing cells in module \soc_top.
Performed a total of 0 changes.

76. Executing OPT_MERGE pass (detect identical cells).
Finding identical cells in module `\soc_top'.
Removed a total of 0 cells.

77. Executing OPT_DFF pass (perform DFF optimizations).
Adding EN signal on $procdff$3323 ($adff) from module soc_top (D = \cpu.u_pipeline_regs.mem_store_data, Q = \mac_c).
Adding EN signal on $procdff$3320 ($adff) from module soc_top (D = \cpu.u_pipeline_regs.mem_store_data, Q = \mac_b).
Adding EN signal on $procdff$3317 ($adff) from module soc_top (D = \cpu.u_pipeline_regs.mem_store_data, Q = \mac_a).
Adding EN signal on $flatten\uart_peripheral.$procdff$3364 ($adff) from module soc_top (D = \cpu.u_pipeline_regs.mem_store_data [7:0], Q = \uart_peripheral.tx_data).
Adding EN signal on $flatten\timer_peripheral.$procdff$3391 ($adff) from module soc_top (D = \cpu.u_pipeline_regs.mem_store_data, Q = \timer_peripheral.compare).
Adding EN signal on $flatten\timer_peripheral.$procdff$3388 ($adff) from module soc_top (D = $flatten\timer_peripheral.$0\counter[31:0], Q = \timer_peripheral.counter).
Adding EN signal on $flatten\spi_peripheral.$procdff$3370 ($adff) from module soc_top (D = \cpu.u_pipeline_regs.mem_store_data [7:0], Q = \spi_peripheral.tx_data).
Adding EN signal on $flatten\mac.$procdff$3397 ($adff) from module soc_top (D = $flatten\mac.$add$/work/rtl/accelerator/mac_accelerator.sv:23$14_Y, Q = \mac.result).
Adding EN signal on $flatten\i2c_peripheral.$procdff$3379 ($adff) from module soc_top (D = { 7'0000000 \i2c_sda_in }, Q = \i2c_peripheral.rx_data).
Adding EN signal on $flatten\i2c_peripheral.$procdff$3376 ($adff) from module soc_top (D = \cpu.u_pipeline_regs.mem_store_data [7:0], Q = \i2c_peripheral.tx_data).
Adding EN signal on $flatten\gpio_peripheral.$procdff$3382 ($adff) from module soc_top (D = \cpu.u_pipeline_regs.mem_store_data [7:0], Q = \gpio_peripheral.gpio_out).
Adding SRST signal on $flatten\cpu.\u_pipeline_regs.$procdff$3354 ($dff) from module soc_top (D = $flatten\cpu.\u_pipeline_regs.$procmux$2827_Y, Q = \cpu.u_pipeline_regs.id_instr, rval = 0).
Adding EN signal on $auto$ff.cc:266:slice$3551 ($sdff) from module soc_top (D = $flatten\cpu.\u_pipeline_regs.$procmux$2824_Y, Q = \cpu.u_pipeline_regs.id_instr).
Adding SRST signal on $flatten\cpu.\u_pipeline_regs.$procdff$3353 ($dff) from module soc_top (D = \cpu.u_pipeline_regs.mem_mem_read, Q = \cpu.u_pipeline_regs.wb_mem_to_reg, rval = 1'0).
Adding SRST signal on $flatten\cpu.\u_pipeline_regs.$procdff$3352 ($dff) from module soc_top (D = \cpu.u_pipeline_regs.mem_alu_result, Q = \cpu.u_pipeline_regs.wb_alu_result, rval = 0).
Adding SRST signal on $flatten\cpu.\u_pipeline_regs.$procdff$3351 ($dff) from module soc_top (D = \cpu.u_pipeline_regs.mem_read_data, Q = \cpu.u_pipeline_regs.wb_read_data, rval = 0).
Adding SRST signal on $flatten\cpu.\u_pipeline_regs.$procdff$3349 ($dff) from module soc_top (D = \cpu.u_pipeline_regs.ex_mem_write, Q = \cpu.u_pipeline_regs.mem_mem_write, rval = 1'0).
Adding SRST signal on $flatten\cpu.\u_pipeline_regs.$procdff$3348 ($dff) from module soc_top (D = \cpu.u_pipeline_regs.ex_mem_read, Q = \cpu.u_pipeline_regs.mem_mem_read, rval = 1'0).
Adding SRST signal on $flatten\cpu.\u_pipeline_regs.$procdff$3347 ($dff) from module soc_top (D = \cpu.u_branch.rs2_data, Q = \cpu.u_pipeline_regs.mem_store_data, rval = 0).
Adding SRST signal on $flatten\cpu.\u_pipeline_regs.$procdff$3346 ($dff) from module soc_top (D = \cpu.u_pipeline_regs.ex_alu_result, Q = \cpu.u_pipeline_regs.mem_alu_result, rval = 0).
Adding SRST signal on $flatten\cpu.\u_pipeline_regs.$procdff$3345 ($dff) from module soc_top (D = \cpu.u_pipeline_regs.mem_reg_write, Q = \cpu.u_pipeline_regs.wb_reg_write, rval = 1'0).
Adding SRST signal on $flatten\cpu.\u_pipeline_regs.$procdff$3344 ($dff) from module soc_top (D = \cpu.u_pipeline_regs.ex_reg_write, Q = \cpu.u_pipeline_regs.mem_reg_write, rval = 1'0).
Adding SRST signal on $flatten\cpu.\u_pipeline_regs.$procdff$3343 ($dff) from module soc_top (D = \cpu.u_pipeline_regs.mem_rd, Q = \cpu.u_pipeline_regs.wb_rd, rval = 5'00000).
Adding SRST signal on $flatten\cpu.\u_pipeline_regs.$procdff$3342 ($dff) from module soc_top (D = \cpu.u_pipeline_regs.ex_rd, Q = \cpu.u_pipeline_regs.mem_rd, rval = 5'00000).
Adding SRST signal on $flatten\cpu.\u_pipeline_regs.$procdff$3340 ($dff) from module soc_top (D = \cpu.u_pipeline_regs.id_jump, Q = \cpu.u_pipeline_regs.ex_jump, rval = 1'0).
Adding SRST signal on $flatten\cpu.\u_pipeline_regs.$procdff$3339 ($dff) from module soc_top (D = \cpu.u_pipeline_regs.id_branch, Q = \cpu.u_pipeline_regs.ex_branch, rval = 1'0).
Adding SRST signal on $flatten\cpu.\u_pipeline_regs.$procdff$3338 ($dff) from module soc_top (D = \cpu.u_pipeline_regs.id_alu_src, Q = \cpu.u_pipeline_regs.ex_alu_src, rval = 1'0).
Adding SRST signal on $flatten\cpu.\u_pipeline_regs.$procdff$3336 ($dff) from module soc_top (D = \cpu.u_pipeline_regs.id_mem_write, Q = \cpu.u_pipeline_regs.ex_mem_write, rval = 1'0).
Adding SRST signal on $flatten\cpu.\u_pipeline_regs.$procdff$3335 ($dff) from module soc_top (D = \cpu.u_pipeline_regs.id_reg_write, Q = \cpu.u_pipeline_regs.ex_reg_write, rval = 1'0).
Adding SRST signal on $flatten\cpu.\u_pipeline_regs.$procdff$3334 ($dff) from module soc_top (D = $flatten\cpu.\u_pipeline_regs.$procmux$2836_Y, Q = \cpu.u_pipeline_regs.ex_pc, rval = 0).
Adding EN signal on $auto$ff.cc:266:slice$3579 ($sdff) from module soc_top (D = \cpu.u_pipeline_regs.id_pc, Q = \cpu.u_pipeline_regs.ex_pc).
Adding SRST signal on $flatten\cpu.\u_pipeline_regs.$procdff$3333 ($dff) from module soc_top (D = $flatten\cpu.\u_pipeline_regs.$procmux$2845_Y, Q = \cpu.u_pipeline_regs.ex_immediate, rval = 0).
Adding EN signal on $auto$ff.cc:266:slice$3587 ($sdff) from module soc_top (D = \cpu.u_pipeline_regs.id_immediate, Q = \cpu.u_pipeline_regs.ex_immediate).
Adding SRST signal on $flatten\cpu.\u_pipeline_regs.$procdff$3332 ($dff) from module soc_top (D = $flatten\cpu.\u_pipeline_regs.$procmux$2854_Y, Q = \cpu.u_pipeline_regs.ex_rs2_data, rval = 0).
Adding EN signal on $auto$ff.cc:266:slice$3595 ($sdff) from module soc_top (D = \cpu.u_pipeline_regs.id_rs2_data, Q = \cpu.u_pipeline_regs.ex_rs2_data).
Adding SRST signal on $flatten\cpu.\u_pipeline_regs.$procdff$3331 ($dff) from module soc_top (D = $flatten\cpu.\u_pipeline_regs.$procmux$2863_Y, Q = \cpu.u_pipeline_regs.ex_rs1_data, rval = 0).
Adding EN signal on $auto$ff.cc:266:slice$3603 ($sdff) from module soc_top (D = \cpu.u_pipeline_regs.id_rs1_data, Q = \cpu.u_pipeline_regs.ex_rs1_data).
Adding SRST signal on $flatten\cpu.\u_pipeline_regs.$procdff$3330 ($dff) from module soc_top (D = \cpu.u_pipeline_regs.id_mem_to_reg, Q = \cpu.u_pipeline_regs.ex_mem_read, rval = 1'0).
Adding SRST signal on $flatten\cpu.\u_pipeline_regs.$procdff$3329 ($dff) from module soc_top (D = $flatten\cpu.\u_pipeline_regs.$procmux$2872_Y, Q = \cpu.u_pipeline_regs.ex_rd, rval = 5'00000).
Adding EN signal on $auto$ff.cc:266:slice$3614 ($sdff) from module soc_top (D = \cpu.u_pipeline_regs.id_instr [11:7], Q = \cpu.u_pipeline_regs.ex_rd).
Adding SRST signal on $flatten\cpu.\u_pipeline_regs.$procdff$3328 ($dff) from module soc_top (D = $flatten\cpu.\u_pipeline_regs.$procmux$2881_Y, Q = \cpu.u_pipeline_regs.ex_rs2, rval = 5'00000).
Adding EN signal on $auto$ff.cc:266:slice$3622 ($sdff) from module soc_top (D = \cpu.u_pipeline_regs.id_instr [24:20], Q = \cpu.u_pipeline_regs.ex_rs2).
Adding SRST signal on $flatten\cpu.\u_pipeline_regs.$procdff$3327 ($dff) from module soc_top (D = $flatten\cpu.\u_pipeline_regs.$procmux$2890_Y, Q = \cpu.u_pipeline_regs.ex_rs1, rval = 5'00000).
Adding EN signal on $auto$ff.cc:266:slice$3630 ($sdff) from module soc_top (D = \cpu.u_pipeline_regs.id_instr [19:15], Q = \cpu.u_pipeline_regs.ex_rs1).
Adding SRST signal on $flatten\cpu.\u_pipeline_regs.$procdff$3325 ($dff) from module soc_top (D = $flatten\cpu.\u_pipeline_regs.$procmux$2908_Y, Q = \cpu.u_pipeline_regs.id_pc, rval = 0).
Adding EN signal on $auto$ff.cc:266:slice$3638 ($sdff) from module soc_top (D = $flatten\cpu.\u_pipeline_regs.$procmux$2905_Y, Q = \cpu.u_pipeline_regs.id_pc).
Adding SRST signal on $flatten\cpu.\u_if.$procdff$3324 ($dff) from module soc_top (D = $flatten\cpu.\u_if.$procmux$2671_Y, Q = \cpu.u_if.pc, rval = 0).
Adding EN signal on $auto$ff.cc:266:slice$3640 ($sdff) from module soc_top (D = $flatten\cpu.\u_if.$procmux$2669_Y, Q = \cpu.u_if.pc).
Setting constant 0-bit at position 1 on $auto$ff.cc:266:slice$3544 ($adffe) from module soc_top.
Setting constant 0-bit at position 2 on $auto$ff.cc:266:slice$3544 ($adffe) from module soc_top.
Setting constant 0-bit at position 3 on $auto$ff.cc:266:slice$3544 ($adffe) from module soc_top.
Setting constant 0-bit at position 4 on $auto$ff.cc:266:slice$3544 ($adffe) from module soc_top.
Setting constant 0-bit at position 5 on $auto$ff.cc:266:slice$3544 ($adffe) from module soc_top.
Setting constant 0-bit at position 6 on $auto$ff.cc:266:slice$3544 ($adffe) from module soc_top.
Setting constant 0-bit at position 7 on $auto$ff.cc:266:slice$3544 ($adffe) from module soc_top.

78. Executing OPT_CLEAN pass (remove unused cells and wires).
Finding unused cells or wires in module \soc_top..
Removed 76 unused cells and 92 unused wires.
<suppressed ~77 debug messages>

79. Executing OPT_EXPR pass (perform const folding).
Optimizing module soc_top.
<suppressed ~1 debug messages>

80. Rerunning OPT passes. (Maybe there is more to do…)

81. Executing OPT_MUXTREE pass (detect dead branches in mux trees).
Running muxtree optimizer on module \soc_top..
  Creating internal representation of mux trees.
  Evaluating internal representation of mux trees.
  Analyzing evaluation results.
Removed 0 multiplexer ports.
<suppressed ~44 debug messages>

82. Executing OPT_REDUCE pass (consolidate $*mux and $reduce_* inputs).
  Optimizing cells in module \soc_top.
Performed a total of 0 changes.

83. Executing OPT_MERGE pass (detect identical cells).
Finding identical cells in module `\soc_top'.
<suppressed ~69 debug messages>
Removed a total of 23 cells.

84. Executing OPT_DFF pass (perform DFF optimizations).

85. Executing OPT_CLEAN pass (remove unused cells and wires).
Finding unused cells or wires in module \soc_top..
Removed 0 unused cells and 23 unused wires.
<suppressed ~1 debug messages>

86. Executing OPT_EXPR pass (perform const folding).
Optimizing module soc_top.

87. Rerunning OPT passes. (Maybe there is more to do…)

88. Executing OPT_MUXTREE pass (detect dead branches in mux trees).
Running muxtree optimizer on module \soc_top..
  Creating internal representation of mux trees.
  Evaluating internal representation of mux trees.
  Analyzing evaluation results.
Removed 0 multiplexer ports.
<suppressed ~44 debug messages>

89. Executing OPT_REDUCE pass (consolidate $*mux and $reduce_* inputs).
  Optimizing cells in module \soc_top.
Performed a total of 0 changes.

90. Executing OPT_MERGE pass (detect identical cells).
Finding identical cells in module `\soc_top'.
Removed a total of 0 cells.

91. Executing OPT_DFF pass (perform DFF optimizations).

92. Executing OPT_CLEAN pass (remove unused cells and wires).
Finding unused cells or wires in module \soc_top..

93. Executing OPT_EXPR pass (perform const folding).
Optimizing module soc_top.

94. Executing WREDUCE pass (reducing word size of cells).
Removed top 27 address bits (of 32) from memory init port soc_top.$flatten\cpu.\u_id.\rf.$auto$proc_memwr.cc:45:proc_memwr$3439 (cpu.u_id.rf.regs).
Removed top 27 address bits (of 32) from memory init port soc_top.$flatten\cpu.\u_id.\rf.$auto$proc_memwr.cc:45:proc_memwr$3440 (cpu.u_id.rf.regs).
Removed top 27 address bits (of 32) from memory init port soc_top.$flatten\cpu.\u_id.\rf.$auto$proc_memwr.cc:45:proc_memwr$3441 (cpu.u_id.rf.regs).
Removed top 27 address bits (of 32) from memory init port soc_top.$flatten\cpu.\u_id.\rf.$auto$proc_memwr.cc:45:proc_memwr$3442 (cpu.u_id.rf.regs).
Removed top 27 address bits (of 32) from memory init port soc_top.$flatten\cpu.\u_id.\rf.$auto$proc_memwr.cc:45:proc_memwr$3443 (cpu.u_id.rf.regs).
Removed top 27 address bits (of 32) from memory init port soc_top.$flatten\cpu.\u_id.\rf.$auto$proc_memwr.cc:45:proc_memwr$3444 (cpu.u_id.rf.regs).
Removed top 27 address bits (of 32) from memory init port soc_top.$flatten\cpu.\u_id.\rf.$auto$proc_memwr.cc:45:proc_memwr$3445 (cpu.u_id.rf.regs).
Removed top 27 address bits (of 32) from memory init port soc_top.$flatten\cpu.\u_id.\rf.$auto$proc_memwr.cc:45:proc_memwr$3446 (cpu.u_id.rf.regs).
Removed top 27 address bits (of 32) from memory init port soc_top.$flatten\cpu.\u_id.\rf.$auto$proc_memwr.cc:45:proc_memwr$3447 (cpu.u_id.rf.regs).
Removed top 27 address bits (of 32) from memory init port soc_top.$flatten\cpu.\u_id.\rf.$auto$proc_memwr.cc:45:proc_memwr$3448 (cpu.u_id.rf.regs).
Removed top 27 address bits (of 32) from memory init port soc_top.$flatten\cpu.\u_id.\rf.$auto$proc_memwr.cc:45:proc_memwr$3449 (cpu.u_id.rf.regs).
Removed top 27 address bits (of 32) from memory init port soc_top.$flatten\cpu.\u_id.\rf.$auto$proc_memwr.cc:45:proc_memwr$3450 (cpu.u_id.rf.regs).
Removed top 27 address bits (of 32) from memory init port soc_top.$flatten\cpu.\u_id.\rf.$auto$proc_memwr.cc:45:proc_memwr$3451 (cpu.u_id.rf.regs).
Removed top 27 address bits (of 32) from memory init port soc_top.$flatten\cpu.\u_id.\rf.$auto$proc_memwr.cc:45:proc_memwr$3452 (cpu.u_id.rf.regs).
Removed top 27 address bits (of 32) from memory init port soc_top.$flatten\cpu.\u_id.\rf.$auto$proc_memwr.cc:45:proc_memwr$3453 (cpu.u_id.rf.regs).
Removed top 27 address bits (of 32) from memory init port soc_top.$flatten\cpu.\u_id.\rf.$auto$proc_memwr.cc:45:proc_memwr$3454 (cpu.u_id.rf.regs).
Removed top 27 address bits (of 32) from memory init port soc_top.$flatten\cpu.\u_id.\rf.$auto$proc_memwr.cc:45:proc_memwr$3455 (cpu.u_id.rf.regs).
Removed top 27 address bits (of 32) from memory init port soc_top.$flatten\cpu.\u_id.\rf.$auto$proc_memwr.cc:45:proc_memwr$3456 (cpu.u_id.rf.regs).
Removed top 27 address bits (of 32) from memory init port soc_top.$flatten\cpu.\u_id.\rf.$auto$proc_memwr.cc:45:proc_memwr$3457 (cpu.u_id.rf.regs).
Removed top 27 address bits (of 32) from memory init port soc_top.$flatten\cpu.\u_id.\rf.$auto$proc_memwr.cc:45:proc_memwr$3458 (cpu.u_id.rf.regs).
Removed top 27 address bits (of 32) from memory init port soc_top.$flatten\cpu.\u_id.\rf.$auto$proc_memwr.cc:45:proc_memwr$3459 (cpu.u_id.rf.regs).
Removed top 27 address bits (of 32) from memory init port soc_top.$flatten\cpu.\u_id.\rf.$auto$proc_memwr.cc:45:proc_memwr$3460 (cpu.u_id.rf.regs).
Removed top 27 address bits (of 32) from memory init port soc_top.$flatten\cpu.\u_id.\rf.$auto$proc_memwr.cc:45:proc_memwr$3461 (cpu.u_id.rf.regs).
Removed top 27 address bits (of 32) from memory init port soc_top.$flatten\cpu.\u_id.\rf.$auto$proc_memwr.cc:45:proc_memwr$3462 (cpu.u_id.rf.regs).
Removed top 27 address bits (of 32) from memory init port soc_top.$flatten\cpu.\u_id.\rf.$auto$proc_memwr.cc:45:proc_memwr$3463 (cpu.u_id.rf.regs).
Removed top 27 address bits (of 32) from memory init port soc_top.$flatten\cpu.\u_id.\rf.$auto$proc_memwr.cc:45:proc_memwr$3464 (cpu.u_id.rf.regs).
Removed top 27 address bits (of 32) from memory init port soc_top.$flatten\cpu.\u_id.\rf.$auto$proc_memwr.cc:45:proc_memwr$3465 (cpu.u_id.rf.regs).
Removed top 27 address bits (of 32) from memory init port soc_top.$flatten\cpu.\u_id.\rf.$auto$proc_memwr.cc:45:proc_memwr$3466 (cpu.u_id.rf.regs).
Removed top 27 address bits (of 32) from memory init port soc_top.$flatten\cpu.\u_id.\rf.$auto$proc_memwr.cc:45:proc_memwr$3467 (cpu.u_id.rf.regs).
Removed top 27 address bits (of 32) from memory init port soc_top.$flatten\cpu.\u_id.\rf.$auto$proc_memwr.cc:45:proc_memwr$3468 (cpu.u_id.rf.regs).
Removed top 27 address bits (of 32) from memory init port soc_top.$flatten\cpu.\u_id.\rf.$auto$proc_memwr.cc:45:proc_memwr$3469 (cpu.u_id.rf.regs).
Removed top 27 address bits (of 32) from memory init port soc_top.$flatten\cpu.\u_id.\rf.$auto$proc_memwr.cc:45:proc_memwr$3470 (cpu.u_id.rf.regs).
Removed top 24 address bits (of 32) from memory init port soc_top.$flatten\cpu.\u_if.$meminit$\instruction_memory$/work/rtl/cpu/pipeline/if_stage.sv:22$1910 (cpu.u_if.instruction_memory).
Removed top 24 address bits (of 32) from memory init port soc_top.$flatten\cpu.\u_if.$meminit$\instruction_memory$/work/rtl/cpu/pipeline/if_stage.sv:22$1911 (cpu.u_if.instruction_memory).
Removed top 24 address bits (of 32) from memory init port soc_top.$flatten\cpu.\u_if.$meminit$\instruction_memory$/work/rtl/cpu/pipeline/if_stage.sv:22$1912 (cpu.u_if.instruction_memory).
Removed top 24 address bits (of 32) from memory init port soc_top.$flatten\cpu.\u_if.$meminit$\instruction_memory$/work/rtl/cpu/pipeline/if_stage.sv:22$1913 (cpu.u_if.instruction_memory).
Removed top 24 address bits (of 32) from memory init port soc_top.$flatten\cpu.\u_if.$meminit$\instruction_memory$/work/rtl/cpu/pipeline/if_stage.sv:22$1914 (cpu.u_if.instruction_memory).
Removed top 24 address bits (of 32) from memory init port soc_top.$flatten\cpu.\u_if.$meminit$\instruction_memory$/work/rtl/cpu/pipeline/if_stage.sv:22$1915 (cpu.u_if.instruction_memory).
Removed top 24 address bits (of 32) from memory init port soc_top.$flatten\cpu.\u_if.$meminit$\instruction_memory$/work/rtl/cpu/pipeline/if_stage.sv:22$1916 (cpu.u_if.instruction_memory).
Removed top 24 address bits (of 32) from memory init port soc_top.$flatten\cpu.\u_if.$meminit$\instruction_memory$/work/rtl/cpu/pipeline/if_stage.sv:22$1917 (cpu.u_if.instruction_memory).
Removed top 24 address bits (of 32) from memory init port soc_top.$flatten\cpu.\u_if.$meminit$\instruction_memory$/work/rtl/cpu/pipeline/if_stage.sv:22$1918 (cpu.u_if.instruction_memory).
Removed top 24 address bits (of 32) from memory init port soc_top.$flatten\cpu.\u_if.$meminit$\instruction_memory$/work/rtl/cpu/pipeline/if_stage.sv:22$1919 (cpu.u_if.instruction_memory).
Removed top 24 address bits (of 32) from memory init port soc_top.$flatten\cpu.\u_if.$meminit$\instruction_memory$/work/rtl/cpu/pipeline/if_stage.sv:22$1920 (cpu.u_if.instruction_memory).
Removed top 24 address bits (of 32) from memory init port soc_top.$flatten\cpu.\u_if.$meminit$\instruction_memory$/work/rtl/cpu/pipeline/if_stage.sv:22$1921 (cpu.u_if.instruction_memory).
Removed top 24 address bits (of 32) from memory init port soc_top.$flatten\cpu.\u_if.$meminit$\instruction_memory$/work/rtl/cpu/pipeline/if_stage.sv:22$1922 (cpu.u_if.instruction_memory).
Removed top 24 address bits (of 32) from memory init port soc_top.$flatten\cpu.\u_if.$meminit$\instruction_memory$/work/rtl/cpu/pipeline/if_stage.sv:22$1923 (cpu.u_if.instruction_memory).
Removed top 24 address bits (of 32) from memory init port soc_top.$flatten\cpu.\u_if.$meminit$\instruction_memory$/work/rtl/cpu/pipeline/if_stage.sv:22$1924 (cpu.u_if.instruction_memory).
Removed top 24 address bits (of 32) from memory init port soc_top.$flatten\cpu.\u_if.$meminit$\instruction_memory$/work/rtl/cpu/pipeline/if_stage.sv:22$1925 (cpu.u_if.instruction_memory).
Removed top 24 address bits (of 32) from memory init port soc_top.$flatten\cpu.\u_if.$meminit$\instruction_memory$/work/rtl/cpu/pipeline/if_stage.sv:22$1926 (cpu.u_if.instruction_memory).
Removed top 24 address bits (of 32) from memory init port soc_top.$flatten\cpu.\u_if.$meminit$\instruction_memory$/work/rtl/cpu/pipeline/if_stage.sv:22$1927 (cpu.u_if.instruction_memory).
Removed top 24 address bits (of 32) from memory init port soc_top.$flatten\cpu.\u_if.$meminit$\instruction_memory$/work/rtl/cpu/pipeline/if_stage.sv:22$1928 (cpu.u_if.instruction_memory).
Removed top 24 address bits (of 32) from memory init port soc_top.$flatten\cpu.\u_if.$meminit$\instruction_memory$/work/rtl/cpu/pipeline/if_stage.sv:22$1929 (cpu.u_if.instruction_memory).
Removed top 24 address bits (of 32) from memory init port soc_top.$flatten\cpu.\u_if.$meminit$\instruction_memory$/work/rtl/cpu/pipeline/if_stage.sv:22$1930 (cpu.u_if.instruction_memory).
Removed top 24 address bits (of 32) from memory init port soc_top.$flatten\cpu.\u_if.$meminit$\instruction_memory$/work/rtl/cpu/pipeline/if_stage.sv:22$1931 (cpu.u_if.instruction_memory).
Removed top 24 address bits (of 32) from memory init port soc_top.$flatten\cpu.\u_if.$meminit$\instruction_memory$/work/rtl/cpu/pipeline/if_stage.sv:22$1932 (cpu.u_if.instruction_memory).
Removed top 24 address bits (of 32) from memory init port soc_top.$flatten\cpu.\u_if.$meminit$\instruction_memory$/work/rtl/cpu/pipeline/if_stage.sv:22$1933 (cpu.u_if.instruction_memory).
Removed top 24 address bits (of 32) from memory init port soc_top.$flatten\cpu.\u_if.$meminit$\instruction_memory$/work/rtl/cpu/pipeline/if_stage.sv:22$1934 (cpu.u_if.instruction_memory).
Removed top 24 address bits (of 32) from memory init port soc_top.$flatten\cpu.\u_if.$meminit$\instruction_memory$/work/rtl/cpu/pipeline/if_stage.sv:22$1935 (cpu.u_if.instruction_memory).
Removed top 24 address bits (of 32) from memory init port soc_top.$flatten\cpu.\u_if.$meminit$\instruction_memory$/work/rtl/cpu/pipeline/if_stage.sv:22$1936 (cpu.u_if.instruction_memory).
Removed top 24 address bits (of 32) from memory init port soc_top.$flatten\cpu.\u_if.$meminit$\instruction_memory$/work/rtl/cpu/pipeline/if_stage.sv:22$1937 (cpu.u_if.instruction_memory).
Removed top 24 address bits (of 32) from memory init port soc_top.$flatten\cpu.\u_if.$meminit$\instruction_memory$/work/rtl/cpu/pipeline/if_stage.sv:22$1938 (cpu.u_if.instruction_memory).
Removed top 24 address bits (of 32) from memory init port soc_top.$flatten\cpu.\u_if.$meminit$\instruction_memory$/work/rtl/cpu/pipeline/if_stage.sv:22$1939 (cpu.u_if.instruction_memory).
Removed top 24 address bits (of 32) from memory init port soc_top.$flatten\cpu.\u_if.$meminit$\instruction_memory$/work/rtl/cpu/pipeline/if_stage.sv:22$1940 (cpu.u_if.instruction_memory).
Removed top 24 address bits (of 32) from memory init port soc_top.$flatten\cpu.\u_if.$meminit$\instruction_memory$/work/rtl/cpu/pipeline/if_stage.sv:22$1941 (cpu.u_if.instruction_memory).
Removed top 24 address bits (of 32) from memory init port soc_top.$flatten\cpu.\u_if.$meminit$\instruction_memory$/work/rtl/cpu/pipeline/if_stage.sv:22$1942 (cpu.u_if.instruction_memory).
Removed top 24 address bits (of 32) from memory init port soc_top.$flatten\cpu.\u_if.$meminit$\instruction_memory$/work/rtl/cpu/pipeline/if_stage.sv:22$1943 (cpu.u_if.instruction_memory).
Removed top 24 address bits (of 32) from memory init port soc_top.$flatten\cpu.\u_if.$meminit$\instruction_memory$/work/rtl/cpu/pipeline/if_stage.sv:22$1944 (cpu.u_if.instruction_memory).
Removed top 24 address bits (of 32) from memory init port soc_top.$flatten\cpu.\u_if.$meminit$\instruction_memory$/work/rtl/cpu/pipeline/if_stage.sv:22$1945 (cpu.u_if.instruction_memory).
Removed top 24 address bits (of 32) from memory init port soc_top.$flatten\cpu.\u_if.$meminit$\instruction_memory$/work/rtl/cpu/pipeline/if_stage.sv:22$1946 (cpu.u_if.instruction_memory).
Removed top 24 address bits (of 32) from memory init port soc_top.$flatten\cpu.\u_if.$meminit$\instruction_memory$/work/rtl/cpu/pipeline/if_stage.sv:22$1947 (cpu.u_if.instruction_memory).
Removed top 24 address bits (of 32) from memory init port soc_top.$flatten\cpu.\u_if.$meminit$\instruction_memory$/work/rtl/cpu/pipeline/if_stage.sv:22$1948 (cpu.u_if.instruction_memory).
Removed top 24 address bits (of 32) from memory init port soc_top.$flatten\cpu.\u_if.$meminit$\instruction_memory$/work/rtl/cpu/pipeline/if_stage.sv:22$1949 (cpu.u_if.instruction_memory).
Removed top 24 address bits (of 32) from memory init port soc_top.$flatten\cpu.\u_if.$meminit$\instruction_memory$/work/rtl/cpu/pipeline/if_stage.sv:22$1950 (cpu.u_if.instruction_memory).
Removed top 24 address bits (of 32) from memory init port soc_top.$flatten\cpu.\u_if.$meminit$\instruction_memory$/work/rtl/cpu/pipeline/if_stage.sv:22$1951 (cpu.u_if.instruction_memory).
Removed top 24 address bits (of 32) from memory init port soc_top.$flatten\cpu.\u_if.$meminit$\instruction_memory$/work/rtl/cpu/pipeline/if_stage.sv:22$1952 (cpu.u_if.instruction_memory).
Removed top 24 address bits (of 32) from memory init port soc_top.$flatten\cpu.\u_if.$meminit$\instruction_memory$/work/rtl/cpu/pipeline/if_stage.sv:22$1953 (cpu.u_if.instruction_memory).
Removed top 24 address bits (of 32) from memory init port soc_top.$flatten\cpu.\u_if.$meminit$\instruction_memory$/work/rtl/cpu/pipeline/if_stage.sv:22$1954 (cpu.u_if.instruction_memory).
Removed top 24 address bits (of 32) from memory init port soc_top.$flatten\cpu.\u_if.$meminit$\instruction_memory$/work/rtl/cpu/pipeline/if_stage.sv:22$1955 (cpu.u_if.instruction_memory).
Removed top 24 address bits (of 32) from memory init port soc_top.$flatten\cpu.\u_if.$meminit$\instruction_memory$/work/rtl/cpu/pipeline/if_stage.sv:22$1956 (cpu.u_if.instruction_memory).
Removed top 24 address bits (of 32) from memory init port soc_top.$flatten\cpu.\u_if.$meminit$\instruction_memory$/work/rtl/cpu/pipeline/if_stage.sv:22$1957 (cpu.u_if.instruction_memory).
Removed top 24 address bits (of 32) from memory init port soc_top.$flatten\cpu.\u_if.$meminit$\instruction_memory$/work/rtl/cpu/pipeline/if_stage.sv:22$1958 (cpu.u_if.instruction_memory).
Removed top 24 address bits (of 32) from memory init port soc_top.$flatten\cpu.\u_if.$meminit$\instruction_memory$/work/rtl/cpu/pipeline/if_stage.sv:22$1959 (cpu.u_if.instruction_memory).
Removed top 24 address bits (of 32) from memory init port soc_top.$flatten\cpu.\u_if.$meminit$\instruction_memory$/work/rtl/cpu/pipeline/if_stage.sv:22$1960 (cpu.u_if.instruction_memory).
Removed top 24 address bits (of 32) from memory init port soc_top.$flatten\cpu.\u_if.$meminit$\instruction_memory$/work/rtl/cpu/pipeline/if_stage.sv:22$1961 (cpu.u_if.instruction_memory).
Removed top 24 address bits (of 32) from memory init port soc_top.$flatten\cpu.\u_if.$meminit$\instruction_memory$/work/rtl/cpu/pipeline/if_stage.sv:22$1962 (cpu.u_if.instruction_memory).
Removed top 24 address bits (of 32) from memory init port soc_top.$flatten\cpu.\u_if.$meminit$\instruction_memory$/work/rtl/cpu/pipeline/if_stage.sv:22$1963 (cpu.u_if.instruction_memory).
Removed top 24 address bits (of 32) from memory init port soc_top.$flatten\cpu.\u_if.$meminit$\instruction_memory$/work/rtl/cpu/pipeline/if_stage.sv:22$1964 (cpu.u_if.instruction_memory).
Removed top 24 address bits (of 32) from memory init port soc_top.$flatten\cpu.\u_if.$meminit$\instruction_memory$/work/rtl/cpu/pipeline/if_stage.sv:22$1965 (cpu.u_if.instruction_memory).
Removed top 24 address bits (of 32) from memory init port soc_top.$flatten\cpu.\u_if.$meminit$\instruction_memory$/work/rtl/cpu/pipeline/if_stage.sv:22$1966 (cpu.u_if.instruction_memory).
Removed top 24 address bits (of 32) from memory init port soc_top.$flatten\cpu.\u_if.$meminit$\instruction_memory$/work/rtl/cpu/pipeline/if_stage.sv:22$1967 (cpu.u_if.instruction_memory).
Removed top 24 address bits (of 32) from memory init port soc_top.$flatten\cpu.\u_if.$meminit$\instruction_memory$/work/rtl/cpu/pipeline/if_stage.sv:22$1968 (cpu.u_if.instruction_memory).
Removed top 24 address bits (of 32) from memory init port soc_top.$flatten\cpu.\u_if.$meminit$\instruction_memory$/work/rtl/cpu/pipeline/if_stage.sv:22$1969 (cpu.u_if.instruction_memory).
Removed top 24 address bits (of 32) from memory init port soc_top.$flatten\cpu.\u_if.$meminit$\instruction_memory$/work/rtl/cpu/pipeline/if_stage.sv:22$1970 (cpu.u_if.instruction_memory).
Removed top 24 address bits (of 32) from memory init port soc_top.$flatten\cpu.\u_if.$meminit$\instruction_memory$/work/rtl/cpu/pipeline/if_stage.sv:22$1971 (cpu.u_if.instruction_memory).
Removed top 24 address bits (of 32) from memory init port soc_top.$flatten\cpu.\u_if.$meminit$\instruction_memory$/work/rtl/cpu/pipeline/if_stage.sv:22$1972 (cpu.u_if.instruction_memory).
Removed top 24 address bits (of 32) from memory init port soc_top.$flatten\cpu.\u_if.$meminit$\instruction_memory$/work/rtl/cpu/pipeline/if_stage.sv:22$1973 (cpu.u_if.instruction_memory).
Removed top 24 address bits (of 32) from memory init port soc_top.$flatten\cpu.\u_if.$meminit$\instruction_memory$/work/rtl/cpu/pipeline/if_stage.sv:22$1974 (cpu.u_if.instruction_memory).
Removed top 24 address bits (of 32) from memory init port soc_top.$flatten\cpu.\u_if.$meminit$\instruction_memory$/work/rtl/cpu/pipeline/if_stage.sv:22$1975 (cpu.u_if.instruction_memory).
Removed top 24 address bits (of 32) from memory init port soc_top.$flatten\cpu.\u_if.$meminit$\instruction_memory$/work/rtl/cpu/pipeline/if_stage.sv:22$1976 (cpu.u_if.instruction_memory).
Removed top 24 address bits (of 32) from memory init port soc_top.$flatten\cpu.\u_if.$meminit$\instruction_memory$/work/rtl/cpu/pipeline/if_stage.sv:22$1977 (cpu.u_if.instruction_memory).
Removed top 24 address bits (of 32) from memory init port soc_top.$flatten\cpu.\u_if.$meminit$\instruction_memory$/work/rtl/cpu/pipeline/if_stage.sv:22$1978 (cpu.u_if.instruction_memory).
Removed top 24 address bits (of 32) from memory init port soc_top.$flatten\cpu.\u_if.$meminit$\instruction_memory$/work/rtl/cpu/pipeline/if_stage.sv:22$1979 (cpu.u_if.instruction_memory).
Removed top 24 address bits (of 32) from memory init port soc_top.$flatten\cpu.\u_if.$meminit$\instruction_memory$/work/rtl/cpu/pipeline/if_stage.sv:22$1980 (cpu.u_if.instruction_memory).
Removed top 24 address bits (of 32) from memory init port soc_top.$flatten\cpu.\u_if.$meminit$\instruction_memory$/work/rtl/cpu/pipeline/if_stage.sv:22$1981 (cpu.u_if.instruction_memory).
Removed top 24 address bits (of 32) from memory init port soc_top.$flatten\cpu.\u_if.$meminit$\instruction_memory$/work/rtl/cpu/pipeline/if_stage.sv:22$1982 (cpu.u_if.instruction_memory).
Removed top 24 address bits (of 32) from memory init port soc_top.$flatten\cpu.\u_if.$meminit$\instruction_memory$/work/rtl/cpu/pipeline/if_stage.sv:22$1983 (cpu.u_if.instruction_memory).
Removed top 24 address bits (of 32) from memory init port soc_top.$flatten\cpu.\u_if.$meminit$\instruction_memory$/work/rtl/cpu/pipeline/if_stage.sv:22$1984 (cpu.u_if.instruction_memory).
Removed top 24 address bits (of 32) from memory init port soc_top.$flatten\cpu.\u_if.$meminit$\instruction_memory$/work/rtl/cpu/pipeline/if_stage.sv:22$1985 (cpu.u_if.instruction_memory).
Removed top 24 address bits (of 32) from memory init port soc_top.$flatten\cpu.\u_if.$meminit$\instruction_memory$/work/rtl/cpu/pipeline/if_stage.sv:22$1986 (cpu.u_if.instruction_memory).
Removed top 24 address bits (of 32) from memory init port soc_top.$flatten\cpu.\u_if.$meminit$\instruction_memory$/work/rtl/cpu/pipeline/if_stage.sv:22$1987 (cpu.u_if.instruction_memory).
Removed top 24 address bits (of 32) from memory init port soc_top.$flatten\cpu.\u_if.$meminit$\instruction_memory$/work/rtl/cpu/pipeline/if_stage.sv:22$1988 (cpu.u_if.instruction_memory).
Removed top 24 address bits (of 32) from memory init port soc_top.$flatten\cpu.\u_if.$meminit$\instruction_memory$/work/rtl/cpu/pipeline/if_stage.sv:22$1989 (cpu.u_if.instruction_memory).
Removed top 24 address bits (of 32) from memory init port soc_top.$flatten\cpu.\u_if.$meminit$\instruction_memory$/work/rtl/cpu/pipeline/if_stage.sv:22$1990 (cpu.u_if.instruction_memory).
Removed top 24 address bits (of 32) from memory init port soc_top.$flatten\cpu.\u_if.$meminit$\instruction_memory$/work/rtl/cpu/pipeline/if_stage.sv:22$1991 (cpu.u_if.instruction_memory).
Removed top 24 address bits (of 32) from memory init port soc_top.$flatten\cpu.\u_if.$meminit$\instruction_memory$/work/rtl/cpu/pipeline/if_stage.sv:22$1992 (cpu.u_if.instruction_memory).
Removed top 24 address bits (of 32) from memory init port soc_top.$flatten\cpu.\u_if.$meminit$\instruction_memory$/work/rtl/cpu/pipeline/if_stage.sv:22$1993 (cpu.u_if.instruction_memory).
Removed top 24 address bits (of 32) from memory init port soc_top.$flatten\cpu.\u_if.$meminit$\instruction_memory$/work/rtl/cpu/pipeline/if_stage.sv:22$1994 (cpu.u_if.instruction_memory).
Removed top 24 address bits (of 32) from memory init port soc_top.$flatten\cpu.\u_if.$meminit$\instruction_memory$/work/rtl/cpu/pipeline/if_stage.sv:22$1995 (cpu.u_if.instruction_memory).
Removed top 24 address bits (of 32) from memory init port soc_top.$flatten\cpu.\u_if.$meminit$\instruction_memory$/work/rtl/cpu/pipeline/if_stage.sv:22$1996 (cpu.u_if.instruction_memory).
Removed top 24 address bits (of 32) from memory init port soc_top.$flatten\cpu.\u_if.$meminit$\instruction_memory$/work/rtl/cpu/pipeline/if_stage.sv:22$1997 (cpu.u_if.instruction_memory).
Removed top 24 address bits (of 32) from memory init port soc_top.$flatten\cpu.\u_if.$meminit$\instruction_memory$/work/rtl/cpu/pipeline/if_stage.sv:22$1998 (cpu.u_if.instruction_memory).
Removed top 24 address bits (of 32) from memory init port soc_top.$flatten\cpu.\u_if.$meminit$\instruction_memory$/work/rtl/cpu/pipeline/if_stage.sv:22$1999 (cpu.u_if.instruction_memory).
Removed top 24 address bits (of 32) from memory init port soc_top.$flatten\cpu.\u_if.$meminit$\instruction_memory$/work/rtl/cpu/pipeline/if_stage.sv:22$2000 (cpu.u_if.instruction_memory).
Removed top 24 address bits (of 32) from memory init port soc_top.$flatten\cpu.\u_if.$meminit$\instruction_memory$/work/rtl/cpu/pipeline/if_stage.sv:22$2001 (cpu.u_if.instruction_memory).
Removed top 24 address bits (of 32) from memory init port soc_top.$flatten\cpu.\u_if.$meminit$\instruction_memory$/work/rtl/cpu/pipeline/if_stage.sv:22$2002 (cpu.u_if.instruction_memory).
Removed top 24 address bits (of 32) from memory init port soc_top.$flatten\cpu.\u_if.$meminit$\instruction_memory$/work/rtl/cpu/pipeline/if_stage.sv:22$2003 (cpu.u_if.instruction_memory).
Removed top 24 address bits (of 32) from memory init port soc_top.$flatten\cpu.\u_if.$meminit$\instruction_memory$/work/rtl/cpu/pipeline/if_stage.sv:22$2004 (cpu.u_if.instruction_memory).
Removed top 24 address bits (of 32) from memory init port soc_top.$flatten\cpu.\u_if.$meminit$\instruction_memory$/work/rtl/cpu/pipeline/if_stage.sv:22$2005 (cpu.u_if.instruction_memory).
Removed top 24 address bits (of 32) from memory init port soc_top.$flatten\cpu.\u_if.$meminit$\instruction_memory$/work/rtl/cpu/pipeline/if_stage.sv:22$2006 (cpu.u_if.instruction_memory).
Removed top 24 address bits (of 32) from memory init port soc_top.$flatten\cpu.\u_if.$meminit$\instruction_memory$/work/rtl/cpu/pipeline/if_stage.sv:22$2007 (cpu.u_if.instruction_memory).
Removed top 24 address bits (of 32) from memory init port soc_top.$flatten\cpu.\u_if.$meminit$\instruction_memory$/work/rtl/cpu/pipeline/if_stage.sv:22$2008 (cpu.u_if.instruction_memory).
Removed top 24 address bits (of 32) from memory init port soc_top.$flatten\cpu.\u_if.$meminit$\instruction_memory$/work/rtl/cpu/pipeline/if_stage.sv:22$2009 (cpu.u_if.instruction_memory).
Removed top 24 address bits (of 32) from memory init port soc_top.$flatten\cpu.\u_if.$meminit$\instruction_memory$/work/rtl/cpu/pipeline/if_stage.sv:22$2010 (cpu.u_if.instruction_memory).
Removed top 24 address bits (of 32) from memory init port soc_top.$flatten\cpu.\u_if.$meminit$\instruction_memory$/work/rtl/cpu/pipeline/if_stage.sv:22$2011 (cpu.u_if.instruction_memory).
Removed top 24 address bits (of 32) from memory init port soc_top.$flatten\cpu.\u_if.$meminit$\instruction_memory$/work/rtl/cpu/pipeline/if_stage.sv:22$2012 (cpu.u_if.instruction_memory).
Removed top 24 address bits (of 32) from memory init port soc_top.$flatten\cpu.\u_if.$meminit$\instruction_memory$/work/rtl/cpu/pipeline/if_stage.sv:22$2013 (cpu.u_if.instruction_memory).
Removed top 24 address bits (of 32) from memory init port soc_top.$flatten\cpu.\u_if.$meminit$\instruction_memory$/work/rtl/cpu/pipeline/if_stage.sv:22$2014 (cpu.u_if.instruction_memory).
Removed top 24 address bits (of 32) from memory init port soc_top.$flatten\cpu.\u_if.$meminit$\instruction_memory$/work/rtl/cpu/pipeline/if_stage.sv:22$2015 (cpu.u_if.instruction_memory).
Removed top 24 address bits (of 32) from memory init port soc_top.$flatten\cpu.\u_if.$meminit$\instruction_memory$/work/rtl/cpu/pipeline/if_stage.sv:22$2016 (cpu.u_if.instruction_memory).
Removed top 24 address bits (of 32) from memory init port soc_top.$flatten\cpu.\u_if.$meminit$\instruction_memory$/work/rtl/cpu/pipeline/if_stage.sv:22$2017 (cpu.u_if.instruction_memory).
Removed top 24 address bits (of 32) from memory init port soc_top.$flatten\cpu.\u_if.$meminit$\instruction_memory$/work/rtl/cpu/pipeline/if_stage.sv:22$2018 (cpu.u_if.instruction_memory).
Removed top 24 address bits (of 32) from memory init port soc_top.$flatten\cpu.\u_if.$meminit$\instruction_memory$/work/rtl/cpu/pipeline/if_stage.sv:22$2019 (cpu.u_if.instruction_memory).
Removed top 24 address bits (of 32) from memory init port soc_top.$flatten\cpu.\u_if.$meminit$\instruction_memory$/work/rtl/cpu/pipeline/if_stage.sv:22$2020 (cpu.u_if.instruction_memory).
Removed top 24 address bits (of 32) from memory init port soc_top.$flatten\cpu.\u_if.$meminit$\instruction_memory$/work/rtl/cpu/pipeline/if_stage.sv:22$2021 (cpu.u_if.instruction_memory).
Removed top 24 address bits (of 32) from memory init port soc_top.$flatten\cpu.\u_if.$meminit$\instruction_memory$/work/rtl/cpu/pipeline/if_stage.sv:22$2022 (cpu.u_if.instruction_memory).
Removed top 24 address bits (of 32) from memory init port soc_top.$flatten\cpu.\u_if.$meminit$\instruction_memory$/work/rtl/cpu/pipeline/if_stage.sv:22$2023 (cpu.u_if.instruction_memory).
Removed top 24 address bits (of 32) from memory init port soc_top.$flatten\cpu.\u_if.$meminit$\instruction_memory$/work/rtl/cpu/pipeline/if_stage.sv:22$2024 (cpu.u_if.instruction_memory).
Removed top 24 address bits (of 32) from memory init port soc_top.$flatten\cpu.\u_if.$meminit$\instruction_memory$/work/rtl/cpu/pipeline/if_stage.sv:22$2025 (cpu.u_if.instruction_memory).
Removed top 24 address bits (of 32) from memory init port soc_top.$flatten\cpu.\u_if.$meminit$\instruction_memory$/work/rtl/cpu/pipeline/if_stage.sv:22$2026 (cpu.u_if.instruction_memory).
Removed top 24 address bits (of 32) from memory init port soc_top.$flatten\cpu.\u_if.$meminit$\instruction_memory$/work/rtl/cpu/pipeline/if_stage.sv:22$2027 (cpu.u_if.instruction_memory).
Removed top 24 address bits (of 32) from memory init port soc_top.$flatten\cpu.\u_if.$meminit$\instruction_memory$/work/rtl/cpu/pipeline/if_stage.sv:22$2028 (cpu.u_if.instruction_memory).
Removed top 24 address bits (of 32) from memory init port soc_top.$flatten\cpu.\u_if.$meminit$\instruction_memory$/work/rtl/cpu/pipeline/if_stage.sv:22$2029 (cpu.u_if.instruction_memory).
Removed top 24 address bits (of 32) from memory init port soc_top.$flatten\cpu.\u_if.$meminit$\instruction_memory$/work/rtl/cpu/pipeline/if_stage.sv:22$2030 (cpu.u_if.instruction_memory).
Removed top 24 address bits (of 32) from memory init port soc_top.$flatten\cpu.\u_if.$meminit$\instruction_memory$/work/rtl/cpu/pipeline/if_stage.sv:22$2031 (cpu.u_if.instruction_memory).
Removed top 24 address bits (of 32) from memory init port soc_top.$flatten\cpu.\u_if.$meminit$\instruction_memory$/work/rtl/cpu/pipeline/if_stage.sv:22$2032 (cpu.u_if.instruction_memory).
Removed top 24 address bits (of 32) from memory init port soc_top.$flatten\cpu.\u_if.$meminit$\instruction_memory$/work/rtl/cpu/pipeline/if_stage.sv:22$2033 (cpu.u_if.instruction_memory).
Removed top 24 address bits (of 32) from memory init port soc_top.$flatten\cpu.\u_if.$meminit$\instruction_memory$/work/rtl/cpu/pipeline/if_stage.sv:22$2034 (cpu.u_if.instruction_memory).
Removed top 24 address bits (of 32) from memory init port soc_top.$flatten\cpu.\u_if.$meminit$\instruction_memory$/work/rtl/cpu/pipeline/if_stage.sv:22$2035 (cpu.u_if.instruction_memory).
Removed top 24 address bits (of 32) from memory init port soc_top.$flatten\cpu.\u_if.$meminit$\instruction_memory$/work/rtl/cpu/pipeline/if_stage.sv:22$2036 (cpu.u_if.instruction_memory).
Removed top 24 address bits (of 32) from memory init port soc_top.$flatten\cpu.\u_if.$meminit$\instruction_memory$/work/rtl/cpu/pipeline/if_stage.sv:22$2037 (cpu.u_if.instruction_memory).
Removed top 24 address bits (of 32) from memory init port soc_top.$flatten\cpu.\u_if.$meminit$\instruction_memory$/work/rtl/cpu/pipeline/if_stage.sv:22$2038 (cpu.u_if.instruction_memory).
Removed top 24 address bits (of 32) from memory init port soc_top.$flatten\cpu.\u_if.$meminit$\instruction_memory$/work/rtl/cpu/pipeline/if_stage.sv:22$2039 (cpu.u_if.instruction_memory).
Removed top 24 address bits (of 32) from memory init port soc_top.$flatten\cpu.\u_if.$meminit$\instruction_memory$/work/rtl/cpu/pipeline/if_stage.sv:22$2040 (cpu.u_if.instruction_memory).
Removed top 24 address bits (of 32) from memory init port soc_top.$flatten\cpu.\u_if.$meminit$\instruction_memory$/work/rtl/cpu/pipeline/if_stage.sv:22$2041 (cpu.u_if.instruction_memory).
Removed top 24 address bits (of 32) from memory init port soc_top.$flatten\cpu.\u_if.$meminit$\instruction_memory$/work/rtl/cpu/pipeline/if_stage.sv:22$2042 (cpu.u_if.instruction_memory).
Removed top 24 address bits (of 32) from memory init port soc_top.$flatten\cpu.\u_if.$meminit$\instruction_memory$/work/rtl/cpu/pipeline/if_stage.sv:22$2043 (cpu.u_if.instruction_memory).
Removed top 24 address bits (of 32) from memory init port soc_top.$flatten\cpu.\u_if.$meminit$\instruction_memory$/work/rtl/cpu/pipeline/if_stage.sv:22$2044 (cpu.u_if.instruction_memory).
Removed top 24 address bits (of 32) from memory init port soc_top.$flatten\cpu.\u_if.$meminit$\instruction_memory$/work/rtl/cpu/pipeline/if_stage.sv:22$2045 (cpu.u_if.instruction_memory).
Removed top 24 address bits (of 32) from memory init port soc_top.$flatten\cpu.\u_if.$meminit$\instruction_memory$/work/rtl/cpu/pipeline/if_stage.sv:22$2046 (cpu.u_if.instruction_memory).
Removed top 24 address bits (of 32) from memory init port soc_top.$flatten\cpu.\u_if.$meminit$\instruction_memory$/work/rtl/cpu/pipeline/if_stage.sv:22$2047 (cpu.u_if.instruction_memory).
Removed top 24 address bits (of 32) from memory init port soc_top.$flatten\cpu.\u_if.$meminit$\instruction_memory$/work/rtl/cpu/pipeline/if_stage.sv:22$2048 (cpu.u_if.instruction_memory).
Removed top 24 address bits (of 32) from memory init port soc_top.$flatten\cpu.\u_if.$meminit$\instruction_memory$/work/rtl/cpu/pipeline/if_stage.sv:22$2049 (cpu.u_if.instruction_memory).
Removed top 24 address bits (of 32) from memory init port soc_top.$flatten\cpu.\u_if.$meminit$\instruction_memory$/work/rtl/cpu/pipeline/if_stage.sv:22$2050 (cpu.u_if.instruction_memory).
Removed top 24 address bits (of 32) from memory init port soc_top.$flatten\cpu.\u_if.$meminit$\instruction_memory$/work/rtl/cpu/pipeline/if_stage.sv:22$2051 (cpu.u_if.instruction_memory).
Removed top 24 address bits (of 32) from memory init port soc_top.$flatten\cpu.\u_if.$meminit$\instruction_memory$/work/rtl/cpu/pipeline/if_stage.sv:22$2052 (cpu.u_if.instruction_memory).
Removed top 24 address bits (of 32) from memory init port soc_top.$flatten\cpu.\u_if.$meminit$\instruction_memory$/work/rtl/cpu/pipeline/if_stage.sv:22$2053 (cpu.u_if.instruction_memory).
Removed top 24 address bits (of 32) from memory init port soc_top.$flatten\cpu.\u_if.$meminit$\instruction_memory$/work/rtl/cpu/pipeline/if_stage.sv:22$2054 (cpu.u_if.instruction_memory).
Removed top 24 address bits (of 32) from memory init port soc_top.$flatten\cpu.\u_if.$meminit$\instruction_memory$/work/rtl/cpu/pipeline/if_stage.sv:22$2055 (cpu.u_if.instruction_memory).
Removed top 24 address bits (of 32) from memory init port soc_top.$flatten\cpu.\u_if.$meminit$\instruction_memory$/work/rtl/cpu/pipeline/if_stage.sv:22$2056 (cpu.u_if.instruction_memory).
Removed top 24 address bits (of 32) from memory init port soc_top.$flatten\cpu.\u_if.$meminit$\instruction_memory$/work/rtl/cpu/pipeline/if_stage.sv:22$2057 (cpu.u_if.instruction_memory).
Removed top 24 address bits (of 32) from memory init port soc_top.$flatten\cpu.\u_if.$meminit$\instruction_memory$/work/rtl/cpu/pipeline/if_stage.sv:22$2058 (cpu.u_if.instruction_memory).
Removed top 24 address bits (of 32) from memory init port soc_top.$flatten\cpu.\u_if.$meminit$\instruction_memory$/work/rtl/cpu/pipeline/if_stage.sv:22$2059 (cpu.u_if.instruction_memory).
Removed top 24 address bits (of 32) from memory init port soc_top.$flatten\cpu.\u_if.$meminit$\instruction_memory$/work/rtl/cpu/pipeline/if_stage.sv:22$2060 (cpu.u_if.instruction_memory).
Removed top 24 address bits (of 32) from memory init port soc_top.$flatten\cpu.\u_if.$meminit$\instruction_memory$/work/rtl/cpu/pipeline/if_stage.sv:22$2061 (cpu.u_if.instruction_memory).
Removed top 24 address bits (of 32) from memory init port soc_top.$flatten\cpu.\u_if.$meminit$\instruction_memory$/work/rtl/cpu/pipeline/if_stage.sv:22$2062 (cpu.u_if.instruction_memory).
Removed top 24 address bits (of 32) from memory init port soc_top.$flatten\cpu.\u_if.$meminit$\instruction_memory$/work/rtl/cpu/pipeline/if_stage.sv:22$2063 (cpu.u_if.instruction_memory).
Removed top 24 address bits (of 32) from memory init port soc_top.$flatten\cpu.\u_if.$meminit$\instruction_memory$/work/rtl/cpu/pipeline/if_stage.sv:22$2064 (cpu.u_if.instruction_memory).
Removed top 24 address bits (of 32) from memory init port soc_top.$flatten\cpu.\u_if.$meminit$\instruction_memory$/work/rtl/cpu/pipeline/if_stage.sv:22$2065 (cpu.u_if.instruction_memory).
Removed top 24 address bits (of 32) from memory init port soc_top.$flatten\cpu.\u_if.$meminit$\instruction_memory$/work/rtl/cpu/pipeline/if_stage.sv:22$2066 (cpu.u_if.instruction_memory).
Removed top 24 address bits (of 32) from memory init port soc_top.$flatten\cpu.\u_if.$meminit$\instruction_memory$/work/rtl/cpu/pipeline/if_stage.sv:22$2067 (cpu.u_if.instruction_memory).
Removed top 24 address bits (of 32) from memory init port soc_top.$flatten\cpu.\u_if.$meminit$\instruction_memory$/work/rtl/cpu/pipeline/if_stage.sv:22$2068 (cpu.u_if.instruction_memory).
Removed top 24 address bits (of 32) from memory init port soc_top.$flatten\cpu.\u_if.$meminit$\instruction_memory$/work/rtl/cpu/pipeline/if_stage.sv:22$2069 (cpu.u_if.instruction_memory).
Removed top 24 address bits (of 32) from memory init port soc_top.$flatten\cpu.\u_if.$meminit$\instruction_memory$/work/rtl/cpu/pipeline/if_stage.sv:22$2070 (cpu.u_if.instruction_memory).
Removed top 24 address bits (of 32) from memory init port soc_top.$flatten\cpu.\u_if.$meminit$\instruction_memory$/work/rtl/cpu/pipeline/if_stage.sv:22$2071 (cpu.u_if.instruction_memory).
Removed top 24 address bits (of 32) from memory init port soc_top.$flatten\cpu.\u_if.$meminit$\instruction_memory$/work/rtl/cpu/pipeline/if_stage.sv:22$2072 (cpu.u_if.instruction_memory).
Removed top 24 address bits (of 32) from memory init port soc_top.$flatten\cpu.\u_if.$meminit$\instruction_memory$/work/rtl/cpu/pipeline/if_stage.sv:22$2073 (cpu.u_if.instruction_memory).
Removed top 24 address bits (of 32) from memory init port soc_top.$flatten\cpu.\u_if.$meminit$\instruction_memory$/work/rtl/cpu/pipeline/if_stage.sv:22$2074 (cpu.u_if.instruction_memory).
Removed top 24 address bits (of 32) from memory init port soc_top.$flatten\cpu.\u_if.$meminit$\instruction_memory$/work/rtl/cpu/pipeline/if_stage.sv:22$2075 (cpu.u_if.instruction_memory).
Removed top 24 address bits (of 32) from memory init port soc_top.$flatten\cpu.\u_if.$meminit$\instruction_memory$/work/rtl/cpu/pipeline/if_stage.sv:22$2076 (cpu.u_if.instruction_memory).
Removed top 24 address bits (of 32) from memory init port soc_top.$flatten\cpu.\u_if.$meminit$\instruction_memory$/work/rtl/cpu/pipeline/if_stage.sv:22$2077 (cpu.u_if.instruction_memory).
Removed top 24 address bits (of 32) from memory init port soc_top.$flatten\cpu.\u_if.$meminit$\instruction_memory$/work/rtl/cpu/pipeline/if_stage.sv:22$2078 (cpu.u_if.instruction_memory).
Removed top 24 address bits (of 32) from memory init port soc_top.$flatten\cpu.\u_if.$meminit$\instruction_memory$/work/rtl/cpu/pipeline/if_stage.sv:22$2079 (cpu.u_if.instruction_memory).
Removed top 24 address bits (of 32) from memory init port soc_top.$flatten\cpu.\u_if.$meminit$\instruction_memory$/work/rtl/cpu/pipeline/if_stage.sv:22$2080 (cpu.u_if.instruction_memory).
Removed top 24 address bits (of 32) from memory init port soc_top.$flatten\cpu.\u_if.$meminit$\instruction_memory$/work/rtl/cpu/pipeline/if_stage.sv:22$2081 (cpu.u_if.instruction_memory).
Removed top 24 address bits (of 32) from memory init port soc_top.$flatten\cpu.\u_if.$meminit$\instruction_memory$/work/rtl/cpu/pipeline/if_stage.sv:22$2082 (cpu.u_if.instruction_memory).
Removed top 24 address bits (of 32) from memory init port soc_top.$flatten\cpu.\u_if.$meminit$\instruction_memory$/work/rtl/cpu/pipeline/if_stage.sv:22$2083 (cpu.u_if.instruction_memory).
Removed top 24 address bits (of 32) from memory init port soc_top.$flatten\cpu.\u_if.$meminit$\instruction_memory$/work/rtl/cpu/pipeline/if_stage.sv:22$2084 (cpu.u_if.instruction_memory).
Removed top 24 address bits (of 32) from memory init port soc_top.$flatten\cpu.\u_if.$meminit$\instruction_memory$/work/rtl/cpu/pipeline/if_stage.sv:22$2085 (cpu.u_if.instruction_memory).
Removed top 24 address bits (of 32) from memory init port soc_top.$flatten\cpu.\u_if.$meminit$\instruction_memory$/work/rtl/cpu/pipeline/if_stage.sv:22$2086 (cpu.u_if.instruction_memory).
Removed top 24 address bits (of 32) from memory init port soc_top.$flatten\cpu.\u_if.$meminit$\instruction_memory$/work/rtl/cpu/pipeline/if_stage.sv:22$2087 (cpu.u_if.instruction_memory).
Removed top 24 address bits (of 32) from memory init port soc_top.$flatten\cpu.\u_if.$meminit$\instruction_memory$/work/rtl/cpu/pipeline/if_stage.sv:22$2088 (cpu.u_if.instruction_memory).
Removed top 24 address bits (of 32) from memory init port soc_top.$flatten\cpu.\u_if.$meminit$\instruction_memory$/work/rtl/cpu/pipeline/if_stage.sv:22$2089 (cpu.u_if.instruction_memory).
Removed top 24 address bits (of 32) from memory init port soc_top.$flatten\cpu.\u_if.$meminit$\instruction_memory$/work/rtl/cpu/pipeline/if_stage.sv:22$2090 (cpu.u_if.instruction_memory).
Removed top 24 address bits (of 32) from memory init port soc_top.$flatten\cpu.\u_if.$meminit$\instruction_memory$/work/rtl/cpu/pipeline/if_stage.sv:22$2091 (cpu.u_if.instruction_memory).
Removed top 24 address bits (of 32) from memory init port soc_top.$flatten\cpu.\u_if.$meminit$\instruction_memory$/work/rtl/cpu/pipeline/if_stage.sv:22$2092 (cpu.u_if.instruction_memory).
Removed top 24 address bits (of 32) from memory init port soc_top.$flatten\cpu.\u_if.$meminit$\instruction_memory$/work/rtl/cpu/pipeline/if_stage.sv:22$2093 (cpu.u_if.instruction_memory).
Removed top 24 address bits (of 32) from memory init port soc_top.$flatten\cpu.\u_if.$meminit$\instruction_memory$/work/rtl/cpu/pipeline/if_stage.sv:22$2094 (cpu.u_if.instruction_memory).
Removed top 24 address bits (of 32) from memory init port soc_top.$flatten\cpu.\u_if.$meminit$\instruction_memory$/work/rtl/cpu/pipeline/if_stage.sv:22$2095 (cpu.u_if.instruction_memory).
Removed top 24 address bits (of 32) from memory init port soc_top.$flatten\cpu.\u_if.$meminit$\instruction_memory$/work/rtl/cpu/pipeline/if_stage.sv:22$2096 (cpu.u_if.instruction_memory).
Removed top 24 address bits (of 32) from memory init port soc_top.$flatten\cpu.\u_if.$meminit$\instruction_memory$/work/rtl/cpu/pipeline/if_stage.sv:22$2097 (cpu.u_if.instruction_memory).
Removed top 24 address bits (of 32) from memory init port soc_top.$flatten\cpu.\u_if.$meminit$\instruction_memory$/work/rtl/cpu/pipeline/if_stage.sv:22$2098 (cpu.u_if.instruction_memory).
Removed top 24 address bits (of 32) from memory init port soc_top.$flatten\cpu.\u_if.$meminit$\instruction_memory$/work/rtl/cpu/pipeline/if_stage.sv:22$2099 (cpu.u_if.instruction_memory).
Removed top 24 address bits (of 32) from memory init port soc_top.$flatten\cpu.\u_if.$meminit$\instruction_memory$/work/rtl/cpu/pipeline/if_stage.sv:22$2100 (cpu.u_if.instruction_memory).
Removed top 24 address bits (of 32) from memory init port soc_top.$flatten\cpu.\u_if.$meminit$\instruction_memory$/work/rtl/cpu/pipeline/if_stage.sv:22$2101 (cpu.u_if.instruction_memory).
Removed top 24 address bits (of 32) from memory init port soc_top.$flatten\cpu.\u_if.$meminit$\instruction_memory$/work/rtl/cpu/pipeline/if_stage.sv:22$2102 (cpu.u_if.instruction_memory).
Removed top 24 address bits (of 32) from memory init port soc_top.$flatten\cpu.\u_if.$meminit$\instruction_memory$/work/rtl/cpu/pipeline/if_stage.sv:22$2103 (cpu.u_if.instruction_memory).
Removed top 24 address bits (of 32) from memory init port soc_top.$flatten\cpu.\u_if.$meminit$\instruction_memory$/work/rtl/cpu/pipeline/if_stage.sv:22$2104 (cpu.u_if.instruction_memory).
Removed top 24 address bits (of 32) from memory init port soc_top.$flatten\cpu.\u_if.$meminit$\instruction_memory$/work/rtl/cpu/pipeline/if_stage.sv:22$2105 (cpu.u_if.instruction_memory).
Removed top 24 address bits (of 32) from memory init port soc_top.$flatten\cpu.\u_if.$meminit$\instruction_memory$/work/rtl/cpu/pipeline/if_stage.sv:22$2106 (cpu.u_if.instruction_memory).
Removed top 24 address bits (of 32) from memory init port soc_top.$flatten\cpu.\u_if.$meminit$\instruction_memory$/work/rtl/cpu/pipeline/if_stage.sv:22$2107 (cpu.u_if.instruction_memory).
Removed top 24 address bits (of 32) from memory init port soc_top.$flatten\cpu.\u_if.$meminit$\instruction_memory$/work/rtl/cpu/pipeline/if_stage.sv:22$2108 (cpu.u_if.instruction_memory).
Removed top 24 address bits (of 32) from memory init port soc_top.$flatten\cpu.\u_if.$meminit$\instruction_memory$/work/rtl/cpu/pipeline/if_stage.sv:22$2109 (cpu.u_if.instruction_memory).
Removed top 24 address bits (of 32) from memory init port soc_top.$flatten\cpu.\u_if.$meminit$\instruction_memory$/work/rtl/cpu/pipeline/if_stage.sv:22$2110 (cpu.u_if.instruction_memory).
Removed top 24 address bits (of 32) from memory init port soc_top.$flatten\cpu.\u_if.$meminit$\instruction_memory$/work/rtl/cpu/pipeline/if_stage.sv:22$2111 (cpu.u_if.instruction_memory).
Removed top 24 address bits (of 32) from memory init port soc_top.$flatten\cpu.\u_if.$meminit$\instruction_memory$/work/rtl/cpu/pipeline/if_stage.sv:22$2112 (cpu.u_if.instruction_memory).
Removed top 24 address bits (of 32) from memory init port soc_top.$flatten\cpu.\u_if.$meminit$\instruction_memory$/work/rtl/cpu/pipeline/if_stage.sv:22$2113 (cpu.u_if.instruction_memory).
Removed top 24 address bits (of 32) from memory init port soc_top.$flatten\cpu.\u_if.$meminit$\instruction_memory$/work/rtl/cpu/pipeline/if_stage.sv:22$2114 (cpu.u_if.instruction_memory).
Removed top 24 address bits (of 32) from memory init port soc_top.$flatten\cpu.\u_if.$meminit$\instruction_memory$/work/rtl/cpu/pipeline/if_stage.sv:22$2115 (cpu.u_if.instruction_memory).
Removed top 24 address bits (of 32) from memory init port soc_top.$flatten\cpu.\u_if.$meminit$\instruction_memory$/work/rtl/cpu/pipeline/if_stage.sv:22$2116 (cpu.u_if.instruction_memory).
Removed top 24 address bits (of 32) from memory init port soc_top.$flatten\cpu.\u_if.$meminit$\instruction_memory$/work/rtl/cpu/pipeline/if_stage.sv:22$2117 (cpu.u_if.instruction_memory).
Removed top 24 address bits (of 32) from memory init port soc_top.$flatten\cpu.\u_if.$meminit$\instruction_memory$/work/rtl/cpu/pipeline/if_stage.sv:22$2118 (cpu.u_if.instruction_memory).
Removed top 24 address bits (of 32) from memory init port soc_top.$flatten\cpu.\u_if.$meminit$\instruction_memory$/work/rtl/cpu/pipeline/if_stage.sv:22$2119 (cpu.u_if.instruction_memory).
Removed top 24 address bits (of 32) from memory init port soc_top.$flatten\cpu.\u_if.$meminit$\instruction_memory$/work/rtl/cpu/pipeline/if_stage.sv:22$2120 (cpu.u_if.instruction_memory).
Removed top 24 address bits (of 32) from memory init port soc_top.$flatten\cpu.\u_if.$meminit$\instruction_memory$/work/rtl/cpu/pipeline/if_stage.sv:22$2121 (cpu.u_if.instruction_memory).
Removed top 24 address bits (of 32) from memory init port soc_top.$flatten\cpu.\u_if.$meminit$\instruction_memory$/work/rtl/cpu/pipeline/if_stage.sv:22$2122 (cpu.u_if.instruction_memory).
Removed top 24 address bits (of 32) from memory init port soc_top.$flatten\cpu.\u_if.$meminit$\instruction_memory$/work/rtl/cpu/pipeline/if_stage.sv:22$2123 (cpu.u_if.instruction_memory).
Removed top 24 address bits (of 32) from memory init port soc_top.$flatten\cpu.\u_if.$meminit$\instruction_memory$/work/rtl/cpu/pipeline/if_stage.sv:22$2124 (cpu.u_if.instruction_memory).
Removed top 24 address bits (of 32) from memory init port soc_top.$flatten\cpu.\u_if.$meminit$\instruction_memory$/work/rtl/cpu/pipeline/if_stage.sv:22$2125 (cpu.u_if.instruction_memory).
Removed top 24 address bits (of 32) from memory init port soc_top.$flatten\cpu.\u_if.$meminit$\instruction_memory$/work/rtl/cpu/pipeline/if_stage.sv:22$2126 (cpu.u_if.instruction_memory).
Removed top 24 address bits (of 32) from memory init port soc_top.$flatten\cpu.\u_if.$meminit$\instruction_memory$/work/rtl/cpu/pipeline/if_stage.sv:22$2127 (cpu.u_if.instruction_memory).
Removed top 24 address bits (of 32) from memory init port soc_top.$flatten\cpu.\u_if.$meminit$\instruction_memory$/work/rtl/cpu/pipeline/if_stage.sv:22$2128 (cpu.u_if.instruction_memory).
Removed top 24 address bits (of 32) from memory init port soc_top.$flatten\cpu.\u_if.$meminit$\instruction_memory$/work/rtl/cpu/pipeline/if_stage.sv:22$2129 (cpu.u_if.instruction_memory).
Removed top 24 address bits (of 32) from memory init port soc_top.$flatten\cpu.\u_if.$meminit$\instruction_memory$/work/rtl/cpu/pipeline/if_stage.sv:22$2130 (cpu.u_if.instruction_memory).
Removed top 24 address bits (of 32) from memory init port soc_top.$flatten\cpu.\u_if.$meminit$\instruction_memory$/work/rtl/cpu/pipeline/if_stage.sv:22$2131 (cpu.u_if.instruction_memory).
Removed top 24 address bits (of 32) from memory init port soc_top.$flatten\cpu.\u_if.$meminit$\instruction_memory$/work/rtl/cpu/pipeline/if_stage.sv:22$2132 (cpu.u_if.instruction_memory).
Removed top 24 address bits (of 32) from memory init port soc_top.$flatten\cpu.\u_if.$meminit$\instruction_memory$/work/rtl/cpu/pipeline/if_stage.sv:22$2133 (cpu.u_if.instruction_memory).
Removed top 24 address bits (of 32) from memory init port soc_top.$flatten\cpu.\u_if.$meminit$\instruction_memory$/work/rtl/cpu/pipeline/if_stage.sv:22$2134 (cpu.u_if.instruction_memory).
Removed top 24 address bits (of 32) from memory init port soc_top.$flatten\cpu.\u_if.$meminit$\instruction_memory$/work/rtl/cpu/pipeline/if_stage.sv:22$2135 (cpu.u_if.instruction_memory).
Removed top 24 address bits (of 32) from memory init port soc_top.$flatten\cpu.\u_if.$meminit$\instruction_memory$/work/rtl/cpu/pipeline/if_stage.sv:22$2136 (cpu.u_if.instruction_memory).
Removed top 24 address bits (of 32) from memory init port soc_top.$flatten\cpu.\u_if.$meminit$\instruction_memory$/work/rtl/cpu/pipeline/if_stage.sv:22$2137 (cpu.u_if.instruction_memory).
Removed top 24 address bits (of 32) from memory init port soc_top.$flatten\cpu.\u_if.$meminit$\instruction_memory$/work/rtl/cpu/pipeline/if_stage.sv:22$2138 (cpu.u_if.instruction_memory).
Removed top 24 address bits (of 32) from memory init port soc_top.$flatten\cpu.\u_if.$meminit$\instruction_memory$/work/rtl/cpu/pipeline/if_stage.sv:22$2139 (cpu.u_if.instruction_memory).
Removed top 24 address bits (of 32) from memory init port soc_top.$flatten\cpu.\u_if.$meminit$\instruction_memory$/work/rtl/cpu/pipeline/if_stage.sv:22$2140 (cpu.u_if.instruction_memory).
Removed top 24 address bits (of 32) from memory init port soc_top.$flatten\cpu.\u_if.$meminit$\instruction_memory$/work/rtl/cpu/pipeline/if_stage.sv:22$2141 (cpu.u_if.instruction_memory).
Removed top 24 address bits (of 32) from memory init port soc_top.$flatten\cpu.\u_if.$meminit$\instruction_memory$/work/rtl/cpu/pipeline/if_stage.sv:22$2142 (cpu.u_if.instruction_memory).
Removed top 24 address bits (of 32) from memory init port soc_top.$flatten\cpu.\u_if.$meminit$\instruction_memory$/work/rtl/cpu/pipeline/if_stage.sv:22$2143 (cpu.u_if.instruction_memory).
Removed top 24 address bits (of 32) from memory init port soc_top.$flatten\cpu.\u_if.$meminit$\instruction_memory$/work/rtl/cpu/pipeline/if_stage.sv:22$2144 (cpu.u_if.instruction_memory).
Removed top 24 address bits (of 32) from memory init port soc_top.$flatten\cpu.\u_if.$meminit$\instruction_memory$/work/rtl/cpu/pipeline/if_stage.sv:22$2145 (cpu.u_if.instruction_memory).
Removed top 24 address bits (of 32) from memory init port soc_top.$flatten\cpu.\u_if.$meminit$\instruction_memory$/work/rtl/cpu/pipeline/if_stage.sv:22$2146 (cpu.u_if.instruction_memory).
Removed top 24 address bits (of 32) from memory init port soc_top.$flatten\cpu.\u_if.$meminit$\instruction_memory$/work/rtl/cpu/pipeline/if_stage.sv:22$2147 (cpu.u_if.instruction_memory).
Removed top 24 address bits (of 32) from memory init port soc_top.$flatten\cpu.\u_if.$meminit$\instruction_memory$/work/rtl/cpu/pipeline/if_stage.sv:22$2148 (cpu.u_if.instruction_memory).
Removed top 24 address bits (of 32) from memory init port soc_top.$flatten\cpu.\u_if.$meminit$\instruction_memory$/work/rtl/cpu/pipeline/if_stage.sv:22$2149 (cpu.u_if.instruction_memory).
Removed top 24 address bits (of 32) from memory init port soc_top.$flatten\cpu.\u_if.$meminit$\instruction_memory$/work/rtl/cpu/pipeline/if_stage.sv:22$2150 (cpu.u_if.instruction_memory).
Removed top 24 address bits (of 32) from memory init port soc_top.$flatten\cpu.\u_if.$meminit$\instruction_memory$/work/rtl/cpu/pipeline/if_stage.sv:22$2151 (cpu.u_if.instruction_memory).
Removed top 24 address bits (of 32) from memory init port soc_top.$flatten\cpu.\u_if.$meminit$\instruction_memory$/work/rtl/cpu/pipeline/if_stage.sv:22$2152 (cpu.u_if.instruction_memory).
Removed top 24 address bits (of 32) from memory init port soc_top.$flatten\cpu.\u_if.$meminit$\instruction_memory$/work/rtl/cpu/pipeline/if_stage.sv:22$2153 (cpu.u_if.instruction_memory).
Removed top 24 address bits (of 32) from memory init port soc_top.$flatten\cpu.\u_if.$meminit$\instruction_memory$/work/rtl/cpu/pipeline/if_stage.sv:22$2154 (cpu.u_if.instruction_memory).
Removed top 24 address bits (of 32) from memory init port soc_top.$flatten\cpu.\u_if.$meminit$\instruction_memory$/work/rtl/cpu/pipeline/if_stage.sv:22$2155 (cpu.u_if.instruction_memory).
Removed top 24 address bits (of 32) from memory init port soc_top.$flatten\cpu.\u_if.$meminit$\instruction_memory$/work/rtl/cpu/pipeline/if_stage.sv:22$2156 (cpu.u_if.instruction_memory).
Removed top 24 address bits (of 32) from memory init port soc_top.$flatten\cpu.\u_if.$meminit$\instruction_memory$/work/rtl/cpu/pipeline/if_stage.sv:22$2157 (cpu.u_if.instruction_memory).
Removed top 24 address bits (of 32) from memory init port soc_top.$flatten\cpu.\u_if.$meminit$\instruction_memory$/work/rtl/cpu/pipeline/if_stage.sv:22$2158 (cpu.u_if.instruction_memory).
Removed top 24 address bits (of 32) from memory init port soc_top.$flatten\cpu.\u_if.$meminit$\instruction_memory$/work/rtl/cpu/pipeline/if_stage.sv:22$2159 (cpu.u_if.instruction_memory).
Removed top 24 address bits (of 32) from memory init port soc_top.$flatten\cpu.\u_if.$meminit$\instruction_memory$/work/rtl/cpu/pipeline/if_stage.sv:22$2160 (cpu.u_if.instruction_memory).
Removed top 24 address bits (of 32) from memory init port soc_top.$flatten\cpu.\u_if.$meminit$\instruction_memory$/work/rtl/cpu/pipeline/if_stage.sv:22$2161 (cpu.u_if.instruction_memory).
Removed top 24 address bits (of 32) from memory init port soc_top.$flatten\cpu.\u_if.$meminit$\instruction_memory$/work/rtl/cpu/pipeline/if_stage.sv:22$2162 (cpu.u_if.instruction_memory).
Removed top 24 address bits (of 32) from memory init port soc_top.$flatten\cpu.\u_if.$meminit$\instruction_memory$/work/rtl/cpu/pipeline/if_stage.sv:22$2163 (cpu.u_if.instruction_memory).
Removed top 24 address bits (of 32) from memory init port soc_top.$flatten\cpu.\u_if.$meminit$\instruction_memory$/work/rtl/cpu/pipeline/if_stage.sv:22$2164 (cpu.u_if.instruction_memory).
Removed top 24 address bits (of 32) from memory init port soc_top.$flatten\cpu.\u_if.$meminit$\instruction_memory$/work/rtl/cpu/pipeline/if_stage.sv:22$2165 (cpu.u_if.instruction_memory).
Removed top 24 address bits (of 32) from memory init port soc_top.$flatten\ram.$meminit$\memory$/work/rtl/memory/memory_interface.sv:21$313 (ram.memory).
Removed top 24 address bits (of 32) from memory init port soc_top.$flatten\ram.$meminit$\memory$/work/rtl/memory/memory_interface.sv:21$314 (ram.memory).
Removed top 24 address bits (of 32) from memory init port soc_top.$flatten\ram.$meminit$\memory$/work/rtl/memory/memory_interface.sv:21$315 (ram.memory).
Removed top 24 address bits (of 32) from memory init port soc_top.$flatten\ram.$meminit$\memory$/work/rtl/memory/memory_interface.sv:21$316 (ram.memory).
Removed top 24 address bits (of 32) from memory init port soc_top.$flatten\ram.$meminit$\memory$/work/rtl/memory/memory_interface.sv:21$317 (ram.memory).
Removed top 24 address bits (of 32) from memory init port soc_top.$flatten\ram.$meminit$\memory$/work/rtl/memory/memory_interface.sv:21$318 (ram.memory).
Removed top 24 address bits (of 32) from memory init port soc_top.$flatten\ram.$meminit$\memory$/work/rtl/memory/memory_interface.sv:21$319 (ram.memory).
Removed top 24 address bits (of 32) from memory init port soc_top.$flatten\ram.$meminit$\memory$/work/rtl/memory/memory_interface.sv:21$320 (ram.memory).
Removed top 24 address bits (of 32) from memory init port soc_top.$flatten\ram.$meminit$\memory$/work/rtl/memory/memory_interface.sv:21$321 (ram.memory).
Removed top 24 address bits (of 32) from memory init port soc_top.$flatten\ram.$meminit$\memory$/work/rtl/memory/memory_interface.sv:21$322 (ram.memory).
Removed top 24 address bits (of 32) from memory init port soc_top.$flatten\ram.$meminit$\memory$/work/rtl/memory/memory_interface.sv:21$323 (ram.memory).
Removed top 24 address bits (of 32) from memory init port soc_top.$flatten\ram.$meminit$\memory$/work/rtl/memory/memory_interface.sv:21$324 (ram.memory).
Removed top 24 address bits (of 32) from memory init port soc_top.$flatten\ram.$meminit$\memory$/work/rtl/memory/memory_interface.sv:21$325 (ram.memory).
Removed top 24 address bits (of 32) from memory init port soc_top.$flatten\ram.$meminit$\memory$/work/rtl/memory/memory_interface.sv:21$326 (ram.memory).
Removed top 24 address bits (of 32) from memory init port soc_top.$flatten\ram.$meminit$\memory$/work/rtl/memory/memory_interface.sv:21$327 (ram.memory).
Removed top 24 address bits (of 32) from memory init port soc_top.$flatten\ram.$meminit$\memory$/work/rtl/memory/memory_interface.sv:21$328 (ram.memory).
Removed top 24 address bits (of 32) from memory init port soc_top.$flatten\ram.$meminit$\memory$/work/rtl/memory/memory_interface.sv:21$329 (ram.memory).
Removed top 24 address bits (of 32) from memory init port soc_top.$flatten\ram.$meminit$\memory$/work/rtl/memory/memory_interface.sv:21$330 (ram.memory).
Removed top 24 address bits (of 32) from memory init port soc_top.$flatten\ram.$meminit$\memory$/work/rtl/memory/memory_interface.sv:21$331 (ram.memory).
Removed top 24 address bits (of 32) from memory init port soc_top.$flatten\ram.$meminit$\memory$/work/rtl/memory/memory_interface.sv:21$332 (ram.memory).
Removed top 24 address bits (of 32) from memory init port soc_top.$flatten\ram.$meminit$\memory$/work/rtl/memory/memory_interface.sv:21$333 (ram.memory).
Removed top 24 address bits (of 32) from memory init port soc_top.$flatten\ram.$meminit$\memory$/work/rtl/memory/memory_interface.sv:21$334 (ram.memory).
Removed top 24 address bits (of 32) from memory init port soc_top.$flatten\ram.$meminit$\memory$/work/rtl/memory/memory_interface.sv:21$335 (ram.memory).
Removed top 24 address bits (of 32) from memory init port soc_top.$flatten\ram.$meminit$\memory$/work/rtl/memory/memory_interface.sv:21$336 (ram.memory).
Removed top 24 address bits (of 32) from memory init port soc_top.$flatten\ram.$meminit$\memory$/work/rtl/memory/memory_interface.sv:21$337 (ram.memory).
Removed top 24 address bits (of 32) from memory init port soc_top.$flatten\ram.$meminit$\memory$/work/rtl/memory/memory_interface.sv:21$338 (ram.memory).
Removed top 24 address bits (of 32) from memory init port soc_top.$flatten\ram.$meminit$\memory$/work/rtl/memory/memory_interface.sv:21$339 (ram.memory).
Removed top 24 address bits (of 32) from memory init port soc_top.$flatten\ram.$meminit$\memory$/work/rtl/memory/memory_interface.sv:21$340 (ram.memory).
Removed top 24 address bits (of 32) from memory init port soc_top.$flatten\ram.$meminit$\memory$/work/rtl/memory/memory_interface.sv:21$341 (ram.memory).
Removed top 24 address bits (of 32) from memory init port soc_top.$flatten\ram.$meminit$\memory$/work/rtl/memory/memory_interface.sv:21$342 (ram.memory).
Removed top 24 address bits (of 32) from memory init port soc_top.$flatten\ram.$meminit$\memory$/work/rtl/memory/memory_interface.sv:21$343 (ram.memory).
Removed top 24 address bits (of 32) from memory init port soc_top.$flatten\ram.$meminit$\memory$/work/rtl/memory/memory_interface.sv:21$344 (ram.memory).
Removed top 24 address bits (of 32) from memory init port soc_top.$flatten\ram.$meminit$\memory$/work/rtl/memory/memory_interface.sv:21$345 (ram.memory).
Removed top 24 address bits (of 32) from memory init port soc_top.$flatten\ram.$meminit$\memory$/work/rtl/memory/memory_interface.sv:21$346 (ram.memory).
Removed top 24 address bits (of 32) from memory init port soc_top.$flatten\ram.$meminit$\memory$/work/rtl/memory/memory_interface.sv:21$347 (ram.memory).
Removed top 24 address bits (of 32) from memory init port soc_top.$flatten\ram.$meminit$\memory$/work/rtl/memory/memory_interface.sv:21$348 (ram.memory).
Removed top 24 address bits (of 32) from memory init port soc_top.$flatten\ram.$meminit$\memory$/work/rtl/memory/memory_interface.sv:21$349 (ram.memory).
Removed top 24 address bits (of 32) from memory init port soc_top.$flatten\ram.$meminit$\memory$/work/rtl/memory/memory_interface.sv:21$350 (ram.memory).
Removed top 24 address bits (of 32) from memory init port soc_top.$flatten\ram.$meminit$\memory$/work/rtl/memory/memory_interface.sv:21$351 (ram.memory).
Removed top 24 address bits (of 32) from memory init port soc_top.$flatten\ram.$meminit$\memory$/work/rtl/memory/memory_interface.sv:21$352 (ram.memory).
Removed top 24 address bits (of 32) from memory init port soc_top.$flatten\ram.$meminit$\memory$/work/rtl/memory/memory_interface.sv:21$353 (ram.memory).
Removed top 24 address bits (of 32) from memory init port soc_top.$flatten\ram.$meminit$\memory$/work/rtl/memory/memory_interface.sv:21$354 (ram.memory).
Removed top 24 address bits (of 32) from memory init port soc_top.$flatten\ram.$meminit$\memory$/work/rtl/memory/memory_interface.sv:21$355 (ram.memory).
Removed top 24 address bits (of 32) from memory init port soc_top.$flatten\ram.$meminit$\memory$/work/rtl/memory/memory_interface.sv:21$356 (ram.memory).
Removed top 24 address bits (of 32) from memory init port soc_top.$flatten\ram.$meminit$\memory$/work/rtl/memory/memory_interface.sv:21$357 (ram.memory).
Removed top 24 address bits (of 32) from memory init port soc_top.$flatten\ram.$meminit$\memory$/work/rtl/memory/memory_interface.sv:21$358 (ram.memory).
Removed top 24 address bits (of 32) from memory init port soc_top.$flatten\ram.$meminit$\memory$/work/rtl/memory/memory_interface.sv:21$359 (ram.memory).
Removed top 24 address bits (of 32) from memory init port soc_top.$flatten\ram.$meminit$\memory$/work/rtl/memory/memory_interface.sv:21$360 (ram.memory).
Removed top 24 address bits (of 32) from memory init port soc_top.$flatten\ram.$meminit$\memory$/work/rtl/memory/memory_interface.sv:21$361 (ram.memory).
Removed top 24 address bits (of 32) from memory init port soc_top.$flatten\ram.$meminit$\memory$/work/rtl/memory/memory_interface.sv:21$362 (ram.memory).
Removed top 24 address bits (of 32) from memory init port soc_top.$flatten\ram.$meminit$\memory$/work/rtl/memory/memory_interface.sv:21$363 (ram.memory).
Removed top 24 address bits (of 32) from memory init port soc_top.$flatten\ram.$meminit$\memory$/work/rtl/memory/memory_interface.sv:21$364 (ram.memory).
Removed top 24 address bits (of 32) from memory init port soc_top.$flatten\ram.$meminit$\memory$/work/rtl/memory/memory_interface.sv:21$365 (ram.memory).
Removed top 24 address bits (of 32) from memory init port soc_top.$flatten\ram.$meminit$\memory$/work/rtl/memory/memory_interface.sv:21$366 (ram.memory).
Removed top 24 address bits (of 32) from memory init port soc_top.$flatten\ram.$meminit$\memory$/work/rtl/memory/memory_interface.sv:21$367 (ram.memory).
Removed top 24 address bits (of 32) from memory init port soc_top.$flatten\ram.$meminit$\memory$/work/rtl/memory/memory_interface.sv:21$368 (ram.memory).
Removed top 24 address bits (of 32) from memory init port soc_top.$flatten\ram.$meminit$\memory$/work/rtl/memory/memory_interface.sv:21$369 (ram.memory).
Removed top 24 address bits (of 32) from memory init port soc_top.$flatten\ram.$meminit$\memory$/work/rtl/memory/memory_interface.sv:21$370 (ram.memory).
Removed top 24 address bits (of 32) from memory init port soc_top.$flatten\ram.$meminit$\memory$/work/rtl/memory/memory_interface.sv:21$371 (ram.memory).
Removed top 24 address bits (of 32) from memory init port soc_top.$flatten\ram.$meminit$\memory$/work/rtl/memory/memory_interface.sv:21$372 (ram.memory).
Removed top 24 address bits (of 32) from memory init port soc_top.$flatten\ram.$meminit$\memory$/work/rtl/memory/memory_interface.sv:21$373 (ram.memory).
Removed top 24 address bits (of 32) from memory init port soc_top.$flatten\ram.$meminit$\memory$/work/rtl/memory/memory_interface.sv:21$374 (ram.memory).
Removed top 24 address bits (of 32) from memory init port soc_top.$flatten\ram.$meminit$\memory$/work/rtl/memory/memory_interface.sv:21$375 (ram.memory).
Removed top 24 address bits (of 32) from memory init port soc_top.$flatten\ram.$meminit$\memory$/work/rtl/memory/memory_interface.sv:21$376 (ram.memory).
Removed top 24 address bits (of 32) from memory init port soc_top.$flatten\ram.$meminit$\memory$/work/rtl/memory/memory_interface.sv:21$377 (ram.memory).
Removed top 24 address bits (of 32) from memory init port soc_top.$flatten\ram.$meminit$\memory$/work/rtl/memory/memory_interface.sv:21$378 (ram.memory).
Removed top 24 address bits (of 32) from memory init port soc_top.$flatten\ram.$meminit$\memory$/work/rtl/memory/memory_interface.sv:21$379 (ram.memory).
Removed top 24 address bits (of 32) from memory init port soc_top.$flatten\ram.$meminit$\memory$/work/rtl/memory/memory_interface.sv:21$380 (ram.memory).
Removed top 24 address bits (of 32) from memory init port soc_top.$flatten\ram.$meminit$\memory$/work/rtl/memory/memory_interface.sv:21$381 (ram.memory).
Removed top 24 address bits (of 32) from memory init port soc_top.$flatten\ram.$meminit$\memory$/work/rtl/memory/memory_interface.sv:21$382 (ram.memory).
Removed top 24 address bits (of 32) from memory init port soc_top.$flatten\ram.$meminit$\memory$/work/rtl/memory/memory_interface.sv:21$383 (ram.memory).
Removed top 24 address bits (of 32) from memory init port soc_top.$flatten\ram.$meminit$\memory$/work/rtl/memory/memory_interface.sv:21$384 (ram.memory).
Removed top 24 address bits (of 32) from memory init port soc_top.$flatten\ram.$meminit$\memory$/work/rtl/memory/memory_interface.sv:21$385 (ram.memory).
Removed top 24 address bits (of 32) from memory init port soc_top.$flatten\ram.$meminit$\memory$/work/rtl/memory/memory_interface.sv:21$386 (ram.memory).
Removed top 24 address bits (of 32) from memory init port soc_top.$flatten\ram.$meminit$\memory$/work/rtl/memory/memory_interface.sv:21$387 (ram.memory).
Removed top 24 address bits (of 32) from memory init port soc_top.$flatten\ram.$meminit$\memory$/work/rtl/memory/memory_interface.sv:21$388 (ram.memory).
Removed top 24 address bits (of 32) from memory init port soc_top.$flatten\ram.$meminit$\memory$/work/rtl/memory/memory_interface.sv:21$389 (ram.memory).
Removed top 24 address bits (of 32) from memory init port soc_top.$flatten\ram.$meminit$\memory$/work/rtl/memory/memory_interface.sv:21$390 (ram.memory).
Removed top 24 address bits (of 32) from memory init port soc_top.$flatten\ram.$meminit$\memory$/work/rtl/memory/memory_interface.sv:21$391 (ram.memory).
Removed top 24 address bits (of 32) from memory init port soc_top.$flatten\ram.$meminit$\memory$/work/rtl/memory/memory_interface.sv:21$392 (ram.memory).
Removed top 24 address bits (of 32) from memory init port soc_top.$flatten\ram.$meminit$\memory$/work/rtl/memory/memory_interface.sv:21$393 (ram.memory).
Removed top 24 address bits (of 32) from memory init port soc_top.$flatten\ram.$meminit$\memory$/work/rtl/memory/memory_interface.sv:21$394 (ram.memory).
Removed top 24 address bits (of 32) from memory init port soc_top.$flatten\ram.$meminit$\memory$/work/rtl/memory/memory_interface.sv:21$395 (ram.memory).
Removed top 24 address bits (of 32) from memory init port soc_top.$flatten\ram.$meminit$\memory$/work/rtl/memory/memory_interface.sv:21$396 (ram.memory).
Removed top 24 address bits (of 32) from memory init port soc_top.$flatten\ram.$meminit$\memory$/work/rtl/memory/memory_interface.sv:21$397 (ram.memory).
Removed top 24 address bits (of 32) from memory init port soc_top.$flatten\ram.$meminit$\memory$/work/rtl/memory/memory_interface.sv:21$398 (ram.memory).
Removed top 24 address bits (of 32) from memory init port soc_top.$flatten\ram.$meminit$\memory$/work/rtl/memory/memory_interface.sv:21$399 (ram.memory).
Removed top 24 address bits (of 32) from memory init port soc_top.$flatten\ram.$meminit$\memory$/work/rtl/memory/memory_interface.sv:21$400 (ram.memory).
Removed top 24 address bits (of 32) from memory init port soc_top.$flatten\ram.$meminit$\memory$/work/rtl/memory/memory_interface.sv:21$401 (ram.memory).
Removed top 24 address bits (of 32) from memory init port soc_top.$flatten\ram.$meminit$\memory$/work/rtl/memory/memory_interface.sv:21$402 (ram.memory).
Removed top 24 address bits (of 32) from memory init port soc_top.$flatten\ram.$meminit$\memory$/work/rtl/memory/memory_interface.sv:21$403 (ram.memory).
Removed top 24 address bits (of 32) from memory init port soc_top.$flatten\ram.$meminit$\memory$/work/rtl/memory/memory_interface.sv:21$404 (ram.memory).
Removed top 24 address bits (of 32) from memory init port soc_top.$flatten\ram.$meminit$\memory$/work/rtl/memory/memory_interface.sv:21$405 (ram.memory).
Removed top 24 address bits (of 32) from memory init port soc_top.$flatten\ram.$meminit$\memory$/work/rtl/memory/memory_interface.sv:21$406 (ram.memory).
Removed top 24 address bits (of 32) from memory init port soc_top.$flatten\ram.$meminit$\memory$/work/rtl/memory/memory_interface.sv:21$407 (ram.memory).
Removed top 24 address bits (of 32) from memory init port soc_top.$flatten\ram.$meminit$\memory$/work/rtl/memory/memory_interface.sv:21$408 (ram.memory).
Removed top 24 address bits (of 32) from memory init port soc_top.$flatten\ram.$meminit$\memory$/work/rtl/memory/memory_interface.sv:21$409 (ram.memory).
Removed top 24 address bits (of 32) from memory init port soc_top.$flatten\ram.$meminit$\memory$/work/rtl/memory/memory_interface.sv:21$410 (ram.memory).
Removed top 24 address bits (of 32) from memory init port soc_top.$flatten\ram.$meminit$\memory$/work/rtl/memory/memory_interface.sv:21$411 (ram.memory).
Removed top 24 address bits (of 32) from memory init port soc_top.$flatten\ram.$meminit$\memory$/work/rtl/memory/memory_interface.sv:21$412 (ram.memory).
Removed top 24 address bits (of 32) from memory init port soc_top.$flatten\ram.$meminit$\memory$/work/rtl/memory/memory_interface.sv:21$413 (ram.memory).
Removed top 24 address bits (of 32) from memory init port soc_top.$flatten\ram.$meminit$\memory$/work/rtl/memory/memory_interface.sv:21$414 (ram.memory).
Removed top 24 address bits (of 32) from memory init port soc_top.$flatten\ram.$meminit$\memory$/work/rtl/memory/memory_interface.sv:21$415 (ram.memory).
Removed top 24 address bits (of 32) from memory init port soc_top.$flatten\ram.$meminit$\memory$/work/rtl/memory/memory_interface.sv:21$416 (ram.memory).
Removed top 24 address bits (of 32) from memory init port soc_top.$flatten\ram.$meminit$\memory$/work/rtl/memory/memory_interface.sv:21$417 (ram.memory).
Removed top 24 address bits (of 32) from memory init port soc_top.$flatten\ram.$meminit$\memory$/work/rtl/memory/memory_interface.sv:21$418 (ram.memory).
Removed top 24 address bits (of 32) from memory init port soc_top.$flatten\ram.$meminit$\memory$/work/rtl/memory/memory_interface.sv:21$419 (ram.memory).
Removed top 24 address bits (of 32) from memory init port soc_top.$flatten\ram.$meminit$\memory$/work/rtl/memory/memory_interface.sv:21$420 (ram.memory).
Removed top 24 address bits (of 32) from memory init port soc_top.$flatten\ram.$meminit$\memory$/work/rtl/memory/memory_interface.sv:21$421 (ram.memory).
Removed top 24 address bits (of 32) from memory init port soc_top.$flatten\ram.$meminit$\memory$/work/rtl/memory/memory_interface.sv:21$422 (ram.memory).
Removed top 24 address bits (of 32) from memory init port soc_top.$flatten\ram.$meminit$\memory$/work/rtl/memory/memory_interface.sv:21$423 (ram.memory).
Removed top 24 address bits (of 32) from memory init port soc_top.$flatten\ram.$meminit$\memory$/work/rtl/memory/memory_interface.sv:21$424 (ram.memory).
Removed top 24 address bits (of 32) from memory init port soc_top.$flatten\ram.$meminit$\memory$/work/rtl/memory/memory_interface.sv:21$425 (ram.memory).
Removed top 24 address bits (of 32) from memory init port soc_top.$flatten\ram.$meminit$\memory$/work/rtl/memory/memory_interface.sv:21$426 (ram.memory).
Removed top 24 address bits (of 32) from memory init port soc_top.$flatten\ram.$meminit$\memory$/work/rtl/memory/memory_interface.sv:21$427 (ram.memory).
Removed top 24 address bits (of 32) from memory init port soc_top.$flatten\ram.$meminit$\memory$/work/rtl/memory/memory_interface.sv:21$428 (ram.memory).
Removed top 24 address bits (of 32) from memory init port soc_top.$flatten\ram.$meminit$\memory$/work/rtl/memory/memory_interface.sv:21$429 (ram.memory).
Removed top 24 address bits (of 32) from memory init port soc_top.$flatten\ram.$meminit$\memory$/work/rtl/memory/memory_interface.sv:21$430 (ram.memory).
Removed top 24 address bits (of 32) from memory init port soc_top.$flatten\ram.$meminit$\memory$/work/rtl/memory/memory_interface.sv:21$431 (ram.memory).
Removed top 24 address bits (of 32) from memory init port soc_top.$flatten\ram.$meminit$\memory$/work/rtl/memory/memory_interface.sv:21$432 (ram.memory).
Removed top 24 address bits (of 32) from memory init port soc_top.$flatten\ram.$meminit$\memory$/work/rtl/memory/memory_interface.sv:21$433 (ram.memory).
Removed top 24 address bits (of 32) from memory init port soc_top.$flatten\ram.$meminit$\memory$/work/rtl/memory/memory_interface.sv:21$434 (ram.memory).
Removed top 24 address bits (of 32) from memory init port soc_top.$flatten\ram.$meminit$\memory$/work/rtl/memory/memory_interface.sv:21$435 (ram.memory).
Removed top 24 address bits (of 32) from memory init port soc_top.$flatten\ram.$meminit$\memory$/work/rtl/memory/memory_interface.sv:21$436 (ram.memory).
Removed top 24 address bits (of 32) from memory init port soc_top.$flatten\ram.$meminit$\memory$/work/rtl/memory/memory_interface.sv:21$437 (ram.memory).
Removed top 24 address bits (of 32) from memory init port soc_top.$flatten\ram.$meminit$\memory$/work/rtl/memory/memory_interface.sv:21$438 (ram.memory).
Removed top 24 address bits (of 32) from memory init port soc_top.$flatten\ram.$meminit$\memory$/work/rtl/memory/memory_interface.sv:21$439 (ram.memory).
Removed top 24 address bits (of 32) from memory init port soc_top.$flatten\ram.$meminit$\memory$/work/rtl/memory/memory_interface.sv:21$440 (ram.memory).
Removed top 24 address bits (of 32) from memory init port soc_top.$flatten\ram.$meminit$\memory$/work/rtl/memory/memory_interface.sv:21$441 (ram.memory).
Removed top 24 address bits (of 32) from memory init port soc_top.$flatten\ram.$meminit$\memory$/work/rtl/memory/memory_interface.sv:21$442 (ram.memory).
Removed top 24 address bits (of 32) from memory init port soc_top.$flatten\ram.$meminit$\memory$/work/rtl/memory/memory_interface.sv:21$443 (ram.memory).
Removed top 24 address bits (of 32) from memory init port soc_top.$flatten\ram.$meminit$\memory$/work/rtl/memory/memory_interface.sv:21$444 (ram.memory).
Removed top 24 address bits (of 32) from memory init port soc_top.$flatten\ram.$meminit$\memory$/work/rtl/memory/memory_interface.sv:21$445 (ram.memory).
Removed top 24 address bits (of 32) from memory init port soc_top.$flatten\ram.$meminit$\memory$/work/rtl/memory/memory_interface.sv:21$446 (ram.memory).
Removed top 24 address bits (of 32) from memory init port soc_top.$flatten\ram.$meminit$\memory$/work/rtl/memory/memory_interface.sv:21$447 (ram.memory).
Removed top 24 address bits (of 32) from memory init port soc_top.$flatten\ram.$meminit$\memory$/work/rtl/memory/memory_interface.sv:21$448 (ram.memory).
Removed top 24 address bits (of 32) from memory init port soc_top.$flatten\ram.$meminit$\memory$/work/rtl/memory/memory_interface.sv:21$449 (ram.memory).
Removed top 24 address bits (of 32) from memory init port soc_top.$flatten\ram.$meminit$\memory$/work/rtl/memory/memory_interface.sv:21$450 (ram.memory).
Removed top 24 address bits (of 32) from memory init port soc_top.$flatten\ram.$meminit$\memory$/work/rtl/memory/memory_interface.sv:21$451 (ram.memory).
Removed top 24 address bits (of 32) from memory init port soc_top.$flatten\ram.$meminit$\memory$/work/rtl/memory/memory_interface.sv:21$452 (ram.memory).
Removed top 24 address bits (of 32) from memory init port soc_top.$flatten\ram.$meminit$\memory$/work/rtl/memory/memory_interface.sv:21$453 (ram.memory).
Removed top 24 address bits (of 32) from memory init port soc_top.$flatten\ram.$meminit$\memory$/work/rtl/memory/memory_interface.sv:21$454 (ram.memory).
Removed top 24 address bits (of 32) from memory init port soc_top.$flatten\ram.$meminit$\memory$/work/rtl/memory/memory_interface.sv:21$455 (ram.memory).
Removed top 24 address bits (of 32) from memory init port soc_top.$flatten\ram.$meminit$\memory$/work/rtl/memory/memory_interface.sv:21$456 (ram.memory).
Removed top 24 address bits (of 32) from memory init port soc_top.$flatten\ram.$meminit$\memory$/work/rtl/memory/memory_interface.sv:21$457 (ram.memory).
Removed top 24 address bits (of 32) from memory init port soc_top.$flatten\ram.$meminit$\memory$/work/rtl/memory/memory_interface.sv:21$458 (ram.memory).
Removed top 24 address bits (of 32) from memory init port soc_top.$flatten\ram.$meminit$\memory$/work/rtl/memory/memory_interface.sv:21$459 (ram.memory).
Removed top 24 address bits (of 32) from memory init port soc_top.$flatten\ram.$meminit$\memory$/work/rtl/memory/memory_interface.sv:21$460 (ram.memory).
Removed top 24 address bits (of 32) from memory init port soc_top.$flatten\ram.$meminit$\memory$/work/rtl/memory/memory_interface.sv:21$461 (ram.memory).
Removed top 24 address bits (of 32) from memory init port soc_top.$flatten\ram.$meminit$\memory$/work/rtl/memory/memory_interface.sv:21$462 (ram.memory).
Removed top 24 address bits (of 32) from memory init port soc_top.$flatten\ram.$meminit$\memory$/work/rtl/memory/memory_interface.sv:21$463 (ram.memory).
Removed top 24 address bits (of 32) from memory init port soc_top.$flatten\ram.$meminit$\memory$/work/rtl/memory/memory_interface.sv:21$464 (ram.memory).
Removed top 24 address bits (of 32) from memory init port soc_top.$flatten\ram.$meminit$\memory$/work/rtl/memory/memory_interface.sv:21$465 (ram.memory).
Removed top 24 address bits (of 32) from memory init port soc_top.$flatten\ram.$meminit$\memory$/work/rtl/memory/memory_interface.sv:21$466 (ram.memory).
Removed top 24 address bits (of 32) from memory init port soc_top.$flatten\ram.$meminit$\memory$/work/rtl/memory/memory_interface.sv:21$467 (ram.memory).
Removed top 24 address bits (of 32) from memory init port soc_top.$flatten\ram.$meminit$\memory$/work/rtl/memory/memory_interface.sv:21$468 (ram.memory).
Removed top 24 address bits (of 32) from memory init port soc_top.$flatten\ram.$meminit$\memory$/work/rtl/memory/memory_interface.sv:21$469 (ram.memory).
Removed top 24 address bits (of 32) from memory init port soc_top.$flatten\ram.$meminit$\memory$/work/rtl/memory/memory_interface.sv:21$470 (ram.memory).
Removed top 24 address bits (of 32) from memory init port soc_top.$flatten\ram.$meminit$\memory$/work/rtl/memory/memory_interface.sv:21$471 (ram.memory).
Removed top 24 address bits (of 32) from memory init port soc_top.$flatten\ram.$meminit$\memory$/work/rtl/memory/memory_interface.sv:21$472 (ram.memory).
Removed top 24 address bits (of 32) from memory init port soc_top.$flatten\ram.$meminit$\memory$/work/rtl/memory/memory_interface.sv:21$473 (ram.memory).
Removed top 24 address bits (of 32) from memory init port soc_top.$flatten\ram.$meminit$\memory$/work/rtl/memory/memory_interface.sv:21$474 (ram.memory).
Removed top 24 address bits (of 32) from memory init port soc_top.$flatten\ram.$meminit$\memory$/work/rtl/memory/memory_interface.sv:21$475 (ram.memory).
Removed top 24 address bits (of 32) from memory init port soc_top.$flatten\ram.$meminit$\memory$/work/rtl/memory/memory_interface.sv:21$476 (ram.memory).
Removed top 24 address bits (of 32) from memory init port soc_top.$flatten\ram.$meminit$\memory$/work/rtl/memory/memory_interface.sv:21$477 (ram.memory).
Removed top 24 address bits (of 32) from memory init port soc_top.$flatten\ram.$meminit$\memory$/work/rtl/memory/memory_interface.sv:21$478 (ram.memory).
Removed top 24 address bits (of 32) from memory init port soc_top.$flatten\ram.$meminit$\memory$/work/rtl/memory/memory_interface.sv:21$479 (ram.memory).
Removed top 24 address bits (of 32) from memory init port soc_top.$flatten\ram.$meminit$\memory$/work/rtl/memory/memory_interface.sv:21$480 (ram.memory).
Removed top 24 address bits (of 32) from memory init port soc_top.$flatten\ram.$meminit$\memory$/work/rtl/memory/memory_interface.sv:21$481 (ram.memory).
Removed top 24 address bits (of 32) from memory init port soc_top.$flatten\ram.$meminit$\memory$/work/rtl/memory/memory_interface.sv:21$482 (ram.memory).
Removed top 24 address bits (of 32) from memory init port soc_top.$flatten\ram.$meminit$\memory$/work/rtl/memory/memory_interface.sv:21$483 (ram.memory).
Removed top 24 address bits (of 32) from memory init port soc_top.$flatten\ram.$meminit$\memory$/work/rtl/memory/memory_interface.sv:21$484 (ram.memory).
Removed top 24 address bits (of 32) from memory init port soc_top.$flatten\ram.$meminit$\memory$/work/rtl/memory/memory_interface.sv:21$485 (ram.memory).
Removed top 24 address bits (of 32) from memory init port soc_top.$flatten\ram.$meminit$\memory$/work/rtl/memory/memory_interface.sv:21$486 (ram.memory).
Removed top 24 address bits (of 32) from memory init port soc_top.$flatten\ram.$meminit$\memory$/work/rtl/memory/memory_interface.sv:21$487 (ram.memory).
Removed top 24 address bits (of 32) from memory init port soc_top.$flatten\ram.$meminit$\memory$/work/rtl/memory/memory_interface.sv:21$488 (ram.memory).
Removed top 24 address bits (of 32) from memory init port soc_top.$flatten\ram.$meminit$\memory$/work/rtl/memory/memory_interface.sv:21$489 (ram.memory).
Removed top 24 address bits (of 32) from memory init port soc_top.$flatten\ram.$meminit$\memory$/work/rtl/memory/memory_interface.sv:21$490 (ram.memory).
Removed top 24 address bits (of 32) from memory init port soc_top.$flatten\ram.$meminit$\memory$/work/rtl/memory/memory_interface.sv:21$491 (ram.memory).
Removed top 24 address bits (of 32) from memory init port soc_top.$flatten\ram.$meminit$\memory$/work/rtl/memory/memory_interface.sv:21$492 (ram.memory).
Removed top 24 address bits (of 32) from memory init port soc_top.$flatten\ram.$meminit$\memory$/work/rtl/memory/memory_interface.sv:21$493 (ram.memory).
Removed top 24 address bits (of 32) from memory init port soc_top.$flatten\ram.$meminit$\memory$/work/rtl/memory/memory_interface.sv:21$494 (ram.memory).
Removed top 24 address bits (of 32) from memory init port soc_top.$flatten\ram.$meminit$\memory$/work/rtl/memory/memory_interface.sv:21$495 (ram.memory).
Removed top 24 address bits (of 32) from memory init port soc_top.$flatten\ram.$meminit$\memory$/work/rtl/memory/memory_interface.sv:21$496 (ram.memory).
Removed top 24 address bits (of 32) from memory init port soc_top.$flatten\ram.$meminit$\memory$/work/rtl/memory/memory_interface.sv:21$497 (ram.memory).
Removed top 24 address bits (of 32) from memory init port soc_top.$flatten\ram.$meminit$\memory$/work/rtl/memory/memory_interface.sv:21$498 (ram.memory).
Removed top 24 address bits (of 32) from memory init port soc_top.$flatten\ram.$meminit$\memory$/work/rtl/memory/memory_interface.sv:21$499 (ram.memory).
Removed top 24 address bits (of 32) from memory init port soc_top.$flatten\ram.$meminit$\memory$/work/rtl/memory/memory_interface.sv:21$500 (ram.memory).
Removed top 24 address bits (of 32) from memory init port soc_top.$flatten\ram.$meminit$\memory$/work/rtl/memory/memory_interface.sv:21$501 (ram.memory).
Removed top 24 address bits (of 32) from memory init port soc_top.$flatten\ram.$meminit$\memory$/work/rtl/memory/memory_interface.sv:21$502 (ram.memory).
Removed top 24 address bits (of 32) from memory init port soc_top.$flatten\ram.$meminit$\memory$/work/rtl/memory/memory_interface.sv:21$503 (ram.memory).
Removed top 24 address bits (of 32) from memory init port soc_top.$flatten\ram.$meminit$\memory$/work/rtl/memory/memory_interface.sv:21$504 (ram.memory).
Removed top 24 address bits (of 32) from memory init port soc_top.$flatten\ram.$meminit$\memory$/work/rtl/memory/memory_interface.sv:21$505 (ram.memory).
Removed top 24 address bits (of 32) from memory init port soc_top.$flatten\ram.$meminit$\memory$/work/rtl/memory/memory_interface.sv:21$506 (ram.memory).
Removed top 24 address bits (of 32) from memory init port soc_top.$flatten\ram.$meminit$\memory$/work/rtl/memory/memory_interface.sv:21$507 (ram.memory).
Removed top 24 address bits (of 32) from memory init port soc_top.$flatten\ram.$meminit$\memory$/work/rtl/memory/memory_interface.sv:21$508 (ram.memory).
Removed top 24 address bits (of 32) from memory init port soc_top.$flatten\ram.$meminit$\memory$/work/rtl/memory/memory_interface.sv:21$509 (ram.memory).
Removed top 24 address bits (of 32) from memory init port soc_top.$flatten\ram.$meminit$\memory$/work/rtl/memory/memory_interface.sv:21$510 (ram.memory).
Removed top 24 address bits (of 32) from memory init port soc_top.$flatten\ram.$meminit$\memory$/work/rtl/memory/memory_interface.sv:21$511 (ram.memory).
Removed top 24 address bits (of 32) from memory init port soc_top.$flatten\ram.$meminit$\memory$/work/rtl/memory/memory_interface.sv:21$512 (ram.memory).
Removed top 24 address bits (of 32) from memory init port soc_top.$flatten\ram.$meminit$\memory$/work/rtl/memory/memory_interface.sv:21$513 (ram.memory).
Removed top 24 address bits (of 32) from memory init port soc_top.$flatten\ram.$meminit$\memory$/work/rtl/memory/memory_interface.sv:21$514 (ram.memory).
Removed top 24 address bits (of 32) from memory init port soc_top.$flatten\ram.$meminit$\memory$/work/rtl/memory/memory_interface.sv:21$515 (ram.memory).
Removed top 24 address bits (of 32) from memory init port soc_top.$flatten\ram.$meminit$\memory$/work/rtl/memory/memory_interface.sv:21$516 (ram.memory).
Removed top 24 address bits (of 32) from memory init port soc_top.$flatten\ram.$meminit$\memory$/work/rtl/memory/memory_interface.sv:21$517 (ram.memory).
Removed top 24 address bits (of 32) from memory init port soc_top.$flatten\ram.$meminit$\memory$/work/rtl/memory/memory_interface.sv:21$518 (ram.memory).
Removed top 24 address bits (of 32) from memory init port soc_top.$flatten\ram.$meminit$\memory$/work/rtl/memory/memory_interface.sv:21$519 (ram.memory).
Removed top 24 address bits (of 32) from memory init port soc_top.$flatten\ram.$meminit$\memory$/work/rtl/memory/memory_interface.sv:21$520 (ram.memory).
Removed top 24 address bits (of 32) from memory init port soc_top.$flatten\ram.$meminit$\memory$/work/rtl/memory/memory_interface.sv:21$521 (ram.memory).
Removed top 24 address bits (of 32) from memory init port soc_top.$flatten\ram.$meminit$\memory$/work/rtl/memory/memory_interface.sv:21$522 (ram.memory).
Removed top 24 address bits (of 32) from memory init port soc_top.$flatten\ram.$meminit$\memory$/work/rtl/memory/memory_interface.sv:21$523 (ram.memory).
Removed top 24 address bits (of 32) from memory init port soc_top.$flatten\ram.$meminit$\memory$/work/rtl/memory/memory_interface.sv:21$524 (ram.memory).
Removed top 24 address bits (of 32) from memory init port soc_top.$flatten\ram.$meminit$\memory$/work/rtl/memory/memory_interface.sv:21$525 (ram.memory).
Removed top 24 address bits (of 32) from memory init port soc_top.$flatten\ram.$meminit$\memory$/work/rtl/memory/memory_interface.sv:21$526 (ram.memory).
Removed top 24 address bits (of 32) from memory init port soc_top.$flatten\ram.$meminit$\memory$/work/rtl/memory/memory_interface.sv:21$527 (ram.memory).
Removed top 24 address bits (of 32) from memory init port soc_top.$flatten\ram.$meminit$\memory$/work/rtl/memory/memory_interface.sv:21$528 (ram.memory).
Removed top 24 address bits (of 32) from memory init port soc_top.$flatten\ram.$meminit$\memory$/work/rtl/memory/memory_interface.sv:21$529 (ram.memory).
Removed top 24 address bits (of 32) from memory init port soc_top.$flatten\ram.$meminit$\memory$/work/rtl/memory/memory_interface.sv:21$530 (ram.memory).
Removed top 24 address bits (of 32) from memory init port soc_top.$flatten\ram.$meminit$\memory$/work/rtl/memory/memory_interface.sv:21$531 (ram.memory).
Removed top 24 address bits (of 32) from memory init port soc_top.$flatten\ram.$meminit$\memory$/work/rtl/memory/memory_interface.sv:21$532 (ram.memory).
Removed top 24 address bits (of 32) from memory init port soc_top.$flatten\ram.$meminit$\memory$/work/rtl/memory/memory_interface.sv:21$533 (ram.memory).
Removed top 24 address bits (of 32) from memory init port soc_top.$flatten\ram.$meminit$\memory$/work/rtl/memory/memory_interface.sv:21$534 (ram.memory).
Removed top 24 address bits (of 32) from memory init port soc_top.$flatten\ram.$meminit$\memory$/work/rtl/memory/memory_interface.sv:21$535 (ram.memory).
Removed top 24 address bits (of 32) from memory init port soc_top.$flatten\ram.$meminit$\memory$/work/rtl/memory/memory_interface.sv:21$536 (ram.memory).
Removed top 24 address bits (of 32) from memory init port soc_top.$flatten\ram.$meminit$\memory$/work/rtl/memory/memory_interface.sv:21$537 (ram.memory).
Removed top 24 address bits (of 32) from memory init port soc_top.$flatten\ram.$meminit$\memory$/work/rtl/memory/memory_interface.sv:21$538 (ram.memory).
Removed top 24 address bits (of 32) from memory init port soc_top.$flatten\ram.$meminit$\memory$/work/rtl/memory/memory_interface.sv:21$539 (ram.memory).
Removed top 24 address bits (of 32) from memory init port soc_top.$flatten\ram.$meminit$\memory$/work/rtl/memory/memory_interface.sv:21$540 (ram.memory).
Removed top 24 address bits (of 32) from memory init port soc_top.$flatten\ram.$meminit$\memory$/work/rtl/memory/memory_interface.sv:21$541 (ram.memory).
Removed top 24 address bits (of 32) from memory init port soc_top.$flatten\ram.$meminit$\memory$/work/rtl/memory/memory_interface.sv:21$542 (ram.memory).
Removed top 24 address bits (of 32) from memory init port soc_top.$flatten\ram.$meminit$\memory$/work/rtl/memory/memory_interface.sv:21$543 (ram.memory).
Removed top 24 address bits (of 32) from memory init port soc_top.$flatten\ram.$meminit$\memory$/work/rtl/memory/memory_interface.sv:21$544 (ram.memory).
Removed top 24 address bits (of 32) from memory init port soc_top.$flatten\ram.$meminit$\memory$/work/rtl/memory/memory_interface.sv:21$545 (ram.memory).
Removed top 24 address bits (of 32) from memory init port soc_top.$flatten\ram.$meminit$\memory$/work/rtl/memory/memory_interface.sv:21$546 (ram.memory).
Removed top 24 address bits (of 32) from memory init port soc_top.$flatten\ram.$meminit$\memory$/work/rtl/memory/memory_interface.sv:21$547 (ram.memory).
Removed top 24 address bits (of 32) from memory init port soc_top.$flatten\ram.$meminit$\memory$/work/rtl/memory/memory_interface.sv:21$548 (ram.memory).
Removed top 24 address bits (of 32) from memory init port soc_top.$flatten\ram.$meminit$\memory$/work/rtl/memory/memory_interface.sv:21$549 (ram.memory).
Removed top 24 address bits (of 32) from memory init port soc_top.$flatten\ram.$meminit$\memory$/work/rtl/memory/memory_interface.sv:21$550 (ram.memory).
Removed top 24 address bits (of 32) from memory init port soc_top.$flatten\ram.$meminit$\memory$/work/rtl/memory/memory_interface.sv:21$551 (ram.memory).
Removed top 24 address bits (of 32) from memory init port soc_top.$flatten\ram.$meminit$\memory$/work/rtl/memory/memory_interface.sv:21$552 (ram.memory).
Removed top 24 address bits (of 32) from memory init port soc_top.$flatten\ram.$meminit$\memory$/work/rtl/memory/memory_interface.sv:21$553 (ram.memory).
Removed top 24 address bits (of 32) from memory init port soc_top.$flatten\ram.$meminit$\memory$/work/rtl/memory/memory_interface.sv:21$554 (ram.memory).
Removed top 24 address bits (of 32) from memory init port soc_top.$flatten\ram.$meminit$\memory$/work/rtl/memory/memory_interface.sv:21$555 (ram.memory).
Removed top 24 address bits (of 32) from memory init port soc_top.$flatten\ram.$meminit$\memory$/work/rtl/memory/memory_interface.sv:21$556 (ram.memory).
Removed top 24 address bits (of 32) from memory init port soc_top.$flatten\ram.$meminit$\memory$/work/rtl/memory/memory_interface.sv:21$557 (ram.memory).
Removed top 24 address bits (of 32) from memory init port soc_top.$flatten\ram.$meminit$\memory$/work/rtl/memory/memory_interface.sv:21$558 (ram.memory).
Removed top 24 address bits (of 32) from memory init port soc_top.$flatten\ram.$meminit$\memory$/work/rtl/memory/memory_interface.sv:21$559 (ram.memory).
Removed top 24 address bits (of 32) from memory init port soc_top.$flatten\ram.$meminit$\memory$/work/rtl/memory/memory_interface.sv:21$560 (ram.memory).
Removed top 24 address bits (of 32) from memory init port soc_top.$flatten\ram.$meminit$\memory$/work/rtl/memory/memory_interface.sv:21$561 (ram.memory).
Removed top 24 address bits (of 32) from memory init port soc_top.$flatten\ram.$meminit$\memory$/work/rtl/memory/memory_interface.sv:21$562 (ram.memory).
Removed top 24 address bits (of 32) from memory init port soc_top.$flatten\ram.$meminit$\memory$/work/rtl/memory/memory_interface.sv:21$563 (ram.memory).
Removed top 24 address bits (of 32) from memory init port soc_top.$flatten\ram.$meminit$\memory$/work/rtl/memory/memory_interface.sv:21$564 (ram.memory).
Removed top 24 address bits (of 32) from memory init port soc_top.$flatten\ram.$meminit$\memory$/work/rtl/memory/memory_interface.sv:21$565 (ram.memory).
Removed top 24 address bits (of 32) from memory init port soc_top.$flatten\ram.$meminit$\memory$/work/rtl/memory/memory_interface.sv:21$566 (ram.memory).
Removed top 24 address bits (of 32) from memory init port soc_top.$flatten\ram.$meminit$\memory$/work/rtl/memory/memory_interface.sv:21$567 (ram.memory).
Removed top 24 address bits (of 32) from memory init port soc_top.$flatten\ram.$meminit$\memory$/work/rtl/memory/memory_interface.sv:21$568 (ram.memory).
Removed top 1 bits (of 2) from port B of cell soc_top.$procmux$2639_CMP0 ($eq).
Removed top 2 bits (of 4) from port B of cell soc_top.$auto$fsm_map.cc:77:implement_pattern_cache$3525 ($eq).
Removed top 2 bits (of 4) from port B of cell soc_top.$auto$fsm_map.cc:77:implement_pattern_cache$3527 ($eq).
Removed top 1 bits (of 2) from mux cell soc_top.$flatten\cpu.\u_forward.$procmux$2686 ($mux).
Removed top 1 bits (of 2) from mux cell soc_top.$flatten\cpu.\u_forward.$procmux$2695 ($mux).
Removed top 2 bits (of 7) from port B of cell soc_top.$flatten\cpu.\u_id.\imm_gen.$procmux$3308_CMP1 ($eq).
Removed top 1 bits (of 7) from port B of cell soc_top.$flatten\cpu.\u_id.\imm_gen.$procmux$3308_CMP0 ($eq).
Removed top 5 bits (of 7) from port B of cell soc_top.$flatten\cpu.\u_id.\ctrl.$procmux$3124_CMP0 ($eq).
Removed top 1 bits (of 7) from port B of cell soc_top.$flatten\cpu.\u_id.\ctrl.$procmux$3123_CMP0 ($eq).
Removed top 1 bits (of 7) from port B of cell soc_top.$flatten\cpu.\u_id.\ctrl.$procmux$3119_CMP0 ($eq).
Removed top 2 bits (of 7) from port B of cell soc_top.$flatten\cpu.\u_id.\ctrl.$procmux$3118_CMP0 ($eq).
Removed top 1 bits (of 2) from port B of cell soc_top.$flatten\cpu.$procmux$2939_CMP0 ($eq).
Removed top 1 bits (of 2) from port B of cell soc_top.$flatten\cpu.$procmux$2934_CMP0 ($eq).
Removed top 1 bits (of 2) from port B of cell soc_top.$flatten\cpu.$procmux$2930_CMP0 ($eq).
Removed top 29 bits (of 32) from port B of cell soc_top.$flatten\cpu.\u_branch.$add$/work/rtl/cpu/pipeline/branch_unit.sv:17$1618 ($add).
Removed top 29 bits (of 32) from port B of cell soc_top.$flatten\cpu.\u_if.$add$/work/rtl/cpu/pipeline/if_stage.sv:37$1905 ($add).
Removed top 1 bits (of 3) from port B of cell soc_top.$auto$fsm_map.cc:77:implement_pattern_cache$3518 ($eq).
Removed top 3 bits (of 20) from port B of cell soc_top.$flatten\bus.$procmux$3000_CMP0 ($eq).
Removed top 3 bits (of 20) from port B of cell soc_top.$flatten\bus.$procmux$2989_CMP0 ($eq).
Removed top 3 bits (of 20) from port B of cell soc_top.$flatten\bus.$procmux$2979_CMP0 ($eq).
Removed top 3 bits (of 20) from port B of cell soc_top.$flatten\bus.$procmux$2970_CMP0 ($eq).
Removed top 3 bits (of 20) from port B of cell soc_top.$flatten\bus.$procmux$2962_CMP0 ($eq).
Removed top 3 bits (of 20) from port B of cell soc_top.$flatten\bus.$procmux$2955_CMP0 ($eq).
Removed top 7 bits (of 8) from mux cell soc_top.$flatten\i2c_peripheral.$procmux$3075 ($mux).
Removed top 1 bits (of 2) from wire soc_top.$flatten\cpu.\u_forward.$2\forward_a[1:0].
Removed top 1 bits (of 2) from wire soc_top.$flatten\cpu.\u_forward.$2\forward_b[1:0].
Removed top 24 bits (of 32) from wire soc_top.gpio_read_data.
Removed top 31 bits (of 32) from wire soc_top.i2c_read_data.
Removed top 23 bits (of 32) from wire soc_top.uart_read_data.

95. Executing PEEPOPT pass (run peephole optimizers).

96. Executing OPT_CLEAN pass (remove unused cells and wires).
Finding unused cells or wires in module \soc_top..
Removed 0 unused cells and 5 unused wires.
<suppressed ~1 debug messages>

97. Executing ALUMACC pass (create $alu and $macc cells).
Extracting $alu and $macc cells in module soc_top:
  creating $macc model for $flatten\cpu.\u_branch.$add$/work/rtl/cpu/pipeline/branch_unit.sv:17$1618 ($add).
  creating $macc model for $flatten\cpu.\u_branch.$add$/work/rtl/cpu/pipeline/branch_unit.sv:22$1621 ($add).
  creating $macc model for $flatten\cpu.\u_ex.\alu_unit.$add$/work/rtl/cpu/alu.sv:29$2540 ($add).
  creating $macc model for $flatten\cpu.\u_ex.\alu_unit.$sub$/work/rtl/cpu/alu.sv:33$2541 ($sub).
  creating $macc model for $flatten\cpu.\u_if.$add$/work/rtl/cpu/pipeline/if_stage.sv:37$1905 ($add).
  creating $macc model for $flatten\mac.$add$/work/rtl/accelerator/mac_accelerator.sv:23$14 ($add).
  creating $macc model for $flatten\mac.$mul$/work/rtl/accelerator/mac_accelerator.sv:23$13 ($mul).
  creating $macc model for $flatten\timer_peripheral.$add$/work/rtl/peripherals/timer.sv:34$17 ($add).
  merging $macc model for $flatten\mac.$mul$/work/rtl/accelerator/mac_accelerator.sv:23$13 into $flatten\mac.$add$/work/rtl/accelerator/mac_accelerator.sv:23$14.
  creating $alu model for $macc $flatten\timer_peripheral.$add$/work/rtl/peripherals/timer.sv:34$17.
  creating $alu model for $macc $flatten\cpu.\u_if.$add$/work/rtl/cpu/pipeline/if_stage.sv:37$1905.
  creating $alu model for $macc $flatten\cpu.\u_ex.\alu_unit.$sub$/work/rtl/cpu/alu.sv:33$2541.
  creating $alu model for $macc $flatten\cpu.\u_ex.\alu_unit.$add$/work/rtl/cpu/alu.sv:29$2540.
  creating $alu model for $macc $flatten\cpu.\u_branch.$add$/work/rtl/cpu/pipeline/branch_unit.sv:22$1621.
  creating $alu model for $macc $flatten\cpu.\u_branch.$add$/work/rtl/cpu/pipeline/branch_unit.sv:17$1618.
  creating $macc cell for $flatten\mac.$add$/work/rtl/accelerator/mac_accelerator.sv:23$14: $auto$alumacc.cc:365:replace_macc$3648
  creating $alu model for $flatten\timer_peripheral.$ge$/work/rtl/peripherals/timer.sv:36$18 ($ge): new $alu
  creating $alu cell for $flatten\timer_peripheral.$ge$/work/rtl/peripherals/timer.sv:36$18: $auto$alumacc.cc:485:replace_alu$3650
  creating $alu cell for $flatten\cpu.\u_branch.$add$/work/rtl/cpu/pipeline/branch_unit.sv:17$1618: $auto$alumacc.cc:485:replace_alu$3663
  creating $alu cell for $flatten\cpu.\u_branch.$add$/work/rtl/cpu/pipeline/branch_unit.sv:22$1621: $auto$alumacc.cc:485:replace_alu$3666
  creating $alu cell for $flatten\cpu.\u_ex.\alu_unit.$add$/work/rtl/cpu/alu.sv:29$2540: $auto$alumacc.cc:485:replace_alu$3669
  creating $alu cell for $flatten\cpu.\u_ex.\alu_unit.$sub$/work/rtl/cpu/alu.sv:33$2541: $auto$alumacc.cc:485:replace_alu$3672
  creating $alu cell for $flatten\cpu.\u_if.$add$/work/rtl/cpu/pipeline/if_stage.sv:37$1905: $auto$alumacc.cc:485:replace_alu$3675
  creating $alu cell for $flatten\timer_peripheral.$add$/work/rtl/peripherals/timer.sv:34$17: $auto$alumacc.cc:485:replace_alu$3678
  created 7 $alu and 1 $macc cells.

98. Executing SHARE pass (SAT-based resource sharing).
Found 5 cells in module soc_top that may be considered for resource sharing.
  Analyzing resource sharing options for $flatten\ram.$memrd$\memory$/work/rtl/memory/memory_interface.sv:44$312 ($memrd):
    Found 1 activation_patterns using ctrl signal { \ram.mem_read \ram_sel }.
    No candidates found.
  Analyzing resource sharing options for $flatten\mac.$mul$/work/rtl/accelerator/mac_accelerator.sv:23$13 ($mul):
    Found cell that is never activated: $flatten\mac.$mul$/work/rtl/accelerator/mac_accelerator.sv:23$13
    Cell is never active. Sharing is pointless, we simply remove it.
  Analyzing resource sharing options for $flatten\cpu.\u_if.$memrd$\instruction_memory$/work/rtl/cpu/pipeline/if_stage.sv:50$1909 ($memrd):
    Found 1 activation_patterns using ctrl signal \cpu.branch_taken.
    No candidates found.
  Analyzing resource sharing options for $flatten\cpu.\u_id.\rf.$memrd$\regs$/work/rtl/cpu/regfile.sv:42$2538 ($memrd):
    Found 1 activation_patterns using ctrl signal $flatten\cpu.\u_id.\rf.$eq$/work/rtl/cpu/regfile.sv:39$2537_Y.
    Found 1 candidates: $flatten\cpu.\u_id.\rf.$memrd$\regs$/work/rtl/cpu/regfile.sv:37$2536
    Analyzing resource sharing with $flatten\cpu.\u_id.\rf.$memrd$\regs$/work/rtl/cpu/regfile.sv:37$2536 ($memrd):
      Found 1 activation_patterns using ctrl signal $flatten\cpu.\u_id.\rf.$eq$/work/rtl/cpu/regfile.sv:34$2535_Y.
      Activation pattern for cell $flatten\cpu.\u_id.\rf.$memrd$\regs$/work/rtl/cpu/regfile.sv:42$2538: $flatten\cpu.\u_id.\rf.$eq$/work/rtl/cpu/regfile.sv:39$2537_Y = 1'0
      Activation pattern for cell $flatten\cpu.\u_id.\rf.$memrd$\regs$/work/rtl/cpu/regfile.sv:37$2536: $flatten\cpu.\u_id.\rf.$eq$/work/rtl/cpu/regfile.sv:34$2535_Y = 1'0
      Size of SAT problem: 0 cells, 27 variables, 51 clauses
      According to the SAT solver this pair of cells can not be shared.
      Model from SAT solver: { $flatten\cpu.\u_id.\rf.$eq$/work/rtl/cpu/regfile.sv:34$2535_Y $flatten\cpu.\u_id.\rf.$eq$/work/rtl/cpu/regfile.sv:39$2537_Y } = 2'00
  Analyzing resource sharing options for $flatten\cpu.\u_id.\rf.$memrd$\regs$/work/rtl/cpu/regfile.sv:37$2536 ($memrd):
    Found 1 activation_patterns using ctrl signal $flatten\cpu.\u_id.\rf.$eq$/work/rtl/cpu/regfile.sv:34$2535_Y.
    No candidates found.
Removing 1 cells in module soc_top:
  Removing cell $flatten\mac.$mul$/work/rtl/accelerator/mac_accelerator.sv:23$13 ($mul).

99. Executing OPT_EXPR pass (perform const folding).
Optimizing module soc_top.

100. Executing OPT_MERGE pass (detect identical cells).
Finding identical cells in module `\soc_top'.
Removed a total of 0 cells.

101. Executing OPT_MUXTREE pass (detect dead branches in mux trees).
Running muxtree optimizer on module \soc_top..
  Creating internal representation of mux trees.
  Evaluating internal representation of mux trees.
  Analyzing evaluation results.
Removed 0 multiplexer ports.
<suppressed ~44 debug messages>

102. Executing OPT_REDUCE pass (consolidate $*mux and $reduce_* inputs).
  Optimizing cells in module \soc_top.
Performed a total of 0 changes.

103. Executing OPT_MERGE pass (detect identical cells).
Finding identical cells in module `\soc_top'.
Removed a total of 0 cells.

104. Executing OPT_DFF pass (perform DFF optimizations).

105. Executing OPT_CLEAN pass (remove unused cells and wires).
Finding unused cells or wires in module \soc_top..
Removed 0 unused cells and 2 unused wires.
<suppressed ~1 debug messages>

106. Executing OPT_EXPR pass (perform const folding).
Optimizing module soc_top.

107. Rerunning OPT passes. (Maybe there is more to do…)

108. Executing OPT_MUXTREE pass (detect dead branches in mux trees).
Running muxtree optimizer on module \soc_top..
  Creating internal representation of mux trees.
  Evaluating internal representation of mux trees.
  Analyzing evaluation results.
Removed 0 multiplexer ports.
<suppressed ~44 debug messages>

109. Executing OPT_REDUCE pass (consolidate $*mux and $reduce_* inputs).
  Optimizing cells in module \soc_top.
Performed a total of 0 changes.

110. Executing OPT_MERGE pass (detect identical cells).
Finding identical cells in module `\soc_top'.
Removed a total of 0 cells.

111. Executing OPT_DFF pass (perform DFF optimizations).

112. Executing OPT_CLEAN pass (remove unused cells and wires).
Finding unused cells or wires in module \soc_top..

113. Executing OPT_EXPR pass (perform const folding).
Optimizing module soc_top.

114. Executing MEMORY pass.

114.1. Executing OPT_MEM pass (optimize memories).
soc_top.cpu.u_if.instruction_memory: removing const-1 lane 0
soc_top.cpu.u_if.instruction_memory: removing const-1 lane 1
soc_top.cpu.u_if.instruction_memory: removing const-0 lane 2
soc_top.cpu.u_if.instruction_memory: removing const-0 lane 3
soc_top.cpu.u_if.instruction_memory: removing const-1 lane 4
soc_top.cpu.u_if.instruction_memory: removing const-0 lane 5
soc_top.cpu.u_if.instruction_memory: removing const-0 lane 6
soc_top.cpu.u_if.instruction_memory: removing const-0 lane 7
soc_top.cpu.u_if.instruction_memory: removing const-0 lane 8
soc_top.cpu.u_if.instruction_memory: removing const-0 lane 9
soc_top.cpu.u_if.instruction_memory: removing const-0 lane 10
soc_top.cpu.u_if.instruction_memory: removing const-0 lane 11
soc_top.cpu.u_if.instruction_memory: removing const-0 lane 12
soc_top.cpu.u_if.instruction_memory: removing const-0 lane 13
soc_top.cpu.u_if.instruction_memory: removing const-0 lane 14
soc_top.cpu.u_if.instruction_memory: removing const-0 lane 15
soc_top.cpu.u_if.instruction_memory: removing const-0 lane 16
soc_top.cpu.u_if.instruction_memory: removing const-0 lane 17
soc_top.cpu.u_if.instruction_memory: removing const-0 lane 18
soc_top.cpu.u_if.instruction_memory: removing const-0 lane 19
soc_top.cpu.u_if.instruction_memory: removing const-0 lane 20
soc_top.cpu.u_if.instruction_memory: removing const-0 lane 21
soc_top.cpu.u_if.instruction_memory: removing const-0 lane 22
soc_top.cpu.u_if.instruction_memory: removing const-0 lane 23
soc_top.cpu.u_if.instruction_memory: removing const-0 lane 24
soc_top.cpu.u_if.instruction_memory: removing const-0 lane 25
soc_top.cpu.u_if.instruction_memory: removing const-0 lane 26
soc_top.cpu.u_if.instruction_memory: removing const-0 lane 27
soc_top.cpu.u_if.instruction_memory: removing const-0 lane 28
soc_top.cpu.u_if.instruction_memory: removing const-0 lane 29
soc_top.cpu.u_if.instruction_memory: removing const-0 lane 30
soc_top.cpu.u_if.instruction_memory: removing const-0 lane 31
Performed a total of 1 transformations.

114.2. Executing OPT_MEM_PRIORITY pass (removing unnecessary memory write priority relations).
Performed a total of 496 transformations.

114.3. Executing OPT_MEM_FEEDBACK pass (finding memory read-to-write feedback paths).
  Analyzing soc_top.cpu.u_id.rf.regs write port 0.
  Analyzing soc_top.cpu.u_id.rf.regs write port 1.
  Analyzing soc_top.cpu.u_id.rf.regs write port 2.
  Analyzing soc_top.cpu.u_id.rf.regs write port 3.
  Analyzing soc_top.cpu.u_id.rf.regs write port 4.
  Analyzing soc_top.cpu.u_id.rf.regs write port 5.
  Analyzing soc_top.cpu.u_id.rf.regs write port 6.
  Analyzing soc_top.cpu.u_id.rf.regs write port 7.
  Analyzing soc_top.cpu.u_id.rf.regs write port 8.
  Analyzing soc_top.cpu.u_id.rf.regs write port 9.
  Analyzing soc_top.cpu.u_id.rf.regs write port 10.
  Analyzing soc_top.cpu.u_id.rf.regs write port 11.
  Analyzing soc_top.cpu.u_id.rf.regs write port 12.
  Analyzing soc_top.cpu.u_id.rf.regs write port 13.
  Analyzing soc_top.cpu.u_id.rf.regs write port 14.
  Analyzing soc_top.cpu.u_id.rf.regs write port 15.
  Analyzing soc_top.cpu.u_id.rf.regs write port 16.
  Analyzing soc_top.cpu.u_id.rf.regs write port 17.
  Analyzing soc_top.cpu.u_id.rf.regs write port 18.
  Analyzing soc_top.cpu.u_id.rf.regs write port 19.
  Analyzing soc_top.cpu.u_id.rf.regs write port 20.
  Analyzing soc_top.cpu.u_id.rf.regs write port 21.
  Analyzing soc_top.cpu.u_id.rf.regs write port 22.
  Analyzing soc_top.cpu.u_id.rf.regs write port 23.
  Analyzing soc_top.cpu.u_id.rf.regs write port 24.
  Analyzing soc_top.cpu.u_id.rf.regs write port 25.
  Analyzing soc_top.cpu.u_id.rf.regs write port 26.
  Analyzing soc_top.cpu.u_id.rf.regs write port 27.
  Analyzing soc_top.cpu.u_id.rf.regs write port 28.
  Analyzing soc_top.cpu.u_id.rf.regs write port 29.
  Analyzing soc_top.cpu.u_id.rf.regs write port 30.
  Analyzing soc_top.cpu.u_id.rf.regs write port 31.
  Analyzing soc_top.cpu.u_id.rf.regs write port 32.
  Analyzing soc_top.ram.memory write port 0.

114.4. Executing MEMORY_BMUX2ROM pass (converting muxes to ROMs).

114.5. Executing MEMORY_DFF pass (merging $dff cells to $memrd).
Checking read port `\cpu.u_id.rf.regs'[0] in module `\soc_top': FF found, but with a mux select that doesn't seem to correspond to transparency logic.
Checking read port `\cpu.u_id.rf.regs'[1] in module `\soc_top': FF found, but with a mux select that doesn't seem to correspond to transparency logic.
Checking read port `\ram.memory'[0] in module `\soc_top': FF found, but with a mux select that doesn't seem to correspond to transparency logic.
Checking read port address `\cpu.u_id.rf.regs'[0] in module `\soc_top': merged address FF to cell.
Checking read port address `\cpu.u_id.rf.regs'[1] in module `\soc_top': merged address FF to cell.
Checking read port address `\ram.memory'[0] in module `\soc_top': merged address FF to cell.

114.6. Executing OPT_CLEAN pass (remove unused cells and wires).
Finding unused cells or wires in module \soc_top..
Removed 10 unused cells and 27 unused wires.
<suppressed ~26 debug messages>

114.7. Executing MEMORY_SHARE pass (consolidating $memrd/$memwr cells).
Consolidating read ports of memory soc_top.cpu.u_id.rf.regs by address:
Consolidating write ports of memory soc_top.cpu.u_id.rf.regs by address:
  Merging ports 0, 1 (address 5'00000).
  Merging ports 0, 2 (address 5'00000).
  Merging ports 0, 3 (address 5'00000).
  Merging ports 0, 4 (address 5'00000).
  Merging ports 0, 5 (address 5'00000).
  Merging ports 0, 6 (address 5'00000).
  Merging ports 0, 7 (address 5'00000).
  Merging ports 0, 8 (address 5'00000).
  Merging ports 0, 9 (address 5'00000).
  Merging ports 0, 10 (address 5'00000).
  Merging ports 0, 11 (address 5'00000).
  Merging ports 0, 12 (address 5'00000).
  Merging ports 0, 13 (address 5'00000).
  Merging ports 0, 14 (address 5'00000).
  Merging ports 0, 15 (address 5'00000).
  Merging ports 0, 16 (address 5'00000).
  Merging ports 18, 19 (address 5'10010).
  Merging ports 20, 21 (address 5'10100).
  Merging ports 20, 22 (address 5'10100).
  Merging ports 20, 23 (address 5'10100).
  Merging ports 24, 25 (address 5'11000).
  Merging ports 24, 26 (address 5'11000).
  Merging ports 24, 27 (address 5'11000).
  Merging ports 24, 28 (address 5'11000).
  Merging ports 24, 29 (address 5'11000).
  Merging ports 24, 30 (address 5'11000).
  Merging ports 24, 31 (address 5'11000).
Consolidating write ports of memory soc_top.cpu.u_id.rf.regs by address:
  Merging ports 1, 2 (address 5'10001).
  Merging ports 1, 3 (address 5'10000).
  Merging ports 1, 4 (address 5'10000).
Consolidating write ports of memory soc_top.cpu.u_id.rf.regs by address:
Consolidating write ports of memory soc_top.cpu.u_id.rf.regs using sat-based resource sharing:

114.8. Executing OPT_MEM_WIDEN pass (optimize memories where all ports are wide).
Performed a total of 0 transformations.

114.9. Executing OPT_CLEAN pass (remove unused cells and wires).
Finding unused cells or wires in module \soc_top..

114.10. Executing MEMORY_COLLECT pass (generating $mem cells).

115. Executing OPT_CLEAN pass (remove unused cells and wires).
Finding unused cells or wires in module \soc_top..

116. Executing OPT_EXPR pass (perform const folding).
Optimizing module soc_top.
<suppressed ~47 debug messages>

117. Executing OPT_MERGE pass (detect identical cells).
Finding identical cells in module `\soc_top'.
Removed a total of 0 cells.

118. Executing OPT_DFF pass (perform DFF optimizations).

119. Executing OPT_CLEAN pass (remove unused cells and wires).
Finding unused cells or wires in module \soc_top..
Removed 0 unused cells and 33 unused wires.
<suppressed ~1 debug messages>

120. Executing MEMORY_MAP pass (converting memories to logic and flip-flops).
Mapping memory \cpu.u_id.rf.regs in module \soc_top:
  created 32 $dff cells and 0 static cells of width 32.
Extracted addr FF from read port 0 of soc_top.cpu.u_id.rf.regs: $\cpu.u_id.rf.regs$rdreg[0]
Extracted addr FF from read port 1 of soc_top.cpu.u_id.rf.regs: $\cpu.u_id.rf.regs$rdreg[1]
  read interface: 2 $dff and 62 $mux cells.
  write interface: 96 write mux blocks.
Mapping memory \ram.memory in module \soc_top:
  created 256 $dff cells and 0 static cells of width 32.
Extracted addr FF from read port 0 of soc_top.ram.memory: $\ram.memory$rdreg[0]
  read interface: 1 $dff and 255 $mux cells.
  write interface: 256 write mux blocks.

121. Executing OPT_EXPR pass (perform const folding).
Optimizing module soc_top.
<suppressed ~125 debug messages>

122. Executing OPT_MERGE pass (detect identical cells).
Finding identical cells in module `\soc_top'.
Removed a total of 0 cells.

123. Executing OPT_MUXTREE pass (detect dead branches in mux trees).
Running muxtree optimizer on module \soc_top..
  Creating internal representation of mux trees.
  Evaluating internal representation of mux trees.
  Analyzing evaluation results.
Removed 0 multiplexer ports.
<suppressed ~308 debug messages>

124. Executing OPT_REDUCE pass (consolidate $*mux and $reduce_* inputs).
  Optimizing cells in module \soc_top.
    Consolidated identical input bits for $mux cell $flatten\cpu.\u_pipeline_regs.$procmux$2824:
      Old ports: A=19, B=0, Y=$flatten\cpu.\u_pipeline_regs.$procmux$2824_Y
      New ports: A=1'1, B=1'0, Y=$flatten\cpu.\u_pipeline_regs.$procmux$2824_Y [0]
      New connections: $flatten\cpu.\u_pipeline_regs.$procmux$2824_Y [31:1] = { 27'000000000000000000000000000 $flatten\cpu.\u_pipeline_regs.$procmux$2824_Y [0] 2'00 $flatten\cpu.\u_pipeline_regs.$procmux$2824_Y [0] }
  Optimizing cells in module \soc_top.
Performed a total of 1 changes.

125. Executing OPT_MERGE pass (detect identical cells).
Finding identical cells in module `\soc_top'.
Removed a total of 0 cells.

126. Executing OPT_SHARE pass.
    Found cells that share an operand and can be merged by moving the $pmux $flatten\cpu.\u_ex.\alu_unit.$procmux$3163 in front of them:
        $auto$alumacc.cc:485:replace_alu$3672
        $auto$alumacc.cc:485:replace_alu$3669

127. Executing OPT_DFF pass (perform DFF optimizations).
Adding SRST signal on $\cpu.u_id.rf.regs$rdreg[0] ($dff) from module soc_top (D = $auto$rtlil.cc:2628:Mux$3686, Q = $\cpu.u_id.rf.regs$rdreg[0]$q, rval = 5'00000).
Adding SRST signal on $\cpu.u_id.rf.regs$rdreg[1] ($dff) from module soc_top (D = $auto$rtlil.cc:2628:Mux$3691, Q = $\cpu.u_id.rf.regs$rdreg[1]$q, rval = 5'00000).
Adding SRST signal on $\ram.memory$rdreg[0] ($dff) from module soc_top (D = \cpu.u_pipeline_regs.ex_alu_result [9:2], Q = $\ram.memory$rdreg[0]$q, rval = 8'00000000).

128. Executing OPT_CLEAN pass (remove unused cells and wires).
Finding unused cells or wires in module \soc_top..
Removed 3 unused cells and 729 unused wires.
<suppressed ~4 debug messages>

129. Executing OPT_EXPR pass (perform const folding).
Optimizing module soc_top.
<suppressed ~2 debug messages>

130. Rerunning OPT passes. (Maybe there is more to do…)

131. Executing OPT_MUXTREE pass (detect dead branches in mux trees).
Running muxtree optimizer on module \soc_top..
  Creating internal representation of mux trees.
  Evaluating internal representation of mux trees.
  Analyzing evaluation results.
Removed 0 multiplexer ports.
<suppressed ~307 debug messages>

132. Executing OPT_REDUCE pass (consolidate $*mux and $reduce_* inputs).
  Optimizing cells in module \soc_top.
    New ctrl vector for $pmux cell $flatten\cpu.\u_ex.\alu_unit.$procmux$3163: { $auto$opt_reduce.cc:134:opt_pmux$7405 \cpu.u_pipeline_regs.ex_alu_control [1] }
  Optimizing cells in module \soc_top.
Performed a total of 1 changes.

133. Executing OPT_MERGE pass (detect identical cells).
Finding identical cells in module `\soc_top'.
<suppressed ~3 debug messages>
Removed a total of 1 cells.

134. Executing OPT_SHARE pass.

135. Executing OPT_DFF pass (perform DFF optimizations).
Adding EN signal on $memory\ram.memory[9]$4471 ($dff) from module soc_top (D = \cpu.u_pipeline_regs.mem_store_data, Q = \ram.memory[9]).
Adding EN signal on $memory\ram.memory[99]$4651 ($dff) from module soc_top (D = \cpu.u_pipeline_regs.mem_store_data, Q = \ram.memory[99]).
Adding EN signal on $memory\ram.memory[98]$4649 ($dff) from module soc_top (D = \cpu.u_pipeline_regs.mem_store_data, Q = \ram.memory[98]).
Adding EN signal on $memory\ram.memory[97]$4647 ($dff) from module soc_top (D = \cpu.u_pipeline_regs.mem_store_data, Q = \ram.memory[97]).
Adding EN signal on $memory\ram.memory[96]$4645 ($dff) from module soc_top (D = \cpu.u_pipeline_regs.mem_store_data, Q = \ram.memory[96]).
Adding EN signal on $memory\ram.memory[95]$4643 ($dff) from module soc_top (D = \cpu.u_pipeline_regs.mem_store_data, Q = \ram.memory[95]).
Adding EN signal on $memory\ram.memory[94]$4641 ($dff) from module soc_top (D = \cpu.u_pipeline_regs.mem_store_data, Q = \ram.memory[94]).
Adding EN signal on $memory\ram.memory[93]$4639 ($dff) from module soc_top (D = \cpu.u_pipeline_regs.mem_store_data, Q = \ram.memory[93]).
Adding EN signal on $memory\ram.memory[92]$4637 ($dff) from module soc_top (D = \cpu.u_pipeline_regs.mem_store_data, Q = \ram.memory[92]).
Adding EN signal on $memory\ram.memory[91]$4635 ($dff) from module soc_top (D = \cpu.u_pipeline_regs.mem_store_data, Q = \ram.memory[91]).
Adding EN signal on $memory\ram.memory[90]$4633 ($dff) from module soc_top (D = \cpu.u_pipeline_regs.mem_store_data, Q = \ram.memory[90]).
Adding EN signal on $memory\ram.memory[8]$4469 ($dff) from module soc_top (D = \cpu.u_pipeline_regs.mem_store_data, Q = \ram.memory[8]).
Adding EN signal on $memory\ram.memory[89]$4631 ($dff) from module soc_top (D = \cpu.u_pipeline_regs.mem_store_data, Q = \ram.memory[89]).
Adding EN signal on $memory\ram.memory[88]$4629 ($dff) from module soc_top (D = \cpu.u_pipeline_regs.mem_store_data, Q = \ram.memory[88]).
Adding EN signal on $memory\ram.memory[87]$4627 ($dff) from module soc_top (D = \cpu.u_pipeline_regs.mem_store_data, Q = \ram.memory[87]).
Adding EN signal on $memory\ram.memory[86]$4625 ($dff) from module soc_top (D = \cpu.u_pipeline_regs.mem_store_data, Q = \ram.memory[86]).
Adding EN signal on $memory\ram.memory[85]$4623 ($dff) from module soc_top (D = \cpu.u_pipeline_regs.mem_store_data, Q = \ram.memory[85]).
Adding EN signal on $memory\ram.memory[84]$4621 ($dff) from module soc_top (D = \cpu.u_pipeline_regs.mem_store_data, Q = \ram.memory[84]).
Adding EN signal on $memory\ram.memory[83]$4619 ($dff) from module soc_top (D = \cpu.u_pipeline_regs.mem_store_data, Q = \ram.memory[83]).
Adding EN signal on $memory\ram.memory[82]$4617 ($dff) from module soc_top (D = \cpu.u_pipeline_regs.mem_store_data, Q = \ram.memory[82]).
Adding EN signal on $memory\ram.memory[81]$4615 ($dff) from module soc_top (D = \cpu.u_pipeline_regs.mem_store_data, Q = \ram.memory[81]).
Adding EN signal on $memory\ram.memory[80]$4613 ($dff) from module soc_top (D = \cpu.u_pipeline_regs.mem_store_data, Q = \ram.memory[80]).
Adding EN signal on $memory\ram.memory[7]$4467 ($dff) from module soc_top (D = \cpu.u_pipeline_regs.mem_store_data, Q = \ram.memory[7]).
Adding EN signal on $memory\ram.memory[79]$4611 ($dff) from module soc_top (D = \cpu.u_pipeline_regs.mem_store_data, Q = \ram.memory[79]).
Adding EN signal on $memory\ram.memory[78]$4609 ($dff) from module soc_top (D = \cpu.u_pipeline_regs.mem_store_data, Q = \ram.memory[78]).
Adding EN signal on $memory\ram.memory[77]$4607 ($dff) from module soc_top (D = \cpu.u_pipeline_regs.mem_store_data, Q = \ram.memory[77]).
Adding EN signal on $memory\ram.memory[76]$4605 ($dff) from module soc_top (D = \cpu.u_pipeline_regs.mem_store_data, Q = \ram.memory[76]).
Adding EN signal on $memory\ram.memory[75]$4603 ($dff) from module soc_top (D = \cpu.u_pipeline_regs.mem_store_data, Q = \ram.memory[75]).
Adding EN signal on $memory\ram.memory[74]$4601 ($dff) from module soc_top (D = \cpu.u_pipeline_regs.mem_store_data, Q = \ram.memory[74]).
Adding EN signal on $memory\ram.memory[73]$4599 ($dff) from module soc_top (D = \cpu.u_pipeline_regs.mem_store_data, Q = \ram.memory[73]).
Adding EN signal on $memory\ram.memory[72]$4597 ($dff) from module soc_top (D = \cpu.u_pipeline_regs.mem_store_data, Q = \ram.memory[72]).
Adding EN signal on $memory\ram.memory[71]$4595 ($dff) from module soc_top (D = \cpu.u_pipeline_regs.mem_store_data, Q = \ram.memory[71]).
Adding EN signal on $memory\ram.memory[70]$4593 ($dff) from module soc_top (D = \cpu.u_pipeline_regs.mem_store_data, Q = \ram.memory[70]).
Adding EN signal on $memory\ram.memory[6]$4465 ($dff) from module soc_top (D = \cpu.u_pipeline_regs.mem_store_data, Q = \ram.memory[6]).
Adding EN signal on $memory\ram.memory[69]$4591 ($dff) from module soc_top (D = \cpu.u_pipeline_regs.mem_store_data, Q = \ram.memory[69]).
Adding EN signal on $memory\ram.memory[68]$4589 ($dff) from module soc_top (D = \cpu.u_pipeline_regs.mem_store_data, Q = \ram.memory[68]).
Adding EN signal on $memory\ram.memory[67]$4587 ($dff) from module soc_top (D = \cpu.u_pipeline_regs.mem_store_data, Q = \ram.memory[67]).
Adding EN signal on $memory\ram.memory[66]$4585 ($dff) from module soc_top (D = \cpu.u_pipeline_regs.mem_store_data, Q = \ram.memory[66]).
Adding EN signal on $memory\ram.memory[65]$4583 ($dff) from module soc_top (D = \cpu.u_pipeline_regs.mem_store_data, Q = \ram.memory[65]).
Adding EN signal on $memory\ram.memory[64]$4581 ($dff) from module soc_top (D = \cpu.u_pipeline_regs.mem_store_data, Q = \ram.memory[64]).
Adding EN signal on $memory\ram.memory[63]$4579 ($dff) from module soc_top (D = \cpu.u_pipeline_regs.mem_store_data, Q = \ram.memory[63]).
Adding EN signal on $memory\ram.memory[62]$4577 ($dff) from module soc_top (D = \cpu.u_pipeline_regs.mem_store_data, Q = \ram.memory[62]).
Adding EN signal on $memory\ram.memory[61]$4575 ($dff) from module soc_top (D = \cpu.u_pipeline_regs.mem_store_data, Q = \ram.memory[61]).
Adding EN signal on $memory\ram.memory[60]$4573 ($dff) from module soc_top (D = \cpu.u_pipeline_regs.mem_store_data, Q = \ram.memory[60]).
Adding EN signal on $memory\ram.memory[5]$4463 ($dff) from module soc_top (D = \cpu.u_pipeline_regs.mem_store_data, Q = \ram.memory[5]).
Adding EN signal on $memory\ram.memory[59]$4571 ($dff) from module soc_top (D = \cpu.u_pipeline_regs.mem_store_data, Q = \ram.memory[59]).
Adding EN signal on $memory\ram.memory[58]$4569 ($dff) from module soc_top (D = \cpu.u_pipeline_regs.mem_store_data, Q = \ram.memory[58]).
Adding EN signal on $memory\ram.memory[57]$4567 ($dff) from module soc_top (D = \cpu.u_pipeline_regs.mem_store_data, Q = \ram.memory[57]).
Adding EN signal on $memory\ram.memory[56]$4565 ($dff) from module soc_top (D = \cpu.u_pipeline_regs.mem_store_data, Q = \ram.memory[56]).
Adding EN signal on $memory\ram.memory[55]$4563 ($dff) from module soc_top (D = \cpu.u_pipeline_regs.mem_store_data, Q = \ram.memory[55]).
Adding EN signal on $memory\ram.memory[54]$4561 ($dff) from module soc_top (D = \cpu.u_pipeline_regs.mem_store_data, Q = \ram.memory[54]).
Adding EN signal on $memory\ram.memory[53]$4559 ($dff) from module soc_top (D = \cpu.u_pipeline_regs.mem_store_data, Q = \ram.memory[53]).
Adding EN signal on $memory\ram.memory[52]$4557 ($dff) from module soc_top (D = \cpu.u_pipeline_regs.mem_store_data, Q = \ram.memory[52]).
Adding EN signal on $memory\ram.memory[51]$4555 ($dff) from module soc_top (D = \cpu.u_pipeline_regs.mem_store_data, Q = \ram.memory[51]).
Adding EN signal on $memory\ram.memory[50]$4553 ($dff) from module soc_top (D = \cpu.u_pipeline_regs.mem_store_data, Q = \ram.memory[50]).
Adding EN signal on $memory\ram.memory[4]$4461 ($dff) from module soc_top (D = \cpu.u_pipeline_regs.mem_store_data, Q = \ram.memory[4]).
Adding EN signal on $memory\ram.memory[49]$4551 ($dff) from module soc_top (D = \cpu.u_pipeline_regs.mem_store_data, Q = \ram.memory[49]).
Adding EN signal on $memory\ram.memory[48]$4549 ($dff) from module soc_top (D = \cpu.u_pipeline_regs.mem_store_data, Q = \ram.memory[48]).
Adding EN signal on $memory\ram.memory[47]$4547 ($dff) from module soc_top (D = \cpu.u_pipeline_regs.mem_store_data, Q = \ram.memory[47]).
Adding EN signal on $memory\ram.memory[46]$4545 ($dff) from module soc_top (D = \cpu.u_pipeline_regs.mem_store_data, Q = \ram.memory[46]).
Adding EN signal on $memory\ram.memory[45]$4543 ($dff) from module soc_top (D = \cpu.u_pipeline_regs.mem_store_data, Q = \ram.memory[45]).
Adding EN signal on $memory\ram.memory[44]$4541 ($dff) from module soc_top (D = \cpu.u_pipeline_regs.mem_store_data, Q = \ram.memory[44]).
Adding EN signal on $memory\ram.memory[43]$4539 ($dff) from module soc_top (D = \cpu.u_pipeline_regs.mem_store_data, Q = \ram.memory[43]).
Adding EN signal on $memory\ram.memory[42]$4537 ($dff) from module soc_top (D = \cpu.u_pipeline_regs.mem_store_data, Q = \ram.memory[42]).
Adding EN signal on $memory\ram.memory[41]$4535 ($dff) from module soc_top (D = \cpu.u_pipeline_regs.mem_store_data, Q = \ram.memory[41]).
Adding EN signal on $memory\ram.memory[40]$4533 ($dff) from module soc_top (D = \cpu.u_pipeline_regs.mem_store_data, Q = \ram.memory[40]).
Adding EN signal on $memory\ram.memory[3]$4459 ($dff) from module soc_top (D = \cpu.u_pipeline_regs.mem_store_data, Q = \ram.memory[3]).
Adding EN signal on $memory\ram.memory[39]$4531 ($dff) from module soc_top (D = \cpu.u_pipeline_regs.mem_store_data, Q = \ram.memory[39]).
Adding EN signal on $memory\ram.memory[38]$4529 ($dff) from module soc_top (D = \cpu.u_pipeline_regs.mem_store_data, Q = \ram.memory[38]).
Adding EN signal on $memory\ram.memory[37]$4527 ($dff) from module soc_top (D = \cpu.u_pipeline_regs.mem_store_data, Q = \ram.memory[37]).
Adding EN signal on $memory\ram.memory[36]$4525 ($dff) from module soc_top (D = \cpu.u_pipeline_regs.mem_store_data, Q = \ram.memory[36]).
Adding EN signal on $memory\ram.memory[35]$4523 ($dff) from module soc_top (D = \cpu.u_pipeline_regs.mem_store_data, Q = \ram.memory[35]).
Adding EN signal on $memory\ram.memory[34]$4521 ($dff) from module soc_top (D = \cpu.u_pipeline_regs.mem_store_data, Q = \ram.memory[34]).
Adding EN signal on $memory\ram.memory[33]$4519 ($dff) from module soc_top (D = \cpu.u_pipeline_regs.mem_store_data, Q = \ram.memory[33]).
Adding EN signal on $memory\ram.memory[32]$4517 ($dff) from module soc_top (D = \cpu.u_pipeline_regs.mem_store_data, Q = \ram.memory[32]).
Adding EN signal on $memory\ram.memory[31]$4515 ($dff) from module soc_top (D = \cpu.u_pipeline_regs.mem_store_data, Q = \ram.memory[31]).
Adding EN signal on $memory\ram.memory[30]$4513 ($dff) from module soc_top (D = \cpu.u_pipeline_regs.mem_store_data, Q = \ram.memory[30]).
Adding EN signal on $memory\ram.memory[2]$4457 ($dff) from module soc_top (D = \cpu.u_pipeline_regs.mem_store_data, Q = \ram.memory[2]).
Adding EN signal on $memory\ram.memory[29]$4511 ($dff) from module soc_top (D = \cpu.u_pipeline_regs.mem_store_data, Q = \ram.memory[29]).
Adding EN signal on $memory\ram.memory[28]$4509 ($dff) from module soc_top (D = \cpu.u_pipeline_regs.mem_store_data, Q = \ram.memory[28]).
Adding EN signal on $memory\ram.memory[27]$4507 ($dff) from module soc_top (D = \cpu.u_pipeline_regs.mem_store_data, Q = \ram.memory[27]).
Adding EN signal on $memory\ram.memory[26]$4505 ($dff) from module soc_top (D = \cpu.u_pipeline_regs.mem_store_data, Q = \ram.memory[26]).
Adding EN signal on $memory\ram.memory[25]$4503 ($dff) from module soc_top (D = \cpu.u_pipeline_regs.mem_store_data, Q = \ram.memory[25]).
Adding EN signal on $memory\ram.memory[255]$4963 ($dff) from module soc_top (D = \cpu.u_pipeline_regs.mem_store_data, Q = \ram.memory[255]).
Adding EN signal on $memory\ram.memory[254]$4961 ($dff) from module soc_top (D = \cpu.u_pipeline_regs.mem_store_data, Q = \ram.memory[254]).
Adding EN signal on $memory\ram.memory[253]$4959 ($dff) from module soc_top (D = \cpu.u_pipeline_regs.mem_store_data, Q = \ram.memory[253]).
Adding EN signal on $memory\ram.memory[252]$4957 ($dff) from module soc_top (D = \cpu.u_pipeline_regs.mem_store_data, Q = \ram.memory[252]).
Adding EN signal on $memory\ram.memory[251]$4955 ($dff) from module soc_top (D = \cpu.u_pipeline_regs.mem_store_data, Q = \ram.memory[251]).
Adding EN signal on $memory\ram.memory[250]$4953 ($dff) from module soc_top (D = \cpu.u_pipeline_regs.mem_store_data, Q = \ram.memory[250]).
Adding EN signal on $memory\ram.memory[24]$4501 ($dff) from module soc_top (D = \cpu.u_pipeline_regs.mem_store_data, Q = \ram.memory[24]).
Adding EN signal on $memory\ram.memory[249]$4951 ($dff) from module soc_top (D = \cpu.u_pipeline_regs.mem_store_data, Q = \ram.memory[249]).
Adding EN signal on $memory\ram.memory[248]$4949 ($dff) from module soc_top (D = \cpu.u_pipeline_regs.mem_store_data, Q = \ram.memory[248]).
Adding EN signal on $memory\ram.memory[247]$4947 ($dff) from module soc_top (D = \cpu.u_pipeline_regs.mem_store_data, Q = \ram.memory[247]).
Adding EN signal on $memory\ram.memory[246]$4945 ($dff) from module soc_top (D = \cpu.u_pipeline_regs.mem_store_data, Q = \ram.memory[246]).
Adding EN signal on $memory\ram.memory[245]$4943 ($dff) from module soc_top (D = \cpu.u_pipeline_regs.mem_store_data, Q = \ram.memory[245]).
Adding EN signal on $memory\ram.memory[244]$4941 ($dff) from module soc_top (D = \cpu.u_pipeline_regs.mem_store_data, Q = \ram.memory[244]).
Adding EN signal on $memory\ram.memory[243]$4939 ($dff) from module soc_top (D = \cpu.u_pipeline_regs.mem_store_data, Q = \ram.memory[243]).
Adding EN signal on $memory\ram.memory[242]$4937 ($dff) from module soc_top (D = \cpu.u_pipeline_regs.mem_store_data, Q = \ram.memory[242]).
Adding EN signal on $memory\ram.memory[241]$4935 ($dff) from module soc_top (D = \cpu.u_pipeline_regs.mem_store_data, Q = \ram.memory[241]).
Adding EN signal on $memory\ram.memory[240]$4933 ($dff) from module soc_top (D = \cpu.u_pipeline_regs.mem_store_data, Q = \ram.memory[240]).
Adding EN signal on $memory\ram.memory[23]$4499 ($dff) from module soc_top (D = \cpu.u_pipeline_regs.mem_store_data, Q = \ram.memory[23]).
Adding EN signal on $memory\ram.memory[239]$4931 ($dff) from module soc_top (D = \cpu.u_pipeline_regs.mem_store_data, Q = \ram.memory[239]).
Adding EN signal on $memory\ram.memory[238]$4929 ($dff) from module soc_top (D = \cpu.u_pipeline_regs.mem_store_data, Q = \ram.memory[238]).
Adding EN signal on $memory\ram.memory[237]$4927 ($dff) from module soc_top (D = \cpu.u_pipeline_regs.mem_store_data, Q = \ram.memory[237]).
Adding EN signal on $memory\ram.memory[236]$4925 ($dff) from module soc_top (D = \cpu.u_pipeline_regs.mem_store_data, Q = \ram.memory[236]).
Adding EN signal on $memory\ram.memory[235]$4923 ($dff) from module soc_top (D = \cpu.u_pipeline_regs.mem_store_data, Q = \ram.memory[235]).
Adding EN signal on $memory\ram.memory[234]$4921 ($dff) from module soc_top (D = \cpu.u_pipeline_regs.mem_store_data, Q = \ram.memory[234]).
Adding EN signal on $memory\ram.memory[233]$4919 ($dff) from module soc_top (D = \cpu.u_pipeline_regs.mem_store_data, Q = \ram.memory[233]).
Adding EN signal on $memory\ram.memory[232]$4917 ($dff) from module soc_top (D = \cpu.u_pipeline_regs.mem_store_data, Q = \ram.memory[232]).
Adding EN signal on $memory\ram.memory[231]$4915 ($dff) from module soc_top (D = \cpu.u_pipeline_regs.mem_store_data, Q = \ram.memory[231]).
Adding EN signal on $memory\ram.memory[230]$4913 ($dff) from module soc_top (D = \cpu.u_pipeline_regs.mem_store_data, Q = \ram.memory[230]).
Adding EN signal on $memory\ram.memory[22]$4497 ($dff) from module soc_top (D = \cpu.u_pipeline_regs.mem_store_data, Q = \ram.memory[22]).
Adding EN signal on $memory\ram.memory[229]$4911 ($dff) from module soc_top (D = \cpu.u_pipeline_regs.mem_store_data, Q = \ram.memory[229]).
Adding EN signal on $memory\ram.memory[228]$4909 ($dff) from module soc_top (D = \cpu.u_pipeline_regs.mem_store_data, Q = \ram.memory[228]).
Adding EN signal on $memory\ram.memory[227]$4907 ($dff) from module soc_top (D = \cpu.u_pipeline_regs.mem_store_data, Q = \ram.memory[227]).
Adding EN signal on $memory\ram.memory[226]$4905 ($dff) from module soc_top (D = \cpu.u_pipeline_regs.mem_store_data, Q = \ram.memory[226]).
Adding EN signal on $memory\ram.memory[225]$4903 ($dff) from module soc_top (D = \cpu.u_pipeline_regs.mem_store_data, Q = \ram.memory[225]).
Adding EN signal on $memory\ram.memory[224]$4901 ($dff) from module soc_top (D = \cpu.u_pipeline_regs.mem_store_data, Q = \ram.memory[224]).
Adding EN signal on $memory\ram.memory[223]$4899 ($dff) from module soc_top (D = \cpu.u_pipeline_regs.mem_store_data, Q = \ram.memory[223]).
Adding EN signal on $memory\ram.memory[222]$4897 ($dff) from module soc_top (D = \cpu.u_pipeline_regs.mem_store_data, Q = \ram.memory[222]).
Adding EN signal on $memory\ram.memory[221]$4895 ($dff) from module soc_top (D = \cpu.u_pipeline_regs.mem_store_data, Q = \ram.memory[221]).
Adding EN signal on $memory\ram.memory[220]$4893 ($dff) from module soc_top (D = \cpu.u_pipeline_regs.mem_store_data, Q = \ram.memory[220]).
Adding EN signal on $memory\ram.memory[21]$4495 ($dff) from module soc_top (D = \cpu.u_pipeline_regs.mem_store_data, Q = \ram.memory[21]).
Adding EN signal on $memory\ram.memory[219]$4891 ($dff) from module soc_top (D = \cpu.u_pipeline_regs.mem_store_data, Q = \ram.memory[219]).
Adding EN signal on $memory\ram.memory[218]$4889 ($dff) from module soc_top (D = \cpu.u_pipeline_regs.mem_store_data, Q = \ram.memory[218]).
Adding EN signal on $memory\ram.memory[217]$4887 ($dff) from module soc_top (D = \cpu.u_pipeline_regs.mem_store_data, Q = \ram.memory[217]).
Adding EN signal on $memory\ram.memory[216]$4885 ($dff) from module soc_top (D = \cpu.u_pipeline_regs.mem_store_data, Q = \ram.memory[216]).
Adding EN signal on $memory\ram.memory[215]$4883 ($dff) from module soc_top (D = \cpu.u_pipeline_regs.mem_store_data, Q = \ram.memory[215]).
Adding EN signal on $memory\ram.memory[214]$4881 ($dff) from module soc_top (D = \cpu.u_pipeline_regs.mem_store_data, Q = \ram.memory[214]).
Adding EN signal on $memory\ram.memory[213]$4879 ($dff) from module soc_top (D = \cpu.u_pipeline_regs.mem_store_data, Q = \ram.memory[213]).
Adding EN signal on $memory\ram.memory[212]$4877 ($dff) from module soc_top (D = \cpu.u_pipeline_regs.mem_store_data, Q = \ram.memory[212]).
Adding EN signal on $memory\ram.memory[211]$4875 ($dff) from module soc_top (D = \cpu.u_pipeline_regs.mem_store_data, Q = \ram.memory[211]).
Adding EN signal on $memory\ram.memory[210]$4873 ($dff) from module soc_top (D = \cpu.u_pipeline_regs.mem_store_data, Q = \ram.memory[210]).
Adding EN signal on $memory\ram.memory[20]$4493 ($dff) from module soc_top (D = \cpu.u_pipeline_regs.mem_store_data, Q = \ram.memory[20]).
Adding EN signal on $memory\ram.memory[209]$4871 ($dff) from module soc_top (D = \cpu.u_pipeline_regs.mem_store_data, Q = \ram.memory[209]).
Adding EN signal on $memory\ram.memory[208]$4869 ($dff) from module soc_top (D = \cpu.u_pipeline_regs.mem_store_data, Q = \ram.memory[208]).
Adding EN signal on $memory\ram.memory[207]$4867 ($dff) from module soc_top (D = \cpu.u_pipeline_regs.mem_store_data, Q = \ram.memory[207]).
Adding EN signal on $memory\ram.memory[206]$4865 ($dff) from module soc_top (D = \cpu.u_pipeline_regs.mem_store_data, Q = \ram.memory[206]).
Adding EN signal on $memory\ram.memory[205]$4863 ($dff) from module soc_top (D = \cpu.u_pipeline_regs.mem_store_data, Q = \ram.memory[205]).
Adding EN signal on $memory\ram.memory[204]$4861 ($dff) from module soc_top (D = \cpu.u_pipeline_regs.mem_store_data, Q = \ram.memory[204]).
Adding EN signal on $memory\ram.memory[203]$4859 ($dff) from module soc_top (D = \cpu.u_pipeline_regs.mem_store_data, Q = \ram.memory[203]).
Adding EN signal on $memory\ram.memory[202]$4857 ($dff) from module soc_top (D = \cpu.u_pipeline_regs.mem_store_data, Q = \ram.memory[202]).
Adding EN signal on $memory\ram.memory[201]$4855 ($dff) from module soc_top (D = \cpu.u_pipeline_regs.mem_store_data, Q = \ram.memory[201]).
Adding EN signal on $memory\ram.memory[200]$4853 ($dff) from module soc_top (D = \cpu.u_pipeline_regs.mem_store_data, Q = \ram.memory[200]).
Adding EN signal on $memory\ram.memory[1]$4455 ($dff) from module soc_top (D = \cpu.u_pipeline_regs.mem_store_data, Q = \ram.memory[1]).
Adding EN signal on $memory\ram.memory[19]$4491 ($dff) from module soc_top (D = \cpu.u_pipeline_regs.mem_store_data, Q = \ram.memory[19]).
Adding EN signal on $memory\ram.memory[199]$4851 ($dff) from module soc_top (D = \cpu.u_pipeline_regs.mem_store_data, Q = \ram.memory[199]).
Adding EN signal on $memory\ram.memory[198]$4849 ($dff) from module soc_top (D = \cpu.u_pipeline_regs.mem_store_data, Q = \ram.memory[198]).
Adding EN signal on $memory\ram.memory[197]$4847 ($dff) from module soc_top (D = \cpu.u_pipeline_regs.mem_store_data, Q = \ram.memory[197]).
Adding EN signal on $memory\ram.memory[196]$4845 ($dff) from module soc_top (D = \cpu.u_pipeline_regs.mem_store_data, Q = \ram.memory[196]).
Adding EN signal on $memory\ram.memory[195]$4843 ($dff) from module soc_top (D = \cpu.u_pipeline_regs.mem_store_data, Q = \ram.memory[195]).
Adding EN signal on $memory\ram.memory[194]$4841 ($dff) from module soc_top (D = \cpu.u_pipeline_regs.mem_store_data, Q = \ram.memory[194]).
Adding EN signal on $memory\ram.memory[193]$4839 ($dff) from module soc_top (D = \cpu.u_pipeline_regs.mem_store_data, Q = \ram.memory[193]).
Adding EN signal on $memory\ram.memory[192]$4837 ($dff) from module soc_top (D = \cpu.u_pipeline_regs.mem_store_data, Q = \ram.memory[192]).
Adding EN signal on $memory\ram.memory[191]$4835 ($dff) from module soc_top (D = \cpu.u_pipeline_regs.mem_store_data, Q = \ram.memory[191]).
Adding EN signal on $memory\ram.memory[190]$4833 ($dff) from module soc_top (D = \cpu.u_pipeline_regs.mem_store_data, Q = \ram.memory[190]).
Adding EN signal on $memory\ram.memory[18]$4489 ($dff) from module soc_top (D = \cpu.u_pipeline_regs.mem_store_data, Q = \ram.memory[18]).
Adding EN signal on $memory\ram.memory[189]$4831 ($dff) from module soc_top (D = \cpu.u_pipeline_regs.mem_store_data, Q = \ram.memory[189]).
Adding EN signal on $memory\ram.memory[188]$4829 ($dff) from module soc_top (D = \cpu.u_pipeline_regs.mem_store_data, Q = \ram.memory[188]).
Adding EN signal on $memory\ram.memory[187]$4827 ($dff) from module soc_top (D = \cpu.u_pipeline_regs.mem_store_data, Q = \ram.memory[187]).
Adding EN signal on $memory\ram.memory[186]$4825 ($dff) from module soc_top (D = \cpu.u_pipeline_regs.mem_store_data, Q = \ram.memory[186]).
Adding EN signal on $memory\ram.memory[185]$4823 ($dff) from module soc_top (D = \cpu.u_pipeline_regs.mem_store_data, Q = \ram.memory[185]).
Adding EN signal on $memory\ram.memory[184]$4821 ($dff) from module soc_top (D = \cpu.u_pipeline_regs.mem_store_data, Q = \ram.memory[184]).
Adding EN signal on $memory\ram.memory[183]$4819 ($dff) from module soc_top (D = \cpu.u_pipeline_regs.mem_store_data, Q = \ram.memory[183]).
Adding EN signal on $memory\ram.memory[182]$4817 ($dff) from module soc_top (D = \cpu.u_pipeline_regs.mem_store_data, Q = \ram.memory[182]).
Adding EN signal on $memory\ram.memory[181]$4815 ($dff) from module soc_top (D = \cpu.u_pipeline_regs.mem_store_data, Q = \ram.memory[181]).
Adding EN signal on $memory\ram.memory[180]$4813 ($dff) from module soc_top (D = \cpu.u_pipeline_regs.mem_store_data, Q = \ram.memory[180]).
Adding EN signal on $memory\ram.memory[17]$4487 ($dff) from module soc_top (D = \cpu.u_pipeline_regs.mem_store_data, Q = \ram.memory[17]).
Adding EN signal on $memory\ram.memory[179]$4811 ($dff) from module soc_top (D = \cpu.u_pipeline_regs.mem_store_data, Q = \ram.memory[179]).
Adding EN signal on $memory\ram.memory[178]$4809 ($dff) from module soc_top (D = \cpu.u_pipeline_regs.mem_store_data, Q = \ram.memory[178]).
Adding EN signal on $memory\ram.memory[177]$4807 ($dff) from module soc_top (D = \cpu.u_pipeline_regs.mem_store_data, Q = \ram.memory[177]).
Adding EN signal on $memory\ram.memory[176]$4805 ($dff) from module soc_top (D = \cpu.u_pipeline_regs.mem_store_data, Q = \ram.memory[176]).
Adding EN signal on $memory\ram.memory[175]$4803 ($dff) from module soc_top (D = \cpu.u_pipeline_regs.mem_store_data, Q = \ram.memory[175]).
Adding EN signal on $memory\ram.memory[174]$4801 ($dff) from module soc_top (D = \cpu.u_pipeline_regs.mem_store_data, Q = \ram.memory[174]).
Adding EN signal on $memory\ram.memory[173]$4799 ($dff) from module soc_top (D = \cpu.u_pipeline_regs.mem_store_data, Q = \ram.memory[173]).
Adding EN signal on $memory\ram.memory[172]$4797 ($dff) from module soc_top (D = \cpu.u_pipeline_regs.mem_store_data, Q = \ram.memory[172]).
Adding EN signal on $memory\ram.memory[171]$4795 ($dff) from module soc_top (D = \cpu.u_pipeline_regs.mem_store_data, Q = \ram.memory[171]).
Adding EN signal on $memory\ram.memory[170]$4793 ($dff) from module soc_top (D = \cpu.u_pipeline_regs.mem_store_data, Q = \ram.memory[170]).
Adding EN signal on $memory\ram.memory[16]$4485 ($dff) from module soc_top (D = \cpu.u_pipeline_regs.mem_store_data, Q = \ram.memory[16]).
Adding EN signal on $memory\ram.memory[169]$4791 ($dff) from module soc_top (D = \cpu.u_pipeline_regs.mem_store_data, Q = \ram.memory[169]).
Adding EN signal on $memory\ram.memory[168]$4789 ($dff) from module soc_top (D = \cpu.u_pipeline_regs.mem_store_data, Q = \ram.memory[168]).
Adding EN signal on $memory\ram.memory[167]$4787 ($dff) from module soc_top (D = \cpu.u_pipeline_regs.mem_store_data, Q = \ram.memory[167]).
Adding EN signal on $memory\ram.memory[166]$4785 ($dff) from module soc_top (D = \cpu.u_pipeline_regs.mem_store_data, Q = \ram.memory[166]).
Adding EN signal on $memory\ram.memory[165]$4783 ($dff) from module soc_top (D = \cpu.u_pipeline_regs.mem_store_data, Q = \ram.memory[165]).
Adding EN signal on $memory\ram.memory[164]$4781 ($dff) from module soc_top (D = \cpu.u_pipeline_regs.mem_store_data, Q = \ram.memory[164]).
Adding EN signal on $memory\ram.memory[163]$4779 ($dff) from module soc_top (D = \cpu.u_pipeline_regs.mem_store_data, Q = \ram.memory[163]).
Adding EN signal on $memory\ram.memory[162]$4777 ($dff) from module soc_top (D = \cpu.u_pipeline_regs.mem_store_data, Q = \ram.memory[162]).
Adding EN signal on $memory\ram.memory[161]$4775 ($dff) from module soc_top (D = \cpu.u_pipeline_regs.mem_store_data, Q = \ram.memory[161]).
Adding EN signal on $memory\ram.memory[160]$4773 ($dff) from module soc_top (D = \cpu.u_pipeline_regs.mem_store_data, Q = \ram.memory[160]).
Adding EN signal on $memory\ram.memory[15]$4483 ($dff) from module soc_top (D = \cpu.u_pipeline_regs.mem_store_data, Q = \ram.memory[15]).
Adding EN signal on $memory\ram.memory[159]$4771 ($dff) from module soc_top (D = \cpu.u_pipeline_regs.mem_store_data, Q = \ram.memory[159]).
Adding EN signal on $memory\ram.memory[158]$4769 ($dff) from module soc_top (D = \cpu.u_pipeline_regs.mem_store_data, Q = \ram.memory[158]).
Adding EN signal on $memory\ram.memory[157]$4767 ($dff) from module soc_top (D = \cpu.u_pipeline_regs.mem_store_data, Q = \ram.memory[157]).
Adding EN signal on $memory\ram.memory[156]$4765 ($dff) from module soc_top (D = \cpu.u_pipeline_regs.mem_store_data, Q = \ram.memory[156]).
Adding EN signal on $memory\ram.memory[155]$4763 ($dff) from module soc_top (D = \cpu.u_pipeline_regs.mem_store_data, Q = \ram.memory[155]).
Adding EN signal on $memory\ram.memory[154]$4761 ($dff) from module soc_top (D = \cpu.u_pipeline_regs.mem_store_data, Q = \ram.memory[154]).
Adding EN signal on $memory\ram.memory[153]$4759 ($dff) from module soc_top (D = \cpu.u_pipeline_regs.mem_store_data, Q = \ram.memory[153]).
Adding EN signal on $memory\ram.memory[152]$4757 ($dff) from module soc_top (D = \cpu.u_pipeline_regs.mem_store_data, Q = \ram.memory[152]).
Adding EN signal on $memory\ram.memory[151]$4755 ($dff) from module soc_top (D = \cpu.u_pipeline_regs.mem_store_data, Q = \ram.memory[151]).
Adding EN signal on $memory\ram.memory[150]$4753 ($dff) from module soc_top (D = \cpu.u_pipeline_regs.mem_store_data, Q = \ram.memory[150]).
Adding EN signal on $memory\ram.memory[14]$4481 ($dff) from module soc_top (D = \cpu.u_pipeline_regs.mem_store_data, Q = \ram.memory[14]).
Adding EN signal on $memory\ram.memory[149]$4751 ($dff) from module soc_top (D = \cpu.u_pipeline_regs.mem_store_data, Q = \ram.memory[149]).
Adding EN signal on $memory\ram.memory[148]$4749 ($dff) from module soc_top (D = \cpu.u_pipeline_regs.mem_store_data, Q = \ram.memory[148]).
Adding EN signal on $memory\ram.memory[147]$4747 ($dff) from module soc_top (D = \cpu.u_pipeline_regs.mem_store_data, Q = \ram.memory[147]).
Adding EN signal on $memory\ram.memory[146]$4745 ($dff) from module soc_top (D = \cpu.u_pipeline_regs.mem_store_data, Q = \ram.memory[146]).
Adding EN signal on $memory\ram.memory[145]$4743 ($dff) from module soc_top (D = \cpu.u_pipeline_regs.mem_store_data, Q = \ram.memory[145]).
Adding EN signal on $memory\ram.memory[144]$4741 ($dff) from module soc_top (D = \cpu.u_pipeline_regs.mem_store_data, Q = \ram.memory[144]).
Adding EN signal on $memory\ram.memory[143]$4739 ($dff) from module soc_top (D = \cpu.u_pipeline_regs.mem_store_data, Q = \ram.memory[143]).
Adding EN signal on $memory\ram.memory[142]$4737 ($dff) from module soc_top (D = \cpu.u_pipeline_regs.mem_store_data, Q = \ram.memory[142]).
Adding EN signal on $memory\ram.memory[141]$4735 ($dff) from module soc_top (D = \cpu.u_pipeline_regs.mem_store_data, Q = \ram.memory[141]).
Adding EN signal on $memory\ram.memory[140]$4733 ($dff) from module soc_top (D = \cpu.u_pipeline_regs.mem_store_data, Q = \ram.memory[140]).
Adding EN signal on $memory\ram.memory[13]$4479 ($dff) from module soc_top (D = \cpu.u_pipeline_regs.mem_store_data, Q = \ram.memory[13]).
Adding EN signal on $memory\ram.memory[139]$4731 ($dff) from module soc_top (D = \cpu.u_pipeline_regs.mem_store_data, Q = \ram.memory[139]).
Adding EN signal on $memory\ram.memory[138]$4729 ($dff) from module soc_top (D = \cpu.u_pipeline_regs.mem_store_data, Q = \ram.memory[138]).
Adding EN signal on $memory\ram.memory[137]$4727 ($dff) from module soc_top (D = \cpu.u_pipeline_regs.mem_store_data, Q = \ram.memory[137]).
Adding EN signal on $memory\ram.memory[136]$4725 ($dff) from module soc_top (D = \cpu.u_pipeline_regs.mem_store_data, Q = \ram.memory[136]).
Adding EN signal on $memory\ram.memory[135]$4723 ($dff) from module soc_top (D = \cpu.u_pipeline_regs.mem_store_data, Q = \ram.memory[135]).
Adding EN signal on $memory\ram.memory[134]$4721 ($dff) from module soc_top (D = \cpu.u_pipeline_regs.mem_store_data, Q = \ram.memory[134]).
Adding EN signal on $memory\ram.memory[133]$4719 ($dff) from module soc_top (D = \cpu.u_pipeline_regs.mem_store_data, Q = \ram.memory[133]).
Adding EN signal on $memory\ram.memory[132]$4717 ($dff) from module soc_top (D = \cpu.u_pipeline_regs.mem_store_data, Q = \ram.memory[132]).
Adding EN signal on $memory\ram.memory[131]$4715 ($dff) from module soc_top (D = \cpu.u_pipeline_regs.mem_store_data, Q = \ram.memory[131]).
Adding EN signal on $memory\ram.memory[130]$4713 ($dff) from module soc_top (D = \cpu.u_pipeline_regs.mem_store_data, Q = \ram.memory[130]).
Adding EN signal on $memory\ram.memory[12]$4477 ($dff) from module soc_top (D = \cpu.u_pipeline_regs.mem_store_data, Q = \ram.memory[12]).
Adding EN signal on $memory\ram.memory[129]$4711 ($dff) from module soc_top (D = \cpu.u_pipeline_regs.mem_store_data, Q = \ram.memory[129]).
Adding EN signal on $memory\ram.memory[128]$4709 ($dff) from module soc_top (D = \cpu.u_pipeline_regs.mem_store_data, Q = \ram.memory[128]).
Adding EN signal on $memory\ram.memory[127]$4707 ($dff) from module soc_top (D = \cpu.u_pipeline_regs.mem_store_data, Q = \ram.memory[127]).
Adding EN signal on $memory\ram.memory[126]$4705 ($dff) from module soc_top (D = \cpu.u_pipeline_regs.mem_store_data, Q = \ram.memory[126]).
Adding EN signal on $memory\ram.memory[125]$4703 ($dff) from module soc_top (D = \cpu.u_pipeline_regs.mem_store_data, Q = \ram.memory[125]).
Adding EN signal on $memory\ram.memory[124]$4701 ($dff) from module soc_top (D = \cpu.u_pipeline_regs.mem_store_data, Q = \ram.memory[124]).
Adding EN signal on $memory\ram.memory[123]$4699 ($dff) from module soc_top (D = \cpu.u_pipeline_regs.mem_store_data, Q = \ram.memory[123]).
Adding EN signal on $memory\ram.memory[122]$4697 ($dff) from module soc_top (D = \cpu.u_pipeline_regs.mem_store_data, Q = \ram.memory[122]).
Adding EN signal on $memory\ram.memory[121]$4695 ($dff) from module soc_top (D = \cpu.u_pipeline_regs.mem_store_data, Q = \ram.memory[121]).
Adding EN signal on $memory\ram.memory[120]$4693 ($dff) from module soc_top (D = \cpu.u_pipeline_regs.mem_store_data, Q = \ram.memory[120]).
Adding EN signal on $memory\ram.memory[11]$4475 ($dff) from module soc_top (D = \cpu.u_pipeline_regs.mem_store_data, Q = \ram.memory[11]).
Adding EN signal on $memory\ram.memory[119]$4691 ($dff) from module soc_top (D = \cpu.u_pipeline_regs.mem_store_data, Q = \ram.memory[119]).
Adding EN signal on $memory\ram.memory[118]$4689 ($dff) from module soc_top (D = \cpu.u_pipeline_regs.mem_store_data, Q = \ram.memory[118]).
Adding EN signal on $memory\ram.memory[117]$4687 ($dff) from module soc_top (D = \cpu.u_pipeline_regs.mem_store_data, Q = \ram.memory[117]).
Adding EN signal on $memory\ram.memory[116]$4685 ($dff) from module soc_top (D = \cpu.u_pipeline_regs.mem_store_data, Q = \ram.memory[116]).
Adding EN signal on $memory\ram.memory[115]$4683 ($dff) from module soc_top (D = \cpu.u_pipeline_regs.mem_store_data, Q = \ram.memory[115]).
Adding EN signal on $memory\ram.memory[114]$4681 ($dff) from module soc_top (D = \cpu.u_pipeline_regs.mem_store_data, Q = \ram.memory[114]).
Adding EN signal on $memory\ram.memory[113]$4679 ($dff) from module soc_top (D = \cpu.u_pipeline_regs.mem_store_data, Q = \ram.memory[113]).
Adding EN signal on $memory\ram.memory[112]$4677 ($dff) from module soc_top (D = \cpu.u_pipeline_regs.mem_store_data, Q = \ram.memory[112]).
Adding EN signal on $memory\ram.memory[111]$4675 ($dff) from module soc_top (D = \cpu.u_pipeline_regs.mem_store_data, Q = \ram.memory[111]).
Adding EN signal on $memory\ram.memory[110]$4673 ($dff) from module soc_top (D = \cpu.u_pipeline_regs.mem_store_data, Q = \ram.memory[110]).
Adding EN signal on $memory\ram.memory[10]$4473 ($dff) from module soc_top (D = \cpu.u_pipeline_regs.mem_store_data, Q = \ram.memory[10]).
Adding EN signal on $memory\ram.memory[109]$4671 ($dff) from module soc_top (D = \cpu.u_pipeline_regs.mem_store_data, Q = \ram.memory[109]).
Adding EN signal on $memory\ram.memory[108]$4669 ($dff) from module soc_top (D = \cpu.u_pipeline_regs.mem_store_data, Q = \ram.memory[108]).
Adding EN signal on $memory\ram.memory[107]$4667 ($dff) from module soc_top (D = \cpu.u_pipeline_regs.mem_store_data, Q = \ram.memory[107]).
Adding EN signal on $memory\ram.memory[106]$4665 ($dff) from module soc_top (D = \cpu.u_pipeline_regs.mem_store_data, Q = \ram.memory[106]).
Adding EN signal on $memory\ram.memory[105]$4663 ($dff) from module soc_top (D = \cpu.u_pipeline_regs.mem_store_data, Q = \ram.memory[105]).
Adding EN signal on $memory\ram.memory[104]$4661 ($dff) from module soc_top (D = \cpu.u_pipeline_regs.mem_store_data, Q = \ram.memory[104]).
Adding EN signal on $memory\ram.memory[103]$4659 ($dff) from module soc_top (D = \cpu.u_pipeline_regs.mem_store_data, Q = \ram.memory[103]).
Adding EN signal on $memory\ram.memory[102]$4657 ($dff) from module soc_top (D = \cpu.u_pipeline_regs.mem_store_data, Q = \ram.memory[102]).
Adding EN signal on $memory\ram.memory[101]$4655 ($dff) from module soc_top (D = \cpu.u_pipeline_regs.mem_store_data, Q = \ram.memory[101]).
Adding EN signal on $memory\ram.memory[100]$4653 ($dff) from module soc_top (D = \cpu.u_pipeline_regs.mem_store_data, Q = \ram.memory[100]).
Adding EN signal on $memory\ram.memory[0]$4453 ($dff) from module soc_top (D = \cpu.u_pipeline_regs.mem_store_data, Q = \ram.memory[0]).
Adding EN signal on $memory\cpu.u_id.rf.regs[9]$3715 ($dff) from module soc_top (D = $memory\cpu.u_id.rf.regs$wrmux[9][2][0]$y$4126, Q = \cpu.u_id.rf.regs[9]).
Adding EN signal on $memory\cpu.u_id.rf.regs[8]$3713 ($dff) from module soc_top (D = $memory\cpu.u_id.rf.regs$wrmux[8][2][0]$y$4112, Q = \cpu.u_id.rf.regs[8]).
Adding EN signal on $memory\cpu.u_id.rf.regs[7]$3711 ($dff) from module soc_top (D = $memory\cpu.u_id.rf.regs$wrmux[7][2][0]$y$4092, Q = \cpu.u_id.rf.regs[7]).
Adding EN signal on $memory\cpu.u_id.rf.regs[6]$3709 ($dff) from module soc_top (D = $memory\cpu.u_id.rf.regs$wrmux[6][2][0]$y$4078, Q = \cpu.u_id.rf.regs[6]).
Adding EN signal on $memory\cpu.u_id.rf.regs[5]$3707 ($dff) from module soc_top (D = $memory\cpu.u_id.rf.regs$wrmux[5][2][0]$y$4064, Q = \cpu.u_id.rf.regs[5]).
Adding EN signal on $memory\cpu.u_id.rf.regs[4]$3705 ($dff) from module soc_top (D = $memory\cpu.u_id.rf.regs$wrmux[4][2][0]$y$4050, Q = \cpu.u_id.rf.regs[4]).
Adding EN signal on $memory\cpu.u_id.rf.regs[3]$3703 ($dff) from module soc_top (D = $memory\cpu.u_id.rf.regs$wrmux[3][2][0]$y$4032, Q = \cpu.u_id.rf.regs[3]).
Adding EN signal on $memory\cpu.u_id.rf.regs[31]$3759 ($dff) from module soc_top (D = $memory\cpu.u_id.rf.regs$wrmux[31][2][0]$y$4452, Q = \cpu.u_id.rf.regs[31]).
Adding EN signal on $memory\cpu.u_id.rf.regs[30]$3757 ($dff) from module soc_top (D = $memory\cpu.u_id.rf.regs$wrmux[30][2][0]$y$4438, Q = \cpu.u_id.rf.regs[30]).
Adding EN signal on $memory\cpu.u_id.rf.regs[2]$3701 ($dff) from module soc_top (D = $memory\cpu.u_id.rf.regs$wrmux[2][2][0]$y$4016, Q = \cpu.u_id.rf.regs[2]).
Adding EN signal on $memory\cpu.u_id.rf.regs[29]$3755 ($dff) from module soc_top (D = $memory\cpu.u_id.rf.regs$wrmux[29][2][0]$y$4424, Q = \cpu.u_id.rf.regs[29]).
Adding EN signal on $memory\cpu.u_id.rf.regs[28]$3753 ($dff) from module soc_top (D = $memory\cpu.u_id.rf.regs$wrmux[28][2][0]$y$4410, Q = \cpu.u_id.rf.regs[28]).
Adding EN signal on $memory\cpu.u_id.rf.regs[27]$3751 ($dff) from module soc_top (D = $memory\cpu.u_id.rf.regs$wrmux[27][2][0]$y$4394, Q = \cpu.u_id.rf.regs[27]).
Adding EN signal on $memory\cpu.u_id.rf.regs[26]$3749 ($dff) from module soc_top (D = $memory\cpu.u_id.rf.regs$wrmux[26][2][0]$y$4380, Q = \cpu.u_id.rf.regs[26]).
Adding EN signal on $memory\cpu.u_id.rf.regs[25]$3747 ($dff) from module soc_top (D = $memory\cpu.u_id.rf.regs$wrmux[25][2][0]$y$4366, Q = \cpu.u_id.rf.regs[25]).
Adding EN signal on $memory\cpu.u_id.rf.regs[24]$3745 ($dff) from module soc_top (D = $memory\cpu.u_id.rf.regs$wrmux[24][2][0]$y$4352, Q = \cpu.u_id.rf.regs[24]).
Adding EN signal on $memory\cpu.u_id.rf.regs[23]$3743 ($dff) from module soc_top (D = $memory\cpu.u_id.rf.regs$wrmux[23][2][0]$y$4334, Q = \cpu.u_id.rf.regs[23]).
Adding EN signal on $memory\cpu.u_id.rf.regs[22]$3741 ($dff) from module soc_top (D = $memory\cpu.u_id.rf.regs$wrmux[22][2][0]$y$4320, Q = \cpu.u_id.rf.regs[22]).
Adding EN signal on $memory\cpu.u_id.rf.regs[21]$3739 ($dff) from module soc_top (D = $memory\cpu.u_id.rf.regs$wrmux[21][2][0]$y$4306, Q = \cpu.u_id.rf.regs[21]).
Adding EN signal on $memory\cpu.u_id.rf.regs[20]$3737 ($dff) from module soc_top (D = $memory\cpu.u_id.rf.regs$wrmux[20][2][0]$y$4292, Q = \cpu.u_id.rf.regs[20]).
Adding EN signal on $memory\cpu.u_id.rf.regs[1]$3699 ($dff) from module soc_top (D = $memory\cpu.u_id.rf.regs$wrmux[1][2][0]$y$3998, Q = \cpu.u_id.rf.regs[1]).
Adding EN signal on $memory\cpu.u_id.rf.regs[19]$3735 ($dff) from module soc_top (D = $memory\cpu.u_id.rf.regs$wrmux[19][2][0]$y$4276, Q = \cpu.u_id.rf.regs[19]).
Adding EN signal on $memory\cpu.u_id.rf.regs[18]$3733 ($dff) from module soc_top (D = $memory\cpu.u_id.rf.regs$wrmux[18][2][0]$y$4262, Q = \cpu.u_id.rf.regs[18]).
Adding EN signal on $memory\cpu.u_id.rf.regs[17]$3731 ($dff) from module soc_top (D = $memory\cpu.u_id.rf.regs$wrmux[17][2][0]$y$4248, Q = \cpu.u_id.rf.regs[17]).
Adding EN signal on $memory\cpu.u_id.rf.regs[16]$3729 ($dff) from module soc_top (D = $memory\cpu.u_id.rf.regs$wrmux[16][2][0]$y$4234, Q = \cpu.u_id.rf.regs[16]).
Adding EN signal on $memory\cpu.u_id.rf.regs[15]$3727 ($dff) from module soc_top (D = $memory\cpu.u_id.rf.regs$wrmux[15][2][0]$y$4212, Q = \cpu.u_id.rf.regs[15]).
Adding EN signal on $memory\cpu.u_id.rf.regs[14]$3725 ($dff) from module soc_top (D = $memory\cpu.u_id.rf.regs$wrmux[14][2][0]$y$4198, Q = \cpu.u_id.rf.regs[14]).
Adding EN signal on $memory\cpu.u_id.rf.regs[13]$3723 ($dff) from module soc_top (D = $memory\cpu.u_id.rf.regs$wrmux[13][2][0]$y$4184, Q = \cpu.u_id.rf.regs[13]).
Adding EN signal on $memory\cpu.u_id.rf.regs[12]$3721 ($dff) from module soc_top (D = $memory\cpu.u_id.rf.regs$wrmux[12][2][0]$y$4170, Q = \cpu.u_id.rf.regs[12]).
Adding EN signal on $memory\cpu.u_id.rf.regs[11]$3719 ($dff) from module soc_top (D = $memory\cpu.u_id.rf.regs$wrmux[11][2][0]$y$4154, Q = \cpu.u_id.rf.regs[11]).
Adding EN signal on $memory\cpu.u_id.rf.regs[10]$3717 ($dff) from module soc_top (D = $memory\cpu.u_id.rf.regs$wrmux[10][2][0]$y$4140, Q = \cpu.u_id.rf.regs[10]).
Adding EN signal on $memory\cpu.u_id.rf.regs[0]$3697 ($dff) from module soc_top (D = $memory\cpu.u_id.rf.regs$wrmux[0][2][0]$y$3980, Q = \cpu.u_id.rf.regs[0]).
Adding SRST signal on $auto$ff.cc:266:slice$7402 ($sdff) from module soc_top (D = \cpu.u_pipeline_regs.id_instr [19:15], Q = $\cpu.u_id.rf.regs$rdreg[1]$q, rval = 5'00000).
Adding SRST signal on $auto$ff.cc:266:slice$7401 ($sdff) from module soc_top (D = \cpu.u_pipeline_regs.id_instr [24:20], Q = $\cpu.u_id.rf.regs$rdreg[0]$q, rval = 5'00000).
Setting constant 0-bit at position 2 on $auto$ff.cc:266:slice$3552 ($sdffe) from module soc_top.
Setting constant 0-bit at position 3 on $auto$ff.cc:266:slice$3552 ($sdffe) from module soc_top.
Setting constant 0-bit at position 5 on $auto$ff.cc:266:slice$3552 ($sdffe) from module soc_top.
Setting constant 0-bit at position 6 on $auto$ff.cc:266:slice$3552 ($sdffe) from module soc_top.
Setting constant 0-bit at position 7 on $auto$ff.cc:266:slice$3552 ($sdffe) from module soc_top.
Setting constant 0-bit at position 8 on $auto$ff.cc:266:slice$3552 ($sdffe) from module soc_top.
Setting constant 0-bit at position 9 on $auto$ff.cc:266:slice$3552 ($sdffe) from module soc_top.
Setting constant 0-bit at position 10 on $auto$ff.cc:266:slice$3552 ($sdffe) from module soc_top.
Setting constant 0-bit at position 11 on $auto$ff.cc:266:slice$3552 ($sdffe) from module soc_top.
Setting constant 0-bit at position 12 on $auto$ff.cc:266:slice$3552 ($sdffe) from module soc_top.
Setting constant 0-bit at position 13 on $auto$ff.cc:266:slice$3552 ($sdffe) from module soc_top.
Setting constant 0-bit at position 14 on $auto$ff.cc:266:slice$3552 ($sdffe) from module soc_top.
Setting constant 0-bit at position 15 on $auto$ff.cc:266:slice$3552 ($sdffe) from module soc_top.
Setting constant 0-bit at position 16 on $auto$ff.cc:266:slice$3552 ($sdffe) from module soc_top.
Setting constant 0-bit at position 17 on $auto$ff.cc:266:slice$3552 ($sdffe) from module soc_top.
Setting constant 0-bit at position 18 on $auto$ff.cc:266:slice$3552 ($sdffe) from module soc_top.
Setting constant 0-bit at position 19 on $auto$ff.cc:266:slice$3552 ($sdffe) from module soc_top.
Setting constant 0-bit at position 20 on $auto$ff.cc:266:slice$3552 ($sdffe) from module soc_top.
Setting constant 0-bit at position 21 on $auto$ff.cc:266:slice$3552 ($sdffe) from module soc_top.
Setting constant 0-bit at position 22 on $auto$ff.cc:266:slice$3552 ($sdffe) from module soc_top.
Setting constant 0-bit at position 23 on $auto$ff.cc:266:slice$3552 ($sdffe) from module soc_top.
Setting constant 0-bit at position 24 on $auto$ff.cc:266:slice$3552 ($sdffe) from module soc_top.
Setting constant 0-bit at position 25 on $auto$ff.cc:266:slice$3552 ($sdffe) from module soc_top.
Setting constant 0-bit at position 26 on $auto$ff.cc:266:slice$3552 ($sdffe) from module soc_top.
Setting constant 0-bit at position 27 on $auto$ff.cc:266:slice$3552 ($sdffe) from module soc_top.
Setting constant 0-bit at position 28 on $auto$ff.cc:266:slice$3552 ($sdffe) from module soc_top.
Setting constant 0-bit at position 29 on $auto$ff.cc:266:slice$3552 ($sdffe) from module soc_top.
Setting constant 0-bit at position 30 on $auto$ff.cc:266:slice$3552 ($sdffe) from module soc_top.
Setting constant 0-bit at position 31 on $auto$ff.cc:266:slice$3552 ($sdffe) from module soc_top.

136. Executing OPT_CLEAN pass (remove unused cells and wires).
Finding unused cells or wires in module \soc_top..
Removed 258 unused cells and 259 unused wires.
<suppressed ~259 debug messages>

137. Executing OPT_EXPR pass (perform const folding).
Optimizing module soc_top.
<suppressed ~86 debug messages>

138. Rerunning OPT passes. (Maybe there is more to do…)

139. Executing OPT_MUXTREE pass (detect dead branches in mux trees).
Running muxtree optimizer on module \soc_top..
  Creating internal representation of mux trees.
  Evaluating internal representation of mux trees.
  Analyzing evaluation results.
    dead port 1/4 on $pmux $flatten\cpu.\u_id.\ctrl.$procmux$3116.
    dead port 3/4 on $pmux $flatten\cpu.\u_id.\ctrl.$procmux$3116.
    dead port 1/6 on $pmux $flatten\cpu.\u_id.\imm_gen.$procmux$3306.
    dead port 2/6 on $pmux $flatten\cpu.\u_id.\imm_gen.$procmux$3306.
    dead port 3/6 on $pmux $flatten\cpu.\u_id.\imm_gen.$procmux$3306.
    dead port 4/6 on $pmux $flatten\cpu.\u_id.\imm_gen.$procmux$3306.
    dead port 1/2 on $mux $memory\cpu.u_id.rf.regs$rdmux[0][0][0]$3761.
    dead port 2/2 on $mux $memory\cpu.u_id.rf.regs$rdmux[0][0][0]$3761.
    dead port 1/2 on $mux $memory\cpu.u_id.rf.regs$rdmux[0][1][0]$3764.
    dead port 2/2 on $mux $memory\cpu.u_id.rf.regs$rdmux[0][1][0]$3764.
    dead port 1/2 on $mux $memory\cpu.u_id.rf.regs$rdmux[0][1][1]$3767.
    dead port 2/2 on $mux $memory\cpu.u_id.rf.regs$rdmux[0][1][1]$3767.
    dead port 1/2 on $mux $memory\cpu.u_id.rf.regs$rdmux[0][2][0]$3770.
    dead port 2/2 on $mux $memory\cpu.u_id.rf.regs$rdmux[0][2][0]$3770.
    dead port 1/2 on $mux $memory\cpu.u_id.rf.regs$rdmux[0][2][1]$3773.
    dead port 2/2 on $mux $memory\cpu.u_id.rf.regs$rdmux[0][2][1]$3773.
    dead port 1/2 on $mux $memory\cpu.u_id.rf.regs$rdmux[0][2][2]$3776.
    dead port 2/2 on $mux $memory\cpu.u_id.rf.regs$rdmux[0][2][2]$3776.
    dead port 1/2 on $mux $memory\cpu.u_id.rf.regs$rdmux[0][2][3]$3779.
    dead port 2/2 on $mux $memory\cpu.u_id.rf.regs$rdmux[0][2][3]$3779.
    dead port 1/2 on $mux $memory\cpu.u_id.rf.regs$rdmux[0][3][0]$3782.
    dead port 2/2 on $mux $memory\cpu.u_id.rf.regs$rdmux[0][3][0]$3782.
    dead port 1/2 on $mux $memory\cpu.u_id.rf.regs$rdmux[0][3][1]$3785.
    dead port 2/2 on $mux $memory\cpu.u_id.rf.regs$rdmux[0][3][1]$3785.
    dead port 1/2 on $mux $memory\cpu.u_id.rf.regs$rdmux[0][3][2]$3788.
    dead port 2/2 on $mux $memory\cpu.u_id.rf.regs$rdmux[0][3][2]$3788.
    dead port 1/2 on $mux $memory\cpu.u_id.rf.regs$rdmux[0][3][3]$3791.
    dead port 2/2 on $mux $memory\cpu.u_id.rf.regs$rdmux[0][3][3]$3791.
    dead port 1/2 on $mux $memory\cpu.u_id.rf.regs$rdmux[0][3][4]$3794.
    dead port 2/2 on $mux $memory\cpu.u_id.rf.regs$rdmux[0][3][4]$3794.
    dead port 1/2 on $mux $memory\cpu.u_id.rf.regs$rdmux[0][3][5]$3797.
    dead port 2/2 on $mux $memory\cpu.u_id.rf.regs$rdmux[0][3][5]$3797.
    dead port 1/2 on $mux $memory\cpu.u_id.rf.regs$rdmux[0][3][6]$3800.
    dead port 2/2 on $mux $memory\cpu.u_id.rf.regs$rdmux[0][3][6]$3800.
    dead port 1/2 on $mux $memory\cpu.u_id.rf.regs$rdmux[0][3][7]$3803.
    dead port 2/2 on $mux $memory\cpu.u_id.rf.regs$rdmux[0][3][7]$3803.
    dead port 1/2 on $mux $memory\cpu.u_id.rf.regs$rdmux[0][4][0]$3806.
    dead port 2/2 on $mux $memory\cpu.u_id.rf.regs$rdmux[0][4][0]$3806.
    dead port 1/2 on $mux $memory\cpu.u_id.rf.regs$rdmux[0][4][10]$3836.
    dead port 2/2 on $mux $memory\cpu.u_id.rf.regs$rdmux[0][4][10]$3836.
    dead port 1/2 on $mux $memory\cpu.u_id.rf.regs$rdmux[0][4][11]$3839.
    dead port 2/2 on $mux $memory\cpu.u_id.rf.regs$rdmux[0][4][11]$3839.
    dead port 1/2 on $mux $memory\cpu.u_id.rf.regs$rdmux[0][4][12]$3842.
    dead port 2/2 on $mux $memory\cpu.u_id.rf.regs$rdmux[0][4][12]$3842.
    dead port 1/2 on $mux $memory\cpu.u_id.rf.regs$rdmux[0][4][13]$3845.
    dead port 2/2 on $mux $memory\cpu.u_id.rf.regs$rdmux[0][4][13]$3845.
    dead port 1/2 on $mux $memory\cpu.u_id.rf.regs$rdmux[0][4][14]$3848.
    dead port 2/2 on $mux $memory\cpu.u_id.rf.regs$rdmux[0][4][14]$3848.
    dead port 1/2 on $mux $memory\cpu.u_id.rf.regs$rdmux[0][4][15]$3851.
    dead port 2/2 on $mux $memory\cpu.u_id.rf.regs$rdmux[0][4][15]$3851.
    dead port 1/2 on $mux $memory\cpu.u_id.rf.regs$rdmux[0][4][1]$3809.
    dead port 2/2 on $mux $memory\cpu.u_id.rf.regs$rdmux[0][4][1]$3809.
    dead port 1/2 on $mux $memory\cpu.u_id.rf.regs$rdmux[0][4][2]$3812.
    dead port 2/2 on $mux $memory\cpu.u_id.rf.regs$rdmux[0][4][2]$3812.
    dead port 1/2 on $mux $memory\cpu.u_id.rf.regs$rdmux[0][4][3]$3815.
    dead port 2/2 on $mux $memory\cpu.u_id.rf.regs$rdmux[0][4][3]$3815.
    dead port 1/2 on $mux $memory\cpu.u_id.rf.regs$rdmux[0][4][4]$3818.
    dead port 2/2 on $mux $memory\cpu.u_id.rf.regs$rdmux[0][4][4]$3818.
    dead port 1/2 on $mux $memory\cpu.u_id.rf.regs$rdmux[0][4][5]$3821.
    dead port 2/2 on $mux $memory\cpu.u_id.rf.regs$rdmux[0][4][5]$3821.
    dead port 1/2 on $mux $memory\cpu.u_id.rf.regs$rdmux[0][4][6]$3824.
    dead port 2/2 on $mux $memory\cpu.u_id.rf.regs$rdmux[0][4][6]$3824.
    dead port 1/2 on $mux $memory\cpu.u_id.rf.regs$rdmux[0][4][7]$3827.
    dead port 2/2 on $mux $memory\cpu.u_id.rf.regs$rdmux[0][4][7]$3827.
    dead port 1/2 on $mux $memory\cpu.u_id.rf.regs$rdmux[0][4][8]$3830.
    dead port 2/2 on $mux $memory\cpu.u_id.rf.regs$rdmux[0][4][8]$3830.
    dead port 1/2 on $mux $memory\cpu.u_id.rf.regs$rdmux[0][4][9]$3833.
    dead port 2/2 on $mux $memory\cpu.u_id.rf.regs$rdmux[0][4][9]$3833.
    dead port 1/2 on $mux $memory\cpu.u_id.rf.regs$rdmux[1][0][0]$3854.
    dead port 2/2 on $mux $memory\cpu.u_id.rf.regs$rdmux[1][0][0]$3854.
    dead port 1/2 on $mux $memory\cpu.u_id.rf.regs$rdmux[1][1][0]$3857.
    dead port 2/2 on $mux $memory\cpu.u_id.rf.regs$rdmux[1][1][0]$3857.
    dead port 1/2 on $mux $memory\cpu.u_id.rf.regs$rdmux[1][1][1]$3860.
    dead port 2/2 on $mux $memory\cpu.u_id.rf.regs$rdmux[1][1][1]$3860.
    dead port 1/2 on $mux $memory\cpu.u_id.rf.regs$rdmux[1][2][0]$3863.
    dead port 2/2 on $mux $memory\cpu.u_id.rf.regs$rdmux[1][2][0]$3863.
    dead port 1/2 on $mux $memory\cpu.u_id.rf.regs$rdmux[1][2][1]$3866.
    dead port 2/2 on $mux $memory\cpu.u_id.rf.regs$rdmux[1][2][1]$3866.
    dead port 1/2 on $mux $memory\cpu.u_id.rf.regs$rdmux[1][2][2]$3869.
    dead port 2/2 on $mux $memory\cpu.u_id.rf.regs$rdmux[1][2][2]$3869.
    dead port 1/2 on $mux $memory\cpu.u_id.rf.regs$rdmux[1][2][3]$3872.
    dead port 2/2 on $mux $memory\cpu.u_id.rf.regs$rdmux[1][2][3]$3872.
    dead port 1/2 on $mux $memory\cpu.u_id.rf.regs$rdmux[1][3][0]$3875.
    dead port 2/2 on $mux $memory\cpu.u_id.rf.regs$rdmux[1][3][0]$3875.
    dead port 1/2 on $mux $memory\cpu.u_id.rf.regs$rdmux[1][3][1]$3878.
    dead port 2/2 on $mux $memory\cpu.u_id.rf.regs$rdmux[1][3][1]$3878.
    dead port 1/2 on $mux $memory\cpu.u_id.rf.regs$rdmux[1][3][2]$3881.
    dead port 2/2 on $mux $memory\cpu.u_id.rf.regs$rdmux[1][3][2]$3881.
    dead port 1/2 on $mux $memory\cpu.u_id.rf.regs$rdmux[1][3][3]$3884.
    dead port 2/2 on $mux $memory\cpu.u_id.rf.regs$rdmux[1][3][3]$3884.
    dead port 1/2 on $mux $memory\cpu.u_id.rf.regs$rdmux[1][3][4]$3887.
    dead port 2/2 on $mux $memory\cpu.u_id.rf.regs$rdmux[1][3][4]$3887.
    dead port 1/2 on $mux $memory\cpu.u_id.rf.regs$rdmux[1][3][5]$3890.
    dead port 2/2 on $mux $memory\cpu.u_id.rf.regs$rdmux[1][3][5]$3890.
    dead port 1/2 on $mux $memory\cpu.u_id.rf.regs$rdmux[1][3][6]$3893.
    dead port 2/2 on $mux $memory\cpu.u_id.rf.regs$rdmux[1][3][6]$3893.
    dead port 1/2 on $mux $memory\cpu.u_id.rf.regs$rdmux[1][3][7]$3896.
    dead port 2/2 on $mux $memory\cpu.u_id.rf.regs$rdmux[1][3][7]$3896.
    dead port 1/2 on $mux $memory\cpu.u_id.rf.regs$rdmux[1][4][0]$3899.
    dead port 2/2 on $mux $memory\cpu.u_id.rf.regs$rdmux[1][4][0]$3899.
    dead port 1/2 on $mux $memory\cpu.u_id.rf.regs$rdmux[1][4][10]$3929.
    dead port 2/2 on $mux $memory\cpu.u_id.rf.regs$rdmux[1][4][10]$3929.
    dead port 1/2 on $mux $memory\cpu.u_id.rf.regs$rdmux[1][4][11]$3932.
    dead port 2/2 on $mux $memory\cpu.u_id.rf.regs$rdmux[1][4][11]$3932.
    dead port 1/2 on $mux $memory\cpu.u_id.rf.regs$rdmux[1][4][12]$3935.
    dead port 2/2 on $mux $memory\cpu.u_id.rf.regs$rdmux[1][4][12]$3935.
    dead port 1/2 on $mux $memory\cpu.u_id.rf.regs$rdmux[1][4][13]$3938.
    dead port 2/2 on $mux $memory\cpu.u_id.rf.regs$rdmux[1][4][13]$3938.
    dead port 1/2 on $mux $memory\cpu.u_id.rf.regs$rdmux[1][4][14]$3941.
    dead port 2/2 on $mux $memory\cpu.u_id.rf.regs$rdmux[1][4][14]$3941.
    dead port 1/2 on $mux $memory\cpu.u_id.rf.regs$rdmux[1][4][15]$3944.
    dead port 2/2 on $mux $memory\cpu.u_id.rf.regs$rdmux[1][4][15]$3944.
    dead port 1/2 on $mux $memory\cpu.u_id.rf.regs$rdmux[1][4][1]$3902.
    dead port 2/2 on $mux $memory\cpu.u_id.rf.regs$rdmux[1][4][1]$3902.
    dead port 1/2 on $mux $memory\cpu.u_id.rf.regs$rdmux[1][4][2]$3905.
    dead port 2/2 on $mux $memory\cpu.u_id.rf.regs$rdmux[1][4][2]$3905.
    dead port 1/2 on $mux $memory\cpu.u_id.rf.regs$rdmux[1][4][3]$3908.
    dead port 2/2 on $mux $memory\cpu.u_id.rf.regs$rdmux[1][4][3]$3908.
    dead port 1/2 on $mux $memory\cpu.u_id.rf.regs$rdmux[1][4][4]$3911.
    dead port 2/2 on $mux $memory\cpu.u_id.rf.regs$rdmux[1][4][4]$3911.
    dead port 1/2 on $mux $memory\cpu.u_id.rf.regs$rdmux[1][4][5]$3914.
    dead port 2/2 on $mux $memory\cpu.u_id.rf.regs$rdmux[1][4][5]$3914.
    dead port 1/2 on $mux $memory\cpu.u_id.rf.regs$rdmux[1][4][6]$3917.
    dead port 2/2 on $mux $memory\cpu.u_id.rf.regs$rdmux[1][4][6]$3917.
    dead port 1/2 on $mux $memory\cpu.u_id.rf.regs$rdmux[1][4][7]$3920.
    dead port 2/2 on $mux $memory\cpu.u_id.rf.regs$rdmux[1][4][7]$3920.
    dead port 1/2 on $mux $memory\cpu.u_id.rf.regs$rdmux[1][4][8]$3923.
    dead port 2/2 on $mux $memory\cpu.u_id.rf.regs$rdmux[1][4][8]$3923.
    dead port 1/2 on $mux $memory\cpu.u_id.rf.regs$rdmux[1][4][9]$3926.
    dead port 2/2 on $mux $memory\cpu.u_id.rf.regs$rdmux[1][4][9]$3926.
Removed 130 multiplexer ports.
<suppressed ~47 debug messages>

140. Executing OPT_REDUCE pass (consolidate $*mux and $reduce_* inputs).
  Optimizing cells in module \soc_top.
    Consolidated identical input bits for $mux cell $flatten\cpu.\u_id.\ctrl.$procmux$3116:
      Old ports: A=2'00, B=2'11, Y=\cpu.id_alu_op
      New ports: A=1'0, B=1'1, Y=\cpu.id_alu_op [0]
      New connections: \cpu.id_alu_op [1] = \cpu.id_alu_op [0]
    Consolidated identical input bits for $mux cell $flatten\cpu.\u_id.\imm_gen.$procmux$3306:
      Old ports: A=0, B=0, Y=\cpu.u_pipeline_regs.id_immediate
      New connections: \cpu.u_pipeline_regs.id_immediate = 0
  Optimizing cells in module \soc_top.
Performed a total of 2 changes.

141. Executing OPT_MERGE pass (detect identical cells).
Finding identical cells in module `\soc_top'.
<suppressed ~66 debug messages>
Removed a total of 22 cells.

142. Executing OPT_SHARE pass.

143. Executing OPT_DFF pass (perform DFF optimizations).
Adding SRST signal on $auto$ff.cc:266:slice$7755 ($dffe) from module soc_top (D = \cpu.u_id.rf.rd_data, Q = \cpu.u_id.rf.regs[0], rval = 0).
Adding SRST signal on $auto$ff.cc:266:slice$7752 ($dffe) from module soc_top (D = \cpu.u_id.rf.rd_data, Q = \cpu.u_id.rf.regs[10], rval = 0).
Adding SRST signal on $auto$ff.cc:266:slice$7749 ($dffe) from module soc_top (D = \cpu.u_id.rf.rd_data, Q = \cpu.u_id.rf.regs[11], rval = 0).
Adding SRST signal on $auto$ff.cc:266:slice$7746 ($dffe) from module soc_top (D = \cpu.u_id.rf.rd_data, Q = \cpu.u_id.rf.regs[12], rval = 0).
Adding SRST signal on $auto$ff.cc:266:slice$7743 ($dffe) from module soc_top (D = \cpu.u_id.rf.rd_data, Q = \cpu.u_id.rf.regs[13], rval = 0).
Adding SRST signal on $auto$ff.cc:266:slice$7740 ($dffe) from module soc_top (D = \cpu.u_id.rf.rd_data, Q = \cpu.u_id.rf.regs[14], rval = 0).
Adding SRST signal on $auto$ff.cc:266:slice$7737 ($dffe) from module soc_top (D = \cpu.u_id.rf.rd_data, Q = \cpu.u_id.rf.regs[15], rval = 0).
Adding SRST signal on $auto$ff.cc:266:slice$7734 ($dffe) from module soc_top (D = \cpu.u_id.rf.rd_data, Q = \cpu.u_id.rf.regs[16], rval = 0).
Adding SRST signal on $auto$ff.cc:266:slice$7731 ($dffe) from module soc_top (D = \cpu.u_id.rf.rd_data, Q = \cpu.u_id.rf.regs[17], rval = 0).
Adding SRST signal on $auto$ff.cc:266:slice$7728 ($dffe) from module soc_top (D = \cpu.u_id.rf.rd_data, Q = \cpu.u_id.rf.regs[18], rval = 0).
Adding SRST signal on $auto$ff.cc:266:slice$7725 ($dffe) from module soc_top (D = \cpu.u_id.rf.rd_data, Q = \cpu.u_id.rf.regs[19], rval = 0).
Adding SRST signal on $auto$ff.cc:266:slice$7722 ($dffe) from module soc_top (D = \cpu.u_id.rf.rd_data, Q = \cpu.u_id.rf.regs[1], rval = 0).
Adding SRST signal on $auto$ff.cc:266:slice$7719 ($dffe) from module soc_top (D = \cpu.u_id.rf.rd_data, Q = \cpu.u_id.rf.regs[20], rval = 0).
Adding SRST signal on $auto$ff.cc:266:slice$7716 ($dffe) from module soc_top (D = \cpu.u_id.rf.rd_data, Q = \cpu.u_id.rf.regs[21], rval = 0).
Adding SRST signal on $auto$ff.cc:266:slice$7713 ($dffe) from module soc_top (D = \cpu.u_id.rf.rd_data, Q = \cpu.u_id.rf.regs[22], rval = 0).
Adding SRST signal on $auto$ff.cc:266:slice$7710 ($dffe) from module soc_top (D = \cpu.u_id.rf.rd_data, Q = \cpu.u_id.rf.regs[23], rval = 0).
Adding SRST signal on $auto$ff.cc:266:slice$7707 ($dffe) from module soc_top (D = \cpu.u_id.rf.rd_data, Q = \cpu.u_id.rf.regs[24], rval = 0).
Adding SRST signal on $auto$ff.cc:266:slice$7704 ($dffe) from module soc_top (D = \cpu.u_id.rf.rd_data, Q = \cpu.u_id.rf.regs[25], rval = 0).
Adding SRST signal on $auto$ff.cc:266:slice$7701 ($dffe) from module soc_top (D = \cpu.u_id.rf.rd_data, Q = \cpu.u_id.rf.regs[26], rval = 0).
Adding SRST signal on $auto$ff.cc:266:slice$7698 ($dffe) from module soc_top (D = \cpu.u_id.rf.rd_data, Q = \cpu.u_id.rf.regs[27], rval = 0).
Adding SRST signal on $auto$ff.cc:266:slice$7695 ($dffe) from module soc_top (D = \cpu.u_id.rf.rd_data, Q = \cpu.u_id.rf.regs[28], rval = 0).
Adding SRST signal on $auto$ff.cc:266:slice$7692 ($dffe) from module soc_top (D = \cpu.u_id.rf.rd_data, Q = \cpu.u_id.rf.regs[29], rval = 0).
Adding SRST signal on $auto$ff.cc:266:slice$7689 ($dffe) from module soc_top (D = \cpu.u_id.rf.rd_data, Q = \cpu.u_id.rf.regs[2], rval = 0).
Adding SRST signal on $auto$ff.cc:266:slice$7686 ($dffe) from module soc_top (D = \cpu.u_id.rf.rd_data, Q = \cpu.u_id.rf.regs[30], rval = 0).
Adding SRST signal on $auto$ff.cc:266:slice$7683 ($dffe) from module soc_top (D = \cpu.u_id.rf.rd_data, Q = \cpu.u_id.rf.regs[31], rval = 0).
Adding SRST signal on $auto$ff.cc:266:slice$7680 ($dffe) from module soc_top (D = \cpu.u_id.rf.rd_data, Q = \cpu.u_id.rf.regs[3], rval = 0).
Adding SRST signal on $auto$ff.cc:266:slice$7677 ($dffe) from module soc_top (D = \cpu.u_id.rf.rd_data, Q = \cpu.u_id.rf.regs[4], rval = 0).
Adding SRST signal on $auto$ff.cc:266:slice$7674 ($dffe) from module soc_top (D = \cpu.u_id.rf.rd_data, Q = \cpu.u_id.rf.regs[5], rval = 0).
Adding SRST signal on $auto$ff.cc:266:slice$7671 ($dffe) from module soc_top (D = \cpu.u_id.rf.rd_data, Q = \cpu.u_id.rf.regs[6], rval = 0).
Adding SRST signal on $auto$ff.cc:266:slice$7668 ($dffe) from module soc_top (D = \cpu.u_id.rf.rd_data, Q = \cpu.u_id.rf.regs[7], rval = 0).
Adding SRST signal on $auto$ff.cc:266:slice$7665 ($dffe) from module soc_top (D = \cpu.u_id.rf.rd_data, Q = \cpu.u_id.rf.regs[8], rval = 0).
Adding SRST signal on $auto$ff.cc:266:slice$7662 ($dffe) from module soc_top (D = \cpu.u_id.rf.rd_data, Q = \cpu.u_id.rf.regs[9], rval = 0).
Setting constant 0-bit at position 0 on $auto$ff.cc:266:slice$7758 ($sdff) from module soc_top.
Setting constant 0-bit at position 1 on $auto$ff.cc:266:slice$7758 ($sdff) from module soc_top.
Setting constant 0-bit at position 2 on $auto$ff.cc:266:slice$7758 ($sdff) from module soc_top.
Setting constant 0-bit at position 3 on $auto$ff.cc:266:slice$7758 ($sdff) from module soc_top.
Setting constant 0-bit at position 4 on $auto$ff.cc:266:slice$7758 ($sdff) from module soc_top.
Setting constant 0-bit at position 0 on $auto$ff.cc:266:slice$3604 ($sdffe) from module soc_top.
Setting constant 0-bit at position 1 on $auto$ff.cc:266:slice$3604 ($sdffe) from module soc_top.
Setting constant 0-bit at position 2 on $auto$ff.cc:266:slice$3604 ($sdffe) from module soc_top.
Setting constant 0-bit at position 3 on $auto$ff.cc:266:slice$3604 ($sdffe) from module soc_top.
Setting constant 0-bit at position 4 on $auto$ff.cc:266:slice$3604 ($sdffe) from module soc_top.
Setting constant 0-bit at position 5 on $auto$ff.cc:266:slice$3604 ($sdffe) from module soc_top.
Setting constant 0-bit at position 6 on $auto$ff.cc:266:slice$3604 ($sdffe) from module soc_top.
Setting constant 0-bit at position 7 on $auto$ff.cc:266:slice$3604 ($sdffe) from module soc_top.
Setting constant 0-bit at position 8 on $auto$ff.cc:266:slice$3604 ($sdffe) from module soc_top.
Setting constant 0-bit at position 9 on $auto$ff.cc:266:slice$3604 ($sdffe) from module soc_top.
Setting constant 0-bit at position 10 on $auto$ff.cc:266:slice$3604 ($sdffe) from module soc_top.
Setting constant 0-bit at position 11 on $auto$ff.cc:266:slice$3604 ($sdffe) from module soc_top.
Setting constant 0-bit at position 12 on $auto$ff.cc:266:slice$3604 ($sdffe) from module soc_top.
Setting constant 0-bit at position 13 on $auto$ff.cc:266:slice$3604 ($sdffe) from module soc_top.
Setting constant 0-bit at position 14 on $auto$ff.cc:266:slice$3604 ($sdffe) from module soc_top.
Setting constant 0-bit at position 15 on $auto$ff.cc:266:slice$3604 ($sdffe) from module soc_top.
Setting constant 0-bit at position 16 on $auto$ff.cc:266:slice$3604 ($sdffe) from module soc_top.
Setting constant 0-bit at position 17 on $auto$ff.cc:266:slice$3604 ($sdffe) from module soc_top.
Setting constant 0-bit at position 18 on $auto$ff.cc:266:slice$3604 ($sdffe) from module soc_top.
Setting constant 0-bit at position 19 on $auto$ff.cc:266:slice$3604 ($sdffe) from module soc_top.
Setting constant 0-bit at position 20 on $auto$ff.cc:266:slice$3604 ($sdffe) from module soc_top.
Setting constant 0-bit at position 21 on $auto$ff.cc:266:slice$3604 ($sdffe) from module soc_top.
Setting constant 0-bit at position 22 on $auto$ff.cc:266:slice$3604 ($sdffe) from module soc_top.
Setting constant 0-bit at position 23 on $auto$ff.cc:266:slice$3604 ($sdffe) from module soc_top.
Setting constant 0-bit at position 24 on $auto$ff.cc:266:slice$3604 ($sdffe) from module soc_top.
Setting constant 0-bit at position 25 on $auto$ff.cc:266:slice$3604 ($sdffe) from module soc_top.
Setting constant 0-bit at position 26 on $auto$ff.cc:266:slice$3604 ($sdffe) from module soc_top.
Setting constant 0-bit at position 27 on $auto$ff.cc:266:slice$3604 ($sdffe) from module soc_top.
Setting constant 0-bit at position 28 on $auto$ff.cc:266:slice$3604 ($sdffe) from module soc_top.
Setting constant 0-bit at position 29 on $auto$ff.cc:266:slice$3604 ($sdffe) from module soc_top.
Setting constant 0-bit at position 30 on $auto$ff.cc:266:slice$3604 ($sdffe) from module soc_top.
Setting constant 0-bit at position 31 on $auto$ff.cc:266:slice$3604 ($sdffe) from module soc_top.
Setting constant 0-bit at position 0 on $auto$ff.cc:266:slice$3573 ($sdff) from module soc_top.
Setting constant 0-bit at position 0 on $auto$ff.cc:266:slice$3631 ($sdffe) from module soc_top.
Setting constant 0-bit at position 1 on $auto$ff.cc:266:slice$3631 ($sdffe) from module soc_top.
Setting constant 0-bit at position 2 on $auto$ff.cc:266:slice$3631 ($sdffe) from module soc_top.
Setting constant 0-bit at position 3 on $auto$ff.cc:266:slice$3631 ($sdffe) from module soc_top.
Setting constant 0-bit at position 4 on $auto$ff.cc:266:slice$3631 ($sdffe) from module soc_top.

144. Executing OPT_CLEAN pass (remove unused cells and wires).
Finding unused cells or wires in module \soc_top..
Removed 185 unused cells and 299 unused wires.
<suppressed ~218 debug messages>

145. Executing OPT_EXPR pass (perform const folding).
Optimizing module soc_top.
<suppressed ~27 debug messages>

146. Rerunning OPT passes. (Maybe there is more to do…)

147. Executing OPT_MUXTREE pass (detect dead branches in mux trees).
Running muxtree optimizer on module \soc_top..
  Creating internal representation of mux trees.
  Evaluating internal representation of mux trees.
  Analyzing evaluation results.
Removed 0 multiplexer ports.
<suppressed ~9 debug messages>

148. Executing OPT_REDUCE pass (consolidate $*mux and $reduce_* inputs).
  Optimizing cells in module \soc_top.
Performed a total of 0 changes.

149. Executing OPT_MERGE pass (detect identical cells).
Finding identical cells in module `\soc_top'.
Removed a total of 0 cells.

150. Executing OPT_SHARE pass.

151. Executing OPT_DFF pass (perform DFF optimizations).
Removing always-active EN on $auto$ff.cc:266:slice$7768 ($sdffe) from module soc_top.
Setting constant 0-bit at position 0 on $auto$ff.cc:266:slice$3556 ($sdff) from module soc_top.
Setting constant 0-bit at position 0 on $auto$ff.cc:266:slice$3563 ($sdff) from module soc_top.
Setting constant 0-bit at position 1 on $auto$ff.cc:266:slice$3563 ($sdff) from module soc_top.
Setting constant 0-bit at position 2 on $auto$ff.cc:266:slice$3563 ($sdff) from module soc_top.
Setting constant 0-bit at position 3 on $auto$ff.cc:266:slice$3563 ($sdff) from module soc_top.
Setting constant 0-bit at position 4 on $auto$ff.cc:266:slice$3563 ($sdff) from module soc_top.
Setting constant 1-bit at position 0 on $auto$fsm_map.cc:172:map_fsm$3512 ($dff) from module soc_top.
Setting constant 0-bit at position 1 on $auto$fsm_map.cc:172:map_fsm$3512 ($dff) from module soc_top.
Setting constant 0-bit at position 2 on $auto$fsm_map.cc:172:map_fsm$3512 ($dff) from module soc_top.

152. Executing OPT_CLEAN pass (remove unused cells and wires).
Finding unused cells or wires in module \soc_top..
Removed 1 unused cells and 15 unused wires.
<suppressed ~2 debug messages>

153. Executing OPT_EXPR pass (perform const folding).
Optimizing module soc_top.
<suppressed ~288 debug messages>

154. Rerunning OPT passes. (Maybe there is more to do…)

155. Executing OPT_MUXTREE pass (detect dead branches in mux trees).
Running muxtree optimizer on module \soc_top..
  Creating internal representation of mux trees.
  Evaluating internal representation of mux trees.
      Replacing known input bits on port A of cell $flatten\timer_peripheral.$procmux$3101: $flatten\timer_peripheral.$procmux$3097_Y -> 1'0
      Replacing known input bits on port A of cell $flatten\timer_peripheral.$procmux$3099: $flatten\timer_peripheral.$procmux$3097_Y -> 1'1
  Analyzing evaluation results.
    dead port 2/3 on $pmux $flatten\cpu.$procmux$2929.
    dead port 1/3 on $pmux $flatten\cpu.\u_ex.\alu_unit.$procmux$3163.
    dead port 3/3 on $pmux $flatten\cpu.\u_ex.\alu_unit.$procmux$3163.
    dead port 2/2 on $mux $flatten\gpio_peripheral.$procmux$3086.
    dead port 2/2 on $mux $flatten\timer_peripheral.$procmux$3091.
    dead port 2/2 on $mux $flatten\uart_peripheral.$procmux$3061.
Removed 6 multiplexer ports.
<suppressed ~6 debug messages>

156. Executing OPT_REDUCE pass (consolidate $*mux and $reduce_* inputs).
  Optimizing cells in module \soc_top.
Performed a total of 0 changes.

157. Executing OPT_MERGE pass (detect identical cells).
Finding identical cells in module `\soc_top'.
<suppressed ~1527 debug messages>
Removed a total of 509 cells.

158. Executing OPT_SHARE pass.

159. Executing OPT_DFF pass (perform DFF optimizations).
Handling never-active EN on $auto$ff.cc:266:slice$3542 ($adffe) from module soc_top (removing D path).
Handling never-active EN on $auto$ff.cc:266:slice$3531 ($adffe) from module soc_top (removing D path).
Handling never-active EN on $auto$ff.cc:266:slice$7645 ($dffe) from module soc_top (removing D path).
Setting constant 0-bit at position 0 on $auto$ff.cc:266:slice$3531 ($dlatch) from module soc_top.
Setting constant 0-bit at position 1 on $auto$ff.cc:266:slice$3531 ($dlatch) from module soc_top.
Setting constant 0-bit at position 2 on $auto$ff.cc:266:slice$3531 ($dlatch) from module soc_top.
Setting constant 0-bit at position 3 on $auto$ff.cc:266:slice$3531 ($dlatch) from module soc_top.
Setting constant 0-bit at position 4 on $auto$ff.cc:266:slice$3531 ($dlatch) from module soc_top.
Setting constant 0-bit at position 5 on $auto$ff.cc:266:slice$3531 ($dlatch) from module soc_top.
Setting constant 0-bit at position 6 on $auto$ff.cc:266:slice$3531 ($dlatch) from module soc_top.
Setting constant 0-bit at position 7 on $auto$ff.cc:266:slice$3531 ($dlatch) from module soc_top.
Setting constant 0-bit at position 8 on $auto$ff.cc:266:slice$3531 ($dlatch) from module soc_top.
Setting constant 0-bit at position 9 on $auto$ff.cc:266:slice$3531 ($dlatch) from module soc_top.
Setting constant 0-bit at position 10 on $auto$ff.cc:266:slice$3531 ($dlatch) from module soc_top.
Setting constant 0-bit at position 11 on $auto$ff.cc:266:slice$3531 ($dlatch) from module soc_top.
Setting constant 0-bit at position 12 on $auto$ff.cc:266:slice$3531 ($dlatch) from module soc_top.
Setting constant 0-bit at position 13 on $auto$ff.cc:266:slice$3531 ($dlatch) from module soc_top.
Setting constant 0-bit at position 14 on $auto$ff.cc:266:slice$3531 ($dlatch) from module soc_top.
Setting constant 0-bit at position 15 on $auto$ff.cc:266:slice$3531 ($dlatch) from module soc_top.
Setting constant 0-bit at position 16 on $auto$ff.cc:266:slice$3531 ($dlatch) from module soc_top.
Setting constant 0-bit at position 17 on $auto$ff.cc:266:slice$3531 ($dlatch) from module soc_top.
Setting constant 0-bit at position 18 on $auto$ff.cc:266:slice$3531 ($dlatch) from module soc_top.
Setting constant 0-bit at position 19 on $auto$ff.cc:266:slice$3531 ($dlatch) from module soc_top.
Setting constant 0-bit at position 20 on $auto$ff.cc:266:slice$3531 ($dlatch) from module soc_top.
Setting constant 0-bit at position 21 on $auto$ff.cc:266:slice$3531 ($dlatch) from module soc_top.
Setting constant 0-bit at position 22 on $auto$ff.cc:266:slice$3531 ($dlatch) from module soc_top.
Setting constant 0-bit at position 23 on $auto$ff.cc:266:slice$3531 ($dlatch) from module soc_top.
Setting constant 0-bit at position 24 on $auto$ff.cc:266:slice$3531 ($dlatch) from module soc_top.
Setting constant 0-bit at position 25 on $auto$ff.cc:266:slice$3531 ($dlatch) from module soc_top.
Setting constant 0-bit at position 26 on $auto$ff.cc:266:slice$3531 ($dlatch) from module soc_top.
Setting constant 0-bit at position 27 on $auto$ff.cc:266:slice$3531 ($dlatch) from module soc_top.
Setting constant 0-bit at position 28 on $auto$ff.cc:266:slice$3531 ($dlatch) from module soc_top.
Setting constant 0-bit at position 29 on $auto$ff.cc:266:slice$3531 ($dlatch) from module soc_top.
Setting constant 0-bit at position 30 on $auto$ff.cc:266:slice$3531 ($dlatch) from module soc_top.
Setting constant 0-bit at position 31 on $auto$ff.cc:266:slice$3531 ($dlatch) from module soc_top.
Setting constant 0-bit at position 0 on $flatten\uart_peripheral.$procdff$3367 ($adff) from module soc_top.
Setting constant 0-bit at position 0 on $auto$ff.cc:266:slice$3542 ($dlatch) from module soc_top.
Setting constant 0-bit at position 1 on $auto$ff.cc:266:slice$3542 ($dlatch) from module soc_top.
Setting constant 0-bit at position 2 on $auto$ff.cc:266:slice$3542 ($dlatch) from module soc_top.
Setting constant 0-bit at position 3 on $auto$ff.cc:266:slice$3542 ($dlatch) from module soc_top.
Setting constant 0-bit at position 4 on $auto$ff.cc:266:slice$3542 ($dlatch) from module soc_top.
Setting constant 0-bit at position 5 on $auto$ff.cc:266:slice$3542 ($dlatch) from module soc_top.
Setting constant 0-bit at position 6 on $auto$ff.cc:266:slice$3542 ($dlatch) from module soc_top.
Setting constant 0-bit at position 7 on $auto$ff.cc:266:slice$3542 ($dlatch) from module soc_top.
Setting constant 0-bit at position 0 on $auto$ff.cc:266:slice$3562 ($sdff) from module soc_top.
Setting constant 0-bit at position 1 on $auto$ff.cc:266:slice$3562 ($sdff) from module soc_top.
Setting constant 0-bit at position 2 on $auto$ff.cc:266:slice$3562 ($sdff) from module soc_top.
Setting constant 0-bit at position 3 on $auto$ff.cc:266:slice$3562 ($sdff) from module soc_top.
Setting constant 0-bit at position 4 on $auto$ff.cc:266:slice$3562 ($sdff) from module soc_top.

160. Executing OPT_CLEAN pass (remove unused cells and wires).
Finding unused cells or wires in module \soc_top..
Removed 314 unused cells and 847 unused wires.
<suppressed ~315 debug messages>

161. Executing OPT_EXPR pass (perform const folding).
Optimizing module soc_top.
<suppressed ~67 debug messages>

162. Rerunning OPT passes. (Maybe there is more to do…)

163. Executing OPT_MUXTREE pass (detect dead branches in mux trees).
Running muxtree optimizer on module \soc_top..
  Creating internal representation of mux trees.
  Evaluating internal representation of mux trees.
  Analyzing evaluation results.
    dead port 1/2 on $mux $flatten\cpu.\u_wb.$procmux$2926.
    dead port 2/2 on $mux $flatten\cpu.\u_wb.$procmux$2926.
Removed 2 multiplexer ports.
<suppressed ~2 debug messages>

164. Executing OPT_REDUCE pass (consolidate $*mux and $reduce_* inputs).
  Optimizing cells in module \soc_top.
    New ctrl vector for $pmux cell $procmux$2636: $procmux$2637_CMP
  Optimizing cells in module \soc_top.
Performed a total of 1 changes.

165. Executing OPT_MERGE pass (detect identical cells).
Finding identical cells in module `\soc_top'.
<suppressed ~6 debug messages>
Removed a total of 2 cells.

166. Executing OPT_SHARE pass.

167. Executing OPT_DFF pass (perform DFF optimizations).
Adding SRST signal on $auto$ff.cc:266:slice$3555 ($sdff) from module soc_top (D = $4\mem_read_data[31:0] [0], Q = \cpu.u_pipeline_regs.wb_read_data [0], rval = 1'0).
Adding SRST signal on $auto$ff.cc:266:slice$3555 ($sdff) from module soc_top (D = $5\mem_read_data[31:0] [7:1], Q = \cpu.u_pipeline_regs.wb_read_data [7:1], rval = 7'0000000).
Adding SRST signal on $auto$ff.cc:266:slice$3555 ($sdff) from module soc_top (D = $6\mem_read_data[31:0] [31:8], Q = \cpu.u_pipeline_regs.wb_read_data [31:8], rval = 24'000000000000000000000000).
Handling never-active EN on $auto$ff.cc:266:slice$3543 ($adffe) from module soc_top (removing D path).
Setting constant 0-bit at position 0 on $auto$ff.cc:266:slice$3543 ($dlatch) from module soc_top.
Setting constant 0-bit at position 1 on $auto$ff.cc:266:slice$3543 ($dlatch) from module soc_top.
Setting constant 0-bit at position 2 on $auto$ff.cc:266:slice$3543 ($dlatch) from module soc_top.
Setting constant 0-bit at position 3 on $auto$ff.cc:266:slice$3543 ($dlatch) from module soc_top.
Setting constant 0-bit at position 4 on $auto$ff.cc:266:slice$3543 ($dlatch) from module soc_top.
Setting constant 0-bit at position 5 on $auto$ff.cc:266:slice$3543 ($dlatch) from module soc_top.
Setting constant 0-bit at position 6 on $auto$ff.cc:266:slice$3543 ($dlatch) from module soc_top.
Setting constant 0-bit at position 7 on $auto$ff.cc:266:slice$3543 ($dlatch) from module soc_top.
Setting constant 0-bit at position 8 on $auto$ff.cc:266:slice$3543 ($dlatch) from module soc_top.
Setting constant 0-bit at position 9 on $auto$ff.cc:266:slice$3543 ($dlatch) from module soc_top.
Setting constant 0-bit at position 10 on $auto$ff.cc:266:slice$3543 ($dlatch) from module soc_top.
Setting constant 0-bit at position 11 on $auto$ff.cc:266:slice$3543 ($dlatch) from module soc_top.
Setting constant 0-bit at position 12 on $auto$ff.cc:266:slice$3543 ($dlatch) from module soc_top.
Setting constant 0-bit at position 13 on $auto$ff.cc:266:slice$3543 ($dlatch) from module soc_top.
Setting constant 0-bit at position 14 on $auto$ff.cc:266:slice$3543 ($dlatch) from module soc_top.
Setting constant 0-bit at position 15 on $auto$ff.cc:266:slice$3543 ($dlatch) from module soc_top.
Setting constant 0-bit at position 16 on $auto$ff.cc:266:slice$3543 ($dlatch) from module soc_top.
Setting constant 0-bit at position 17 on $auto$ff.cc:266:slice$3543 ($dlatch) from module soc_top.
Setting constant 0-bit at position 18 on $auto$ff.cc:266:slice$3543 ($dlatch) from module soc_top.
Setting constant 0-bit at position 19 on $auto$ff.cc:266:slice$3543 ($dlatch) from module soc_top.
Setting constant 0-bit at position 20 on $auto$ff.cc:266:slice$3543 ($dlatch) from module soc_top.
Setting constant 0-bit at position 21 on $auto$ff.cc:266:slice$3543 ($dlatch) from module soc_top.
Setting constant 0-bit at position 22 on $auto$ff.cc:266:slice$3543 ($dlatch) from module soc_top.
Setting constant 0-bit at position 23 on $auto$ff.cc:266:slice$3543 ($dlatch) from module soc_top.
Setting constant 0-bit at position 24 on $auto$ff.cc:266:slice$3543 ($dlatch) from module soc_top.
Setting constant 0-bit at position 25 on $auto$ff.cc:266:slice$3543 ($dlatch) from module soc_top.
Setting constant 0-bit at position 26 on $auto$ff.cc:266:slice$3543 ($dlatch) from module soc_top.
Setting constant 0-bit at position 27 on $auto$ff.cc:266:slice$3543 ($dlatch) from module soc_top.
Setting constant 0-bit at position 28 on $auto$ff.cc:266:slice$3543 ($dlatch) from module soc_top.
Setting constant 0-bit at position 29 on $auto$ff.cc:266:slice$3543 ($dlatch) from module soc_top.
Setting constant 0-bit at position 30 on $auto$ff.cc:266:slice$3543 ($dlatch) from module soc_top.
Setting constant 0-bit at position 31 on $auto$ff.cc:266:slice$3543 ($dlatch) from module soc_top.
Setting constant 0-bit at position 32 on $auto$ff.cc:266:slice$3543 ($dlatch) from module soc_top.
Setting constant 0-bit at position 33 on $auto$ff.cc:266:slice$3543 ($dlatch) from module soc_top.
Setting constant 0-bit at position 34 on $auto$ff.cc:266:slice$3543 ($dlatch) from module soc_top.
Setting constant 0-bit at position 35 on $auto$ff.cc:266:slice$3543 ($dlatch) from module soc_top.
Setting constant 0-bit at position 36 on $auto$ff.cc:266:slice$3543 ($dlatch) from module soc_top.
Setting constant 0-bit at position 37 on $auto$ff.cc:266:slice$3543 ($dlatch) from module soc_top.
Setting constant 0-bit at position 38 on $auto$ff.cc:266:slice$3543 ($dlatch) from module soc_top.
Setting constant 0-bit at position 39 on $auto$ff.cc:266:slice$3543 ($dlatch) from module soc_top.
Setting constant 0-bit at position 40 on $auto$ff.cc:266:slice$3543 ($dlatch) from module soc_top.
Setting constant 0-bit at position 41 on $auto$ff.cc:266:slice$3543 ($dlatch) from module soc_top.
Setting constant 0-bit at position 42 on $auto$ff.cc:266:slice$3543 ($dlatch) from module soc_top.
Setting constant 0-bit at position 43 on $auto$ff.cc:266:slice$3543 ($dlatch) from module soc_top.
Setting constant 0-bit at position 44 on $auto$ff.cc:266:slice$3543 ($dlatch) from module soc_top.
Setting constant 0-bit at position 45 on $auto$ff.cc:266:slice$3543 ($dlatch) from module soc_top.
Setting constant 0-bit at position 46 on $auto$ff.cc:266:slice$3543 ($dlatch) from module soc_top.
Setting constant 0-bit at position 47 on $auto$ff.cc:266:slice$3543 ($dlatch) from module soc_top.
Setting constant 0-bit at position 48 on $auto$ff.cc:266:slice$3543 ($dlatch) from module soc_top.
Setting constant 0-bit at position 49 on $auto$ff.cc:266:slice$3543 ($dlatch) from module soc_top.
Setting constant 0-bit at position 50 on $auto$ff.cc:266:slice$3543 ($dlatch) from module soc_top.
Setting constant 0-bit at position 51 on $auto$ff.cc:266:slice$3543 ($dlatch) from module soc_top.
Setting constant 0-bit at position 52 on $auto$ff.cc:266:slice$3543 ($dlatch) from module soc_top.
Setting constant 0-bit at position 53 on $auto$ff.cc:266:slice$3543 ($dlatch) from module soc_top.
Setting constant 0-bit at position 54 on $auto$ff.cc:266:slice$3543 ($dlatch) from module soc_top.
Setting constant 0-bit at position 55 on $auto$ff.cc:266:slice$3543 ($dlatch) from module soc_top.
Setting constant 0-bit at position 56 on $auto$ff.cc:266:slice$3543 ($dlatch) from module soc_top.
Setting constant 0-bit at position 57 on $auto$ff.cc:266:slice$3543 ($dlatch) from module soc_top.
Setting constant 0-bit at position 58 on $auto$ff.cc:266:slice$3543 ($dlatch) from module soc_top.
Setting constant 0-bit at position 59 on $auto$ff.cc:266:slice$3543 ($dlatch) from module soc_top.
Setting constant 0-bit at position 60 on $auto$ff.cc:266:slice$3543 ($dlatch) from module soc_top.
Setting constant 0-bit at position 61 on $auto$ff.cc:266:slice$3543 ($dlatch) from module soc_top.
Setting constant 0-bit at position 62 on $auto$ff.cc:266:slice$3543 ($dlatch) from module soc_top.
Setting constant 0-bit at position 63 on $auto$ff.cc:266:slice$3543 ($dlatch) from module soc_top.
Setting constant 0-bit at position 0 on $auto$ff.cc:266:slice$3558 ($sdff) from module soc_top.
Setting constant 0-bit at position 1 on $auto$ff.cc:266:slice$3558 ($sdff) from module soc_top.
Setting constant 0-bit at position 2 on $auto$ff.cc:266:slice$3558 ($sdff) from module soc_top.
Setting constant 0-bit at position 3 on $auto$ff.cc:266:slice$3558 ($sdff) from module soc_top.
Setting constant 0-bit at position 4 on $auto$ff.cc:266:slice$3558 ($sdff) from module soc_top.
Setting constant 0-bit at position 5 on $auto$ff.cc:266:slice$3558 ($sdff) from module soc_top.
Setting constant 0-bit at position 6 on $auto$ff.cc:266:slice$3558 ($sdff) from module soc_top.
Setting constant 0-bit at position 7 on $auto$ff.cc:266:slice$3558 ($sdff) from module soc_top.
Setting constant 0-bit at position 8 on $auto$ff.cc:266:slice$3558 ($sdff) from module soc_top.
Setting constant 0-bit at position 9 on $auto$ff.cc:266:slice$3558 ($sdff) from module soc_top.
Setting constant 0-bit at position 10 on $auto$ff.cc:266:slice$3558 ($sdff) from module soc_top.
Setting constant 0-bit at position 11 on $auto$ff.cc:266:slice$3558 ($sdff) from module soc_top.
Setting constant 0-bit at position 12 on $auto$ff.cc:266:slice$3558 ($sdff) from module soc_top.
Setting constant 0-bit at position 13 on $auto$ff.cc:266:slice$3558 ($sdff) from module soc_top.
Setting constant 0-bit at position 14 on $auto$ff.cc:266:slice$3558 ($sdff) from module soc_top.
Setting constant 0-bit at position 15 on $auto$ff.cc:266:slice$3558 ($sdff) from module soc_top.
Setting constant 0-bit at position 16 on $auto$ff.cc:266:slice$3558 ($sdff) from module soc_top.
Setting constant 0-bit at position 17 on $auto$ff.cc:266:slice$3558 ($sdff) from module soc_top.
Setting constant 0-bit at position 18 on $auto$ff.cc:266:slice$3558 ($sdff) from module soc_top.
Setting constant 0-bit at position 19 on $auto$ff.cc:266:slice$3558 ($sdff) from module soc_top.
Setting constant 0-bit at position 20 on $auto$ff.cc:266:slice$3558 ($sdff) from module soc_top.
Setting constant 0-bit at position 21 on $auto$ff.cc:266:slice$3558 ($sdff) from module soc_top.
Setting constant 0-bit at position 22 on $auto$ff.cc:266:slice$3558 ($sdff) from module soc_top.
Setting constant 0-bit at position 23 on $auto$ff.cc:266:slice$3558 ($sdff) from module soc_top.
Setting constant 0-bit at position 24 on $auto$ff.cc:266:slice$3558 ($sdff) from module soc_top.
Setting constant 0-bit at position 25 on $auto$ff.cc:266:slice$3558 ($sdff) from module soc_top.
Setting constant 0-bit at position 26 on $auto$ff.cc:266:slice$3558 ($sdff) from module soc_top.
Setting constant 0-bit at position 27 on $auto$ff.cc:266:slice$3558 ($sdff) from module soc_top.
Setting constant 0-bit at position 28 on $auto$ff.cc:266:slice$3558 ($sdff) from module soc_top.
Setting constant 0-bit at position 29 on $auto$ff.cc:266:slice$3558 ($sdff) from module soc_top.
Setting constant 0-bit at position 30 on $auto$ff.cc:266:slice$3558 ($sdff) from module soc_top.
Setting constant 0-bit at position 31 on $auto$ff.cc:266:slice$3558 ($sdff) from module soc_top.
Setting constant 0-bit at position 0 on $auto$ff.cc:266:slice$7403 ($sdff) from module soc_top.
Setting constant 0-bit at position 1 on $auto$ff.cc:266:slice$7403 ($sdff) from module soc_top.
Setting constant 0-bit at position 2 on $auto$ff.cc:266:slice$7403 ($sdff) from module soc_top.
Setting constant 0-bit at position 3 on $auto$ff.cc:266:slice$7403 ($sdff) from module soc_top.
Setting constant 0-bit at position 4 on $auto$ff.cc:266:slice$7403 ($sdff) from module soc_top.
Setting constant 0-bit at position 5 on $auto$ff.cc:266:slice$7403 ($sdff) from module soc_top.
Setting constant 0-bit at position 6 on $auto$ff.cc:266:slice$7403 ($sdff) from module soc_top.
Setting constant 0-bit at position 7 on $auto$ff.cc:266:slice$7403 ($sdff) from module soc_top.
Setting constant 0-bit at position 0 on $flatten\mac.$procdff$3400 ($adff) from module soc_top.

168. Executing OPT_CLEAN pass (remove unused cells and wires).
Finding unused cells or wires in module \soc_top..
Removed 79 unused cells and 182 unused wires.
<suppressed ~144 debug messages>

169. Executing OPT_EXPR pass (perform const folding).
Optimizing module soc_top.
<suppressed ~5 debug messages>

170. Rerunning OPT passes. (Maybe there is more to do…)

171. Executing OPT_MUXTREE pass (detect dead branches in mux trees).
Running muxtree optimizer on module \soc_top..
  Creating internal representation of mux trees.
  No muxes found in this module.
Removed 0 multiplexer ports.

172. Executing OPT_REDUCE pass (consolidate $*mux and $reduce_* inputs).
  Optimizing cells in module \soc_top.
Performed a total of 0 changes.

173. Executing OPT_MERGE pass (detect identical cells).
Finding identical cells in module `\soc_top'.
Removed a total of 0 cells.

174. Executing OPT_SHARE pass.

175. Executing OPT_DFF pass (perform DFF optimizations).
Setting constant 0-bit at position 0 on $flatten\timer_peripheral.$procdff$3385 ($adff) from module soc_top.

176. Executing OPT_CLEAN pass (remove unused cells and wires).
Finding unused cells or wires in module \soc_top..
Removed 4 unused cells and 25 unused wires.
<suppressed ~29 debug messages>

177. Executing OPT_EXPR pass (perform const folding).
Optimizing module soc_top.
<suppressed ~2 debug messages>

178. Rerunning OPT passes. (Maybe there is more to do…)

179. Executing OPT_MUXTREE pass (detect dead branches in mux trees).
Running muxtree optimizer on module \soc_top..
  Creating internal representation of mux trees.
  No muxes found in this module.
Removed 0 multiplexer ports.

180. Executing OPT_REDUCE pass (consolidate $*mux and $reduce_* inputs).
  Optimizing cells in module \soc_top.
Performed a total of 0 changes.

181. Executing OPT_MERGE pass (detect identical cells).
Finding identical cells in module `\soc_top'.
Removed a total of 0 cells.

182. Executing OPT_SHARE pass.

183. Executing OPT_DFF pass (perform DFF optimizations).

184. Executing OPT_CLEAN pass (remove unused cells and wires).
Finding unused cells or wires in module \soc_top..

185. Executing OPT_EXPR pass (perform const folding).
Optimizing module soc_top.

186. Executing TECHMAP pass (map to technology primitives).

186.1. Executing Verilog-2005 frontend: /nix/store/9r0bh7sp051dpm8km8bqlb028anpd3v3-yosys/bin/../share/yosys/techmap.v
Parsing Verilog input from `/nix/store/9r0bh7sp051dpm8km8bqlb028anpd3v3-yosys/bin/../share/yosys/techmap.v' to AST representation.
Generating RTLIL representation for module `\_90_simplemap_bool_ops'.
Generating RTLIL representation for module `\_90_simplemap_reduce_ops'.
Generating RTLIL representation for module `\_90_simplemap_logic_ops'.
Generating RTLIL representation for module `\_90_simplemap_compare_ops'.
Generating RTLIL representation for module `\_90_simplemap_various'.
Generating RTLIL representation for module `\_90_simplemap_registers'.
Generating RTLIL representation for module `\_90_shift_ops_shr_shl_sshl_sshr'.
Generating RTLIL representation for module `\_90_shift_shiftx'.
Generating RTLIL representation for module `\_90_fa'.
Generating RTLIL representation for module `\_90_lcu_brent_kung'.
Generating RTLIL representation for module `\_90_alu'.
Generating RTLIL representation for module `\_90_macc'.
Generating RTLIL representation for module `\_90_alumacc'.
Generating RTLIL representation for module `\$__div_mod_u'.
Generating RTLIL representation for module `\$__div_mod_trunc'.
Generating RTLIL representation for module `\_90_div'.
Generating RTLIL representation for module `\_90_mod'.
Generating RTLIL representation for module `\$__div_mod_floor'.
Generating RTLIL representation for module `\_90_divfloor'.
Generating RTLIL representation for module `\_90_modfloor'.
Generating RTLIL representation for module `\_90_pow'.
Generating RTLIL representation for module `\_90_pmux'.
Generating RTLIL representation for module `\_90_demux'.
Generating RTLIL representation for module `\_90_lut'.
Successfully finished Verilog frontend.

186.2. Continuing TECHMAP pass.
No more expansions possible.
<suppressed ~73 debug messages>

187. Executing OPT_EXPR pass (perform const folding).
Optimizing module soc_top.

188. Executing OPT_MERGE pass (detect identical cells).
Finding identical cells in module `\soc_top'.
Removed a total of 0 cells.

189. Executing OPT_DFF pass (perform DFF optimizations).

190. Executing OPT_CLEAN pass (remove unused cells and wires).
Finding unused cells or wires in module \soc_top..

191. Executing OPT_EXPR pass (perform const folding).
Optimizing module soc_top.

192. Executing OPT_MERGE pass (detect identical cells).
Finding identical cells in module `\soc_top'.
Removed a total of 0 cells.

193. Executing OPT_DFF pass (perform DFF optimizations).

194. Executing OPT_CLEAN pass (remove unused cells and wires).
Finding unused cells or wires in module \soc_top..

195. Executing ABC pass (technology mapping using ABC).

195.1. Extracting gate netlist of module `\soc_top' to `<abc-temp-dir>/input.blif'..
Extracted 0 gates and 0 wires to a netlist network with 0 inputs and 0 outputs.
Don't call ABC as there is nothing to map.
Removing temp directory.

196. Executing OPT pass (performing simple optimizations).

196.1. Executing OPT_EXPR pass (perform const folding).
Optimizing module soc_top.

196.2. Executing OPT_MERGE pass (detect identical cells).
Finding identical cells in module `\soc_top'.
Removed a total of 0 cells.

196.3. Executing OPT_DFF pass (perform DFF optimizations).

196.4. Executing OPT_CLEAN pass (remove unused cells and wires).
Finding unused cells or wires in module \soc_top..

196.5. Finished fast OPT passes.

197. Executing HIERARCHY pass (managing design hierarchy).

197.1. Analyzing design hierarchy..
Top module:  \soc_top

197.2. Analyzing design hierarchy..
Top module:  \soc_top
Removed 0 unused modules.

198. Executing CHECK pass (checking for obvious problems).
Checking module soc_top...
Found and reported 0 problems.

199. Printing statistics.

=== soc_top ===

   Number of wires:                490
   Number of wire bits:          11236
   Number of public wires:         490
   Number of public wire bits:   11236
   Number of ports:                 16
   Number of port bits:             93
   Number of memories:               0
   Number of memory bits:            0
   Number of processes:              0
   Number of cells:                 22
     $scopeinfo                     22

200. Generating Graphviz representation of design.
Writing dot description to `/work/openlane/soc_top/runs/floorplan_01/06-yosys-synthesis/primitive_techmap.dot'.
Dumping module soc_top to page 1.

201. Executing OPT pass (performing simple optimizations).

201.1. Executing OPT_EXPR pass (perform const folding).
Optimizing module soc_top.

201.2. Executing OPT_MERGE pass (detect identical cells).
Finding identical cells in module `\soc_top'.
Removed a total of 0 cells.

201.3. Executing OPT_MUXTREE pass (detect dead branches in mux trees).
Running muxtree optimizer on module \soc_top..
  Creating internal representation of mux trees.
  No muxes found in this module.
Removed 0 multiplexer ports.

201.4. Executing OPT_REDUCE pass (consolidate $*mux and $reduce_* inputs).
  Optimizing cells in module \soc_top.
Performed a total of 0 changes.

201.5. Executing OPT_MERGE pass (detect identical cells).
Finding identical cells in module `\soc_top'.
Removed a total of 0 cells.

201.6. Executing OPT_DFF pass (perform DFF optimizations).

201.7. Executing OPT_CLEAN pass (remove unused cells and wires).
Finding unused cells or wires in module \soc_top..

201.8. Executing OPT_EXPR pass (perform const folding).
Optimizing module soc_top.

201.9. Finished OPT passes. (There is nothing left to do.)

202. Executing OPT_CLEAN pass (remove unused cells and wires).
Finding unused cells or wires in module \soc_top..
Removed 22 unused cells and 474 unused wires.
<suppressed ~496 debug messages>
{
   "creator": "Yosys 0.46 (git sha1 e97731b9dda91fa5fa53ed87df7c34163ba59a41, clang++ 17.0.6 -fPIC -O3)",
   "invocation": "stat -json -liberty /work/openlane/soc_top/runs/floorplan_01/tmp/3c639b8b5eaf479e81698bd9296200c8.lib ",
   "modules": {
      "\\soc_top": {
         "num_wires":         16,
         "num_wire_bits":     93,
         "num_pub_wires":     16,
         "num_pub_wire_bits": 93,
         "num_ports":         16,
         "num_port_bits":     93,
         "num_memories":      0,
         "num_memory_bits":   0,
         "num_processes":     0,
         "num_cells":         0,
         "num_cells_by_type": {

         }
      }
   },
      "design": {
         "num_wires":         16,
         "num_wire_bits":     93,
         "num_pub_wires":     16,
         "num_pub_wire_bits": 93,
         "num_ports":         16,
         "num_port_bits":     93,
         "num_memories":      0,
         "num_memory_bits":   0,
         "num_processes":     0,
         "num_cells":         0,
         "num_cells_by_type": {

         }
      }
}

203. Printing statistics.

=== soc_top ===

   Number of wires:                 16
   Number of wire bits:             93
   Number of public wires:          16
   Number of public wire bits:      93
   Number of ports:                 16
   Number of port bits:             93
   Number of memories:               0
   Number of memory bits:            0
   Number of processes:              0
   Number of cells:                  0

[INFO] Applying tri-state buffer mapping from '/root/.volare/volare/volare/sky130/versions/0fe599b2afb6708d281543108caf8310912f54af/sky130A/libs.tech/openlane/sky130_fd_sc_hd/tribuff_map.v'…

204. Executing TECHMAP pass (map to technology primitives).

204.1. Executing Verilog-2005 frontend: /root/.volare/volare/volare/sky130/versions/0fe599b2afb6708d281543108caf8310912f54af/sky130A/libs.tech/openlane/sky130_fd_sc_hd/tribuff_map.v
Parsing Verilog input from `/root/.volare/volare/volare/sky130/versions/0fe599b2afb6708d281543108caf8310912f54af/sky130A/libs.tech/openlane/sky130_fd_sc_hd/tribuff_map.v' to AST representation.
Generating RTLIL representation for module `\$_TBUF_'.
Successfully finished Verilog frontend.

204.2. Continuing TECHMAP pass.
No more expansions possible.
<suppressed ~3 debug messages>

205. Executing SIMPLEMAP pass (map simple cells to gate primitives).
[INFO] Applying latch mapping from '/root/.volare/volare/volare/sky130/versions/0fe599b2afb6708d281543108caf8310912f54af/sky130A/libs.tech/openlane/sky130_fd_sc_hd/latch_map.v'…

206. Executing TECHMAP pass (map to technology primitives).

206.1. Executing Verilog-2005 frontend: /root/.volare/volare/volare/sky130/versions/0fe599b2afb6708d281543108caf8310912f54af/sky130A/libs.tech/openlane/sky130_fd_sc_hd/latch_map.v
Parsing Verilog input from `/root/.volare/volare/volare/sky130/versions/0fe599b2afb6708d281543108caf8310912f54af/sky130A/libs.tech/openlane/sky130_fd_sc_hd/latch_map.v' to AST representation.
Generating RTLIL representation for module `\$_DLATCH_P_'.
Generating RTLIL representation for module `\$_DLATCH_N_'.
Successfully finished Verilog frontend.

206.2. Continuing TECHMAP pass.
No more expansions possible.
<suppressed ~4 debug messages>

207. Executing SIMPLEMAP pass (map simple cells to gate primitives).

208. Executing DFFLIBMAP pass (mapping DFF cells to sequential cells from liberty file).
  cell sky130_fd_sc_hd__dfxtp_2 (noninv, pins=3, area=21.27) is a direct match for cell type $_DFF_P_.
  cell sky130_fd_sc_hd__dfrtp_2 (noninv, pins=4, area=26.28) is a direct match for cell type $_DFF_PN0_.
  cell sky130_fd_sc_hd__dfstp_2 (noninv, pins=4, area=26.28) is a direct match for cell type $_DFF_PN1_.
  cell sky130_fd_sc_hd__dfbbn_2 (noninv, pins=6, area=35.03) is a direct match for cell type $_DFFSR_NNN_.
  final dff cell mappings:
    unmapped dff cell: $_DFF_N_
    \sky130_fd_sc_hd__dfxtp_2 _DFF_P_ (.CLK( C), .D( D), .Q( Q));
    unmapped dff cell: $_DFF_NN0_
    unmapped dff cell: $_DFF_NN1_
    unmapped dff cell: $_DFF_NP0_
    unmapped dff cell: $_DFF_NP1_
    \sky130_fd_sc_hd__dfrtp_2 _DFF_PN0_ (.CLK( C), .D( D), .Q( Q), .RESET_B( R));
    \sky130_fd_sc_hd__dfstp_2 _DFF_PN1_ (.CLK( C), .D( D), .Q( Q), .SET_B( R));
    unmapped dff cell: $_DFF_PP0_
    unmapped dff cell: $_DFF_PP1_
    \sky130_fd_sc_hd__dfbbn_2 _DFFSR_NNN_ (.CLK_N( C), .D( D), .Q( Q), .Q_N(~Q), .RESET_B( R), .SET_B( S));
    unmapped dff cell: $_DFFSR_NNP_
    unmapped dff cell: $_DFFSR_NPN_
    unmapped dff cell: $_DFFSR_NPP_
    unmapped dff cell: $_DFFSR_PNN_
    unmapped dff cell: $_DFFSR_PNP_
    unmapped dff cell: $_DFFSR_PPN_
    unmapped dff cell: $_DFFSR_PPP_

208.1. Executing DFFLEGALIZE pass (convert FFs to types supported by the target).
Mapping DFF cells in module `\soc_top':
{
   "creator": "Yosys 0.46 (git sha1 e97731b9dda91fa5fa53ed87df7c34163ba59a41, clang++ 17.0.6 -fPIC -O3)",
   "invocation": "stat -json -liberty /work/openlane/soc_top/runs/floorplan_01/tmp/3c639b8b5eaf479e81698bd9296200c8.lib ",
   "modules": {
      "\\soc_top": {
         "num_wires":         16,
         "num_wire_bits":     93,
         "num_pub_wires":     16,
         "num_pub_wire_bits": 93,
         "num_ports":         16,
         "num_port_bits":     93,
         "num_memories":      0,
         "num_memory_bits":   0,
         "num_processes":     0,
         "num_cells":         0,
         "num_cells_by_type": {

         }
      }
   },
      "design": {
         "num_wires":         16,
         "num_wire_bits":     93,
         "num_pub_wires":     16,
         "num_pub_wire_bits": 93,
         "num_ports":         16,
         "num_port_bits":     93,
         "num_memories":      0,
         "num_memory_bits":   0,
         "num_processes":     0,
         "num_cells":         0,
         "num_cells_by_type": {

         }
      }
}

209. Printing statistics.

=== soc_top ===

   Number of wires:                 16
   Number of wire bits:             93
   Number of public wires:          16
   Number of public wire bits:      93
   Number of ports:                 16
   Number of port bits:             93
   Number of memories:               0
   Number of memory bits:            0
   Number of processes:              0
   Number of cells:                  0

[INFO] Using generated ABC script '/work/openlane/soc_top/runs/floorplan_01/06-yosys-synthesis/AREA_0.abc'…

210. Executing ABC pass (technology mapping using ABC).

210.1. Extracting gate netlist of module `\soc_top' to `/tmp/yosys-abc-Cov7LP/input.blif'..
Extracted 0 gates and 0 wires to a netlist network with 0 inputs and 0 outputs.
Don't call ABC as there is nothing to map.
Removing temp directory.

211. Executing SETUNDEF pass (replace undef values with defined constants).

212. Executing HILOMAP pass (mapping to constant drivers).

213. Executing SPLITNETS pass (splitting up multi-bit signals).

214. Executing OPT_CLEAN pass (remove unused cells and wires).
Finding unused cells or wires in module \soc_top..
Removed 0 unused cells and 78 unused wires.
<suppressed ~1 debug messages>

215. Executing INSBUF pass (insert buffer cells for connected wires).
Add soc_top/$auto$insbuf.cc:97:execute$8178: \clk -> \i2c_scl
Add soc_top/$auto$insbuf.cc:97:execute$8179: \clk -> \spi_sclk

216. Executing CHECK pass (checking for obvious problems).
Checking module soc_top...
Found and reported 0 problems.
{
   "creator": "Yosys 0.46 (git sha1 e97731b9dda91fa5fa53ed87df7c34163ba59a41, clang++ 17.0.6 -fPIC -O3)",
   "invocation": "stat -json -liberty /work/openlane/soc_top/runs/floorplan_01/tmp/3c639b8b5eaf479e81698bd9296200c8.lib ",
   "modules": {
      "\\soc_top": {
         "num_wires":         16,
         "num_wire_bits":     93,
         "num_pub_wires":     16,
         "num_pub_wire_bits": 93,
         "num_ports":         16,
         "num_port_bits":     93,
         "num_memories":      0,
         "num_memory_bits":   0,
         "num_processes":     0,
         "num_cells":         80,
         "area":              302.790400,
         "num_cells_by_type": {
            "sky130_fd_sc_hd__buf_2": 2,
            "sky130_fd_sc_hd__conb_1": 78
         }
      }
   },
      "design": {
         "num_wires":         16,
         "num_wire_bits":     93,
         "num_pub_wires":     16,
         "num_pub_wire_bits": 93,
         "num_ports":         16,
         "num_port_bits":     93,
         "num_memories":      0,
         "num_memory_bits":   0,
         "num_processes":     0,
         "num_cells":         80,
         "area":              302.790400,
         "num_cells_by_type": {
            "sky130_fd_sc_hd__buf_2": 2,
            "sky130_fd_sc_hd__conb_1": 78
         }
      }
}

217. Printing statistics.

=== soc_top ===

   Number of wires:                 16
   Number of wire bits:             93
   Number of public wires:          16
   Number of public wire bits:      93
   Number of ports:                 16
   Number of port bits:             93
   Number of memories:               0
   Number of memory bits:            0
   Number of processes:              0
   Number of cells:                 80
     sky130_fd_sc_hd__buf_2          2
     sky130_fd_sc_hd__conb_1        78

   Chip area for module '\soc_top': 302.790400
     of which used for sequential elements: 0.000000 (0.00%)

218. Executing Verilog backend.
Dumping module `\soc_top'.

219. Executing JSON backend.
