
 /----------------------------------------------------------------------------\
 |  yosys -- Yosys Open SYnthesis Suite                                       |
 |  Copyright (C) 2012 - 2024  Claire Xenia Wolf <claire@yosyshq.com>         |
 |  Distributed under an ISC-like license, type "license" to see terms        |
 \----------------------------------------------------------------------------/
 Yosys 0.46 (git sha1 e97731b9dda91fa5fa53ed87df7c34163ba59a41, clang++ 17.0.6 -fPIC -O3)
Loaded SDC plugin

1. Executing Verilog-2005 frontend: /work/openlane/soc_top/runs/synthesis_02/tmp/6ed7fc18d9b845808b182040cbecb1fc.bb.v
Parsing SystemVerilog input from `/work/openlane/soc_top/runs/synthesis_02/tmp/6ed7fc18d9b845808b182040cbecb1fc.bb.v' to AST representation.
Generating RTLIL representation for module `\sky130_ef_sc_hd__decap_12'.
Generating RTLIL representation for module `\sky130_ef_sc_hd__fill_12'.
Generating RTLIL representation for module `\sky130_ef_sc_hd__fill_4'.
Generating RTLIL representation for module `\sky130_ef_sc_hd__fill_8'.
Generating RTLIL representation for module `\sky130_fd_sc_hd__a2111o_1'.
Generating RTLIL representation for module `\sky130_fd_sc_hd__a2111o_2'.
Generating RTLIL representation for module `\sky130_fd_sc_hd__a2111o_4'.
Generating RTLIL representation for module `\sky130_fd_sc_hd__a2111oi_0'.
Generating RTLIL representation for module `\sky130_fd_sc_hd__a2111oi_1'.
Generating RTLIL representation for module `\sky130_fd_sc_hd__a2111oi_2'.
Generating RTLIL representation for module `\sky130_fd_sc_hd__a2111oi_4'.
Generating RTLIL representation for module `\sky130_fd_sc_hd__a211o_1'.
Generating RTLIL representation for module `\sky130_fd_sc_hd__a211o_2'.
Generating RTLIL representation for module `\sky130_fd_sc_hd__a211o_4'.
Generating RTLIL representation for module `\sky130_fd_sc_hd__a211oi_1'.
Generating RTLIL representation for module `\sky130_fd_sc_hd__a211oi_2'.
Generating RTLIL representation for module `\sky130_fd_sc_hd__a211oi_4'.
Generating RTLIL representation for module `\sky130_fd_sc_hd__a21bo_1'.
Generating RTLIL representation for module `\sky130_fd_sc_hd__a21bo_2'.
Generating RTLIL representation for module `\sky130_fd_sc_hd__a21bo_4'.
Generating RTLIL representation for module `\sky130_fd_sc_hd__a21boi_0'.
Generating RTLIL representation for module `\sky130_fd_sc_hd__a21boi_1'.
Generating RTLIL representation for module `\sky130_fd_sc_hd__a21boi_2'.
Generating RTLIL representation for module `\sky130_fd_sc_hd__a21boi_4'.
Generating RTLIL representation for module `\sky130_fd_sc_hd__a21o_1'.
Generating RTLIL representation for module `\sky130_fd_sc_hd__a21o_2'.
Generating RTLIL representation for module `\sky130_fd_sc_hd__a21o_4'.
Generating RTLIL representation for module `\sky130_fd_sc_hd__a21oi_1'.
Generating RTLIL representation for module `\sky130_fd_sc_hd__a21oi_2'.
Generating RTLIL representation for module `\sky130_fd_sc_hd__a21oi_4'.
Generating RTLIL representation for module `\sky130_fd_sc_hd__a221o_1'.
Generating RTLIL representation for module `\sky130_fd_sc_hd__a221o_2'.
Generating RTLIL representation for module `\sky130_fd_sc_hd__a221o_4'.
Generating RTLIL representation for module `\sky130_fd_sc_hd__a221oi_1'.
Generating RTLIL representation for module `\sky130_fd_sc_hd__a221oi_2'.
Generating RTLIL representation for module `\sky130_fd_sc_hd__a221oi_4'.
Generating RTLIL representation for module `\sky130_fd_sc_hd__a222oi_1'.
Generating RTLIL representation for module `\sky130_fd_sc_hd__a22o_1'.
Generating RTLIL representation for module `\sky130_fd_sc_hd__a22o_2'.
Generating RTLIL representation for module `\sky130_fd_sc_hd__a22o_4'.
Generating RTLIL representation for module `\sky130_fd_sc_hd__a22oi_1'.
Generating RTLIL representation for module `\sky130_fd_sc_hd__a22oi_2'.
Generating RTLIL representation for module `\sky130_fd_sc_hd__a22oi_4'.
Generating RTLIL representation for module `\sky130_fd_sc_hd__a2bb2o_1'.
Generating RTLIL representation for module `\sky130_fd_sc_hd__a2bb2o_2'.
Generating RTLIL representation for module `\sky130_fd_sc_hd__a2bb2o_4'.
Generating RTLIL representation for module `\sky130_fd_sc_hd__a2bb2oi_1'.
Generating RTLIL representation for module `\sky130_fd_sc_hd__a2bb2oi_2'.
Generating RTLIL representation for module `\sky130_fd_sc_hd__a2bb2oi_4'.
Generating RTLIL representation for module `\sky130_fd_sc_hd__a311o_1'.
Generating RTLIL representation for module `\sky130_fd_sc_hd__a311o_2'.
Generating RTLIL representation for module `\sky130_fd_sc_hd__a311o_4'.
Generating RTLIL representation for module `\sky130_fd_sc_hd__a311oi_1'.
Generating RTLIL representation for module `\sky130_fd_sc_hd__a311oi_2'.
Generating RTLIL representation for module `\sky130_fd_sc_hd__a311oi_4'.
Generating RTLIL representation for module `\sky130_fd_sc_hd__a31o_1'.
Generating RTLIL representation for module `\sky130_fd_sc_hd__a31o_2'.
Generating RTLIL representation for module `\sky130_fd_sc_hd__a31o_4'.
Generating RTLIL representation for module `\sky130_fd_sc_hd__a31oi_1'.
Generating RTLIL representation for module `\sky130_fd_sc_hd__a31oi_2'.
Generating RTLIL representation for module `\sky130_fd_sc_hd__a31oi_4'.
Generating RTLIL representation for module `\sky130_fd_sc_hd__a32o_1'.
Generating RTLIL representation for module `\sky130_fd_sc_hd__a32o_2'.
Generating RTLIL representation for module `\sky130_fd_sc_hd__a32o_4'.
Generating RTLIL representation for module `\sky130_fd_sc_hd__a32oi_1'.
Generating RTLIL representation for module `\sky130_fd_sc_hd__a32oi_2'.
Generating RTLIL representation for module `\sky130_fd_sc_hd__a32oi_4'.
Generating RTLIL representation for module `\sky130_fd_sc_hd__a41o_1'.
Generating RTLIL representation for module `\sky130_fd_sc_hd__a41o_2'.
Generating RTLIL representation for module `\sky130_fd_sc_hd__a41o_4'.
Generating RTLIL representation for module `\sky130_fd_sc_hd__a41oi_1'.
Generating RTLIL representation for module `\sky130_fd_sc_hd__a41oi_2'.
Generating RTLIL representation for module `\sky130_fd_sc_hd__a41oi_4'.
Generating RTLIL representation for module `\sky130_fd_sc_hd__and2_0'.
Generating RTLIL representation for module `\sky130_fd_sc_hd__and2_1'.
Generating RTLIL representation for module `\sky130_fd_sc_hd__and2_2'.
Generating RTLIL representation for module `\sky130_fd_sc_hd__and2_4'.
Generating RTLIL representation for module `\sky130_fd_sc_hd__and2b_1'.
Generating RTLIL representation for module `\sky130_fd_sc_hd__and2b_2'.
Generating RTLIL representation for module `\sky130_fd_sc_hd__and2b_4'.
Generating RTLIL representation for module `\sky130_fd_sc_hd__and3_1'.
Generating RTLIL representation for module `\sky130_fd_sc_hd__and3_2'.
Generating RTLIL representation for module `\sky130_fd_sc_hd__and3_4'.
Generating RTLIL representation for module `\sky130_fd_sc_hd__and3b_1'.
Generating RTLIL representation for module `\sky130_fd_sc_hd__and3b_2'.
Generating RTLIL representation for module `\sky130_fd_sc_hd__and3b_4'.
Generating RTLIL representation for module `\sky130_fd_sc_hd__and4_1'.
Generating RTLIL representation for module `\sky130_fd_sc_hd__and4_2'.
Generating RTLIL representation for module `\sky130_fd_sc_hd__and4_4'.
Generating RTLIL representation for module `\sky130_fd_sc_hd__and4b_1'.
Generating RTLIL representation for module `\sky130_fd_sc_hd__and4b_2'.
Generating RTLIL representation for module `\sky130_fd_sc_hd__and4b_4'.
Generating RTLIL representation for module `\sky130_fd_sc_hd__and4bb_1'.
Generating RTLIL representation for module `\sky130_fd_sc_hd__and4bb_2'.
Generating RTLIL representation for module `\sky130_fd_sc_hd__and4bb_4'.
Generating RTLIL representation for module `\sky130_fd_sc_hd__buf_1'.
Generating RTLIL representation for module `\sky130_fd_sc_hd__buf_12'.
Generating RTLIL representation for module `\sky130_fd_sc_hd__buf_16'.
Generating RTLIL representation for module `\sky130_fd_sc_hd__buf_2'.
Generating RTLIL representation for module `\sky130_fd_sc_hd__buf_4'.
Generating RTLIL representation for module `\sky130_fd_sc_hd__buf_6'.
Generating RTLIL representation for module `\sky130_fd_sc_hd__buf_8'.
Generating RTLIL representation for module `\sky130_fd_sc_hd__bufbuf_16'.
Generating RTLIL representation for module `\sky130_fd_sc_hd__bufbuf_8'.
Generating RTLIL representation for module `\sky130_fd_sc_hd__bufinv_16'.
Generating RTLIL representation for module `\sky130_fd_sc_hd__bufinv_8'.
Generating RTLIL representation for module `\sky130_fd_sc_hd__clkbuf_1'.
Generating RTLIL representation for module `\sky130_fd_sc_hd__clkbuf_16'.
Generating RTLIL representation for module `\sky130_fd_sc_hd__clkbuf_2'.
Generating RTLIL representation for module `\sky130_fd_sc_hd__clkbuf_4'.
Generating RTLIL representation for module `\sky130_fd_sc_hd__clkbuf_8'.
Generating RTLIL representation for module `\sky130_fd_sc_hd__clkdlybuf4s15_1'.
Generating RTLIL representation for module `\sky130_fd_sc_hd__clkdlybuf4s15_2'.
Generating RTLIL representation for module `\sky130_fd_sc_hd__clkdlybuf4s18_1'.
Generating RTLIL representation for module `\sky130_fd_sc_hd__clkdlybuf4s18_2'.
Generating RTLIL representation for module `\sky130_fd_sc_hd__clkdlybuf4s25_1'.
Generating RTLIL representation for module `\sky130_fd_sc_hd__clkdlybuf4s25_2'.
Generating RTLIL representation for module `\sky130_fd_sc_hd__clkdlybuf4s50_1'.
Generating RTLIL representation for module `\sky130_fd_sc_hd__clkdlybuf4s50_2'.
Generating RTLIL representation for module `\sky130_fd_sc_hd__clkinv_1'.
Generating RTLIL representation for module `\sky130_fd_sc_hd__clkinv_16'.
Generating RTLIL representation for module `\sky130_fd_sc_hd__clkinv_2'.
Generating RTLIL representation for module `\sky130_fd_sc_hd__clkinv_4'.
Generating RTLIL representation for module `\sky130_fd_sc_hd__clkinv_8'.
Generating RTLIL representation for module `\sky130_fd_sc_hd__clkinvlp_2'.
Generating RTLIL representation for module `\sky130_fd_sc_hd__clkinvlp_4'.
Generating RTLIL representation for module `\sky130_fd_sc_hd__conb_1'.
Generating RTLIL representation for module `\sky130_fd_sc_hd__decap_12'.
Generating RTLIL representation for module `\sky130_fd_sc_hd__decap_3'.
Generating RTLIL representation for module `\sky130_fd_sc_hd__decap_4'.
Generating RTLIL representation for module `\sky130_fd_sc_hd__decap_6'.
Generating RTLIL representation for module `\sky130_fd_sc_hd__decap_8'.
Generating RTLIL representation for module `\sky130_fd_sc_hd__dfbbn_1'.
Generating RTLIL representation for module `\sky130_fd_sc_hd__dfbbn_2'.
Generating RTLIL representation for module `\sky130_fd_sc_hd__dfbbp_1'.
Generating RTLIL representation for module `\sky130_fd_sc_hd__dfrbp_1'.
Generating RTLIL representation for module `\sky130_fd_sc_hd__dfrbp_2'.
Generating RTLIL representation for module `\sky130_fd_sc_hd__dfrtn_1'.
Generating RTLIL representation for module `\sky130_fd_sc_hd__dfrtp_1'.
Generating RTLIL representation for module `\sky130_fd_sc_hd__dfrtp_2'.
Generating RTLIL representation for module `\sky130_fd_sc_hd__dfrtp_4'.
Generating RTLIL representation for module `\sky130_fd_sc_hd__dfsbp_1'.
Generating RTLIL representation for module `\sky130_fd_sc_hd__dfsbp_2'.
Generating RTLIL representation for module `\sky130_fd_sc_hd__dfstp_1'.
Generating RTLIL representation for module `\sky130_fd_sc_hd__dfstp_2'.
Generating RTLIL representation for module `\sky130_fd_sc_hd__dfstp_4'.
Generating RTLIL representation for module `\sky130_fd_sc_hd__dfxbp_1'.
Generating RTLIL representation for module `\sky130_fd_sc_hd__dfxbp_2'.
Generating RTLIL representation for module `\sky130_fd_sc_hd__dfxtp_1'.
Generating RTLIL representation for module `\sky130_fd_sc_hd__dfxtp_2'.
Generating RTLIL representation for module `\sky130_fd_sc_hd__dfxtp_4'.
Generating RTLIL representation for module `\sky130_fd_sc_hd__diode_2'.
Generating RTLIL representation for module `\sky130_fd_sc_hd__dlclkp_1'.
Generating RTLIL representation for module `\sky130_fd_sc_hd__dlclkp_2'.
Generating RTLIL representation for module `\sky130_fd_sc_hd__dlclkp_4'.
Generating RTLIL representation for module `\sky130_fd_sc_hd__dlrbn_1'.
Generating RTLIL representation for module `\sky130_fd_sc_hd__dlrbn_2'.
Generating RTLIL representation for module `\sky130_fd_sc_hd__dlrbp_1'.
Generating RTLIL representation for module `\sky130_fd_sc_hd__dlrbp_2'.
Generating RTLIL representation for module `\sky130_fd_sc_hd__dlrtn_1'.
Generating RTLIL representation for module `\sky130_fd_sc_hd__dlrtn_2'.
Generating RTLIL representation for module `\sky130_fd_sc_hd__dlrtn_4'.
Generating RTLIL representation for module `\sky130_fd_sc_hd__dlrtp_1'.
Generating RTLIL representation for module `\sky130_fd_sc_hd__dlrtp_2'.
Generating RTLIL representation for module `\sky130_fd_sc_hd__dlrtp_4'.
Generating RTLIL representation for module `\sky130_fd_sc_hd__dlxbn_1'.
Generating RTLIL representation for module `\sky130_fd_sc_hd__dlxbn_2'.
Generating RTLIL representation for module `\sky130_fd_sc_hd__dlxbp_1'.
Generating RTLIL representation for module `\sky130_fd_sc_hd__dlxtn_1'.
Generating RTLIL representation for module `\sky130_fd_sc_hd__dlxtn_2'.
Generating RTLIL representation for module `\sky130_fd_sc_hd__dlxtn_4'.
Generating RTLIL representation for module `\sky130_fd_sc_hd__dlxtp_1'.
Generating RTLIL representation for module `\sky130_fd_sc_hd__dlygate4sd1_1'.
Generating RTLIL representation for module `\sky130_fd_sc_hd__dlygate4sd2_1'.
Generating RTLIL representation for module `\sky130_fd_sc_hd__dlygate4sd3_1'.
Generating RTLIL representation for module `\sky130_fd_sc_hd__dlymetal6s2s_1'.
Generating RTLIL representation for module `\sky130_fd_sc_hd__dlymetal6s4s_1'.
Generating RTLIL representation for module `\sky130_fd_sc_hd__dlymetal6s6s_1'.
Generating RTLIL representation for module `\sky130_fd_sc_hd__ebufn_1'.
Generating RTLIL representation for module `\sky130_fd_sc_hd__ebufn_2'.
Generating RTLIL representation for module `\sky130_fd_sc_hd__ebufn_4'.
Generating RTLIL representation for module `\sky130_fd_sc_hd__ebufn_8'.
Generating RTLIL representation for module `\sky130_fd_sc_hd__edfxbp_1'.
Generating RTLIL representation for module `\sky130_fd_sc_hd__edfxtp_1'.
Generating RTLIL representation for module `\sky130_fd_sc_hd__einvn_0'.
Generating RTLIL representation for module `\sky130_fd_sc_hd__einvn_1'.
Generating RTLIL representation for module `\sky130_fd_sc_hd__einvn_2'.
Generating RTLIL representation for module `\sky130_fd_sc_hd__einvn_4'.
Generating RTLIL representation for module `\sky130_fd_sc_hd__einvn_8'.
Generating RTLIL representation for module `\sky130_fd_sc_hd__einvp_1'.
Generating RTLIL representation for module `\sky130_fd_sc_hd__einvp_2'.
Generating RTLIL representation for module `\sky130_fd_sc_hd__einvp_4'.
Generating RTLIL representation for module `\sky130_fd_sc_hd__einvp_8'.
Generating RTLIL representation for module `\sky130_fd_sc_hd__fa_1'.
Generating RTLIL representation for module `\sky130_fd_sc_hd__fa_2'.
Generating RTLIL representation for module `\sky130_fd_sc_hd__fa_4'.
Generating RTLIL representation for module `\sky130_fd_sc_hd__fah_1'.
Generating RTLIL representation for module `\sky130_fd_sc_hd__fahcin_1'.
Generating RTLIL representation for module `\sky130_fd_sc_hd__fahcon_1'.
Generating RTLIL representation for module `\sky130_fd_sc_hd__fill_1'.
Generating RTLIL representation for module `\sky130_fd_sc_hd__fill_2'.
Generating RTLIL representation for module `\sky130_fd_sc_hd__fill_4'.
Generating RTLIL representation for module `\sky130_fd_sc_hd__fill_8'.
Generating RTLIL representation for module `\sky130_fd_sc_hd__ha_1'.
Generating RTLIL representation for module `\sky130_fd_sc_hd__ha_2'.
Generating RTLIL representation for module `\sky130_fd_sc_hd__ha_4'.
Generating RTLIL representation for module `\sky130_fd_sc_hd__inv_1'.
Generating RTLIL representation for module `\sky130_fd_sc_hd__inv_12'.
Generating RTLIL representation for module `\sky130_fd_sc_hd__inv_16'.
Generating RTLIL representation for module `\sky130_fd_sc_hd__inv_2'.
Generating RTLIL representation for module `\sky130_fd_sc_hd__inv_4'.
Generating RTLIL representation for module `\sky130_fd_sc_hd__inv_6'.
Generating RTLIL representation for module `\sky130_fd_sc_hd__inv_8'.
Generating RTLIL representation for module `\sky130_fd_sc_hd__lpflow_bleeder_1'.
Generating RTLIL representation for module `\sky130_fd_sc_hd__lpflow_clkbufkapwr_1'.
Generating RTLIL representation for module `\sky130_fd_sc_hd__lpflow_clkbufkapwr_16'.
Generating RTLIL representation for module `\sky130_fd_sc_hd__lpflow_clkbufkapwr_2'.
Generating RTLIL representation for module `\sky130_fd_sc_hd__lpflow_clkbufkapwr_4'.
Generating RTLIL representation for module `\sky130_fd_sc_hd__lpflow_clkbufkapwr_8'.
Generating RTLIL representation for module `\sky130_fd_sc_hd__lpflow_clkinvkapwr_1'.
Generating RTLIL representation for module `\sky130_fd_sc_hd__lpflow_clkinvkapwr_16'.
Generating RTLIL representation for module `\sky130_fd_sc_hd__lpflow_clkinvkapwr_2'.
Generating RTLIL representation for module `\sky130_fd_sc_hd__lpflow_clkinvkapwr_4'.
Generating RTLIL representation for module `\sky130_fd_sc_hd__lpflow_clkinvkapwr_8'.
Generating RTLIL representation for module `\sky130_fd_sc_hd__lpflow_decapkapwr_12'.
Generating RTLIL representation for module `\sky130_fd_sc_hd__lpflow_decapkapwr_3'.
Generating RTLIL representation for module `\sky130_fd_sc_hd__lpflow_decapkapwr_4'.
Generating RTLIL representation for module `\sky130_fd_sc_hd__lpflow_decapkapwr_6'.
Generating RTLIL representation for module `\sky130_fd_sc_hd__lpflow_decapkapwr_8'.
Generating RTLIL representation for module `\sky130_fd_sc_hd__lpflow_inputiso0n_1'.
Generating RTLIL representation for module `\sky130_fd_sc_hd__lpflow_inputiso0p_1'.
Generating RTLIL representation for module `\sky130_fd_sc_hd__lpflow_inputiso1n_1'.
Generating RTLIL representation for module `\sky130_fd_sc_hd__lpflow_inputiso1p_1'.
Generating RTLIL representation for module `\sky130_fd_sc_hd__lpflow_inputisolatch_1'.
Generating RTLIL representation for module `\sky130_fd_sc_hd__lpflow_isobufsrc_1'.
Generating RTLIL representation for module `\sky130_fd_sc_hd__lpflow_isobufsrc_16'.
Generating RTLIL representation for module `\sky130_fd_sc_hd__lpflow_isobufsrc_2'.
Generating RTLIL representation for module `\sky130_fd_sc_hd__lpflow_isobufsrc_4'.
Generating RTLIL representation for module `\sky130_fd_sc_hd__lpflow_isobufsrc_8'.
Generating RTLIL representation for module `\sky130_fd_sc_hd__lpflow_isobufsrckapwr_16'.
Generating RTLIL representation for module `\sky130_fd_sc_hd__lpflow_lsbuf_lh_hl_isowell_tap_1'.
Generating RTLIL representation for module `\sky130_fd_sc_hd__lpflow_lsbuf_lh_hl_isowell_tap_2'.
Generating RTLIL representation for module `\sky130_fd_sc_hd__lpflow_lsbuf_lh_hl_isowell_tap_4'.
Generating RTLIL representation for module `\sky130_fd_sc_hd__lpflow_lsbuf_lh_isowell_4'.
Generating RTLIL representation for module `\sky130_fd_sc_hd__lpflow_lsbuf_lh_isowell_tap_1'.
Generating RTLIL representation for module `\sky130_fd_sc_hd__lpflow_lsbuf_lh_isowell_tap_2'.
Generating RTLIL representation for module `\sky130_fd_sc_hd__lpflow_lsbuf_lh_isowell_tap_4'.
Generating RTLIL representation for module `\sky130_fd_sc_hd__macro_sparecell'.
Generating RTLIL representation for module `\sky130_fd_sc_hd__maj3_1'.
Generating RTLIL representation for module `\sky130_fd_sc_hd__maj3_2'.
Generating RTLIL representation for module `\sky130_fd_sc_hd__maj3_4'.
Generating RTLIL representation for module `\sky130_fd_sc_hd__mux2_1'.
Generating RTLIL representation for module `\sky130_fd_sc_hd__mux2_2'.
Generating RTLIL representation for module `\sky130_fd_sc_hd__mux2_4'.
Generating RTLIL representation for module `\sky130_fd_sc_hd__mux2_8'.
Generating RTLIL representation for module `\sky130_fd_sc_hd__mux2i_1'.
Generating RTLIL representation for module `\sky130_fd_sc_hd__mux2i_2'.
Generating RTLIL representation for module `\sky130_fd_sc_hd__mux2i_4'.
Generating RTLIL representation for module `\sky130_fd_sc_hd__mux4_1'.
Generating RTLIL representation for module `\sky130_fd_sc_hd__mux4_2'.
Generating RTLIL representation for module `\sky130_fd_sc_hd__mux4_4'.
Generating RTLIL representation for module `\sky130_fd_sc_hd__nand2_1'.
Generating RTLIL representation for module `\sky130_fd_sc_hd__nand2_2'.
Generating RTLIL representation for module `\sky130_fd_sc_hd__nand2_4'.
Generating RTLIL representation for module `\sky130_fd_sc_hd__nand2_8'.
Generating RTLIL representation for module `\sky130_fd_sc_hd__nand2b_1'.
Generating RTLIL representation for module `\sky130_fd_sc_hd__nand2b_2'.
Generating RTLIL representation for module `\sky130_fd_sc_hd__nand2b_4'.
Generating RTLIL representation for module `\sky130_fd_sc_hd__nand3_1'.
Generating RTLIL representation for module `\sky130_fd_sc_hd__nand3_2'.
Generating RTLIL representation for module `\sky130_fd_sc_hd__nand3_4'.
Generating RTLIL representation for module `\sky130_fd_sc_hd__nand3b_1'.
Generating RTLIL representation for module `\sky130_fd_sc_hd__nand3b_2'.
Generating RTLIL representation for module `\sky130_fd_sc_hd__nand3b_4'.
Generating RTLIL representation for module `\sky130_fd_sc_hd__nand4_1'.
Generating RTLIL representation for module `\sky130_fd_sc_hd__nand4_2'.
Generating RTLIL representation for module `\sky130_fd_sc_hd__nand4_4'.
Generating RTLIL representation for module `\sky130_fd_sc_hd__nand4b_1'.
Generating RTLIL representation for module `\sky130_fd_sc_hd__nand4b_2'.
Generating RTLIL representation for module `\sky130_fd_sc_hd__nand4b_4'.
Generating RTLIL representation for module `\sky130_fd_sc_hd__nand4bb_1'.
Generating RTLIL representation for module `\sky130_fd_sc_hd__nand4bb_2'.
Generating RTLIL representation for module `\sky130_fd_sc_hd__nand4bb_4'.
Generating RTLIL representation for module `\sky130_fd_sc_hd__nor2_1'.
Generating RTLIL representation for module `\sky130_fd_sc_hd__nor2_2'.
Generating RTLIL representation for module `\sky130_fd_sc_hd__nor2_4'.
Generating RTLIL representation for module `\sky130_fd_sc_hd__nor2_8'.
Generating RTLIL representation for module `\sky130_fd_sc_hd__nor2b_1'.
Generating RTLIL representation for module `\sky130_fd_sc_hd__nor2b_2'.
Generating RTLIL representation for module `\sky130_fd_sc_hd__nor2b_4'.
Generating RTLIL representation for module `\sky130_fd_sc_hd__nor3_1'.
Generating RTLIL representation for module `\sky130_fd_sc_hd__nor3_2'.
Generating RTLIL representation for module `\sky130_fd_sc_hd__nor3_4'.
Generating RTLIL representation for module `\sky130_fd_sc_hd__nor3b_1'.
Generating RTLIL representation for module `\sky130_fd_sc_hd__nor3b_2'.
Generating RTLIL representation for module `\sky130_fd_sc_hd__nor3b_4'.
Generating RTLIL representation for module `\sky130_fd_sc_hd__nor4_1'.
Generating RTLIL representation for module `\sky130_fd_sc_hd__nor4_2'.
Generating RTLIL representation for module `\sky130_fd_sc_hd__nor4_4'.
Generating RTLIL representation for module `\sky130_fd_sc_hd__nor4b_1'.
Generating RTLIL representation for module `\sky130_fd_sc_hd__nor4b_2'.
Generating RTLIL representation for module `\sky130_fd_sc_hd__nor4b_4'.
Generating RTLIL representation for module `\sky130_fd_sc_hd__nor4bb_1'.
Generating RTLIL representation for module `\sky130_fd_sc_hd__nor4bb_2'.
Generating RTLIL representation for module `\sky130_fd_sc_hd__nor4bb_4'.
Generating RTLIL representation for module `\sky130_fd_sc_hd__o2111a_1'.
Generating RTLIL representation for module `\sky130_fd_sc_hd__o2111a_2'.
Generating RTLIL representation for module `\sky130_fd_sc_hd__o2111a_4'.
Generating RTLIL representation for module `\sky130_fd_sc_hd__o2111ai_1'.
Generating RTLIL representation for module `\sky130_fd_sc_hd__o2111ai_2'.
Generating RTLIL representation for module `\sky130_fd_sc_hd__o2111ai_4'.
Generating RTLIL representation for module `\sky130_fd_sc_hd__o211a_1'.
Generating RTLIL representation for module `\sky130_fd_sc_hd__o211a_2'.
Generating RTLIL representation for module `\sky130_fd_sc_hd__o211a_4'.
Generating RTLIL representation for module `\sky130_fd_sc_hd__o211ai_1'.
Generating RTLIL representation for module `\sky130_fd_sc_hd__o211ai_2'.
Generating RTLIL representation for module `\sky130_fd_sc_hd__o211ai_4'.
Generating RTLIL representation for module `\sky130_fd_sc_hd__o21a_1'.
Generating RTLIL representation for module `\sky130_fd_sc_hd__o21a_2'.
Generating RTLIL representation for module `\sky130_fd_sc_hd__o21a_4'.
Generating RTLIL representation for module `\sky130_fd_sc_hd__o21ai_0'.
Generating RTLIL representation for module `\sky130_fd_sc_hd__o21ai_1'.
Generating RTLIL representation for module `\sky130_fd_sc_hd__o21ai_2'.
Generating RTLIL representation for module `\sky130_fd_sc_hd__o21ai_4'.
Generating RTLIL representation for module `\sky130_fd_sc_hd__o21ba_1'.
Generating RTLIL representation for module `\sky130_fd_sc_hd__o21ba_2'.
Generating RTLIL representation for module `\sky130_fd_sc_hd__o21ba_4'.
Generating RTLIL representation for module `\sky130_fd_sc_hd__o21bai_1'.
Generating RTLIL representation for module `\sky130_fd_sc_hd__o21bai_2'.
Generating RTLIL representation for module `\sky130_fd_sc_hd__o21bai_4'.
Generating RTLIL representation for module `\sky130_fd_sc_hd__o221a_1'.
Generating RTLIL representation for module `\sky130_fd_sc_hd__o221a_2'.
Generating RTLIL representation for module `\sky130_fd_sc_hd__o221a_4'.
Generating RTLIL representation for module `\sky130_fd_sc_hd__o221ai_1'.
Generating RTLIL representation for module `\sky130_fd_sc_hd__o221ai_2'.
Generating RTLIL representation for module `\sky130_fd_sc_hd__o221ai_4'.
Generating RTLIL representation for module `\sky130_fd_sc_hd__o22a_1'.
Generating RTLIL representation for module `\sky130_fd_sc_hd__o22a_2'.
Generating RTLIL representation for module `\sky130_fd_sc_hd__o22a_4'.
Generating RTLIL representation for module `\sky130_fd_sc_hd__o22ai_1'.
Generating RTLIL representation for module `\sky130_fd_sc_hd__o22ai_2'.
Generating RTLIL representation for module `\sky130_fd_sc_hd__o22ai_4'.
Generating RTLIL representation for module `\sky130_fd_sc_hd__o2bb2a_1'.
Generating RTLIL representation for module `\sky130_fd_sc_hd__o2bb2a_2'.
Generating RTLIL representation for module `\sky130_fd_sc_hd__o2bb2a_4'.
Generating RTLIL representation for module `\sky130_fd_sc_hd__o2bb2ai_1'.
Generating RTLIL representation for module `\sky130_fd_sc_hd__o2bb2ai_2'.
Generating RTLIL representation for module `\sky130_fd_sc_hd__o2bb2ai_4'.
Generating RTLIL representation for module `\sky130_fd_sc_hd__o311a_1'.
Generating RTLIL representation for module `\sky130_fd_sc_hd__o311a_2'.
Generating RTLIL representation for module `\sky130_fd_sc_hd__o311a_4'.
Generating RTLIL representation for module `\sky130_fd_sc_hd__o311ai_0'.
Generating RTLIL representation for module `\sky130_fd_sc_hd__o311ai_1'.
Generating RTLIL representation for module `\sky130_fd_sc_hd__o311ai_2'.
Generating RTLIL representation for module `\sky130_fd_sc_hd__o311ai_4'.
Generating RTLIL representation for module `\sky130_fd_sc_hd__o31a_1'.
Generating RTLIL representation for module `\sky130_fd_sc_hd__o31a_2'.
Generating RTLIL representation for module `\sky130_fd_sc_hd__o31a_4'.
Generating RTLIL representation for module `\sky130_fd_sc_hd__o31ai_1'.
Generating RTLIL representation for module `\sky130_fd_sc_hd__o31ai_2'.
Generating RTLIL representation for module `\sky130_fd_sc_hd__o31ai_4'.
Generating RTLIL representation for module `\sky130_fd_sc_hd__o32a_1'.
Generating RTLIL representation for module `\sky130_fd_sc_hd__o32a_2'.
Generating RTLIL representation for module `\sky130_fd_sc_hd__o32a_4'.
Generating RTLIL representation for module `\sky130_fd_sc_hd__o32ai_1'.
Generating RTLIL representation for module `\sky130_fd_sc_hd__o32ai_2'.
Generating RTLIL representation for module `\sky130_fd_sc_hd__o32ai_4'.
Generating RTLIL representation for module `\sky130_fd_sc_hd__o41a_1'.
Generating RTLIL representation for module `\sky130_fd_sc_hd__o41a_2'.
Generating RTLIL representation for module `\sky130_fd_sc_hd__o41a_4'.
Generating RTLIL representation for module `\sky130_fd_sc_hd__o41ai_1'.
Generating RTLIL representation for module `\sky130_fd_sc_hd__o41ai_2'.
Generating RTLIL representation for module `\sky130_fd_sc_hd__o41ai_4'.
Generating RTLIL representation for module `\sky130_fd_sc_hd__or2_0'.
Generating RTLIL representation for module `\sky130_fd_sc_hd__or2_1'.
Generating RTLIL representation for module `\sky130_fd_sc_hd__or2_2'.
Generating RTLIL representation for module `\sky130_fd_sc_hd__or2_4'.
Generating RTLIL representation for module `\sky130_fd_sc_hd__or2b_1'.
Generating RTLIL representation for module `\sky130_fd_sc_hd__or2b_2'.
Generating RTLIL representation for module `\sky130_fd_sc_hd__or2b_4'.
Generating RTLIL representation for module `\sky130_fd_sc_hd__or3_1'.
Generating RTLIL representation for module `\sky130_fd_sc_hd__or3_2'.
Generating RTLIL representation for module `\sky130_fd_sc_hd__or3_4'.
Generating RTLIL representation for module `\sky130_fd_sc_hd__or3b_1'.
Generating RTLIL representation for module `\sky130_fd_sc_hd__or3b_2'.
Generating RTLIL representation for module `\sky130_fd_sc_hd__or3b_4'.
Generating RTLIL representation for module `\sky130_fd_sc_hd__or4_1'.
Generating RTLIL representation for module `\sky130_fd_sc_hd__or4_2'.
Generating RTLIL representation for module `\sky130_fd_sc_hd__or4_4'.
Generating RTLIL representation for module `\sky130_fd_sc_hd__or4b_1'.
Generating RTLIL representation for module `\sky130_fd_sc_hd__or4b_2'.
Generating RTLIL representation for module `\sky130_fd_sc_hd__or4b_4'.
Generating RTLIL representation for module `\sky130_fd_sc_hd__or4bb_1'.
Generating RTLIL representation for module `\sky130_fd_sc_hd__or4bb_2'.
Generating RTLIL representation for module `\sky130_fd_sc_hd__or4bb_4'.
Generating RTLIL representation for module `\sky130_fd_sc_hd__probe_p_8'.
Generating RTLIL representation for module `\sky130_fd_sc_hd__probec_p_8'.
Generating RTLIL representation for module `\sky130_fd_sc_hd__sdfbbn_1'.
Generating RTLIL representation for module `\sky130_fd_sc_hd__sdfbbn_2'.
Generating RTLIL representation for module `\sky130_fd_sc_hd__sdfbbp_1'.
Generating RTLIL representation for module `\sky130_fd_sc_hd__sdfrbp_1'.
Generating RTLIL representation for module `\sky130_fd_sc_hd__sdfrbp_2'.
Generating RTLIL representation for module `\sky130_fd_sc_hd__sdfrtn_1'.
Generating RTLIL representation for module `\sky130_fd_sc_hd__sdfrtp_1'.
Generating RTLIL representation for module `\sky130_fd_sc_hd__sdfrtp_2'.
Generating RTLIL representation for module `\sky130_fd_sc_hd__sdfrtp_4'.
Generating RTLIL representation for module `\sky130_fd_sc_hd__sdfsbp_1'.
Generating RTLIL representation for module `\sky130_fd_sc_hd__sdfsbp_2'.
Generating RTLIL representation for module `\sky130_fd_sc_hd__sdfstp_1'.
Generating RTLIL representation for module `\sky130_fd_sc_hd__sdfstp_2'.
Generating RTLIL representation for module `\sky130_fd_sc_hd__sdfstp_4'.
Generating RTLIL representation for module `\sky130_fd_sc_hd__sdfxbp_1'.
Generating RTLIL representation for module `\sky130_fd_sc_hd__sdfxbp_2'.
Generating RTLIL representation for module `\sky130_fd_sc_hd__sdfxtp_1'.
Generating RTLIL representation for module `\sky130_fd_sc_hd__sdfxtp_2'.
Generating RTLIL representation for module `\sky130_fd_sc_hd__sdfxtp_4'.
Generating RTLIL representation for module `\sky130_fd_sc_hd__sdlclkp_1'.
Generating RTLIL representation for module `\sky130_fd_sc_hd__sdlclkp_2'.
Generating RTLIL representation for module `\sky130_fd_sc_hd__sdlclkp_4'.
Generating RTLIL representation for module `\sky130_fd_sc_hd__sedfxbp_1'.
Generating RTLIL representation for module `\sky130_fd_sc_hd__sedfxbp_2'.
Generating RTLIL representation for module `\sky130_fd_sc_hd__sedfxtp_1'.
Generating RTLIL representation for module `\sky130_fd_sc_hd__sedfxtp_2'.
Generating RTLIL representation for module `\sky130_fd_sc_hd__sedfxtp_4'.
Generating RTLIL representation for module `\sky130_fd_sc_hd__tap_1'.
Generating RTLIL representation for module `\sky130_fd_sc_hd__tap_2'.
Generating RTLIL representation for module `\sky130_fd_sc_hd__tapvgnd2_1'.
Generating RTLIL representation for module `\sky130_fd_sc_hd__tapvgnd_1'.
Generating RTLIL representation for module `\sky130_fd_sc_hd__tapvpwrvgnd_1'.
Generating RTLIL representation for module `\sky130_fd_sc_hd__xnor2_1'.
Generating RTLIL representation for module `\sky130_fd_sc_hd__xnor2_2'.
Generating RTLIL representation for module `\sky130_fd_sc_hd__xnor2_4'.
Generating RTLIL representation for module `\sky130_fd_sc_hd__xnor3_1'.
Generating RTLIL representation for module `\sky130_fd_sc_hd__xnor3_2'.
Generating RTLIL representation for module `\sky130_fd_sc_hd__xnor3_4'.
Generating RTLIL representation for module `\sky130_fd_sc_hd__xor2_1'.
Generating RTLIL representation for module `\sky130_fd_sc_hd__xor2_2'.
Generating RTLIL representation for module `\sky130_fd_sc_hd__xor2_4'.
Generating RTLIL representation for module `\sky130_fd_sc_hd__xor3_1'.
Generating RTLIL representation for module `\sky130_fd_sc_hd__xor3_2'.
Generating RTLIL representation for module `\sky130_fd_sc_hd__xor3_4'.
Successfully finished Verilog frontend.

2. Executing Verilog-2005 frontend: /work/rtl/soc_top.sv
Parsing SystemVerilog input from `/work/rtl/soc_top.sv' to AST representation.
Storing AST representation for module `$abstract\soc_top'.
Successfully finished Verilog frontend.

3. Executing Verilog-2005 frontend: /work/rtl/accelerator/mac_accelerator.sv
Parsing SystemVerilog input from `/work/rtl/accelerator/mac_accelerator.sv' to AST representation.
Storing AST representation for module `$abstract\mac_accelerator'.
Successfully finished Verilog frontend.

4. Executing Verilog-2005 frontend: /work/rtl/bus/interconnect.sv
Parsing SystemVerilog input from `/work/rtl/bus/interconnect.sv' to AST representation.
Storing AST representation for module `$abstract\bus_interconnect'.
Successfully finished Verilog frontend.

5. Executing Verilog-2005 frontend: /work/rtl/cpu/alu.sv
Parsing SystemVerilog input from `/work/rtl/cpu/alu.sv' to AST representation.
Storing AST representation for module `$abstract\alu'.
Successfully finished Verilog frontend.

6. Executing Verilog-2005 frontend: /work/rtl/cpu/control_unit.sv
Parsing SystemVerilog input from `/work/rtl/cpu/control_unit.sv' to AST representation.
Storing AST representation for module `$abstract\control_unit'.
Successfully finished Verilog frontend.

7. Executing Verilog-2005 frontend: /work/rtl/cpu/decoder.sv
Parsing SystemVerilog input from `/work/rtl/cpu/decoder.sv' to AST representation.
Storing AST representation for module `$abstract\decoder'.
Successfully finished Verilog frontend.

8. Executing Verilog-2005 frontend: /work/rtl/cpu/immediate_generator.sv
Parsing SystemVerilog input from `/work/rtl/cpu/immediate_generator.sv' to AST representation.
Storing AST representation for module `$abstract\immediate_generator'.
Successfully finished Verilog frontend.

9. Executing Verilog-2005 frontend: /work/rtl/cpu/pipeline/branch_unit.sv
Parsing SystemVerilog input from `/work/rtl/cpu/pipeline/branch_unit.sv' to AST representation.
Storing AST representation for module `$abstract\branch_unit'.
Successfully finished Verilog frontend.

10. Executing Verilog-2005 frontend: /work/rtl/cpu/pipeline/csr_interrupt.sv
Parsing SystemVerilog input from `/work/rtl/cpu/pipeline/csr_interrupt.sv' to AST representation.
Storing AST representation for module `$abstract\csr_interrupt'.
Successfully finished Verilog frontend.

11. Executing Verilog-2005 frontend: /work/rtl/cpu/pipeline/ex_stage.sv
Parsing SystemVerilog input from `/work/rtl/cpu/pipeline/ex_stage.sv' to AST representation.
Storing AST representation for module `$abstract\ex_stage'.
Successfully finished Verilog frontend.

12. Executing Verilog-2005 frontend: /work/rtl/cpu/pipeline/forwarding_unit.sv
Parsing SystemVerilog input from `/work/rtl/cpu/pipeline/forwarding_unit.sv' to AST representation.
Storing AST representation for module `$abstract\forwarding_unit'.
Successfully finished Verilog frontend.

13. Executing Verilog-2005 frontend: /work/rtl/cpu/pipeline/hazard_detection.sv
Parsing SystemVerilog input from `/work/rtl/cpu/pipeline/hazard_detection.sv' to AST representation.
Storing AST representation for module `$abstract\hazard_detection'.
Successfully finished Verilog frontend.

14. Executing Verilog-2005 frontend: /work/rtl/cpu/pipeline/id_stage.sv
Parsing SystemVerilog input from `/work/rtl/cpu/pipeline/id_stage.sv' to AST representation.
Storing AST representation for module `$abstract\id_stage'.
Successfully finished Verilog frontend.

15. Executing Verilog-2005 frontend: /work/rtl/cpu/pipeline/if_stage.sv
Parsing SystemVerilog input from `/work/rtl/cpu/pipeline/if_stage.sv' to AST representation.
Storing AST representation for module `$abstract\if_stage'.
Successfully finished Verilog frontend.

16. Executing Verilog-2005 frontend: /work/rtl/cpu/pipeline/mem_stage.sv
Parsing SystemVerilog input from `/work/rtl/cpu/pipeline/mem_stage.sv' to AST representation.
Storing AST representation for module `$abstract\mem_stage'.
Successfully finished Verilog frontend.

17. Executing Verilog-2005 frontend: /work/rtl/cpu/pipeline/pipelined_cpu.sv
Parsing SystemVerilog input from `/work/rtl/cpu/pipeline/pipelined_cpu.sv' to AST representation.
Storing AST representation for module `$abstract\pipelined_cpu'.
Successfully finished Verilog frontend.

18. Executing Verilog-2005 frontend: /work/rtl/cpu/pipeline/wb_stage.sv
Parsing SystemVerilog input from `/work/rtl/cpu/pipeline/wb_stage.sv' to AST representation.
Storing AST representation for module `$abstract\wb_stage'.
Successfully finished Verilog frontend.

19. Executing Verilog-2005 frontend: /work/rtl/cpu/pipeline_regs.sv
Parsing SystemVerilog input from `/work/rtl/cpu/pipeline_regs.sv' to AST representation.
Storing AST representation for module `$abstract\pipeline_regs'.
Successfully finished Verilog frontend.

20. Executing Verilog-2005 frontend: /work/rtl/cpu/program_counter.sv
Parsing SystemVerilog input from `/work/rtl/cpu/program_counter.sv' to AST representation.
Storing AST representation for module `$abstract\program_counter'.
Successfully finished Verilog frontend.

21. Executing Verilog-2005 frontend: /work/rtl/cpu/regfile.sv
Parsing SystemVerilog input from `/work/rtl/cpu/regfile.sv' to AST representation.
Storing AST representation for module `$abstract\regfile'.
Successfully finished Verilog frontend.

22. Executing Verilog-2005 frontend: /work/rtl/memory/memory_interface.sv
Parsing SystemVerilog input from `/work/rtl/memory/memory_interface.sv' to AST representation.
Storing AST representation for module `$abstract\memory_interface'.
Successfully finished Verilog frontend.

23. Executing Verilog-2005 frontend: /work/rtl/peripherals/gpio.sv
Parsing SystemVerilog input from `/work/rtl/peripherals/gpio.sv' to AST representation.
Storing AST representation for module `$abstract\gpio'.
Successfully finished Verilog frontend.

24. Executing Verilog-2005 frontend: /work/rtl/peripherals/i2c.sv
Parsing SystemVerilog input from `/work/rtl/peripherals/i2c.sv' to AST representation.
Storing AST representation for module `$abstract\i2c'.
Successfully finished Verilog frontend.

25. Executing Verilog-2005 frontend: /work/rtl/peripherals/spi.sv
Parsing SystemVerilog input from `/work/rtl/peripherals/spi.sv' to AST representation.
Storing AST representation for module `$abstract\spi'.
Successfully finished Verilog frontend.

26. Executing Verilog-2005 frontend: /work/rtl/peripherals/timer.sv
Parsing SystemVerilog input from `/work/rtl/peripherals/timer.sv' to AST representation.
Storing AST representation for module `$abstract\timer'.
Successfully finished Verilog frontend.

27. Executing Verilog-2005 frontend: /work/rtl/peripherals/uart.sv
Parsing SystemVerilog input from `/work/rtl/peripherals/uart.sv' to AST representation.
Storing AST representation for module `$abstract\uart'.
Successfully finished Verilog frontend.

28. Executing HIERARCHY pass (managing design hierarchy).

29. Executing AST frontend in derive mode using pre-parsed AST for module `\soc_top'.
Generating RTLIL representation for module `\soc_top'.

29.1. Analyzing design hierarchy..
Top module:  \soc_top

29.2. Executing AST frontend in derive mode using pre-parsed AST for module `\mac_accelerator'.
Generating RTLIL representation for module `\mac_accelerator'.

29.3. Executing AST frontend in derive mode using pre-parsed AST for module `\timer'.
Generating RTLIL representation for module `\timer'.

29.4. Executing AST frontend in derive mode using pre-parsed AST for module `\gpio'.
Generating RTLIL representation for module `\gpio'.

29.5. Executing AST frontend in derive mode using pre-parsed AST for module `\i2c'.
Generating RTLIL representation for module `\i2c'.

29.6. Executing AST frontend in derive mode using pre-parsed AST for module `\spi'.
Generating RTLIL representation for module `\spi'.

29.7. Executing AST frontend in derive mode using pre-parsed AST for module `\uart'.
Generating RTLIL representation for module `\uart'.

29.8. Executing AST frontend in derive mode using pre-parsed AST for module `\memory_interface'.
Generating RTLIL representation for module `\memory_interface'.

29.9. Executing AST frontend in derive mode using pre-parsed AST for module `\bus_interconnect'.
Generating RTLIL representation for module `\bus_interconnect'.

29.10. Executing AST frontend in derive mode using pre-parsed AST for module `\pipelined_cpu'.
Generating RTLIL representation for module `\pipelined_cpu'.

29.11. Analyzing design hierarchy..
Top module:  \soc_top
Used module:     \mac_accelerator
Used module:     \timer
Used module:     \gpio
Used module:     \i2c
Used module:     \spi
Used module:     \uart
Used module:     \memory_interface
Used module:     \bus_interconnect
Used module:     \pipelined_cpu

29.12. Executing AST frontend in derive mode using pre-parsed AST for module `\wb_stage'.
Generating RTLIL representation for module `\wb_stage'.

29.13. Executing AST frontend in derive mode using pre-parsed AST for module `\mem_stage'.
Generating RTLIL representation for module `\mem_stage'.

29.14. Executing AST frontend in derive mode using pre-parsed AST for module `\pipeline_regs'.
Generating RTLIL representation for module `\pipeline_regs'.

29.15. Executing AST frontend in derive mode using pre-parsed AST for module `\branch_unit'.
Generating RTLIL representation for module `\branch_unit'.

29.16. Executing AST frontend in derive mode using pre-parsed AST for module `\ex_stage'.
Generating RTLIL representation for module `\ex_stage'.

29.17. Executing AST frontend in derive mode using pre-parsed AST for module `\forwarding_unit'.
Generating RTLIL representation for module `\forwarding_unit'.

29.18. Executing AST frontend in derive mode using pre-parsed AST for module `\hazard_detection'.
Generating RTLIL representation for module `\hazard_detection'.

29.19. Executing AST frontend in derive mode using pre-parsed AST for module `\id_stage'.
Generating RTLIL representation for module `\id_stage'.

29.20. Executing AST frontend in derive mode using pre-parsed AST for module `\if_stage'.
Generating RTLIL representation for module `\if_stage'.

29.21. Analyzing design hierarchy..
Top module:  \soc_top
Used module:     \mac_accelerator
Used module:     \timer
Used module:     \gpio
Used module:     \i2c
Used module:     \spi
Used module:     \uart
Used module:     \memory_interface
Used module:     \bus_interconnect
Used module:     \pipelined_cpu
Used module:         \wb_stage
Used module:         \mem_stage
Used module:         \pipeline_regs
Used module:         \branch_unit
Used module:         \ex_stage
Used module:         \forwarding_unit
Used module:         \hazard_detection
Used module:         \id_stage
Used module:         \if_stage

29.22. Executing AST frontend in derive mode using pre-parsed AST for module `\control_unit'.
Generating RTLIL representation for module `\control_unit'.

29.23. Executing AST frontend in derive mode using pre-parsed AST for module `\immediate_generator'.
Generating RTLIL representation for module `\immediate_generator'.

29.24. Executing AST frontend in derive mode using pre-parsed AST for module `\regfile'.
Generating RTLIL representation for module `\regfile'.

29.25. Executing AST frontend in derive mode using pre-parsed AST for module `\alu'.
Generating RTLIL representation for module `\alu'.

29.26. Analyzing design hierarchy..
Top module:  \soc_top
Used module:     \mac_accelerator
Used module:     \timer
Used module:     \gpio
Used module:     \i2c
Used module:     \spi
Used module:     \uart
Used module:     \memory_interface
Used module:     \bus_interconnect
Used module:     \pipelined_cpu
Used module:         \wb_stage
Used module:         \mem_stage
Used module:         \pipeline_regs
Used module:         \branch_unit
Used module:         \ex_stage
Used module:             \alu
Used module:         \forwarding_unit
Used module:         \hazard_detection
Used module:         \id_stage
Used module:             \control_unit
Used module:             \immediate_generator
Used module:             \regfile
Used module:         \if_stage

29.27. Analyzing design hierarchy..
Top module:  \soc_top
Used module:     \mac_accelerator
Used module:     \timer
Used module:     \gpio
Used module:     \i2c
Used module:     \spi
Used module:     \uart
Used module:     \memory_interface
Used module:     \bus_interconnect
Used module:     \pipelined_cpu
Used module:         \wb_stage
Used module:         \mem_stage
Used module:         \pipeline_regs
Used module:         \branch_unit
Used module:         \ex_stage
Used module:             \alu
Used module:         \forwarding_unit
Used module:         \hazard_detection
Used module:         \id_stage
Used module:             \control_unit
Used module:             \immediate_generator
Used module:             \regfile
Used module:         \if_stage
Removing unused module `$abstract\uart'.
Removing unused module `$abstract\timer'.
Removing unused module `$abstract\spi'.
Removing unused module `$abstract\i2c'.
Removing unused module `$abstract\gpio'.
Removing unused module `$abstract\memory_interface'.
Removing unused module `$abstract\regfile'.
Removing unused module `$abstract\program_counter'.
Removing unused module `$abstract\pipeline_regs'.
Removing unused module `$abstract\wb_stage'.
Removing unused module `$abstract\pipelined_cpu'.
Removing unused module `$abstract\mem_stage'.
Removing unused module `$abstract\if_stage'.
Removing unused module `$abstract\id_stage'.
Removing unused module `$abstract\hazard_detection'.
Removing unused module `$abstract\forwarding_unit'.
Removing unused module `$abstract\ex_stage'.
Removing unused module `$abstract\csr_interrupt'.
Removing unused module `$abstract\branch_unit'.
Removing unused module `$abstract\immediate_generator'.
Removing unused module `$abstract\decoder'.
Removing unused module `$abstract\control_unit'.
Removing unused module `$abstract\alu'.
Removing unused module `$abstract\bus_interconnect'.
Removing unused module `$abstract\mac_accelerator'.
Removing unused module `$abstract\soc_top'.
Removed 26 unused modules.
Renaming module soc_top to soc_top.

30. Executing PROC pass (convert processes to netlists).

30.1. Executing PROC_CLEAN pass (remove empty switches from decision trees).
Cleaned up 0 empty switches.

30.2. Executing PROC_RMDEAD pass (remove dead branches from decision trees).
Marked 7 switch rules as full_case in process $proc$/work/rtl/soc_top.sv:0$11 in module soc_top.
Removed 1 dead cases from process $proc$/work/rtl/soc_top.sv:0$9 in module soc_top.
Marked 2 switch rules as full_case in process $proc$/work/rtl/soc_top.sv:0$9 in module soc_top.
Marked 2 switch rules as full_case in process $proc$/work/rtl/soc_top.sv:225$7 in module soc_top.
Marked 2 switch rules as full_case in process $proc$/work/rtl/cpu/pipeline/if_stage.sv:26$1904 in module if_stage.
Marked 1 switch rules as full_case in process $proc$/work/rtl/cpu/pipeline/hazard_detection.sv:0$1641 in module hazard_detection.
Marked 4 switch rules as full_case in process $proc$/work/rtl/cpu/pipeline/forwarding_unit.sv:0$1624 in module forwarding_unit.
Marked 2 switch rules as full_case in process $proc$/work/rtl/cpu/pipeline/branch_unit.sv:0$1617 in module branch_unit.
Marked 5 switch rules as full_case in process $proc$/work/rtl/cpu/pipeline_regs.sv:84$1611 in module pipeline_regs.
Marked 1 switch rules as full_case in process $proc$/work/rtl/cpu/pipeline/mem_stage.sv:0$1096 in module mem_stage.
Marked 1 switch rules as full_case in process $proc$/work/rtl/cpu/pipeline/mem_stage.sv:23$1089 in module mem_stage.
Marked 1 switch rules as full_case in process $proc$/work/rtl/cpu/pipeline/wb_stage.sv:7$830 in module wb_stage.
Marked 2 switch rules as full_case in process $proc$/work/rtl/cpu/pipeline/pipelined_cpu.sv:0$829 in module pipelined_cpu.
Marked 1 switch rules as full_case in process $proc$/work/rtl/cpu/pipeline/pipelined_cpu.sv:0$828 in module pipelined_cpu.
Marked 2 switch rules as full_case in process $proc$/work/rtl/bus/interconnect.sv:14$826 in module bus_interconnect.
Marked 1 switch rules as full_case in process $proc$/work/rtl/memory/memory_interface.sv:0$311 in module memory_interface.
Marked 2 switch rules as full_case in process $proc$/work/rtl/memory/memory_interface.sv:24$301 in module memory_interface.
Marked 1 switch rules as full_case in process $proc$/work/rtl/peripherals/uart.sv:0$41 in module uart.
Marked 2 switch rules as full_case in process $proc$/work/rtl/peripherals/uart.sv:17$39 in module uart.
Marked 1 switch rules as full_case in process $proc$/work/rtl/peripherals/spi.sv:0$36 in module spi.
Marked 1 switch rules as full_case in process $proc$/work/rtl/peripherals/spi.sv:19$34 in module spi.
Marked 1 switch rules as full_case in process $proc$/work/rtl/peripherals/i2c.sv:0$31 in module i2c.
Marked 2 switch rules as full_case in process $proc$/work/rtl/peripherals/i2c.sv:18$27 in module i2c.
Marked 1 switch rules as full_case in process $proc$/work/rtl/peripherals/gpio.sv:0$24 in module gpio.
Marked 1 switch rules as full_case in process $proc$/work/rtl/peripherals/gpio.sv:14$22 in module gpio.
Marked 1 switch rules as full_case in process $proc$/work/rtl/peripherals/timer.sv:0$19 in module timer.
Marked 1 switch rules as full_case in process $proc$/work/rtl/peripherals/timer.sv:17$15 in module timer.
Marked 1 switch rules as full_case in process $proc$/work/rtl/accelerator/mac_accelerator.sv:14$12 in module mac_accelerator.
Marked 1 switch rules as full_case in process $proc$/work/rtl/cpu/control_unit.sv:0$2423 in module control_unit.
Marked 1 switch rules as full_case in process $proc$/work/rtl/cpu/alu.sv:0$2539 in module alu.
Marked 2 switch rules as full_case in process $proc$/work/rtl/cpu/regfile.sv:0$2534 in module regfile.
Marked 2 switch rules as full_case in process $proc$/work/rtl/cpu/regfile.sv:20$2458 in module regfile.
Marked 1 switch rules as full_case in process $proc$/work/rtl/cpu/immediate_generator.sv:0$2424 in module immediate_generator.
Removed a total of 1 dead cases.

30.3. Executing PROC_PRUNE pass (remove redundant assignments in processes).
Removed 25 redundant assignments.
Promoted 859 assignments to connections.

30.4. Executing PROC_INIT pass (extract init attributes).

30.5. Executing PROC_ARST pass (detect async resets in processes).
Found async reset \rst in `\soc_top.$proc$/work/rtl/soc_top.sv:225$7'.
Found async reset \reset in `\uart.$proc$/work/rtl/peripherals/uart.sv:17$39'.
Found async reset \reset in `\spi.$proc$/work/rtl/peripherals/spi.sv:19$34'.
Found async reset \reset in `\i2c.$proc$/work/rtl/peripherals/i2c.sv:18$27'.
Found async reset \reset in `\gpio.$proc$/work/rtl/peripherals/gpio.sv:14$22'.
Found async reset \reset in `\timer.$proc$/work/rtl/peripherals/timer.sv:17$15'.
Found async reset \reset in `\mac_accelerator.$proc$/work/rtl/accelerator/mac_accelerator.sv:14$12'.

30.6. Executing PROC_ROM pass (convert switches to ROMs).
Converted 0 switches.
<suppressed ~58 debug messages>

30.7. Executing PROC_MUX pass (convert decision trees to multiplexers).
Creating decoders for process `\soc_top.$proc$/work/rtl/soc_top.sv:0$11'.
     1/7: $7\mem_read_data[31:0]
     2/7: $6\mem_read_data[31:0]
     3/7: $5\mem_read_data[31:0]
     4/7: $4\mem_read_data[31:0]
     5/7: $3\mem_read_data[31:0]
     6/7: $2\mem_read_data[31:0]
     7/7: $1\mem_read_data[31:0]
Creating decoders for process `\soc_top.$proc$/work/rtl/soc_top.sv:0$9'.
     1/2: $2\accel_read_data[31:0]
     2/2: $1\accel_read_data[31:0]
Creating decoders for process `\soc_top.$proc$/work/rtl/soc_top.sv:225$7'.
     1/4: $0\mac_start[0:0]
     2/4: $0\mac_c[31:0]
     3/4: $0\mac_b[31:0]
     4/4: $0\mac_a[31:0]
Creating decoders for process `\if_stage.$proc$/work/rtl/cpu/pipeline/if_stage.sv:0$2166'.
Creating decoders for process `\if_stage.$proc$/work/rtl/cpu/pipeline/if_stage.sv:0$1908'.
Creating decoders for process `\if_stage.$proc$/work/rtl/cpu/pipeline/if_stage.sv:0$1906'.
Creating decoders for process `\if_stage.$proc$/work/rtl/cpu/pipeline/if_stage.sv:26$1904'.
     1/1: $0\pc[31:0]
Creating decoders for process `\hazard_detection.$proc$/work/rtl/cpu/pipeline/hazard_detection.sv:0$1641'.
     1/3: $1\control_stall[0:0]
     2/3: $1\if_id_write[0:0]
     3/3: $1\pc_write[0:0]
Creating decoders for process `\forwarding_unit.$proc$/work/rtl/cpu/pipeline/forwarding_unit.sv:0$1624'.
     1/4: $2\forward_b[1:0]
     2/4: $1\forward_b[1:0]
     3/4: $2\forward_a[1:0]
     4/4: $1\forward_a[1:0]
Creating decoders for process `\branch_unit.$proc$/work/rtl/cpu/pipeline/branch_unit.sv:0$1617'.
     1/4: $2\branch_target[31:0]
     2/4: $2\branch_taken[0:0]
     3/4: $1\branch_target[31:0]
     4/4: $1\branch_taken[0:0]
Creating decoders for process `\pipeline_regs.$proc$/work/rtl/cpu/pipeline_regs.sv:84$1611'.
     1/30: $0\wb_mem_to_reg[0:0]
     2/30: $0\wb_reg_write[0:0]
     3/30: $0\wb_rd[4:0]
     4/30: $0\wb_alu_result[31:0]
     5/30: $0\wb_read_data[31:0]
     6/30: $0\mem_mem_to_reg[0:0]
     7/30: $0\mem_mem_write[0:0]
     8/30: $0\mem_mem_read[0:0]
     9/30: $0\mem_reg_write[0:0]
    10/30: $0\mem_rd[4:0]
    11/30: $0\mem_store_data[31:0]
    12/30: $0\mem_alu_result[31:0]
    13/30: $0\ex_alu_control[3:0]
    14/30: $0\ex_jump[0:0]
    15/30: $0\ex_branch[0:0]
    16/30: $0\ex_alu_src[0:0]
    17/30: $0\ex_mem_to_reg[0:0]
    18/30: $0\ex_mem_write[0:0]
    19/30: $0\ex_mem_read[0:0]
    20/30: $0\ex_reg_write[0:0]
    21/30: $0\id_instr[31:0]
    22/30: $0\ex_pc[31:0]
    23/30: $0\ex_immediate[31:0]
    24/30: $0\ex_rs2_data[31:0]
    25/30: $0\ex_rs1_data[31:0]
    26/30: $0\ex_rd[4:0]
    27/30: $0\ex_rs2[4:0]
    28/30: $0\ex_rs1[4:0]
    29/30: $0\id_pc_plus4[31:0]
    30/30: $0\id_pc[31:0]
Creating decoders for process `\mem_stage.$proc$/work/rtl/cpu/pipeline/mem_stage.sv:0$1354'.
Creating decoders for process `\mem_stage.$proc$/work/rtl/cpu/pipeline/mem_stage.sv:0$1096'.
     1/1: $1\read_data[31:0]
Creating decoders for process `\mem_stage.$proc$/work/rtl/cpu/pipeline/mem_stage.sv:23$1089'.
     1/3: $1$memwr$\data_memory$/work/rtl/cpu/pipeline/mem_stage.sv:26$1088_EN[31:0]$1095
     2/3: $1$memwr$\data_memory$/work/rtl/cpu/pipeline/mem_stage.sv:26$1088_DATA[31:0]$1094
     3/3: $1$memwr$\data_memory$/work/rtl/cpu/pipeline/mem_stage.sv:26$1088_ADDR[7:0]$1093
Creating decoders for process `\wb_stage.$proc$/work/rtl/cpu/pipeline/wb_stage.sv:7$830'.
     1/1: $1\write_data[31:0]
Creating decoders for process `\pipelined_cpu.$proc$/work/rtl/cpu/pipeline/pipelined_cpu.sv:0$829'.
     1/2: $1\ex_forward_b[31:0]
     2/2: $1\ex_forward_a[31:0]
Creating decoders for process `\pipelined_cpu.$proc$/work/rtl/cpu/pipeline/pipelined_cpu.sv:0$828'.
     1/1: $1\id_alu_control[3:0]
Creating decoders for process `\bus_interconnect.$proc$/work/rtl/bus/interconnect.sv:14$826'.
     1/14: $2\ram_sel[0:0]
     2/14: $2\accel_sel[0:0]
     3/14: $2\timer_sel[0:0]
     4/14: $2\gpio_sel[0:0]
     5/14: $2\i2c_sel[0:0]
     6/14: $2\spi_sel[0:0]
     7/14: $2\uart_sel[0:0]
     8/14: $1\accel_sel[0:0]
     9/14: $1\timer_sel[0:0]
    10/14: $1\gpio_sel[0:0]
    11/14: $1\i2c_sel[0:0]
    12/14: $1\spi_sel[0:0]
    13/14: $1\uart_sel[0:0]
    14/14: $1\ram_sel[0:0]
Creating decoders for process `\memory_interface.$proc$/work/rtl/memory/memory_interface.sv:0$569'.
Creating decoders for process `\memory_interface.$proc$/work/rtl/memory/memory_interface.sv:0$311'.
     1/1: $1\read_data[31:0]
Creating decoders for process `\memory_interface.$proc$/work/rtl/memory/memory_interface.sv:24$301'.
     1/7: $2$memwr$\memory$/work/rtl/memory/memory_interface.sv:35$300_EN[31:0]$310
     2/7: $2$memwr$\memory$/work/rtl/memory/memory_interface.sv:35$300_DATA[31:0]$309
     3/7: $2$memwr$\memory$/work/rtl/memory/memory_interface.sv:35$300_ADDR[7:0]$308
     4/7: $0\ready[0:0]
     5/7: $1$memwr$\memory$/work/rtl/memory/memory_interface.sv:35$300_EN[31:0]$307
     6/7: $1$memwr$\memory$/work/rtl/memory/memory_interface.sv:35$300_DATA[31:0]$306
     7/7: $1$memwr$\memory$/work/rtl/memory/memory_interface.sv:35$300_ADDR[7:0]$305
Creating decoders for process `\uart.$proc$/work/rtl/peripherals/uart.sv:0$41'.
     1/2: $1\rdata[8:0] [8]
     2/2: $1\rdata[8:0] [7:0]
Creating decoders for process `\uart.$proc$/work/rtl/peripherals/uart.sv:17$39'.
     1/2: $0\tx_busy[0:0]
     2/2: $0\tx_data[7:0]
Creating decoders for process `\spi.$proc$/work/rtl/peripherals/spi.sv:0$36'.
     1/1: $1\rdata[7:0]
Creating decoders for process `\spi.$proc$/work/rtl/peripherals/spi.sv:19$34'.
     1/2: $0\rx_data[7:0]
     2/2: $0\tx_data[7:0]
Creating decoders for process `\i2c.$proc$/work/rtl/peripherals/i2c.sv:0$31'.
     1/1: $1\rdata[7:0]
Creating decoders for process `\i2c.$proc$/work/rtl/peripherals/i2c.sv:18$27'.
     1/2: $0\rx_data[7:0]
     2/2: $0\tx_data[7:0]
Creating decoders for process `\gpio.$proc$/work/rtl/peripherals/gpio.sv:0$24'.
     1/1: $1\rdata[7:0]
Creating decoders for process `\gpio.$proc$/work/rtl/peripherals/gpio.sv:14$22'.
     1/1: $0\gpio_out[7:0]
Creating decoders for process `\timer.$proc$/work/rtl/peripherals/timer.sv:0$19'.
     1/1: $1\rdata[31:0]
Creating decoders for process `\timer.$proc$/work/rtl/peripherals/timer.sv:17$15'.
     1/4: $0\irq[0:0]
     2/4: $0\enable[0:0]
     3/4: $0\compare[31:0]
     4/4: $0\counter[31:0]
Creating decoders for process `\mac_accelerator.$proc$/work/rtl/accelerator/mac_accelerator.sv:14$12'.
     1/2: $0\done[0:0]
     2/2: $0\result[63:0]
Creating decoders for process `\control_unit.$proc$/work/rtl/cpu/control_unit.sv:0$2423'.
     1/8: $1\alu_op[1:0]
     2/8: $1\alu_src[0:0]
     3/8: $1\reg_write[0:0]
     4/8: $1\jump[0:0]
     5/8: $1\branch[0:0]
     6/8: $1\mem_to_reg[0:0]
     7/8: $1\mem_write[0:0]
     8/8: $1\mem_read[0:0]
Creating decoders for process `\alu.$proc$/work/rtl/cpu/alu.sv:0$2539'.
     1/1: $1\result[31:0]
Creating decoders for process `\regfile.$proc$/work/rtl/cpu/regfile.sv:0$2534'.
     1/2: $1\rs2_data[31:0]
     2/2: $1\rs1_data[31:0]
Creating decoders for process `\regfile.$proc$/work/rtl/cpu/regfile.sv:20$2458'.
     1/39: $2$memwr$\regs$/work/rtl/cpu/regfile.sv:27$2457_EN[31:0]$2533
     2/39: $2$memwr$\regs$/work/rtl/cpu/regfile.sv:27$2457_DATA[31:0]$2532
     3/39: $2$memwr$\regs$/work/rtl/cpu/regfile.sv:27$2457_ADDR[4:0]$2531
     4/39: $1\i[31:0]
     5/39: $1$memwr$\regs$/work/rtl/cpu/regfile.sv:23$2456_EN[31:0]$2525
     6/39: $1$memwr$\regs$/work/rtl/cpu/regfile.sv:23$2455_EN[31:0]$2524
     7/39: $1$memwr$\regs$/work/rtl/cpu/regfile.sv:23$2454_EN[31:0]$2523
     8/39: $1$memwr$\regs$/work/rtl/cpu/regfile.sv:23$2453_EN[31:0]$2522
     9/39: $1$memwr$\regs$/work/rtl/cpu/regfile.sv:23$2452_EN[31:0]$2521
    10/39: $1$memwr$\regs$/work/rtl/cpu/regfile.sv:23$2451_EN[31:0]$2520
    11/39: $1$memwr$\regs$/work/rtl/cpu/regfile.sv:23$2450_EN[31:0]$2519
    12/39: $1$memwr$\regs$/work/rtl/cpu/regfile.sv:23$2449_EN[31:0]$2518
    13/39: $1$memwr$\regs$/work/rtl/cpu/regfile.sv:23$2448_EN[31:0]$2517
    14/39: $1$memwr$\regs$/work/rtl/cpu/regfile.sv:23$2447_EN[31:0]$2516
    15/39: $1$memwr$\regs$/work/rtl/cpu/regfile.sv:23$2446_EN[31:0]$2515
    16/39: $1$memwr$\regs$/work/rtl/cpu/regfile.sv:23$2445_EN[31:0]$2514
    17/39: $1$memwr$\regs$/work/rtl/cpu/regfile.sv:23$2444_EN[31:0]$2513
    18/39: $1$memwr$\regs$/work/rtl/cpu/regfile.sv:23$2443_EN[31:0]$2512
    19/39: $1$memwr$\regs$/work/rtl/cpu/regfile.sv:23$2442_EN[31:0]$2511
    20/39: $1$memwr$\regs$/work/rtl/cpu/regfile.sv:23$2441_EN[31:0]$2510
    21/39: $1$memwr$\regs$/work/rtl/cpu/regfile.sv:23$2440_EN[31:0]$2509
    22/39: $1$memwr$\regs$/work/rtl/cpu/regfile.sv:23$2439_EN[31:0]$2508
    23/39: $1$memwr$\regs$/work/rtl/cpu/regfile.sv:23$2438_EN[31:0]$2507
    24/39: $1$memwr$\regs$/work/rtl/cpu/regfile.sv:23$2437_EN[31:0]$2506
    25/39: $1$memwr$\regs$/work/rtl/cpu/regfile.sv:23$2436_EN[31:0]$2505
    26/39: $1$memwr$\regs$/work/rtl/cpu/regfile.sv:23$2435_EN[31:0]$2504
    27/39: $1$memwr$\regs$/work/rtl/cpu/regfile.sv:23$2434_EN[31:0]$2503
    28/39: $1$memwr$\regs$/work/rtl/cpu/regfile.sv:23$2433_EN[31:0]$2502
    29/39: $1$memwr$\regs$/work/rtl/cpu/regfile.sv:23$2432_EN[31:0]$2501
    30/39: $1$memwr$\regs$/work/rtl/cpu/regfile.sv:23$2431_EN[31:0]$2500
    31/39: $1$memwr$\regs$/work/rtl/cpu/regfile.sv:23$2430_EN[31:0]$2499
    32/39: $1$memwr$\regs$/work/rtl/cpu/regfile.sv:23$2429_EN[31:0]$2498
    33/39: $1$memwr$\regs$/work/rtl/cpu/regfile.sv:23$2428_EN[31:0]$2497
    34/39: $1$memwr$\regs$/work/rtl/cpu/regfile.sv:23$2427_EN[31:0]$2496
    35/39: $1$memwr$\regs$/work/rtl/cpu/regfile.sv:23$2426_EN[31:0]$2495
    36/39: $1$memwr$\regs$/work/rtl/cpu/regfile.sv:23$2425_EN[31:0]$2494
    37/39: $1$memwr$\regs$/work/rtl/cpu/regfile.sv:27$2457_EN[31:0]$2528
    38/39: $1$memwr$\regs$/work/rtl/cpu/regfile.sv:27$2457_DATA[31:0]$2527
    39/39: $1$memwr$\regs$/work/rtl/cpu/regfile.sv:27$2457_ADDR[4:0]$2526
Creating decoders for process `\immediate_generator.$proc$/work/rtl/cpu/immediate_generator.sv:0$2424'.
     1/1: $1\immediate[31:0]

30.8. Executing PROC_DLATCH pass (convert process syncs to latches).
No latch inferred for signal `\soc_top.\mem_read_data' from process `\soc_top.$proc$/work/rtl/soc_top.sv:0$11'.
No latch inferred for signal `\soc_top.\accel_read_data' from process `\soc_top.$proc$/work/rtl/soc_top.sv:0$9'.
No latch inferred for signal `\if_stage.\i' from process `\if_stage.$proc$/work/rtl/cpu/pipeline/if_stage.sv:0$2166'.
No latch inferred for signal `\if_stage.$memwr$\instruction_memory$/work/rtl/cpu/pipeline/if_stage.sv:22$1648_EN' from process `\if_stage.$proc$/work/rtl/cpu/pipeline/if_stage.sv:0$2166'.
No latch inferred for signal `\if_stage.$memwr$\instruction_memory$/work/rtl/cpu/pipeline/if_stage.sv:22$1649_EN' from process `\if_stage.$proc$/work/rtl/cpu/pipeline/if_stage.sv:0$2166'.
No latch inferred for signal `\if_stage.$memwr$\instruction_memory$/work/rtl/cpu/pipeline/if_stage.sv:22$1650_EN' from process `\if_stage.$proc$/work/rtl/cpu/pipeline/if_stage.sv:0$2166'.
No latch inferred for signal `\if_stage.$memwr$\instruction_memory$/work/rtl/cpu/pipeline/if_stage.sv:22$1651_EN' from process `\if_stage.$proc$/work/rtl/cpu/pipeline/if_stage.sv:0$2166'.
No latch inferred for signal `\if_stage.$memwr$\instruction_memory$/work/rtl/cpu/pipeline/if_stage.sv:22$1652_EN' from process `\if_stage.$proc$/work/rtl/cpu/pipeline/if_stage.sv:0$2166'.
No latch inferred for signal `\if_stage.$memwr$\instruction_memory$/work/rtl/cpu/pipeline/if_stage.sv:22$1653_EN' from process `\if_stage.$proc$/work/rtl/cpu/pipeline/if_stage.sv:0$2166'.
No latch inferred for signal `\if_stage.$memwr$\instruction_memory$/work/rtl/cpu/pipeline/if_stage.sv:22$1654_EN' from process `\if_stage.$proc$/work/rtl/cpu/pipeline/if_stage.sv:0$2166'.
No latch inferred for signal `\if_stage.$memwr$\instruction_memory$/work/rtl/cpu/pipeline/if_stage.sv:22$1655_EN' from process `\if_stage.$proc$/work/rtl/cpu/pipeline/if_stage.sv:0$2166'.
No latch inferred for signal `\if_stage.$memwr$\instruction_memory$/work/rtl/cpu/pipeline/if_stage.sv:22$1656_EN' from process `\if_stage.$proc$/work/rtl/cpu/pipeline/if_stage.sv:0$2166'.
No latch inferred for signal `\if_stage.$memwr$\instruction_memory$/work/rtl/cpu/pipeline/if_stage.sv:22$1657_EN' from process `\if_stage.$proc$/work/rtl/cpu/pipeline/if_stage.sv:0$2166'.
No latch inferred for signal `\if_stage.$memwr$\instruction_memory$/work/rtl/cpu/pipeline/if_stage.sv:22$1658_EN' from process `\if_stage.$proc$/work/rtl/cpu/pipeline/if_stage.sv:0$2166'.
No latch inferred for signal `\if_stage.$memwr$\instruction_memory$/work/rtl/cpu/pipeline/if_stage.sv:22$1659_EN' from process `\if_stage.$proc$/work/rtl/cpu/pipeline/if_stage.sv:0$2166'.
No latch inferred for signal `\if_stage.$memwr$\instruction_memory$/work/rtl/cpu/pipeline/if_stage.sv:22$1660_EN' from process `\if_stage.$proc$/work/rtl/cpu/pipeline/if_stage.sv:0$2166'.
No latch inferred for signal `\if_stage.$memwr$\instruction_memory$/work/rtl/cpu/pipeline/if_stage.sv:22$1661_EN' from process `\if_stage.$proc$/work/rtl/cpu/pipeline/if_stage.sv:0$2166'.
No latch inferred for signal `\if_stage.$memwr$\instruction_memory$/work/rtl/cpu/pipeline/if_stage.sv:22$1662_EN' from process `\if_stage.$proc$/work/rtl/cpu/pipeline/if_stage.sv:0$2166'.
No latch inferred for signal `\if_stage.$memwr$\instruction_memory$/work/rtl/cpu/pipeline/if_stage.sv:22$1663_EN' from process `\if_stage.$proc$/work/rtl/cpu/pipeline/if_stage.sv:0$2166'.
No latch inferred for signal `\if_stage.$memwr$\instruction_memory$/work/rtl/cpu/pipeline/if_stage.sv:22$1664_EN' from process `\if_stage.$proc$/work/rtl/cpu/pipeline/if_stage.sv:0$2166'.
No latch inferred for signal `\if_stage.$memwr$\instruction_memory$/work/rtl/cpu/pipeline/if_stage.sv:22$1665_EN' from process `\if_stage.$proc$/work/rtl/cpu/pipeline/if_stage.sv:0$2166'.
No latch inferred for signal `\if_stage.$memwr$\instruction_memory$/work/rtl/cpu/pipeline/if_stage.sv:22$1666_EN' from process `\if_stage.$proc$/work/rtl/cpu/pipeline/if_stage.sv:0$2166'.
No latch inferred for signal `\if_stage.$memwr$\instruction_memory$/work/rtl/cpu/pipeline/if_stage.sv:22$1667_EN' from process `\if_stage.$proc$/work/rtl/cpu/pipeline/if_stage.sv:0$2166'.
No latch inferred for signal `\if_stage.$memwr$\instruction_memory$/work/rtl/cpu/pipeline/if_stage.sv:22$1668_EN' from process `\if_stage.$proc$/work/rtl/cpu/pipeline/if_stage.sv:0$2166'.
No latch inferred for signal `\if_stage.$memwr$\instruction_memory$/work/rtl/cpu/pipeline/if_stage.sv:22$1669_EN' from process `\if_stage.$proc$/work/rtl/cpu/pipeline/if_stage.sv:0$2166'.
No latch inferred for signal `\if_stage.$memwr$\instruction_memory$/work/rtl/cpu/pipeline/if_stage.sv:22$1670_EN' from process `\if_stage.$proc$/work/rtl/cpu/pipeline/if_stage.sv:0$2166'.
No latch inferred for signal `\if_stage.$memwr$\instruction_memory$/work/rtl/cpu/pipeline/if_stage.sv:22$1671_EN' from process `\if_stage.$proc$/work/rtl/cpu/pipeline/if_stage.sv:0$2166'.
No latch inferred for signal `\if_stage.$memwr$\instruction_memory$/work/rtl/cpu/pipeline/if_stage.sv:22$1672_EN' from process `\if_stage.$proc$/work/rtl/cpu/pipeline/if_stage.sv:0$2166'.
No latch inferred for signal `\if_stage.$memwr$\instruction_memory$/work/rtl/cpu/pipeline/if_stage.sv:22$1673_EN' from process `\if_stage.$proc$/work/rtl/cpu/pipeline/if_stage.sv:0$2166'.
No latch inferred for signal `\if_stage.$memwr$\instruction_memory$/work/rtl/cpu/pipeline/if_stage.sv:22$1674_EN' from process `\if_stage.$proc$/work/rtl/cpu/pipeline/if_stage.sv:0$2166'.
No latch inferred for signal `\if_stage.$memwr$\instruction_memory$/work/rtl/cpu/pipeline/if_stage.sv:22$1675_EN' from process `\if_stage.$proc$/work/rtl/cpu/pipeline/if_stage.sv:0$2166'.
No latch inferred for signal `\if_stage.$memwr$\instruction_memory$/work/rtl/cpu/pipeline/if_stage.sv:22$1676_EN' from process `\if_stage.$proc$/work/rtl/cpu/pipeline/if_stage.sv:0$2166'.
No latch inferred for signal `\if_stage.$memwr$\instruction_memory$/work/rtl/cpu/pipeline/if_stage.sv:22$1677_EN' from process `\if_stage.$proc$/work/rtl/cpu/pipeline/if_stage.sv:0$2166'.
No latch inferred for signal `\if_stage.$memwr$\instruction_memory$/work/rtl/cpu/pipeline/if_stage.sv:22$1678_EN' from process `\if_stage.$proc$/work/rtl/cpu/pipeline/if_stage.sv:0$2166'.
No latch inferred for signal `\if_stage.$memwr$\instruction_memory$/work/rtl/cpu/pipeline/if_stage.sv:22$1679_EN' from process `\if_stage.$proc$/work/rtl/cpu/pipeline/if_stage.sv:0$2166'.
No latch inferred for signal `\if_stage.$memwr$\instruction_memory$/work/rtl/cpu/pipeline/if_stage.sv:22$1680_EN' from process `\if_stage.$proc$/work/rtl/cpu/pipeline/if_stage.sv:0$2166'.
No latch inferred for signal `\if_stage.$memwr$\instruction_memory$/work/rtl/cpu/pipeline/if_stage.sv:22$1681_EN' from process `\if_stage.$proc$/work/rtl/cpu/pipeline/if_stage.sv:0$2166'.
No latch inferred for signal `\if_stage.$memwr$\instruction_memory$/work/rtl/cpu/pipeline/if_stage.sv:22$1682_EN' from process `\if_stage.$proc$/work/rtl/cpu/pipeline/if_stage.sv:0$2166'.
No latch inferred for signal `\if_stage.$memwr$\instruction_memory$/work/rtl/cpu/pipeline/if_stage.sv:22$1683_EN' from process `\if_stage.$proc$/work/rtl/cpu/pipeline/if_stage.sv:0$2166'.
No latch inferred for signal `\if_stage.$memwr$\instruction_memory$/work/rtl/cpu/pipeline/if_stage.sv:22$1684_EN' from process `\if_stage.$proc$/work/rtl/cpu/pipeline/if_stage.sv:0$2166'.
No latch inferred for signal `\if_stage.$memwr$\instruction_memory$/work/rtl/cpu/pipeline/if_stage.sv:22$1685_EN' from process `\if_stage.$proc$/work/rtl/cpu/pipeline/if_stage.sv:0$2166'.
No latch inferred for signal `\if_stage.$memwr$\instruction_memory$/work/rtl/cpu/pipeline/if_stage.sv:22$1686_EN' from process `\if_stage.$proc$/work/rtl/cpu/pipeline/if_stage.sv:0$2166'.
No latch inferred for signal `\if_stage.$memwr$\instruction_memory$/work/rtl/cpu/pipeline/if_stage.sv:22$1687_EN' from process `\if_stage.$proc$/work/rtl/cpu/pipeline/if_stage.sv:0$2166'.
No latch inferred for signal `\if_stage.$memwr$\instruction_memory$/work/rtl/cpu/pipeline/if_stage.sv:22$1688_EN' from process `\if_stage.$proc$/work/rtl/cpu/pipeline/if_stage.sv:0$2166'.
No latch inferred for signal `\if_stage.$memwr$\instruction_memory$/work/rtl/cpu/pipeline/if_stage.sv:22$1689_EN' from process `\if_stage.$proc$/work/rtl/cpu/pipeline/if_stage.sv:0$2166'.
No latch inferred for signal `\if_stage.$memwr$\instruction_memory$/work/rtl/cpu/pipeline/if_stage.sv:22$1690_EN' from process `\if_stage.$proc$/work/rtl/cpu/pipeline/if_stage.sv:0$2166'.
No latch inferred for signal `\if_stage.$memwr$\instruction_memory$/work/rtl/cpu/pipeline/if_stage.sv:22$1691_EN' from process `\if_stage.$proc$/work/rtl/cpu/pipeline/if_stage.sv:0$2166'.
No latch inferred for signal `\if_stage.$memwr$\instruction_memory$/work/rtl/cpu/pipeline/if_stage.sv:22$1692_EN' from process `\if_stage.$proc$/work/rtl/cpu/pipeline/if_stage.sv:0$2166'.
No latch inferred for signal `\if_stage.$memwr$\instruction_memory$/work/rtl/cpu/pipeline/if_stage.sv:22$1693_EN' from process `\if_stage.$proc$/work/rtl/cpu/pipeline/if_stage.sv:0$2166'.
No latch inferred for signal `\if_stage.$memwr$\instruction_memory$/work/rtl/cpu/pipeline/if_stage.sv:22$1694_EN' from process `\if_stage.$proc$/work/rtl/cpu/pipeline/if_stage.sv:0$2166'.
No latch inferred for signal `\if_stage.$memwr$\instruction_memory$/work/rtl/cpu/pipeline/if_stage.sv:22$1695_EN' from process `\if_stage.$proc$/work/rtl/cpu/pipeline/if_stage.sv:0$2166'.
No latch inferred for signal `\if_stage.$memwr$\instruction_memory$/work/rtl/cpu/pipeline/if_stage.sv:22$1696_EN' from process `\if_stage.$proc$/work/rtl/cpu/pipeline/if_stage.sv:0$2166'.
No latch inferred for signal `\if_stage.$memwr$\instruction_memory$/work/rtl/cpu/pipeline/if_stage.sv:22$1697_EN' from process `\if_stage.$proc$/work/rtl/cpu/pipeline/if_stage.sv:0$2166'.
No latch inferred for signal `\if_stage.$memwr$\instruction_memory$/work/rtl/cpu/pipeline/if_stage.sv:22$1698_EN' from process `\if_stage.$proc$/work/rtl/cpu/pipeline/if_stage.sv:0$2166'.
No latch inferred for signal `\if_stage.$memwr$\instruction_memory$/work/rtl/cpu/pipeline/if_stage.sv:22$1699_EN' from process `\if_stage.$proc$/work/rtl/cpu/pipeline/if_stage.sv:0$2166'.
No latch inferred for signal `\if_stage.$memwr$\instruction_memory$/work/rtl/cpu/pipeline/if_stage.sv:22$1700_EN' from process `\if_stage.$proc$/work/rtl/cpu/pipeline/if_stage.sv:0$2166'.
No latch inferred for signal `\if_stage.$memwr$\instruction_memory$/work/rtl/cpu/pipeline/if_stage.sv:22$1701_EN' from process `\if_stage.$proc$/work/rtl/cpu/pipeline/if_stage.sv:0$2166'.
No latch inferred for signal `\if_stage.$memwr$\instruction_memory$/work/rtl/cpu/pipeline/if_stage.sv:22$1702_EN' from process `\if_stage.$proc$/work/rtl/cpu/pipeline/if_stage.sv:0$2166'.
No latch inferred for signal `\if_stage.$memwr$\instruction_memory$/work/rtl/cpu/pipeline/if_stage.sv:22$1703_EN' from process `\if_stage.$proc$/work/rtl/cpu/pipeline/if_stage.sv:0$2166'.
No latch inferred for signal `\if_stage.$memwr$\instruction_memory$/work/rtl/cpu/pipeline/if_stage.sv:22$1704_EN' from process `\if_stage.$proc$/work/rtl/cpu/pipeline/if_stage.sv:0$2166'.
No latch inferred for signal `\if_stage.$memwr$\instruction_memory$/work/rtl/cpu/pipeline/if_stage.sv:22$1705_EN' from process `\if_stage.$proc$/work/rtl/cpu/pipeline/if_stage.sv:0$2166'.
No latch inferred for signal `\if_stage.$memwr$\instruction_memory$/work/rtl/cpu/pipeline/if_stage.sv:22$1706_EN' from process `\if_stage.$proc$/work/rtl/cpu/pipeline/if_stage.sv:0$2166'.
No latch inferred for signal `\if_stage.$memwr$\instruction_memory$/work/rtl/cpu/pipeline/if_stage.sv:22$1707_EN' from process `\if_stage.$proc$/work/rtl/cpu/pipeline/if_stage.sv:0$2166'.
No latch inferred for signal `\if_stage.$memwr$\instruction_memory$/work/rtl/cpu/pipeline/if_stage.sv:22$1708_EN' from process `\if_stage.$proc$/work/rtl/cpu/pipeline/if_stage.sv:0$2166'.
No latch inferred for signal `\if_stage.$memwr$\instruction_memory$/work/rtl/cpu/pipeline/if_stage.sv:22$1709_EN' from process `\if_stage.$proc$/work/rtl/cpu/pipeline/if_stage.sv:0$2166'.
No latch inferred for signal `\if_stage.$memwr$\instruction_memory$/work/rtl/cpu/pipeline/if_stage.sv:22$1710_EN' from process `\if_stage.$proc$/work/rtl/cpu/pipeline/if_stage.sv:0$2166'.
No latch inferred for signal `\if_stage.$memwr$\instruction_memory$/work/rtl/cpu/pipeline/if_stage.sv:22$1711_EN' from process `\if_stage.$proc$/work/rtl/cpu/pipeline/if_stage.sv:0$2166'.
No latch inferred for signal `\if_stage.$memwr$\instruction_memory$/work/rtl/cpu/pipeline/if_stage.sv:22$1712_EN' from process `\if_stage.$proc$/work/rtl/cpu/pipeline/if_stage.sv:0$2166'.
No latch inferred for signal `\if_stage.$memwr$\instruction_memory$/work/rtl/cpu/pipeline/if_stage.sv:22$1713_EN' from process `\if_stage.$proc$/work/rtl/cpu/pipeline/if_stage.sv:0$2166'.
No latch inferred for signal `\if_stage.$memwr$\instruction_memory$/work/rtl/cpu/pipeline/if_stage.sv:22$1714_EN' from process `\if_stage.$proc$/work/rtl/cpu/pipeline/if_stage.sv:0$2166'.
No latch inferred for signal `\if_stage.$memwr$\instruction_memory$/work/rtl/cpu/pipeline/if_stage.sv:22$1715_EN' from process `\if_stage.$proc$/work/rtl/cpu/pipeline/if_stage.sv:0$2166'.
No latch inferred for signal `\if_stage.$memwr$\instruction_memory$/work/rtl/cpu/pipeline/if_stage.sv:22$1716_EN' from process `\if_stage.$proc$/work/rtl/cpu/pipeline/if_stage.sv:0$2166'.
No latch inferred for signal `\if_stage.$memwr$\instruction_memory$/work/rtl/cpu/pipeline/if_stage.sv:22$1717_EN' from process `\if_stage.$proc$/work/rtl/cpu/pipeline/if_stage.sv:0$2166'.
No latch inferred for signal `\if_stage.$memwr$\instruction_memory$/work/rtl/cpu/pipeline/if_stage.sv:22$1718_EN' from process `\if_stage.$proc$/work/rtl/cpu/pipeline/if_stage.sv:0$2166'.
No latch inferred for signal `\if_stage.$memwr$\instruction_memory$/work/rtl/cpu/pipeline/if_stage.sv:22$1719_EN' from process `\if_stage.$proc$/work/rtl/cpu/pipeline/if_stage.sv:0$2166'.
No latch inferred for signal `\if_stage.$memwr$\instruction_memory$/work/rtl/cpu/pipeline/if_stage.sv:22$1720_EN' from process `\if_stage.$proc$/work/rtl/cpu/pipeline/if_stage.sv:0$2166'.
No latch inferred for signal `\if_stage.$memwr$\instruction_memory$/work/rtl/cpu/pipeline/if_stage.sv:22$1721_EN' from process `\if_stage.$proc$/work/rtl/cpu/pipeline/if_stage.sv:0$2166'.
No latch inferred for signal `\if_stage.$memwr$\instruction_memory$/work/rtl/cpu/pipeline/if_stage.sv:22$1722_EN' from process `\if_stage.$proc$/work/rtl/cpu/pipeline/if_stage.sv:0$2166'.
No latch inferred for signal `\if_stage.$memwr$\instruction_memory$/work/rtl/cpu/pipeline/if_stage.sv:22$1723_EN' from process `\if_stage.$proc$/work/rtl/cpu/pipeline/if_stage.sv:0$2166'.
No latch inferred for signal `\if_stage.$memwr$\instruction_memory$/work/rtl/cpu/pipeline/if_stage.sv:22$1724_EN' from process `\if_stage.$proc$/work/rtl/cpu/pipeline/if_stage.sv:0$2166'.
No latch inferred for signal `\if_stage.$memwr$\instruction_memory$/work/rtl/cpu/pipeline/if_stage.sv:22$1725_EN' from process `\if_stage.$proc$/work/rtl/cpu/pipeline/if_stage.sv:0$2166'.
No latch inferred for signal `\if_stage.$memwr$\instruction_memory$/work/rtl/cpu/pipeline/if_stage.sv:22$1726_EN' from process `\if_stage.$proc$/work/rtl/cpu/pipeline/if_stage.sv:0$2166'.
No latch inferred for signal `\if_stage.$memwr$\instruction_memory$/work/rtl/cpu/pipeline/if_stage.sv:22$1727_EN' from process `\if_stage.$proc$/work/rtl/cpu/pipeline/if_stage.sv:0$2166'.
No latch inferred for signal `\if_stage.$memwr$\instruction_memory$/work/rtl/cpu/pipeline/if_stage.sv:22$1728_EN' from process `\if_stage.$proc$/work/rtl/cpu/pipeline/if_stage.sv:0$2166'.
No latch inferred for signal `\if_stage.$memwr$\instruction_memory$/work/rtl/cpu/pipeline/if_stage.sv:22$1729_EN' from process `\if_stage.$proc$/work/rtl/cpu/pipeline/if_stage.sv:0$2166'.
No latch inferred for signal `\if_stage.$memwr$\instruction_memory$/work/rtl/cpu/pipeline/if_stage.sv:22$1730_EN' from process `\if_stage.$proc$/work/rtl/cpu/pipeline/if_stage.sv:0$2166'.
No latch inferred for signal `\if_stage.$memwr$\instruction_memory$/work/rtl/cpu/pipeline/if_stage.sv:22$1731_EN' from process `\if_stage.$proc$/work/rtl/cpu/pipeline/if_stage.sv:0$2166'.
No latch inferred for signal `\if_stage.$memwr$\instruction_memory$/work/rtl/cpu/pipeline/if_stage.sv:22$1732_EN' from process `\if_stage.$proc$/work/rtl/cpu/pipeline/if_stage.sv:0$2166'.
No latch inferred for signal `\if_stage.$memwr$\instruction_memory$/work/rtl/cpu/pipeline/if_stage.sv:22$1733_EN' from process `\if_stage.$proc$/work/rtl/cpu/pipeline/if_stage.sv:0$2166'.
No latch inferred for signal `\if_stage.$memwr$\instruction_memory$/work/rtl/cpu/pipeline/if_stage.sv:22$1734_EN' from process `\if_stage.$proc$/work/rtl/cpu/pipeline/if_stage.sv:0$2166'.
No latch inferred for signal `\if_stage.$memwr$\instruction_memory$/work/rtl/cpu/pipeline/if_stage.sv:22$1735_EN' from process `\if_stage.$proc$/work/rtl/cpu/pipeline/if_stage.sv:0$2166'.
No latch inferred for signal `\if_stage.$memwr$\instruction_memory$/work/rtl/cpu/pipeline/if_stage.sv:22$1736_EN' from process `\if_stage.$proc$/work/rtl/cpu/pipeline/if_stage.sv:0$2166'.
No latch inferred for signal `\if_stage.$memwr$\instruction_memory$/work/rtl/cpu/pipeline/if_stage.sv:22$1737_EN' from process `\if_stage.$proc$/work/rtl/cpu/pipeline/if_stage.sv:0$2166'.
No latch inferred for signal `\if_stage.$memwr$\instruction_memory$/work/rtl/cpu/pipeline/if_stage.sv:22$1738_EN' from process `\if_stage.$proc$/work/rtl/cpu/pipeline/if_stage.sv:0$2166'.
No latch inferred for signal `\if_stage.$memwr$\instruction_memory$/work/rtl/cpu/pipeline/if_stage.sv:22$1739_EN' from process `\if_stage.$proc$/work/rtl/cpu/pipeline/if_stage.sv:0$2166'.
No latch inferred for signal `\if_stage.$memwr$\instruction_memory$/work/rtl/cpu/pipeline/if_stage.sv:22$1740_EN' from process `\if_stage.$proc$/work/rtl/cpu/pipeline/if_stage.sv:0$2166'.
No latch inferred for signal `\if_stage.$memwr$\instruction_memory$/work/rtl/cpu/pipeline/if_stage.sv:22$1741_EN' from process `\if_stage.$proc$/work/rtl/cpu/pipeline/if_stage.sv:0$2166'.
No latch inferred for signal `\if_stage.$memwr$\instruction_memory$/work/rtl/cpu/pipeline/if_stage.sv:22$1742_EN' from process `\if_stage.$proc$/work/rtl/cpu/pipeline/if_stage.sv:0$2166'.
No latch inferred for signal `\if_stage.$memwr$\instruction_memory$/work/rtl/cpu/pipeline/if_stage.sv:22$1743_EN' from process `\if_stage.$proc$/work/rtl/cpu/pipeline/if_stage.sv:0$2166'.
No latch inferred for signal `\if_stage.$memwr$\instruction_memory$/work/rtl/cpu/pipeline/if_stage.sv:22$1744_EN' from process `\if_stage.$proc$/work/rtl/cpu/pipeline/if_stage.sv:0$2166'.
No latch inferred for signal `\if_stage.$memwr$\instruction_memory$/work/rtl/cpu/pipeline/if_stage.sv:22$1745_EN' from process `\if_stage.$proc$/work/rtl/cpu/pipeline/if_stage.sv:0$2166'.
No latch inferred for signal `\if_stage.$memwr$\instruction_memory$/work/rtl/cpu/pipeline/if_stage.sv:22$1746_EN' from process `\if_stage.$proc$/work/rtl/cpu/pipeline/if_stage.sv:0$2166'.
No latch inferred for signal `\if_stage.$memwr$\instruction_memory$/work/rtl/cpu/pipeline/if_stage.sv:22$1747_EN' from process `\if_stage.$proc$/work/rtl/cpu/pipeline/if_stage.sv:0$2166'.
No latch inferred for signal `\if_stage.$memwr$\instruction_memory$/work/rtl/cpu/pipeline/if_stage.sv:22$1748_EN' from process `\if_stage.$proc$/work/rtl/cpu/pipeline/if_stage.sv:0$2166'.
No latch inferred for signal `\if_stage.$memwr$\instruction_memory$/work/rtl/cpu/pipeline/if_stage.sv:22$1749_EN' from process `\if_stage.$proc$/work/rtl/cpu/pipeline/if_stage.sv:0$2166'.
No latch inferred for signal `\if_stage.$memwr$\instruction_memory$/work/rtl/cpu/pipeline/if_stage.sv:22$1750_EN' from process `\if_stage.$proc$/work/rtl/cpu/pipeline/if_stage.sv:0$2166'.
No latch inferred for signal `\if_stage.$memwr$\instruction_memory$/work/rtl/cpu/pipeline/if_stage.sv:22$1751_EN' from process `\if_stage.$proc$/work/rtl/cpu/pipeline/if_stage.sv:0$2166'.
No latch inferred for signal `\if_stage.$memwr$\instruction_memory$/work/rtl/cpu/pipeline/if_stage.sv:22$1752_EN' from process `\if_stage.$proc$/work/rtl/cpu/pipeline/if_stage.sv:0$2166'.
No latch inferred for signal `\if_stage.$memwr$\instruction_memory$/work/rtl/cpu/pipeline/if_stage.sv:22$1753_EN' from process `\if_stage.$proc$/work/rtl/cpu/pipeline/if_stage.sv:0$2166'.
No latch inferred for signal `\if_stage.$memwr$\instruction_memory$/work/rtl/cpu/pipeline/if_stage.sv:22$1754_EN' from process `\if_stage.$proc$/work/rtl/cpu/pipeline/if_stage.sv:0$2166'.
No latch inferred for signal `\if_stage.$memwr$\instruction_memory$/work/rtl/cpu/pipeline/if_stage.sv:22$1755_EN' from process `\if_stage.$proc$/work/rtl/cpu/pipeline/if_stage.sv:0$2166'.
No latch inferred for signal `\if_stage.$memwr$\instruction_memory$/work/rtl/cpu/pipeline/if_stage.sv:22$1756_EN' from process `\if_stage.$proc$/work/rtl/cpu/pipeline/if_stage.sv:0$2166'.
No latch inferred for signal `\if_stage.$memwr$\instruction_memory$/work/rtl/cpu/pipeline/if_stage.sv:22$1757_EN' from process `\if_stage.$proc$/work/rtl/cpu/pipeline/if_stage.sv:0$2166'.
No latch inferred for signal `\if_stage.$memwr$\instruction_memory$/work/rtl/cpu/pipeline/if_stage.sv:22$1758_EN' from process `\if_stage.$proc$/work/rtl/cpu/pipeline/if_stage.sv:0$2166'.
No latch inferred for signal `\if_stage.$memwr$\instruction_memory$/work/rtl/cpu/pipeline/if_stage.sv:22$1759_EN' from process `\if_stage.$proc$/work/rtl/cpu/pipeline/if_stage.sv:0$2166'.
No latch inferred for signal `\if_stage.$memwr$\instruction_memory$/work/rtl/cpu/pipeline/if_stage.sv:22$1760_EN' from process `\if_stage.$proc$/work/rtl/cpu/pipeline/if_stage.sv:0$2166'.
No latch inferred for signal `\if_stage.$memwr$\instruction_memory$/work/rtl/cpu/pipeline/if_stage.sv:22$1761_EN' from process `\if_stage.$proc$/work/rtl/cpu/pipeline/if_stage.sv:0$2166'.
No latch inferred for signal `\if_stage.$memwr$\instruction_memory$/work/rtl/cpu/pipeline/if_stage.sv:22$1762_EN' from process `\if_stage.$proc$/work/rtl/cpu/pipeline/if_stage.sv:0$2166'.
No latch inferred for signal `\if_stage.$memwr$\instruction_memory$/work/rtl/cpu/pipeline/if_stage.sv:22$1763_EN' from process `\if_stage.$proc$/work/rtl/cpu/pipeline/if_stage.sv:0$2166'.
No latch inferred for signal `\if_stage.$memwr$\instruction_memory$/work/rtl/cpu/pipeline/if_stage.sv:22$1764_EN' from process `\if_stage.$proc$/work/rtl/cpu/pipeline/if_stage.sv:0$2166'.
No latch inferred for signal `\if_stage.$memwr$\instruction_memory$/work/rtl/cpu/pipeline/if_stage.sv:22$1765_EN' from process `\if_stage.$proc$/work/rtl/cpu/pipeline/if_stage.sv:0$2166'.
No latch inferred for signal `\if_stage.$memwr$\instruction_memory$/work/rtl/cpu/pipeline/if_stage.sv:22$1766_EN' from process `\if_stage.$proc$/work/rtl/cpu/pipeline/if_stage.sv:0$2166'.
No latch inferred for signal `\if_stage.$memwr$\instruction_memory$/work/rtl/cpu/pipeline/if_stage.sv:22$1767_EN' from process `\if_stage.$proc$/work/rtl/cpu/pipeline/if_stage.sv:0$2166'.
No latch inferred for signal `\if_stage.$memwr$\instruction_memory$/work/rtl/cpu/pipeline/if_stage.sv:22$1768_EN' from process `\if_stage.$proc$/work/rtl/cpu/pipeline/if_stage.sv:0$2166'.
No latch inferred for signal `\if_stage.$memwr$\instruction_memory$/work/rtl/cpu/pipeline/if_stage.sv:22$1769_EN' from process `\if_stage.$proc$/work/rtl/cpu/pipeline/if_stage.sv:0$2166'.
No latch inferred for signal `\if_stage.$memwr$\instruction_memory$/work/rtl/cpu/pipeline/if_stage.sv:22$1770_EN' from process `\if_stage.$proc$/work/rtl/cpu/pipeline/if_stage.sv:0$2166'.
No latch inferred for signal `\if_stage.$memwr$\instruction_memory$/work/rtl/cpu/pipeline/if_stage.sv:22$1771_EN' from process `\if_stage.$proc$/work/rtl/cpu/pipeline/if_stage.sv:0$2166'.
No latch inferred for signal `\if_stage.$memwr$\instruction_memory$/work/rtl/cpu/pipeline/if_stage.sv:22$1772_EN' from process `\if_stage.$proc$/work/rtl/cpu/pipeline/if_stage.sv:0$2166'.
No latch inferred for signal `\if_stage.$memwr$\instruction_memory$/work/rtl/cpu/pipeline/if_stage.sv:22$1773_EN' from process `\if_stage.$proc$/work/rtl/cpu/pipeline/if_stage.sv:0$2166'.
No latch inferred for signal `\if_stage.$memwr$\instruction_memory$/work/rtl/cpu/pipeline/if_stage.sv:22$1774_EN' from process `\if_stage.$proc$/work/rtl/cpu/pipeline/if_stage.sv:0$2166'.
No latch inferred for signal `\if_stage.$memwr$\instruction_memory$/work/rtl/cpu/pipeline/if_stage.sv:22$1775_EN' from process `\if_stage.$proc$/work/rtl/cpu/pipeline/if_stage.sv:0$2166'.
No latch inferred for signal `\if_stage.$memwr$\instruction_memory$/work/rtl/cpu/pipeline/if_stage.sv:22$1776_EN' from process `\if_stage.$proc$/work/rtl/cpu/pipeline/if_stage.sv:0$2166'.
No latch inferred for signal `\if_stage.$memwr$\instruction_memory$/work/rtl/cpu/pipeline/if_stage.sv:22$1777_EN' from process `\if_stage.$proc$/work/rtl/cpu/pipeline/if_stage.sv:0$2166'.
No latch inferred for signal `\if_stage.$memwr$\instruction_memory$/work/rtl/cpu/pipeline/if_stage.sv:22$1778_EN' from process `\if_stage.$proc$/work/rtl/cpu/pipeline/if_stage.sv:0$2166'.
No latch inferred for signal `\if_stage.$memwr$\instruction_memory$/work/rtl/cpu/pipeline/if_stage.sv:22$1779_EN' from process `\if_stage.$proc$/work/rtl/cpu/pipeline/if_stage.sv:0$2166'.
No latch inferred for signal `\if_stage.$memwr$\instruction_memory$/work/rtl/cpu/pipeline/if_stage.sv:22$1780_EN' from process `\if_stage.$proc$/work/rtl/cpu/pipeline/if_stage.sv:0$2166'.
No latch inferred for signal `\if_stage.$memwr$\instruction_memory$/work/rtl/cpu/pipeline/if_stage.sv:22$1781_EN' from process `\if_stage.$proc$/work/rtl/cpu/pipeline/if_stage.sv:0$2166'.
No latch inferred for signal `\if_stage.$memwr$\instruction_memory$/work/rtl/cpu/pipeline/if_stage.sv:22$1782_EN' from process `\if_stage.$proc$/work/rtl/cpu/pipeline/if_stage.sv:0$2166'.
No latch inferred for signal `\if_stage.$memwr$\instruction_memory$/work/rtl/cpu/pipeline/if_stage.sv:22$1783_EN' from process `\if_stage.$proc$/work/rtl/cpu/pipeline/if_stage.sv:0$2166'.
No latch inferred for signal `\if_stage.$memwr$\instruction_memory$/work/rtl/cpu/pipeline/if_stage.sv:22$1784_EN' from process `\if_stage.$proc$/work/rtl/cpu/pipeline/if_stage.sv:0$2166'.
No latch inferred for signal `\if_stage.$memwr$\instruction_memory$/work/rtl/cpu/pipeline/if_stage.sv:22$1785_EN' from process `\if_stage.$proc$/work/rtl/cpu/pipeline/if_stage.sv:0$2166'.
No latch inferred for signal `\if_stage.$memwr$\instruction_memory$/work/rtl/cpu/pipeline/if_stage.sv:22$1786_EN' from process `\if_stage.$proc$/work/rtl/cpu/pipeline/if_stage.sv:0$2166'.
No latch inferred for signal `\if_stage.$memwr$\instruction_memory$/work/rtl/cpu/pipeline/if_stage.sv:22$1787_EN' from process `\if_stage.$proc$/work/rtl/cpu/pipeline/if_stage.sv:0$2166'.
No latch inferred for signal `\if_stage.$memwr$\instruction_memory$/work/rtl/cpu/pipeline/if_stage.sv:22$1788_EN' from process `\if_stage.$proc$/work/rtl/cpu/pipeline/if_stage.sv:0$2166'.
No latch inferred for signal `\if_stage.$memwr$\instruction_memory$/work/rtl/cpu/pipeline/if_stage.sv:22$1789_EN' from process `\if_stage.$proc$/work/rtl/cpu/pipeline/if_stage.sv:0$2166'.
No latch inferred for signal `\if_stage.$memwr$\instruction_memory$/work/rtl/cpu/pipeline/if_stage.sv:22$1790_EN' from process `\if_stage.$proc$/work/rtl/cpu/pipeline/if_stage.sv:0$2166'.
No latch inferred for signal `\if_stage.$memwr$\instruction_memory$/work/rtl/cpu/pipeline/if_stage.sv:22$1791_EN' from process `\if_stage.$proc$/work/rtl/cpu/pipeline/if_stage.sv:0$2166'.
No latch inferred for signal `\if_stage.$memwr$\instruction_memory$/work/rtl/cpu/pipeline/if_stage.sv:22$1792_EN' from process `\if_stage.$proc$/work/rtl/cpu/pipeline/if_stage.sv:0$2166'.
No latch inferred for signal `\if_stage.$memwr$\instruction_memory$/work/rtl/cpu/pipeline/if_stage.sv:22$1793_EN' from process `\if_stage.$proc$/work/rtl/cpu/pipeline/if_stage.sv:0$2166'.
No latch inferred for signal `\if_stage.$memwr$\instruction_memory$/work/rtl/cpu/pipeline/if_stage.sv:22$1794_EN' from process `\if_stage.$proc$/work/rtl/cpu/pipeline/if_stage.sv:0$2166'.
No latch inferred for signal `\if_stage.$memwr$\instruction_memory$/work/rtl/cpu/pipeline/if_stage.sv:22$1795_EN' from process `\if_stage.$proc$/work/rtl/cpu/pipeline/if_stage.sv:0$2166'.
No latch inferred for signal `\if_stage.$memwr$\instruction_memory$/work/rtl/cpu/pipeline/if_stage.sv:22$1796_EN' from process `\if_stage.$proc$/work/rtl/cpu/pipeline/if_stage.sv:0$2166'.
No latch inferred for signal `\if_stage.$memwr$\instruction_memory$/work/rtl/cpu/pipeline/if_stage.sv:22$1797_EN' from process `\if_stage.$proc$/work/rtl/cpu/pipeline/if_stage.sv:0$2166'.
No latch inferred for signal `\if_stage.$memwr$\instruction_memory$/work/rtl/cpu/pipeline/if_stage.sv:22$1798_EN' from process `\if_stage.$proc$/work/rtl/cpu/pipeline/if_stage.sv:0$2166'.
No latch inferred for signal `\if_stage.$memwr$\instruction_memory$/work/rtl/cpu/pipeline/if_stage.sv:22$1799_EN' from process `\if_stage.$proc$/work/rtl/cpu/pipeline/if_stage.sv:0$2166'.
No latch inferred for signal `\if_stage.$memwr$\instruction_memory$/work/rtl/cpu/pipeline/if_stage.sv:22$1800_EN' from process `\if_stage.$proc$/work/rtl/cpu/pipeline/if_stage.sv:0$2166'.
No latch inferred for signal `\if_stage.$memwr$\instruction_memory$/work/rtl/cpu/pipeline/if_stage.sv:22$1801_EN' from process `\if_stage.$proc$/work/rtl/cpu/pipeline/if_stage.sv:0$2166'.
No latch inferred for signal `\if_stage.$memwr$\instruction_memory$/work/rtl/cpu/pipeline/if_stage.sv:22$1802_EN' from process `\if_stage.$proc$/work/rtl/cpu/pipeline/if_stage.sv:0$2166'.
No latch inferred for signal `\if_stage.$memwr$\instruction_memory$/work/rtl/cpu/pipeline/if_stage.sv:22$1803_EN' from process `\if_stage.$proc$/work/rtl/cpu/pipeline/if_stage.sv:0$2166'.
No latch inferred for signal `\if_stage.$memwr$\instruction_memory$/work/rtl/cpu/pipeline/if_stage.sv:22$1804_EN' from process `\if_stage.$proc$/work/rtl/cpu/pipeline/if_stage.sv:0$2166'.
No latch inferred for signal `\if_stage.$memwr$\instruction_memory$/work/rtl/cpu/pipeline/if_stage.sv:22$1805_EN' from process `\if_stage.$proc$/work/rtl/cpu/pipeline/if_stage.sv:0$2166'.
No latch inferred for signal `\if_stage.$memwr$\instruction_memory$/work/rtl/cpu/pipeline/if_stage.sv:22$1806_EN' from process `\if_stage.$proc$/work/rtl/cpu/pipeline/if_stage.sv:0$2166'.
No latch inferred for signal `\if_stage.$memwr$\instruction_memory$/work/rtl/cpu/pipeline/if_stage.sv:22$1807_EN' from process `\if_stage.$proc$/work/rtl/cpu/pipeline/if_stage.sv:0$2166'.
No latch inferred for signal `\if_stage.$memwr$\instruction_memory$/work/rtl/cpu/pipeline/if_stage.sv:22$1808_EN' from process `\if_stage.$proc$/work/rtl/cpu/pipeline/if_stage.sv:0$2166'.
No latch inferred for signal `\if_stage.$memwr$\instruction_memory$/work/rtl/cpu/pipeline/if_stage.sv:22$1809_EN' from process `\if_stage.$proc$/work/rtl/cpu/pipeline/if_stage.sv:0$2166'.
No latch inferred for signal `\if_stage.$memwr$\instruction_memory$/work/rtl/cpu/pipeline/if_stage.sv:22$1810_EN' from process `\if_stage.$proc$/work/rtl/cpu/pipeline/if_stage.sv:0$2166'.
No latch inferred for signal `\if_stage.$memwr$\instruction_memory$/work/rtl/cpu/pipeline/if_stage.sv:22$1811_EN' from process `\if_stage.$proc$/work/rtl/cpu/pipeline/if_stage.sv:0$2166'.
No latch inferred for signal `\if_stage.$memwr$\instruction_memory$/work/rtl/cpu/pipeline/if_stage.sv:22$1812_EN' from process `\if_stage.$proc$/work/rtl/cpu/pipeline/if_stage.sv:0$2166'.
No latch inferred for signal `\if_stage.$memwr$\instruction_memory$/work/rtl/cpu/pipeline/if_stage.sv:22$1813_EN' from process `\if_stage.$proc$/work/rtl/cpu/pipeline/if_stage.sv:0$2166'.
No latch inferred for signal `\if_stage.$memwr$\instruction_memory$/work/rtl/cpu/pipeline/if_stage.sv:22$1814_EN' from process `\if_stage.$proc$/work/rtl/cpu/pipeline/if_stage.sv:0$2166'.
No latch inferred for signal `\if_stage.$memwr$\instruction_memory$/work/rtl/cpu/pipeline/if_stage.sv:22$1815_EN' from process `\if_stage.$proc$/work/rtl/cpu/pipeline/if_stage.sv:0$2166'.
No latch inferred for signal `\if_stage.$memwr$\instruction_memory$/work/rtl/cpu/pipeline/if_stage.sv:22$1816_EN' from process `\if_stage.$proc$/work/rtl/cpu/pipeline/if_stage.sv:0$2166'.
No latch inferred for signal `\if_stage.$memwr$\instruction_memory$/work/rtl/cpu/pipeline/if_stage.sv:22$1817_EN' from process `\if_stage.$proc$/work/rtl/cpu/pipeline/if_stage.sv:0$2166'.
No latch inferred for signal `\if_stage.$memwr$\instruction_memory$/work/rtl/cpu/pipeline/if_stage.sv:22$1818_EN' from process `\if_stage.$proc$/work/rtl/cpu/pipeline/if_stage.sv:0$2166'.
No latch inferred for signal `\if_stage.$memwr$\instruction_memory$/work/rtl/cpu/pipeline/if_stage.sv:22$1819_EN' from process `\if_stage.$proc$/work/rtl/cpu/pipeline/if_stage.sv:0$2166'.
No latch inferred for signal `\if_stage.$memwr$\instruction_memory$/work/rtl/cpu/pipeline/if_stage.sv:22$1820_EN' from process `\if_stage.$proc$/work/rtl/cpu/pipeline/if_stage.sv:0$2166'.
No latch inferred for signal `\if_stage.$memwr$\instruction_memory$/work/rtl/cpu/pipeline/if_stage.sv:22$1821_EN' from process `\if_stage.$proc$/work/rtl/cpu/pipeline/if_stage.sv:0$2166'.
No latch inferred for signal `\if_stage.$memwr$\instruction_memory$/work/rtl/cpu/pipeline/if_stage.sv:22$1822_EN' from process `\if_stage.$proc$/work/rtl/cpu/pipeline/if_stage.sv:0$2166'.
No latch inferred for signal `\if_stage.$memwr$\instruction_memory$/work/rtl/cpu/pipeline/if_stage.sv:22$1823_EN' from process `\if_stage.$proc$/work/rtl/cpu/pipeline/if_stage.sv:0$2166'.
No latch inferred for signal `\if_stage.$memwr$\instruction_memory$/work/rtl/cpu/pipeline/if_stage.sv:22$1824_EN' from process `\if_stage.$proc$/work/rtl/cpu/pipeline/if_stage.sv:0$2166'.
No latch inferred for signal `\if_stage.$memwr$\instruction_memory$/work/rtl/cpu/pipeline/if_stage.sv:22$1825_EN' from process `\if_stage.$proc$/work/rtl/cpu/pipeline/if_stage.sv:0$2166'.
No latch inferred for signal `\if_stage.$memwr$\instruction_memory$/work/rtl/cpu/pipeline/if_stage.sv:22$1826_EN' from process `\if_stage.$proc$/work/rtl/cpu/pipeline/if_stage.sv:0$2166'.
No latch inferred for signal `\if_stage.$memwr$\instruction_memory$/work/rtl/cpu/pipeline/if_stage.sv:22$1827_EN' from process `\if_stage.$proc$/work/rtl/cpu/pipeline/if_stage.sv:0$2166'.
No latch inferred for signal `\if_stage.$memwr$\instruction_memory$/work/rtl/cpu/pipeline/if_stage.sv:22$1828_EN' from process `\if_stage.$proc$/work/rtl/cpu/pipeline/if_stage.sv:0$2166'.
No latch inferred for signal `\if_stage.$memwr$\instruction_memory$/work/rtl/cpu/pipeline/if_stage.sv:22$1829_EN' from process `\if_stage.$proc$/work/rtl/cpu/pipeline/if_stage.sv:0$2166'.
No latch inferred for signal `\if_stage.$memwr$\instruction_memory$/work/rtl/cpu/pipeline/if_stage.sv:22$1830_EN' from process `\if_stage.$proc$/work/rtl/cpu/pipeline/if_stage.sv:0$2166'.
No latch inferred for signal `\if_stage.$memwr$\instruction_memory$/work/rtl/cpu/pipeline/if_stage.sv:22$1831_EN' from process `\if_stage.$proc$/work/rtl/cpu/pipeline/if_stage.sv:0$2166'.
No latch inferred for signal `\if_stage.$memwr$\instruction_memory$/work/rtl/cpu/pipeline/if_stage.sv:22$1832_EN' from process `\if_stage.$proc$/work/rtl/cpu/pipeline/if_stage.sv:0$2166'.
No latch inferred for signal `\if_stage.$memwr$\instruction_memory$/work/rtl/cpu/pipeline/if_stage.sv:22$1833_EN' from process `\if_stage.$proc$/work/rtl/cpu/pipeline/if_stage.sv:0$2166'.
No latch inferred for signal `\if_stage.$memwr$\instruction_memory$/work/rtl/cpu/pipeline/if_stage.sv:22$1834_EN' from process `\if_stage.$proc$/work/rtl/cpu/pipeline/if_stage.sv:0$2166'.
No latch inferred for signal `\if_stage.$memwr$\instruction_memory$/work/rtl/cpu/pipeline/if_stage.sv:22$1835_EN' from process `\if_stage.$proc$/work/rtl/cpu/pipeline/if_stage.sv:0$2166'.
No latch inferred for signal `\if_stage.$memwr$\instruction_memory$/work/rtl/cpu/pipeline/if_stage.sv:22$1836_EN' from process `\if_stage.$proc$/work/rtl/cpu/pipeline/if_stage.sv:0$2166'.
No latch inferred for signal `\if_stage.$memwr$\instruction_memory$/work/rtl/cpu/pipeline/if_stage.sv:22$1837_EN' from process `\if_stage.$proc$/work/rtl/cpu/pipeline/if_stage.sv:0$2166'.
No latch inferred for signal `\if_stage.$memwr$\instruction_memory$/work/rtl/cpu/pipeline/if_stage.sv:22$1838_EN' from process `\if_stage.$proc$/work/rtl/cpu/pipeline/if_stage.sv:0$2166'.
No latch inferred for signal `\if_stage.$memwr$\instruction_memory$/work/rtl/cpu/pipeline/if_stage.sv:22$1839_EN' from process `\if_stage.$proc$/work/rtl/cpu/pipeline/if_stage.sv:0$2166'.
No latch inferred for signal `\if_stage.$memwr$\instruction_memory$/work/rtl/cpu/pipeline/if_stage.sv:22$1840_EN' from process `\if_stage.$proc$/work/rtl/cpu/pipeline/if_stage.sv:0$2166'.
No latch inferred for signal `\if_stage.$memwr$\instruction_memory$/work/rtl/cpu/pipeline/if_stage.sv:22$1841_EN' from process `\if_stage.$proc$/work/rtl/cpu/pipeline/if_stage.sv:0$2166'.
No latch inferred for signal `\if_stage.$memwr$\instruction_memory$/work/rtl/cpu/pipeline/if_stage.sv:22$1842_EN' from process `\if_stage.$proc$/work/rtl/cpu/pipeline/if_stage.sv:0$2166'.
No latch inferred for signal `\if_stage.$memwr$\instruction_memory$/work/rtl/cpu/pipeline/if_stage.sv:22$1843_EN' from process `\if_stage.$proc$/work/rtl/cpu/pipeline/if_stage.sv:0$2166'.
No latch inferred for signal `\if_stage.$memwr$\instruction_memory$/work/rtl/cpu/pipeline/if_stage.sv:22$1844_EN' from process `\if_stage.$proc$/work/rtl/cpu/pipeline/if_stage.sv:0$2166'.
No latch inferred for signal `\if_stage.$memwr$\instruction_memory$/work/rtl/cpu/pipeline/if_stage.sv:22$1845_EN' from process `\if_stage.$proc$/work/rtl/cpu/pipeline/if_stage.sv:0$2166'.
No latch inferred for signal `\if_stage.$memwr$\instruction_memory$/work/rtl/cpu/pipeline/if_stage.sv:22$1846_EN' from process `\if_stage.$proc$/work/rtl/cpu/pipeline/if_stage.sv:0$2166'.
No latch inferred for signal `\if_stage.$memwr$\instruction_memory$/work/rtl/cpu/pipeline/if_stage.sv:22$1847_EN' from process `\if_stage.$proc$/work/rtl/cpu/pipeline/if_stage.sv:0$2166'.
No latch inferred for signal `\if_stage.$memwr$\instruction_memory$/work/rtl/cpu/pipeline/if_stage.sv:22$1848_EN' from process `\if_stage.$proc$/work/rtl/cpu/pipeline/if_stage.sv:0$2166'.
No latch inferred for signal `\if_stage.$memwr$\instruction_memory$/work/rtl/cpu/pipeline/if_stage.sv:22$1849_EN' from process `\if_stage.$proc$/work/rtl/cpu/pipeline/if_stage.sv:0$2166'.
No latch inferred for signal `\if_stage.$memwr$\instruction_memory$/work/rtl/cpu/pipeline/if_stage.sv:22$1850_EN' from process `\if_stage.$proc$/work/rtl/cpu/pipeline/if_stage.sv:0$2166'.
No latch inferred for signal `\if_stage.$memwr$\instruction_memory$/work/rtl/cpu/pipeline/if_stage.sv:22$1851_EN' from process `\if_stage.$proc$/work/rtl/cpu/pipeline/if_stage.sv:0$2166'.
No latch inferred for signal `\if_stage.$memwr$\instruction_memory$/work/rtl/cpu/pipeline/if_stage.sv:22$1852_EN' from process `\if_stage.$proc$/work/rtl/cpu/pipeline/if_stage.sv:0$2166'.
No latch inferred for signal `\if_stage.$memwr$\instruction_memory$/work/rtl/cpu/pipeline/if_stage.sv:22$1853_EN' from process `\if_stage.$proc$/work/rtl/cpu/pipeline/if_stage.sv:0$2166'.
No latch inferred for signal `\if_stage.$memwr$\instruction_memory$/work/rtl/cpu/pipeline/if_stage.sv:22$1854_EN' from process `\if_stage.$proc$/work/rtl/cpu/pipeline/if_stage.sv:0$2166'.
No latch inferred for signal `\if_stage.$memwr$\instruction_memory$/work/rtl/cpu/pipeline/if_stage.sv:22$1855_EN' from process `\if_stage.$proc$/work/rtl/cpu/pipeline/if_stage.sv:0$2166'.
No latch inferred for signal `\if_stage.$memwr$\instruction_memory$/work/rtl/cpu/pipeline/if_stage.sv:22$1856_EN' from process `\if_stage.$proc$/work/rtl/cpu/pipeline/if_stage.sv:0$2166'.
No latch inferred for signal `\if_stage.$memwr$\instruction_memory$/work/rtl/cpu/pipeline/if_stage.sv:22$1857_EN' from process `\if_stage.$proc$/work/rtl/cpu/pipeline/if_stage.sv:0$2166'.
No latch inferred for signal `\if_stage.$memwr$\instruction_memory$/work/rtl/cpu/pipeline/if_stage.sv:22$1858_EN' from process `\if_stage.$proc$/work/rtl/cpu/pipeline/if_stage.sv:0$2166'.
No latch inferred for signal `\if_stage.$memwr$\instruction_memory$/work/rtl/cpu/pipeline/if_stage.sv:22$1859_EN' from process `\if_stage.$proc$/work/rtl/cpu/pipeline/if_stage.sv:0$2166'.
No latch inferred for signal `\if_stage.$memwr$\instruction_memory$/work/rtl/cpu/pipeline/if_stage.sv:22$1860_EN' from process `\if_stage.$proc$/work/rtl/cpu/pipeline/if_stage.sv:0$2166'.
No latch inferred for signal `\if_stage.$memwr$\instruction_memory$/work/rtl/cpu/pipeline/if_stage.sv:22$1861_EN' from process `\if_stage.$proc$/work/rtl/cpu/pipeline/if_stage.sv:0$2166'.
No latch inferred for signal `\if_stage.$memwr$\instruction_memory$/work/rtl/cpu/pipeline/if_stage.sv:22$1862_EN' from process `\if_stage.$proc$/work/rtl/cpu/pipeline/if_stage.sv:0$2166'.
No latch inferred for signal `\if_stage.$memwr$\instruction_memory$/work/rtl/cpu/pipeline/if_stage.sv:22$1863_EN' from process `\if_stage.$proc$/work/rtl/cpu/pipeline/if_stage.sv:0$2166'.
No latch inferred for signal `\if_stage.$memwr$\instruction_memory$/work/rtl/cpu/pipeline/if_stage.sv:22$1864_EN' from process `\if_stage.$proc$/work/rtl/cpu/pipeline/if_stage.sv:0$2166'.
No latch inferred for signal `\if_stage.$memwr$\instruction_memory$/work/rtl/cpu/pipeline/if_stage.sv:22$1865_EN' from process `\if_stage.$proc$/work/rtl/cpu/pipeline/if_stage.sv:0$2166'.
No latch inferred for signal `\if_stage.$memwr$\instruction_memory$/work/rtl/cpu/pipeline/if_stage.sv:22$1866_EN' from process `\if_stage.$proc$/work/rtl/cpu/pipeline/if_stage.sv:0$2166'.
No latch inferred for signal `\if_stage.$memwr$\instruction_memory$/work/rtl/cpu/pipeline/if_stage.sv:22$1867_EN' from process `\if_stage.$proc$/work/rtl/cpu/pipeline/if_stage.sv:0$2166'.
No latch inferred for signal `\if_stage.$memwr$\instruction_memory$/work/rtl/cpu/pipeline/if_stage.sv:22$1868_EN' from process `\if_stage.$proc$/work/rtl/cpu/pipeline/if_stage.sv:0$2166'.
No latch inferred for signal `\if_stage.$memwr$\instruction_memory$/work/rtl/cpu/pipeline/if_stage.sv:22$1869_EN' from process `\if_stage.$proc$/work/rtl/cpu/pipeline/if_stage.sv:0$2166'.
No latch inferred for signal `\if_stage.$memwr$\instruction_memory$/work/rtl/cpu/pipeline/if_stage.sv:22$1870_EN' from process `\if_stage.$proc$/work/rtl/cpu/pipeline/if_stage.sv:0$2166'.
No latch inferred for signal `\if_stage.$memwr$\instruction_memory$/work/rtl/cpu/pipeline/if_stage.sv:22$1871_EN' from process `\if_stage.$proc$/work/rtl/cpu/pipeline/if_stage.sv:0$2166'.
No latch inferred for signal `\if_stage.$memwr$\instruction_memory$/work/rtl/cpu/pipeline/if_stage.sv:22$1872_EN' from process `\if_stage.$proc$/work/rtl/cpu/pipeline/if_stage.sv:0$2166'.
No latch inferred for signal `\if_stage.$memwr$\instruction_memory$/work/rtl/cpu/pipeline/if_stage.sv:22$1873_EN' from process `\if_stage.$proc$/work/rtl/cpu/pipeline/if_stage.sv:0$2166'.
No latch inferred for signal `\if_stage.$memwr$\instruction_memory$/work/rtl/cpu/pipeline/if_stage.sv:22$1874_EN' from process `\if_stage.$proc$/work/rtl/cpu/pipeline/if_stage.sv:0$2166'.
No latch inferred for signal `\if_stage.$memwr$\instruction_memory$/work/rtl/cpu/pipeline/if_stage.sv:22$1875_EN' from process `\if_stage.$proc$/work/rtl/cpu/pipeline/if_stage.sv:0$2166'.
No latch inferred for signal `\if_stage.$memwr$\instruction_memory$/work/rtl/cpu/pipeline/if_stage.sv:22$1876_EN' from process `\if_stage.$proc$/work/rtl/cpu/pipeline/if_stage.sv:0$2166'.
No latch inferred for signal `\if_stage.$memwr$\instruction_memory$/work/rtl/cpu/pipeline/if_stage.sv:22$1877_EN' from process `\if_stage.$proc$/work/rtl/cpu/pipeline/if_stage.sv:0$2166'.
No latch inferred for signal `\if_stage.$memwr$\instruction_memory$/work/rtl/cpu/pipeline/if_stage.sv:22$1878_EN' from process `\if_stage.$proc$/work/rtl/cpu/pipeline/if_stage.sv:0$2166'.
No latch inferred for signal `\if_stage.$memwr$\instruction_memory$/work/rtl/cpu/pipeline/if_stage.sv:22$1879_EN' from process `\if_stage.$proc$/work/rtl/cpu/pipeline/if_stage.sv:0$2166'.
No latch inferred for signal `\if_stage.$memwr$\instruction_memory$/work/rtl/cpu/pipeline/if_stage.sv:22$1880_EN' from process `\if_stage.$proc$/work/rtl/cpu/pipeline/if_stage.sv:0$2166'.
No latch inferred for signal `\if_stage.$memwr$\instruction_memory$/work/rtl/cpu/pipeline/if_stage.sv:22$1881_EN' from process `\if_stage.$proc$/work/rtl/cpu/pipeline/if_stage.sv:0$2166'.
No latch inferred for signal `\if_stage.$memwr$\instruction_memory$/work/rtl/cpu/pipeline/if_stage.sv:22$1882_EN' from process `\if_stage.$proc$/work/rtl/cpu/pipeline/if_stage.sv:0$2166'.
No latch inferred for signal `\if_stage.$memwr$\instruction_memory$/work/rtl/cpu/pipeline/if_stage.sv:22$1883_EN' from process `\if_stage.$proc$/work/rtl/cpu/pipeline/if_stage.sv:0$2166'.
No latch inferred for signal `\if_stage.$memwr$\instruction_memory$/work/rtl/cpu/pipeline/if_stage.sv:22$1884_EN' from process `\if_stage.$proc$/work/rtl/cpu/pipeline/if_stage.sv:0$2166'.
No latch inferred for signal `\if_stage.$memwr$\instruction_memory$/work/rtl/cpu/pipeline/if_stage.sv:22$1885_EN' from process `\if_stage.$proc$/work/rtl/cpu/pipeline/if_stage.sv:0$2166'.
No latch inferred for signal `\if_stage.$memwr$\instruction_memory$/work/rtl/cpu/pipeline/if_stage.sv:22$1886_EN' from process `\if_stage.$proc$/work/rtl/cpu/pipeline/if_stage.sv:0$2166'.
No latch inferred for signal `\if_stage.$memwr$\instruction_memory$/work/rtl/cpu/pipeline/if_stage.sv:22$1887_EN' from process `\if_stage.$proc$/work/rtl/cpu/pipeline/if_stage.sv:0$2166'.
No latch inferred for signal `\if_stage.$memwr$\instruction_memory$/work/rtl/cpu/pipeline/if_stage.sv:22$1888_EN' from process `\if_stage.$proc$/work/rtl/cpu/pipeline/if_stage.sv:0$2166'.
No latch inferred for signal `\if_stage.$memwr$\instruction_memory$/work/rtl/cpu/pipeline/if_stage.sv:22$1889_EN' from process `\if_stage.$proc$/work/rtl/cpu/pipeline/if_stage.sv:0$2166'.
No latch inferred for signal `\if_stage.$memwr$\instruction_memory$/work/rtl/cpu/pipeline/if_stage.sv:22$1890_EN' from process `\if_stage.$proc$/work/rtl/cpu/pipeline/if_stage.sv:0$2166'.
No latch inferred for signal `\if_stage.$memwr$\instruction_memory$/work/rtl/cpu/pipeline/if_stage.sv:22$1891_EN' from process `\if_stage.$proc$/work/rtl/cpu/pipeline/if_stage.sv:0$2166'.
No latch inferred for signal `\if_stage.$memwr$\instruction_memory$/work/rtl/cpu/pipeline/if_stage.sv:22$1892_EN' from process `\if_stage.$proc$/work/rtl/cpu/pipeline/if_stage.sv:0$2166'.
No latch inferred for signal `\if_stage.$memwr$\instruction_memory$/work/rtl/cpu/pipeline/if_stage.sv:22$1893_EN' from process `\if_stage.$proc$/work/rtl/cpu/pipeline/if_stage.sv:0$2166'.
No latch inferred for signal `\if_stage.$memwr$\instruction_memory$/work/rtl/cpu/pipeline/if_stage.sv:22$1894_EN' from process `\if_stage.$proc$/work/rtl/cpu/pipeline/if_stage.sv:0$2166'.
No latch inferred for signal `\if_stage.$memwr$\instruction_memory$/work/rtl/cpu/pipeline/if_stage.sv:22$1895_EN' from process `\if_stage.$proc$/work/rtl/cpu/pipeline/if_stage.sv:0$2166'.
No latch inferred for signal `\if_stage.$memwr$\instruction_memory$/work/rtl/cpu/pipeline/if_stage.sv:22$1896_EN' from process `\if_stage.$proc$/work/rtl/cpu/pipeline/if_stage.sv:0$2166'.
No latch inferred for signal `\if_stage.$memwr$\instruction_memory$/work/rtl/cpu/pipeline/if_stage.sv:22$1897_EN' from process `\if_stage.$proc$/work/rtl/cpu/pipeline/if_stage.sv:0$2166'.
No latch inferred for signal `\if_stage.$memwr$\instruction_memory$/work/rtl/cpu/pipeline/if_stage.sv:22$1898_EN' from process `\if_stage.$proc$/work/rtl/cpu/pipeline/if_stage.sv:0$2166'.
No latch inferred for signal `\if_stage.$memwr$\instruction_memory$/work/rtl/cpu/pipeline/if_stage.sv:22$1899_EN' from process `\if_stage.$proc$/work/rtl/cpu/pipeline/if_stage.sv:0$2166'.
No latch inferred for signal `\if_stage.$memwr$\instruction_memory$/work/rtl/cpu/pipeline/if_stage.sv:22$1900_EN' from process `\if_stage.$proc$/work/rtl/cpu/pipeline/if_stage.sv:0$2166'.
No latch inferred for signal `\if_stage.$memwr$\instruction_memory$/work/rtl/cpu/pipeline/if_stage.sv:22$1901_EN' from process `\if_stage.$proc$/work/rtl/cpu/pipeline/if_stage.sv:0$2166'.
No latch inferred for signal `\if_stage.$memwr$\instruction_memory$/work/rtl/cpu/pipeline/if_stage.sv:22$1902_EN' from process `\if_stage.$proc$/work/rtl/cpu/pipeline/if_stage.sv:0$2166'.
No latch inferred for signal `\if_stage.$memwr$\instruction_memory$/work/rtl/cpu/pipeline/if_stage.sv:22$1903_EN' from process `\if_stage.$proc$/work/rtl/cpu/pipeline/if_stage.sv:0$2166'.
No latch inferred for signal `\if_stage.\instruction' from process `\if_stage.$proc$/work/rtl/cpu/pipeline/if_stage.sv:0$1908'.
No latch inferred for signal `\if_stage.\pc_plus4' from process `\if_stage.$proc$/work/rtl/cpu/pipeline/if_stage.sv:0$1906'.
No latch inferred for signal `\hazard_detection.\pc_write' from process `\hazard_detection.$proc$/work/rtl/cpu/pipeline/hazard_detection.sv:0$1641'.
No latch inferred for signal `\hazard_detection.\if_id_write' from process `\hazard_detection.$proc$/work/rtl/cpu/pipeline/hazard_detection.sv:0$1641'.
No latch inferred for signal `\hazard_detection.\control_stall' from process `\hazard_detection.$proc$/work/rtl/cpu/pipeline/hazard_detection.sv:0$1641'.
No latch inferred for signal `\forwarding_unit.\forward_a' from process `\forwarding_unit.$proc$/work/rtl/cpu/pipeline/forwarding_unit.sv:0$1624'.
No latch inferred for signal `\forwarding_unit.\forward_b' from process `\forwarding_unit.$proc$/work/rtl/cpu/pipeline/forwarding_unit.sv:0$1624'.
No latch inferred for signal `\branch_unit.\branch_taken' from process `\branch_unit.$proc$/work/rtl/cpu/pipeline/branch_unit.sv:0$1617'.
No latch inferred for signal `\branch_unit.\branch_target' from process `\branch_unit.$proc$/work/rtl/cpu/pipeline/branch_unit.sv:0$1617'.
No latch inferred for signal `\mem_stage.\i' from process `\mem_stage.$proc$/work/rtl/cpu/pipeline/mem_stage.sv:0$1354'.
No latch inferred for signal `\mem_stage.$memwr$\data_memory$/work/rtl/cpu/pipeline/mem_stage.sv:20$832_EN' from process `\mem_stage.$proc$/work/rtl/cpu/pipeline/mem_stage.sv:0$1354'.
No latch inferred for signal `\mem_stage.$memwr$\data_memory$/work/rtl/cpu/pipeline/mem_stage.sv:20$833_EN' from process `\mem_stage.$proc$/work/rtl/cpu/pipeline/mem_stage.sv:0$1354'.
No latch inferred for signal `\mem_stage.$memwr$\data_memory$/work/rtl/cpu/pipeline/mem_stage.sv:20$834_EN' from process `\mem_stage.$proc$/work/rtl/cpu/pipeline/mem_stage.sv:0$1354'.
No latch inferred for signal `\mem_stage.$memwr$\data_memory$/work/rtl/cpu/pipeline/mem_stage.sv:20$835_EN' from process `\mem_stage.$proc$/work/rtl/cpu/pipeline/mem_stage.sv:0$1354'.
No latch inferred for signal `\mem_stage.$memwr$\data_memory$/work/rtl/cpu/pipeline/mem_stage.sv:20$836_EN' from process `\mem_stage.$proc$/work/rtl/cpu/pipeline/mem_stage.sv:0$1354'.
No latch inferred for signal `\mem_stage.$memwr$\data_memory$/work/rtl/cpu/pipeline/mem_stage.sv:20$837_EN' from process `\mem_stage.$proc$/work/rtl/cpu/pipeline/mem_stage.sv:0$1354'.
No latch inferred for signal `\mem_stage.$memwr$\data_memory$/work/rtl/cpu/pipeline/mem_stage.sv:20$838_EN' from process `\mem_stage.$proc$/work/rtl/cpu/pipeline/mem_stage.sv:0$1354'.
No latch inferred for signal `\mem_stage.$memwr$\data_memory$/work/rtl/cpu/pipeline/mem_stage.sv:20$839_EN' from process `\mem_stage.$proc$/work/rtl/cpu/pipeline/mem_stage.sv:0$1354'.
No latch inferred for signal `\mem_stage.$memwr$\data_memory$/work/rtl/cpu/pipeline/mem_stage.sv:20$840_EN' from process `\mem_stage.$proc$/work/rtl/cpu/pipeline/mem_stage.sv:0$1354'.
No latch inferred for signal `\mem_stage.$memwr$\data_memory$/work/rtl/cpu/pipeline/mem_stage.sv:20$841_EN' from process `\mem_stage.$proc$/work/rtl/cpu/pipeline/mem_stage.sv:0$1354'.
No latch inferred for signal `\mem_stage.$memwr$\data_memory$/work/rtl/cpu/pipeline/mem_stage.sv:20$842_EN' from process `\mem_stage.$proc$/work/rtl/cpu/pipeline/mem_stage.sv:0$1354'.
No latch inferred for signal `\mem_stage.$memwr$\data_memory$/work/rtl/cpu/pipeline/mem_stage.sv:20$843_EN' from process `\mem_stage.$proc$/work/rtl/cpu/pipeline/mem_stage.sv:0$1354'.
No latch inferred for signal `\mem_stage.$memwr$\data_memory$/work/rtl/cpu/pipeline/mem_stage.sv:20$844_EN' from process `\mem_stage.$proc$/work/rtl/cpu/pipeline/mem_stage.sv:0$1354'.
No latch inferred for signal `\mem_stage.$memwr$\data_memory$/work/rtl/cpu/pipeline/mem_stage.sv:20$845_EN' from process `\mem_stage.$proc$/work/rtl/cpu/pipeline/mem_stage.sv:0$1354'.
No latch inferred for signal `\mem_stage.$memwr$\data_memory$/work/rtl/cpu/pipeline/mem_stage.sv:20$846_EN' from process `\mem_stage.$proc$/work/rtl/cpu/pipeline/mem_stage.sv:0$1354'.
No latch inferred for signal `\mem_stage.$memwr$\data_memory$/work/rtl/cpu/pipeline/mem_stage.sv:20$847_EN' from process `\mem_stage.$proc$/work/rtl/cpu/pipeline/mem_stage.sv:0$1354'.
No latch inferred for signal `\mem_stage.$memwr$\data_memory$/work/rtl/cpu/pipeline/mem_stage.sv:20$848_EN' from process `\mem_stage.$proc$/work/rtl/cpu/pipeline/mem_stage.sv:0$1354'.
No latch inferred for signal `\mem_stage.$memwr$\data_memory$/work/rtl/cpu/pipeline/mem_stage.sv:20$849_EN' from process `\mem_stage.$proc$/work/rtl/cpu/pipeline/mem_stage.sv:0$1354'.
No latch inferred for signal `\mem_stage.$memwr$\data_memory$/work/rtl/cpu/pipeline/mem_stage.sv:20$850_EN' from process `\mem_stage.$proc$/work/rtl/cpu/pipeline/mem_stage.sv:0$1354'.
No latch inferred for signal `\mem_stage.$memwr$\data_memory$/work/rtl/cpu/pipeline/mem_stage.sv:20$851_EN' from process `\mem_stage.$proc$/work/rtl/cpu/pipeline/mem_stage.sv:0$1354'.
No latch inferred for signal `\mem_stage.$memwr$\data_memory$/work/rtl/cpu/pipeline/mem_stage.sv:20$852_EN' from process `\mem_stage.$proc$/work/rtl/cpu/pipeline/mem_stage.sv:0$1354'.
No latch inferred for signal `\mem_stage.$memwr$\data_memory$/work/rtl/cpu/pipeline/mem_stage.sv:20$853_EN' from process `\mem_stage.$proc$/work/rtl/cpu/pipeline/mem_stage.sv:0$1354'.
No latch inferred for signal `\mem_stage.$memwr$\data_memory$/work/rtl/cpu/pipeline/mem_stage.sv:20$854_EN' from process `\mem_stage.$proc$/work/rtl/cpu/pipeline/mem_stage.sv:0$1354'.
No latch inferred for signal `\mem_stage.$memwr$\data_memory$/work/rtl/cpu/pipeline/mem_stage.sv:20$855_EN' from process `\mem_stage.$proc$/work/rtl/cpu/pipeline/mem_stage.sv:0$1354'.
No latch inferred for signal `\mem_stage.$memwr$\data_memory$/work/rtl/cpu/pipeline/mem_stage.sv:20$856_EN' from process `\mem_stage.$proc$/work/rtl/cpu/pipeline/mem_stage.sv:0$1354'.
No latch inferred for signal `\mem_stage.$memwr$\data_memory$/work/rtl/cpu/pipeline/mem_stage.sv:20$857_EN' from process `\mem_stage.$proc$/work/rtl/cpu/pipeline/mem_stage.sv:0$1354'.
No latch inferred for signal `\mem_stage.$memwr$\data_memory$/work/rtl/cpu/pipeline/mem_stage.sv:20$858_EN' from process `\mem_stage.$proc$/work/rtl/cpu/pipeline/mem_stage.sv:0$1354'.
No latch inferred for signal `\mem_stage.$memwr$\data_memory$/work/rtl/cpu/pipeline/mem_stage.sv:20$859_EN' from process `\mem_stage.$proc$/work/rtl/cpu/pipeline/mem_stage.sv:0$1354'.
No latch inferred for signal `\mem_stage.$memwr$\data_memory$/work/rtl/cpu/pipeline/mem_stage.sv:20$860_EN' from process `\mem_stage.$proc$/work/rtl/cpu/pipeline/mem_stage.sv:0$1354'.
No latch inferred for signal `\mem_stage.$memwr$\data_memory$/work/rtl/cpu/pipeline/mem_stage.sv:20$861_EN' from process `\mem_stage.$proc$/work/rtl/cpu/pipeline/mem_stage.sv:0$1354'.
No latch inferred for signal `\mem_stage.$memwr$\data_memory$/work/rtl/cpu/pipeline/mem_stage.sv:20$862_EN' from process `\mem_stage.$proc$/work/rtl/cpu/pipeline/mem_stage.sv:0$1354'.
No latch inferred for signal `\mem_stage.$memwr$\data_memory$/work/rtl/cpu/pipeline/mem_stage.sv:20$863_EN' from process `\mem_stage.$proc$/work/rtl/cpu/pipeline/mem_stage.sv:0$1354'.
No latch inferred for signal `\mem_stage.$memwr$\data_memory$/work/rtl/cpu/pipeline/mem_stage.sv:20$864_EN' from process `\mem_stage.$proc$/work/rtl/cpu/pipeline/mem_stage.sv:0$1354'.
No latch inferred for signal `\mem_stage.$memwr$\data_memory$/work/rtl/cpu/pipeline/mem_stage.sv:20$865_EN' from process `\mem_stage.$proc$/work/rtl/cpu/pipeline/mem_stage.sv:0$1354'.
No latch inferred for signal `\mem_stage.$memwr$\data_memory$/work/rtl/cpu/pipeline/mem_stage.sv:20$866_EN' from process `\mem_stage.$proc$/work/rtl/cpu/pipeline/mem_stage.sv:0$1354'.
No latch inferred for signal `\mem_stage.$memwr$\data_memory$/work/rtl/cpu/pipeline/mem_stage.sv:20$867_EN' from process `\mem_stage.$proc$/work/rtl/cpu/pipeline/mem_stage.sv:0$1354'.
No latch inferred for signal `\mem_stage.$memwr$\data_memory$/work/rtl/cpu/pipeline/mem_stage.sv:20$868_EN' from process `\mem_stage.$proc$/work/rtl/cpu/pipeline/mem_stage.sv:0$1354'.
No latch inferred for signal `\mem_stage.$memwr$\data_memory$/work/rtl/cpu/pipeline/mem_stage.sv:20$869_EN' from process `\mem_stage.$proc$/work/rtl/cpu/pipeline/mem_stage.sv:0$1354'.
No latch inferred for signal `\mem_stage.$memwr$\data_memory$/work/rtl/cpu/pipeline/mem_stage.sv:20$870_EN' from process `\mem_stage.$proc$/work/rtl/cpu/pipeline/mem_stage.sv:0$1354'.
No latch inferred for signal `\mem_stage.$memwr$\data_memory$/work/rtl/cpu/pipeline/mem_stage.sv:20$871_EN' from process `\mem_stage.$proc$/work/rtl/cpu/pipeline/mem_stage.sv:0$1354'.
No latch inferred for signal `\mem_stage.$memwr$\data_memory$/work/rtl/cpu/pipeline/mem_stage.sv:20$872_EN' from process `\mem_stage.$proc$/work/rtl/cpu/pipeline/mem_stage.sv:0$1354'.
No latch inferred for signal `\mem_stage.$memwr$\data_memory$/work/rtl/cpu/pipeline/mem_stage.sv:20$873_EN' from process `\mem_stage.$proc$/work/rtl/cpu/pipeline/mem_stage.sv:0$1354'.
No latch inferred for signal `\mem_stage.$memwr$\data_memory$/work/rtl/cpu/pipeline/mem_stage.sv:20$874_EN' from process `\mem_stage.$proc$/work/rtl/cpu/pipeline/mem_stage.sv:0$1354'.
No latch inferred for signal `\mem_stage.$memwr$\data_memory$/work/rtl/cpu/pipeline/mem_stage.sv:20$875_EN' from process `\mem_stage.$proc$/work/rtl/cpu/pipeline/mem_stage.sv:0$1354'.
No latch inferred for signal `\mem_stage.$memwr$\data_memory$/work/rtl/cpu/pipeline/mem_stage.sv:20$876_EN' from process `\mem_stage.$proc$/work/rtl/cpu/pipeline/mem_stage.sv:0$1354'.
No latch inferred for signal `\mem_stage.$memwr$\data_memory$/work/rtl/cpu/pipeline/mem_stage.sv:20$877_EN' from process `\mem_stage.$proc$/work/rtl/cpu/pipeline/mem_stage.sv:0$1354'.
No latch inferred for signal `\mem_stage.$memwr$\data_memory$/work/rtl/cpu/pipeline/mem_stage.sv:20$878_EN' from process `\mem_stage.$proc$/work/rtl/cpu/pipeline/mem_stage.sv:0$1354'.
No latch inferred for signal `\mem_stage.$memwr$\data_memory$/work/rtl/cpu/pipeline/mem_stage.sv:20$879_EN' from process `\mem_stage.$proc$/work/rtl/cpu/pipeline/mem_stage.sv:0$1354'.
No latch inferred for signal `\mem_stage.$memwr$\data_memory$/work/rtl/cpu/pipeline/mem_stage.sv:20$880_EN' from process `\mem_stage.$proc$/work/rtl/cpu/pipeline/mem_stage.sv:0$1354'.
No latch inferred for signal `\mem_stage.$memwr$\data_memory$/work/rtl/cpu/pipeline/mem_stage.sv:20$881_EN' from process `\mem_stage.$proc$/work/rtl/cpu/pipeline/mem_stage.sv:0$1354'.
No latch inferred for signal `\mem_stage.$memwr$\data_memory$/work/rtl/cpu/pipeline/mem_stage.sv:20$882_EN' from process `\mem_stage.$proc$/work/rtl/cpu/pipeline/mem_stage.sv:0$1354'.
No latch inferred for signal `\mem_stage.$memwr$\data_memory$/work/rtl/cpu/pipeline/mem_stage.sv:20$883_EN' from process `\mem_stage.$proc$/work/rtl/cpu/pipeline/mem_stage.sv:0$1354'.
No latch inferred for signal `\mem_stage.$memwr$\data_memory$/work/rtl/cpu/pipeline/mem_stage.sv:20$884_EN' from process `\mem_stage.$proc$/work/rtl/cpu/pipeline/mem_stage.sv:0$1354'.
No latch inferred for signal `\mem_stage.$memwr$\data_memory$/work/rtl/cpu/pipeline/mem_stage.sv:20$885_EN' from process `\mem_stage.$proc$/work/rtl/cpu/pipeline/mem_stage.sv:0$1354'.
No latch inferred for signal `\mem_stage.$memwr$\data_memory$/work/rtl/cpu/pipeline/mem_stage.sv:20$886_EN' from process `\mem_stage.$proc$/work/rtl/cpu/pipeline/mem_stage.sv:0$1354'.
No latch inferred for signal `\mem_stage.$memwr$\data_memory$/work/rtl/cpu/pipeline/mem_stage.sv:20$887_EN' from process `\mem_stage.$proc$/work/rtl/cpu/pipeline/mem_stage.sv:0$1354'.
No latch inferred for signal `\mem_stage.$memwr$\data_memory$/work/rtl/cpu/pipeline/mem_stage.sv:20$888_EN' from process `\mem_stage.$proc$/work/rtl/cpu/pipeline/mem_stage.sv:0$1354'.
No latch inferred for signal `\mem_stage.$memwr$\data_memory$/work/rtl/cpu/pipeline/mem_stage.sv:20$889_EN' from process `\mem_stage.$proc$/work/rtl/cpu/pipeline/mem_stage.sv:0$1354'.
No latch inferred for signal `\mem_stage.$memwr$\data_memory$/work/rtl/cpu/pipeline/mem_stage.sv:20$890_EN' from process `\mem_stage.$proc$/work/rtl/cpu/pipeline/mem_stage.sv:0$1354'.
No latch inferred for signal `\mem_stage.$memwr$\data_memory$/work/rtl/cpu/pipeline/mem_stage.sv:20$891_EN' from process `\mem_stage.$proc$/work/rtl/cpu/pipeline/mem_stage.sv:0$1354'.
No latch inferred for signal `\mem_stage.$memwr$\data_memory$/work/rtl/cpu/pipeline/mem_stage.sv:20$892_EN' from process `\mem_stage.$proc$/work/rtl/cpu/pipeline/mem_stage.sv:0$1354'.
No latch inferred for signal `\mem_stage.$memwr$\data_memory$/work/rtl/cpu/pipeline/mem_stage.sv:20$893_EN' from process `\mem_stage.$proc$/work/rtl/cpu/pipeline/mem_stage.sv:0$1354'.
No latch inferred for signal `\mem_stage.$memwr$\data_memory$/work/rtl/cpu/pipeline/mem_stage.sv:20$894_EN' from process `\mem_stage.$proc$/work/rtl/cpu/pipeline/mem_stage.sv:0$1354'.
No latch inferred for signal `\mem_stage.$memwr$\data_memory$/work/rtl/cpu/pipeline/mem_stage.sv:20$895_EN' from process `\mem_stage.$proc$/work/rtl/cpu/pipeline/mem_stage.sv:0$1354'.
No latch inferred for signal `\mem_stage.$memwr$\data_memory$/work/rtl/cpu/pipeline/mem_stage.sv:20$896_EN' from process `\mem_stage.$proc$/work/rtl/cpu/pipeline/mem_stage.sv:0$1354'.
No latch inferred for signal `\mem_stage.$memwr$\data_memory$/work/rtl/cpu/pipeline/mem_stage.sv:20$897_EN' from process `\mem_stage.$proc$/work/rtl/cpu/pipeline/mem_stage.sv:0$1354'.
No latch inferred for signal `\mem_stage.$memwr$\data_memory$/work/rtl/cpu/pipeline/mem_stage.sv:20$898_EN' from process `\mem_stage.$proc$/work/rtl/cpu/pipeline/mem_stage.sv:0$1354'.
No latch inferred for signal `\mem_stage.$memwr$\data_memory$/work/rtl/cpu/pipeline/mem_stage.sv:20$899_EN' from process `\mem_stage.$proc$/work/rtl/cpu/pipeline/mem_stage.sv:0$1354'.
No latch inferred for signal `\mem_stage.$memwr$\data_memory$/work/rtl/cpu/pipeline/mem_stage.sv:20$900_EN' from process `\mem_stage.$proc$/work/rtl/cpu/pipeline/mem_stage.sv:0$1354'.
No latch inferred for signal `\mem_stage.$memwr$\data_memory$/work/rtl/cpu/pipeline/mem_stage.sv:20$901_EN' from process `\mem_stage.$proc$/work/rtl/cpu/pipeline/mem_stage.sv:0$1354'.
No latch inferred for signal `\mem_stage.$memwr$\data_memory$/work/rtl/cpu/pipeline/mem_stage.sv:20$902_EN' from process `\mem_stage.$proc$/work/rtl/cpu/pipeline/mem_stage.sv:0$1354'.
No latch inferred for signal `\mem_stage.$memwr$\data_memory$/work/rtl/cpu/pipeline/mem_stage.sv:20$903_EN' from process `\mem_stage.$proc$/work/rtl/cpu/pipeline/mem_stage.sv:0$1354'.
No latch inferred for signal `\mem_stage.$memwr$\data_memory$/work/rtl/cpu/pipeline/mem_stage.sv:20$904_EN' from process `\mem_stage.$proc$/work/rtl/cpu/pipeline/mem_stage.sv:0$1354'.
No latch inferred for signal `\mem_stage.$memwr$\data_memory$/work/rtl/cpu/pipeline/mem_stage.sv:20$905_EN' from process `\mem_stage.$proc$/work/rtl/cpu/pipeline/mem_stage.sv:0$1354'.
No latch inferred for signal `\mem_stage.$memwr$\data_memory$/work/rtl/cpu/pipeline/mem_stage.sv:20$906_EN' from process `\mem_stage.$proc$/work/rtl/cpu/pipeline/mem_stage.sv:0$1354'.
No latch inferred for signal `\mem_stage.$memwr$\data_memory$/work/rtl/cpu/pipeline/mem_stage.sv:20$907_EN' from process `\mem_stage.$proc$/work/rtl/cpu/pipeline/mem_stage.sv:0$1354'.
No latch inferred for signal `\mem_stage.$memwr$\data_memory$/work/rtl/cpu/pipeline/mem_stage.sv:20$908_EN' from process `\mem_stage.$proc$/work/rtl/cpu/pipeline/mem_stage.sv:0$1354'.
No latch inferred for signal `\mem_stage.$memwr$\data_memory$/work/rtl/cpu/pipeline/mem_stage.sv:20$909_EN' from process `\mem_stage.$proc$/work/rtl/cpu/pipeline/mem_stage.sv:0$1354'.
No latch inferred for signal `\mem_stage.$memwr$\data_memory$/work/rtl/cpu/pipeline/mem_stage.sv:20$910_EN' from process `\mem_stage.$proc$/work/rtl/cpu/pipeline/mem_stage.sv:0$1354'.
No latch inferred for signal `\mem_stage.$memwr$\data_memory$/work/rtl/cpu/pipeline/mem_stage.sv:20$911_EN' from process `\mem_stage.$proc$/work/rtl/cpu/pipeline/mem_stage.sv:0$1354'.
No latch inferred for signal `\mem_stage.$memwr$\data_memory$/work/rtl/cpu/pipeline/mem_stage.sv:20$912_EN' from process `\mem_stage.$proc$/work/rtl/cpu/pipeline/mem_stage.sv:0$1354'.
No latch inferred for signal `\mem_stage.$memwr$\data_memory$/work/rtl/cpu/pipeline/mem_stage.sv:20$913_EN' from process `\mem_stage.$proc$/work/rtl/cpu/pipeline/mem_stage.sv:0$1354'.
No latch inferred for signal `\mem_stage.$memwr$\data_memory$/work/rtl/cpu/pipeline/mem_stage.sv:20$914_EN' from process `\mem_stage.$proc$/work/rtl/cpu/pipeline/mem_stage.sv:0$1354'.
No latch inferred for signal `\mem_stage.$memwr$\data_memory$/work/rtl/cpu/pipeline/mem_stage.sv:20$915_EN' from process `\mem_stage.$proc$/work/rtl/cpu/pipeline/mem_stage.sv:0$1354'.
No latch inferred for signal `\mem_stage.$memwr$\data_memory$/work/rtl/cpu/pipeline/mem_stage.sv:20$916_EN' from process `\mem_stage.$proc$/work/rtl/cpu/pipeline/mem_stage.sv:0$1354'.
No latch inferred for signal `\mem_stage.$memwr$\data_memory$/work/rtl/cpu/pipeline/mem_stage.sv:20$917_EN' from process `\mem_stage.$proc$/work/rtl/cpu/pipeline/mem_stage.sv:0$1354'.
No latch inferred for signal `\mem_stage.$memwr$\data_memory$/work/rtl/cpu/pipeline/mem_stage.sv:20$918_EN' from process `\mem_stage.$proc$/work/rtl/cpu/pipeline/mem_stage.sv:0$1354'.
No latch inferred for signal `\mem_stage.$memwr$\data_memory$/work/rtl/cpu/pipeline/mem_stage.sv:20$919_EN' from process `\mem_stage.$proc$/work/rtl/cpu/pipeline/mem_stage.sv:0$1354'.
No latch inferred for signal `\mem_stage.$memwr$\data_memory$/work/rtl/cpu/pipeline/mem_stage.sv:20$920_EN' from process `\mem_stage.$proc$/work/rtl/cpu/pipeline/mem_stage.sv:0$1354'.
No latch inferred for signal `\mem_stage.$memwr$\data_memory$/work/rtl/cpu/pipeline/mem_stage.sv:20$921_EN' from process `\mem_stage.$proc$/work/rtl/cpu/pipeline/mem_stage.sv:0$1354'.
No latch inferred for signal `\mem_stage.$memwr$\data_memory$/work/rtl/cpu/pipeline/mem_stage.sv:20$922_EN' from process `\mem_stage.$proc$/work/rtl/cpu/pipeline/mem_stage.sv:0$1354'.
No latch inferred for signal `\mem_stage.$memwr$\data_memory$/work/rtl/cpu/pipeline/mem_stage.sv:20$923_EN' from process `\mem_stage.$proc$/work/rtl/cpu/pipeline/mem_stage.sv:0$1354'.
No latch inferred for signal `\mem_stage.$memwr$\data_memory$/work/rtl/cpu/pipeline/mem_stage.sv:20$924_EN' from process `\mem_stage.$proc$/work/rtl/cpu/pipeline/mem_stage.sv:0$1354'.
No latch inferred for signal `\mem_stage.$memwr$\data_memory$/work/rtl/cpu/pipeline/mem_stage.sv:20$925_EN' from process `\mem_stage.$proc$/work/rtl/cpu/pipeline/mem_stage.sv:0$1354'.
No latch inferred for signal `\mem_stage.$memwr$\data_memory$/work/rtl/cpu/pipeline/mem_stage.sv:20$926_EN' from process `\mem_stage.$proc$/work/rtl/cpu/pipeline/mem_stage.sv:0$1354'.
No latch inferred for signal `\mem_stage.$memwr$\data_memory$/work/rtl/cpu/pipeline/mem_stage.sv:20$927_EN' from process `\mem_stage.$proc$/work/rtl/cpu/pipeline/mem_stage.sv:0$1354'.
No latch inferred for signal `\mem_stage.$memwr$\data_memory$/work/rtl/cpu/pipeline/mem_stage.sv:20$928_EN' from process `\mem_stage.$proc$/work/rtl/cpu/pipeline/mem_stage.sv:0$1354'.
No latch inferred for signal `\mem_stage.$memwr$\data_memory$/work/rtl/cpu/pipeline/mem_stage.sv:20$929_EN' from process `\mem_stage.$proc$/work/rtl/cpu/pipeline/mem_stage.sv:0$1354'.
No latch inferred for signal `\mem_stage.$memwr$\data_memory$/work/rtl/cpu/pipeline/mem_stage.sv:20$930_EN' from process `\mem_stage.$proc$/work/rtl/cpu/pipeline/mem_stage.sv:0$1354'.
No latch inferred for signal `\mem_stage.$memwr$\data_memory$/work/rtl/cpu/pipeline/mem_stage.sv:20$931_EN' from process `\mem_stage.$proc$/work/rtl/cpu/pipeline/mem_stage.sv:0$1354'.
No latch inferred for signal `\mem_stage.$memwr$\data_memory$/work/rtl/cpu/pipeline/mem_stage.sv:20$932_EN' from process `\mem_stage.$proc$/work/rtl/cpu/pipeline/mem_stage.sv:0$1354'.
No latch inferred for signal `\mem_stage.$memwr$\data_memory$/work/rtl/cpu/pipeline/mem_stage.sv:20$933_EN' from process `\mem_stage.$proc$/work/rtl/cpu/pipeline/mem_stage.sv:0$1354'.
No latch inferred for signal `\mem_stage.$memwr$\data_memory$/work/rtl/cpu/pipeline/mem_stage.sv:20$934_EN' from process `\mem_stage.$proc$/work/rtl/cpu/pipeline/mem_stage.sv:0$1354'.
No latch inferred for signal `\mem_stage.$memwr$\data_memory$/work/rtl/cpu/pipeline/mem_stage.sv:20$935_EN' from process `\mem_stage.$proc$/work/rtl/cpu/pipeline/mem_stage.sv:0$1354'.
No latch inferred for signal `\mem_stage.$memwr$\data_memory$/work/rtl/cpu/pipeline/mem_stage.sv:20$936_EN' from process `\mem_stage.$proc$/work/rtl/cpu/pipeline/mem_stage.sv:0$1354'.
No latch inferred for signal `\mem_stage.$memwr$\data_memory$/work/rtl/cpu/pipeline/mem_stage.sv:20$937_EN' from process `\mem_stage.$proc$/work/rtl/cpu/pipeline/mem_stage.sv:0$1354'.
No latch inferred for signal `\mem_stage.$memwr$\data_memory$/work/rtl/cpu/pipeline/mem_stage.sv:20$938_EN' from process `\mem_stage.$proc$/work/rtl/cpu/pipeline/mem_stage.sv:0$1354'.
No latch inferred for signal `\mem_stage.$memwr$\data_memory$/work/rtl/cpu/pipeline/mem_stage.sv:20$939_EN' from process `\mem_stage.$proc$/work/rtl/cpu/pipeline/mem_stage.sv:0$1354'.
No latch inferred for signal `\mem_stage.$memwr$\data_memory$/work/rtl/cpu/pipeline/mem_stage.sv:20$940_EN' from process `\mem_stage.$proc$/work/rtl/cpu/pipeline/mem_stage.sv:0$1354'.
No latch inferred for signal `\mem_stage.$memwr$\data_memory$/work/rtl/cpu/pipeline/mem_stage.sv:20$941_EN' from process `\mem_stage.$proc$/work/rtl/cpu/pipeline/mem_stage.sv:0$1354'.
No latch inferred for signal `\mem_stage.$memwr$\data_memory$/work/rtl/cpu/pipeline/mem_stage.sv:20$942_EN' from process `\mem_stage.$proc$/work/rtl/cpu/pipeline/mem_stage.sv:0$1354'.
No latch inferred for signal `\mem_stage.$memwr$\data_memory$/work/rtl/cpu/pipeline/mem_stage.sv:20$943_EN' from process `\mem_stage.$proc$/work/rtl/cpu/pipeline/mem_stage.sv:0$1354'.
No latch inferred for signal `\mem_stage.$memwr$\data_memory$/work/rtl/cpu/pipeline/mem_stage.sv:20$944_EN' from process `\mem_stage.$proc$/work/rtl/cpu/pipeline/mem_stage.sv:0$1354'.
No latch inferred for signal `\mem_stage.$memwr$\data_memory$/work/rtl/cpu/pipeline/mem_stage.sv:20$945_EN' from process `\mem_stage.$proc$/work/rtl/cpu/pipeline/mem_stage.sv:0$1354'.
No latch inferred for signal `\mem_stage.$memwr$\data_memory$/work/rtl/cpu/pipeline/mem_stage.sv:20$946_EN' from process `\mem_stage.$proc$/work/rtl/cpu/pipeline/mem_stage.sv:0$1354'.
No latch inferred for signal `\mem_stage.$memwr$\data_memory$/work/rtl/cpu/pipeline/mem_stage.sv:20$947_EN' from process `\mem_stage.$proc$/work/rtl/cpu/pipeline/mem_stage.sv:0$1354'.
No latch inferred for signal `\mem_stage.$memwr$\data_memory$/work/rtl/cpu/pipeline/mem_stage.sv:20$948_EN' from process `\mem_stage.$proc$/work/rtl/cpu/pipeline/mem_stage.sv:0$1354'.
No latch inferred for signal `\mem_stage.$memwr$\data_memory$/work/rtl/cpu/pipeline/mem_stage.sv:20$949_EN' from process `\mem_stage.$proc$/work/rtl/cpu/pipeline/mem_stage.sv:0$1354'.
No latch inferred for signal `\mem_stage.$memwr$\data_memory$/work/rtl/cpu/pipeline/mem_stage.sv:20$950_EN' from process `\mem_stage.$proc$/work/rtl/cpu/pipeline/mem_stage.sv:0$1354'.
No latch inferred for signal `\mem_stage.$memwr$\data_memory$/work/rtl/cpu/pipeline/mem_stage.sv:20$951_EN' from process `\mem_stage.$proc$/work/rtl/cpu/pipeline/mem_stage.sv:0$1354'.
No latch inferred for signal `\mem_stage.$memwr$\data_memory$/work/rtl/cpu/pipeline/mem_stage.sv:20$952_EN' from process `\mem_stage.$proc$/work/rtl/cpu/pipeline/mem_stage.sv:0$1354'.
No latch inferred for signal `\mem_stage.$memwr$\data_memory$/work/rtl/cpu/pipeline/mem_stage.sv:20$953_EN' from process `\mem_stage.$proc$/work/rtl/cpu/pipeline/mem_stage.sv:0$1354'.
No latch inferred for signal `\mem_stage.$memwr$\data_memory$/work/rtl/cpu/pipeline/mem_stage.sv:20$954_EN' from process `\mem_stage.$proc$/work/rtl/cpu/pipeline/mem_stage.sv:0$1354'.
No latch inferred for signal `\mem_stage.$memwr$\data_memory$/work/rtl/cpu/pipeline/mem_stage.sv:20$955_EN' from process `\mem_stage.$proc$/work/rtl/cpu/pipeline/mem_stage.sv:0$1354'.
No latch inferred for signal `\mem_stage.$memwr$\data_memory$/work/rtl/cpu/pipeline/mem_stage.sv:20$956_EN' from process `\mem_stage.$proc$/work/rtl/cpu/pipeline/mem_stage.sv:0$1354'.
No latch inferred for signal `\mem_stage.$memwr$\data_memory$/work/rtl/cpu/pipeline/mem_stage.sv:20$957_EN' from process `\mem_stage.$proc$/work/rtl/cpu/pipeline/mem_stage.sv:0$1354'.
No latch inferred for signal `\mem_stage.$memwr$\data_memory$/work/rtl/cpu/pipeline/mem_stage.sv:20$958_EN' from process `\mem_stage.$proc$/work/rtl/cpu/pipeline/mem_stage.sv:0$1354'.
No latch inferred for signal `\mem_stage.$memwr$\data_memory$/work/rtl/cpu/pipeline/mem_stage.sv:20$959_EN' from process `\mem_stage.$proc$/work/rtl/cpu/pipeline/mem_stage.sv:0$1354'.
No latch inferred for signal `\mem_stage.$memwr$\data_memory$/work/rtl/cpu/pipeline/mem_stage.sv:20$960_EN' from process `\mem_stage.$proc$/work/rtl/cpu/pipeline/mem_stage.sv:0$1354'.
No latch inferred for signal `\mem_stage.$memwr$\data_memory$/work/rtl/cpu/pipeline/mem_stage.sv:20$961_EN' from process `\mem_stage.$proc$/work/rtl/cpu/pipeline/mem_stage.sv:0$1354'.
No latch inferred for signal `\mem_stage.$memwr$\data_memory$/work/rtl/cpu/pipeline/mem_stage.sv:20$962_EN' from process `\mem_stage.$proc$/work/rtl/cpu/pipeline/mem_stage.sv:0$1354'.
No latch inferred for signal `\mem_stage.$memwr$\data_memory$/work/rtl/cpu/pipeline/mem_stage.sv:20$963_EN' from process `\mem_stage.$proc$/work/rtl/cpu/pipeline/mem_stage.sv:0$1354'.
No latch inferred for signal `\mem_stage.$memwr$\data_memory$/work/rtl/cpu/pipeline/mem_stage.sv:20$964_EN' from process `\mem_stage.$proc$/work/rtl/cpu/pipeline/mem_stage.sv:0$1354'.
No latch inferred for signal `\mem_stage.$memwr$\data_memory$/work/rtl/cpu/pipeline/mem_stage.sv:20$965_EN' from process `\mem_stage.$proc$/work/rtl/cpu/pipeline/mem_stage.sv:0$1354'.
No latch inferred for signal `\mem_stage.$memwr$\data_memory$/work/rtl/cpu/pipeline/mem_stage.sv:20$966_EN' from process `\mem_stage.$proc$/work/rtl/cpu/pipeline/mem_stage.sv:0$1354'.
No latch inferred for signal `\mem_stage.$memwr$\data_memory$/work/rtl/cpu/pipeline/mem_stage.sv:20$967_EN' from process `\mem_stage.$proc$/work/rtl/cpu/pipeline/mem_stage.sv:0$1354'.
No latch inferred for signal `\mem_stage.$memwr$\data_memory$/work/rtl/cpu/pipeline/mem_stage.sv:20$968_EN' from process `\mem_stage.$proc$/work/rtl/cpu/pipeline/mem_stage.sv:0$1354'.
No latch inferred for signal `\mem_stage.$memwr$\data_memory$/work/rtl/cpu/pipeline/mem_stage.sv:20$969_EN' from process `\mem_stage.$proc$/work/rtl/cpu/pipeline/mem_stage.sv:0$1354'.
No latch inferred for signal `\mem_stage.$memwr$\data_memory$/work/rtl/cpu/pipeline/mem_stage.sv:20$970_EN' from process `\mem_stage.$proc$/work/rtl/cpu/pipeline/mem_stage.sv:0$1354'.
No latch inferred for signal `\mem_stage.$memwr$\data_memory$/work/rtl/cpu/pipeline/mem_stage.sv:20$971_EN' from process `\mem_stage.$proc$/work/rtl/cpu/pipeline/mem_stage.sv:0$1354'.
No latch inferred for signal `\mem_stage.$memwr$\data_memory$/work/rtl/cpu/pipeline/mem_stage.sv:20$972_EN' from process `\mem_stage.$proc$/work/rtl/cpu/pipeline/mem_stage.sv:0$1354'.
No latch inferred for signal `\mem_stage.$memwr$\data_memory$/work/rtl/cpu/pipeline/mem_stage.sv:20$973_EN' from process `\mem_stage.$proc$/work/rtl/cpu/pipeline/mem_stage.sv:0$1354'.
No latch inferred for signal `\mem_stage.$memwr$\data_memory$/work/rtl/cpu/pipeline/mem_stage.sv:20$974_EN' from process `\mem_stage.$proc$/work/rtl/cpu/pipeline/mem_stage.sv:0$1354'.
No latch inferred for signal `\mem_stage.$memwr$\data_memory$/work/rtl/cpu/pipeline/mem_stage.sv:20$975_EN' from process `\mem_stage.$proc$/work/rtl/cpu/pipeline/mem_stage.sv:0$1354'.
No latch inferred for signal `\mem_stage.$memwr$\data_memory$/work/rtl/cpu/pipeline/mem_stage.sv:20$976_EN' from process `\mem_stage.$proc$/work/rtl/cpu/pipeline/mem_stage.sv:0$1354'.
No latch inferred for signal `\mem_stage.$memwr$\data_memory$/work/rtl/cpu/pipeline/mem_stage.sv:20$977_EN' from process `\mem_stage.$proc$/work/rtl/cpu/pipeline/mem_stage.sv:0$1354'.
No latch inferred for signal `\mem_stage.$memwr$\data_memory$/work/rtl/cpu/pipeline/mem_stage.sv:20$978_EN' from process `\mem_stage.$proc$/work/rtl/cpu/pipeline/mem_stage.sv:0$1354'.
No latch inferred for signal `\mem_stage.$memwr$\data_memory$/work/rtl/cpu/pipeline/mem_stage.sv:20$979_EN' from process `\mem_stage.$proc$/work/rtl/cpu/pipeline/mem_stage.sv:0$1354'.
No latch inferred for signal `\mem_stage.$memwr$\data_memory$/work/rtl/cpu/pipeline/mem_stage.sv:20$980_EN' from process `\mem_stage.$proc$/work/rtl/cpu/pipeline/mem_stage.sv:0$1354'.
No latch inferred for signal `\mem_stage.$memwr$\data_memory$/work/rtl/cpu/pipeline/mem_stage.sv:20$981_EN' from process `\mem_stage.$proc$/work/rtl/cpu/pipeline/mem_stage.sv:0$1354'.
No latch inferred for signal `\mem_stage.$memwr$\data_memory$/work/rtl/cpu/pipeline/mem_stage.sv:20$982_EN' from process `\mem_stage.$proc$/work/rtl/cpu/pipeline/mem_stage.sv:0$1354'.
No latch inferred for signal `\mem_stage.$memwr$\data_memory$/work/rtl/cpu/pipeline/mem_stage.sv:20$983_EN' from process `\mem_stage.$proc$/work/rtl/cpu/pipeline/mem_stage.sv:0$1354'.
No latch inferred for signal `\mem_stage.$memwr$\data_memory$/work/rtl/cpu/pipeline/mem_stage.sv:20$984_EN' from process `\mem_stage.$proc$/work/rtl/cpu/pipeline/mem_stage.sv:0$1354'.
No latch inferred for signal `\mem_stage.$memwr$\data_memory$/work/rtl/cpu/pipeline/mem_stage.sv:20$985_EN' from process `\mem_stage.$proc$/work/rtl/cpu/pipeline/mem_stage.sv:0$1354'.
No latch inferred for signal `\mem_stage.$memwr$\data_memory$/work/rtl/cpu/pipeline/mem_stage.sv:20$986_EN' from process `\mem_stage.$proc$/work/rtl/cpu/pipeline/mem_stage.sv:0$1354'.
No latch inferred for signal `\mem_stage.$memwr$\data_memory$/work/rtl/cpu/pipeline/mem_stage.sv:20$987_EN' from process `\mem_stage.$proc$/work/rtl/cpu/pipeline/mem_stage.sv:0$1354'.
No latch inferred for signal `\mem_stage.$memwr$\data_memory$/work/rtl/cpu/pipeline/mem_stage.sv:20$988_EN' from process `\mem_stage.$proc$/work/rtl/cpu/pipeline/mem_stage.sv:0$1354'.
No latch inferred for signal `\mem_stage.$memwr$\data_memory$/work/rtl/cpu/pipeline/mem_stage.sv:20$989_EN' from process `\mem_stage.$proc$/work/rtl/cpu/pipeline/mem_stage.sv:0$1354'.
No latch inferred for signal `\mem_stage.$memwr$\data_memory$/work/rtl/cpu/pipeline/mem_stage.sv:20$990_EN' from process `\mem_stage.$proc$/work/rtl/cpu/pipeline/mem_stage.sv:0$1354'.
No latch inferred for signal `\mem_stage.$memwr$\data_memory$/work/rtl/cpu/pipeline/mem_stage.sv:20$991_EN' from process `\mem_stage.$proc$/work/rtl/cpu/pipeline/mem_stage.sv:0$1354'.
No latch inferred for signal `\mem_stage.$memwr$\data_memory$/work/rtl/cpu/pipeline/mem_stage.sv:20$992_EN' from process `\mem_stage.$proc$/work/rtl/cpu/pipeline/mem_stage.sv:0$1354'.
No latch inferred for signal `\mem_stage.$memwr$\data_memory$/work/rtl/cpu/pipeline/mem_stage.sv:20$993_EN' from process `\mem_stage.$proc$/work/rtl/cpu/pipeline/mem_stage.sv:0$1354'.
No latch inferred for signal `\mem_stage.$memwr$\data_memory$/work/rtl/cpu/pipeline/mem_stage.sv:20$994_EN' from process `\mem_stage.$proc$/work/rtl/cpu/pipeline/mem_stage.sv:0$1354'.
No latch inferred for signal `\mem_stage.$memwr$\data_memory$/work/rtl/cpu/pipeline/mem_stage.sv:20$995_EN' from process `\mem_stage.$proc$/work/rtl/cpu/pipeline/mem_stage.sv:0$1354'.
No latch inferred for signal `\mem_stage.$memwr$\data_memory$/work/rtl/cpu/pipeline/mem_stage.sv:20$996_EN' from process `\mem_stage.$proc$/work/rtl/cpu/pipeline/mem_stage.sv:0$1354'.
No latch inferred for signal `\mem_stage.$memwr$\data_memory$/work/rtl/cpu/pipeline/mem_stage.sv:20$997_EN' from process `\mem_stage.$proc$/work/rtl/cpu/pipeline/mem_stage.sv:0$1354'.
No latch inferred for signal `\mem_stage.$memwr$\data_memory$/work/rtl/cpu/pipeline/mem_stage.sv:20$998_EN' from process `\mem_stage.$proc$/work/rtl/cpu/pipeline/mem_stage.sv:0$1354'.
No latch inferred for signal `\mem_stage.$memwr$\data_memory$/work/rtl/cpu/pipeline/mem_stage.sv:20$999_EN' from process `\mem_stage.$proc$/work/rtl/cpu/pipeline/mem_stage.sv:0$1354'.
No latch inferred for signal `\mem_stage.$memwr$\data_memory$/work/rtl/cpu/pipeline/mem_stage.sv:20$1000_EN' from process `\mem_stage.$proc$/work/rtl/cpu/pipeline/mem_stage.sv:0$1354'.
No latch inferred for signal `\mem_stage.$memwr$\data_memory$/work/rtl/cpu/pipeline/mem_stage.sv:20$1001_EN' from process `\mem_stage.$proc$/work/rtl/cpu/pipeline/mem_stage.sv:0$1354'.
No latch inferred for signal `\mem_stage.$memwr$\data_memory$/work/rtl/cpu/pipeline/mem_stage.sv:20$1002_EN' from process `\mem_stage.$proc$/work/rtl/cpu/pipeline/mem_stage.sv:0$1354'.
No latch inferred for signal `\mem_stage.$memwr$\data_memory$/work/rtl/cpu/pipeline/mem_stage.sv:20$1003_EN' from process `\mem_stage.$proc$/work/rtl/cpu/pipeline/mem_stage.sv:0$1354'.
No latch inferred for signal `\mem_stage.$memwr$\data_memory$/work/rtl/cpu/pipeline/mem_stage.sv:20$1004_EN' from process `\mem_stage.$proc$/work/rtl/cpu/pipeline/mem_stage.sv:0$1354'.
No latch inferred for signal `\mem_stage.$memwr$\data_memory$/work/rtl/cpu/pipeline/mem_stage.sv:20$1005_EN' from process `\mem_stage.$proc$/work/rtl/cpu/pipeline/mem_stage.sv:0$1354'.
No latch inferred for signal `\mem_stage.$memwr$\data_memory$/work/rtl/cpu/pipeline/mem_stage.sv:20$1006_EN' from process `\mem_stage.$proc$/work/rtl/cpu/pipeline/mem_stage.sv:0$1354'.
No latch inferred for signal `\mem_stage.$memwr$\data_memory$/work/rtl/cpu/pipeline/mem_stage.sv:20$1007_EN' from process `\mem_stage.$proc$/work/rtl/cpu/pipeline/mem_stage.sv:0$1354'.
No latch inferred for signal `\mem_stage.$memwr$\data_memory$/work/rtl/cpu/pipeline/mem_stage.sv:20$1008_EN' from process `\mem_stage.$proc$/work/rtl/cpu/pipeline/mem_stage.sv:0$1354'.
No latch inferred for signal `\mem_stage.$memwr$\data_memory$/work/rtl/cpu/pipeline/mem_stage.sv:20$1009_EN' from process `\mem_stage.$proc$/work/rtl/cpu/pipeline/mem_stage.sv:0$1354'.
No latch inferred for signal `\mem_stage.$memwr$\data_memory$/work/rtl/cpu/pipeline/mem_stage.sv:20$1010_EN' from process `\mem_stage.$proc$/work/rtl/cpu/pipeline/mem_stage.sv:0$1354'.
No latch inferred for signal `\mem_stage.$memwr$\data_memory$/work/rtl/cpu/pipeline/mem_stage.sv:20$1011_EN' from process `\mem_stage.$proc$/work/rtl/cpu/pipeline/mem_stage.sv:0$1354'.
No latch inferred for signal `\mem_stage.$memwr$\data_memory$/work/rtl/cpu/pipeline/mem_stage.sv:20$1012_EN' from process `\mem_stage.$proc$/work/rtl/cpu/pipeline/mem_stage.sv:0$1354'.
No latch inferred for signal `\mem_stage.$memwr$\data_memory$/work/rtl/cpu/pipeline/mem_stage.sv:20$1013_EN' from process `\mem_stage.$proc$/work/rtl/cpu/pipeline/mem_stage.sv:0$1354'.
No latch inferred for signal `\mem_stage.$memwr$\data_memory$/work/rtl/cpu/pipeline/mem_stage.sv:20$1014_EN' from process `\mem_stage.$proc$/work/rtl/cpu/pipeline/mem_stage.sv:0$1354'.
No latch inferred for signal `\mem_stage.$memwr$\data_memory$/work/rtl/cpu/pipeline/mem_stage.sv:20$1015_EN' from process `\mem_stage.$proc$/work/rtl/cpu/pipeline/mem_stage.sv:0$1354'.
No latch inferred for signal `\mem_stage.$memwr$\data_memory$/work/rtl/cpu/pipeline/mem_stage.sv:20$1016_EN' from process `\mem_stage.$proc$/work/rtl/cpu/pipeline/mem_stage.sv:0$1354'.
No latch inferred for signal `\mem_stage.$memwr$\data_memory$/work/rtl/cpu/pipeline/mem_stage.sv:20$1017_EN' from process `\mem_stage.$proc$/work/rtl/cpu/pipeline/mem_stage.sv:0$1354'.
No latch inferred for signal `\mem_stage.$memwr$\data_memory$/work/rtl/cpu/pipeline/mem_stage.sv:20$1018_EN' from process `\mem_stage.$proc$/work/rtl/cpu/pipeline/mem_stage.sv:0$1354'.
No latch inferred for signal `\mem_stage.$memwr$\data_memory$/work/rtl/cpu/pipeline/mem_stage.sv:20$1019_EN' from process `\mem_stage.$proc$/work/rtl/cpu/pipeline/mem_stage.sv:0$1354'.
No latch inferred for signal `\mem_stage.$memwr$\data_memory$/work/rtl/cpu/pipeline/mem_stage.sv:20$1020_EN' from process `\mem_stage.$proc$/work/rtl/cpu/pipeline/mem_stage.sv:0$1354'.
No latch inferred for signal `\mem_stage.$memwr$\data_memory$/work/rtl/cpu/pipeline/mem_stage.sv:20$1021_EN' from process `\mem_stage.$proc$/work/rtl/cpu/pipeline/mem_stage.sv:0$1354'.
No latch inferred for signal `\mem_stage.$memwr$\data_memory$/work/rtl/cpu/pipeline/mem_stage.sv:20$1022_EN' from process `\mem_stage.$proc$/work/rtl/cpu/pipeline/mem_stage.sv:0$1354'.
No latch inferred for signal `\mem_stage.$memwr$\data_memory$/work/rtl/cpu/pipeline/mem_stage.sv:20$1023_EN' from process `\mem_stage.$proc$/work/rtl/cpu/pipeline/mem_stage.sv:0$1354'.
No latch inferred for signal `\mem_stage.$memwr$\data_memory$/work/rtl/cpu/pipeline/mem_stage.sv:20$1024_EN' from process `\mem_stage.$proc$/work/rtl/cpu/pipeline/mem_stage.sv:0$1354'.
No latch inferred for signal `\mem_stage.$memwr$\data_memory$/work/rtl/cpu/pipeline/mem_stage.sv:20$1025_EN' from process `\mem_stage.$proc$/work/rtl/cpu/pipeline/mem_stage.sv:0$1354'.
No latch inferred for signal `\mem_stage.$memwr$\data_memory$/work/rtl/cpu/pipeline/mem_stage.sv:20$1026_EN' from process `\mem_stage.$proc$/work/rtl/cpu/pipeline/mem_stage.sv:0$1354'.
No latch inferred for signal `\mem_stage.$memwr$\data_memory$/work/rtl/cpu/pipeline/mem_stage.sv:20$1027_EN' from process `\mem_stage.$proc$/work/rtl/cpu/pipeline/mem_stage.sv:0$1354'.
No latch inferred for signal `\mem_stage.$memwr$\data_memory$/work/rtl/cpu/pipeline/mem_stage.sv:20$1028_EN' from process `\mem_stage.$proc$/work/rtl/cpu/pipeline/mem_stage.sv:0$1354'.
No latch inferred for signal `\mem_stage.$memwr$\data_memory$/work/rtl/cpu/pipeline/mem_stage.sv:20$1029_EN' from process `\mem_stage.$proc$/work/rtl/cpu/pipeline/mem_stage.sv:0$1354'.
No latch inferred for signal `\mem_stage.$memwr$\data_memory$/work/rtl/cpu/pipeline/mem_stage.sv:20$1030_EN' from process `\mem_stage.$proc$/work/rtl/cpu/pipeline/mem_stage.sv:0$1354'.
No latch inferred for signal `\mem_stage.$memwr$\data_memory$/work/rtl/cpu/pipeline/mem_stage.sv:20$1031_EN' from process `\mem_stage.$proc$/work/rtl/cpu/pipeline/mem_stage.sv:0$1354'.
No latch inferred for signal `\mem_stage.$memwr$\data_memory$/work/rtl/cpu/pipeline/mem_stage.sv:20$1032_EN' from process `\mem_stage.$proc$/work/rtl/cpu/pipeline/mem_stage.sv:0$1354'.
No latch inferred for signal `\mem_stage.$memwr$\data_memory$/work/rtl/cpu/pipeline/mem_stage.sv:20$1033_EN' from process `\mem_stage.$proc$/work/rtl/cpu/pipeline/mem_stage.sv:0$1354'.
No latch inferred for signal `\mem_stage.$memwr$\data_memory$/work/rtl/cpu/pipeline/mem_stage.sv:20$1034_EN' from process `\mem_stage.$proc$/work/rtl/cpu/pipeline/mem_stage.sv:0$1354'.
No latch inferred for signal `\mem_stage.$memwr$\data_memory$/work/rtl/cpu/pipeline/mem_stage.sv:20$1035_EN' from process `\mem_stage.$proc$/work/rtl/cpu/pipeline/mem_stage.sv:0$1354'.
No latch inferred for signal `\mem_stage.$memwr$\data_memory$/work/rtl/cpu/pipeline/mem_stage.sv:20$1036_EN' from process `\mem_stage.$proc$/work/rtl/cpu/pipeline/mem_stage.sv:0$1354'.
No latch inferred for signal `\mem_stage.$memwr$\data_memory$/work/rtl/cpu/pipeline/mem_stage.sv:20$1037_EN' from process `\mem_stage.$proc$/work/rtl/cpu/pipeline/mem_stage.sv:0$1354'.
No latch inferred for signal `\mem_stage.$memwr$\data_memory$/work/rtl/cpu/pipeline/mem_stage.sv:20$1038_EN' from process `\mem_stage.$proc$/work/rtl/cpu/pipeline/mem_stage.sv:0$1354'.
No latch inferred for signal `\mem_stage.$memwr$\data_memory$/work/rtl/cpu/pipeline/mem_stage.sv:20$1039_EN' from process `\mem_stage.$proc$/work/rtl/cpu/pipeline/mem_stage.sv:0$1354'.
No latch inferred for signal `\mem_stage.$memwr$\data_memory$/work/rtl/cpu/pipeline/mem_stage.sv:20$1040_EN' from process `\mem_stage.$proc$/work/rtl/cpu/pipeline/mem_stage.sv:0$1354'.
No latch inferred for signal `\mem_stage.$memwr$\data_memory$/work/rtl/cpu/pipeline/mem_stage.sv:20$1041_EN' from process `\mem_stage.$proc$/work/rtl/cpu/pipeline/mem_stage.sv:0$1354'.
No latch inferred for signal `\mem_stage.$memwr$\data_memory$/work/rtl/cpu/pipeline/mem_stage.sv:20$1042_EN' from process `\mem_stage.$proc$/work/rtl/cpu/pipeline/mem_stage.sv:0$1354'.
No latch inferred for signal `\mem_stage.$memwr$\data_memory$/work/rtl/cpu/pipeline/mem_stage.sv:20$1043_EN' from process `\mem_stage.$proc$/work/rtl/cpu/pipeline/mem_stage.sv:0$1354'.
No latch inferred for signal `\mem_stage.$memwr$\data_memory$/work/rtl/cpu/pipeline/mem_stage.sv:20$1044_EN' from process `\mem_stage.$proc$/work/rtl/cpu/pipeline/mem_stage.sv:0$1354'.
No latch inferred for signal `\mem_stage.$memwr$\data_memory$/work/rtl/cpu/pipeline/mem_stage.sv:20$1045_EN' from process `\mem_stage.$proc$/work/rtl/cpu/pipeline/mem_stage.sv:0$1354'.
No latch inferred for signal `\mem_stage.$memwr$\data_memory$/work/rtl/cpu/pipeline/mem_stage.sv:20$1046_EN' from process `\mem_stage.$proc$/work/rtl/cpu/pipeline/mem_stage.sv:0$1354'.
No latch inferred for signal `\mem_stage.$memwr$\data_memory$/work/rtl/cpu/pipeline/mem_stage.sv:20$1047_EN' from process `\mem_stage.$proc$/work/rtl/cpu/pipeline/mem_stage.sv:0$1354'.
No latch inferred for signal `\mem_stage.$memwr$\data_memory$/work/rtl/cpu/pipeline/mem_stage.sv:20$1048_EN' from process `\mem_stage.$proc$/work/rtl/cpu/pipeline/mem_stage.sv:0$1354'.
No latch inferred for signal `\mem_stage.$memwr$\data_memory$/work/rtl/cpu/pipeline/mem_stage.sv:20$1049_EN' from process `\mem_stage.$proc$/work/rtl/cpu/pipeline/mem_stage.sv:0$1354'.
No latch inferred for signal `\mem_stage.$memwr$\data_memory$/work/rtl/cpu/pipeline/mem_stage.sv:20$1050_EN' from process `\mem_stage.$proc$/work/rtl/cpu/pipeline/mem_stage.sv:0$1354'.
No latch inferred for signal `\mem_stage.$memwr$\data_memory$/work/rtl/cpu/pipeline/mem_stage.sv:20$1051_EN' from process `\mem_stage.$proc$/work/rtl/cpu/pipeline/mem_stage.sv:0$1354'.
No latch inferred for signal `\mem_stage.$memwr$\data_memory$/work/rtl/cpu/pipeline/mem_stage.sv:20$1052_EN' from process `\mem_stage.$proc$/work/rtl/cpu/pipeline/mem_stage.sv:0$1354'.
No latch inferred for signal `\mem_stage.$memwr$\data_memory$/work/rtl/cpu/pipeline/mem_stage.sv:20$1053_EN' from process `\mem_stage.$proc$/work/rtl/cpu/pipeline/mem_stage.sv:0$1354'.
No latch inferred for signal `\mem_stage.$memwr$\data_memory$/work/rtl/cpu/pipeline/mem_stage.sv:20$1054_EN' from process `\mem_stage.$proc$/work/rtl/cpu/pipeline/mem_stage.sv:0$1354'.
No latch inferred for signal `\mem_stage.$memwr$\data_memory$/work/rtl/cpu/pipeline/mem_stage.sv:20$1055_EN' from process `\mem_stage.$proc$/work/rtl/cpu/pipeline/mem_stage.sv:0$1354'.
No latch inferred for signal `\mem_stage.$memwr$\data_memory$/work/rtl/cpu/pipeline/mem_stage.sv:20$1056_EN' from process `\mem_stage.$proc$/work/rtl/cpu/pipeline/mem_stage.sv:0$1354'.
No latch inferred for signal `\mem_stage.$memwr$\data_memory$/work/rtl/cpu/pipeline/mem_stage.sv:20$1057_EN' from process `\mem_stage.$proc$/work/rtl/cpu/pipeline/mem_stage.sv:0$1354'.
No latch inferred for signal `\mem_stage.$memwr$\data_memory$/work/rtl/cpu/pipeline/mem_stage.sv:20$1058_EN' from process `\mem_stage.$proc$/work/rtl/cpu/pipeline/mem_stage.sv:0$1354'.
No latch inferred for signal `\mem_stage.$memwr$\data_memory$/work/rtl/cpu/pipeline/mem_stage.sv:20$1059_EN' from process `\mem_stage.$proc$/work/rtl/cpu/pipeline/mem_stage.sv:0$1354'.
No latch inferred for signal `\mem_stage.$memwr$\data_memory$/work/rtl/cpu/pipeline/mem_stage.sv:20$1060_EN' from process `\mem_stage.$proc$/work/rtl/cpu/pipeline/mem_stage.sv:0$1354'.
No latch inferred for signal `\mem_stage.$memwr$\data_memory$/work/rtl/cpu/pipeline/mem_stage.sv:20$1061_EN' from process `\mem_stage.$proc$/work/rtl/cpu/pipeline/mem_stage.sv:0$1354'.
No latch inferred for signal `\mem_stage.$memwr$\data_memory$/work/rtl/cpu/pipeline/mem_stage.sv:20$1062_EN' from process `\mem_stage.$proc$/work/rtl/cpu/pipeline/mem_stage.sv:0$1354'.
No latch inferred for signal `\mem_stage.$memwr$\data_memory$/work/rtl/cpu/pipeline/mem_stage.sv:20$1063_EN' from process `\mem_stage.$proc$/work/rtl/cpu/pipeline/mem_stage.sv:0$1354'.
No latch inferred for signal `\mem_stage.$memwr$\data_memory$/work/rtl/cpu/pipeline/mem_stage.sv:20$1064_EN' from process `\mem_stage.$proc$/work/rtl/cpu/pipeline/mem_stage.sv:0$1354'.
No latch inferred for signal `\mem_stage.$memwr$\data_memory$/work/rtl/cpu/pipeline/mem_stage.sv:20$1065_EN' from process `\mem_stage.$proc$/work/rtl/cpu/pipeline/mem_stage.sv:0$1354'.
No latch inferred for signal `\mem_stage.$memwr$\data_memory$/work/rtl/cpu/pipeline/mem_stage.sv:20$1066_EN' from process `\mem_stage.$proc$/work/rtl/cpu/pipeline/mem_stage.sv:0$1354'.
No latch inferred for signal `\mem_stage.$memwr$\data_memory$/work/rtl/cpu/pipeline/mem_stage.sv:20$1067_EN' from process `\mem_stage.$proc$/work/rtl/cpu/pipeline/mem_stage.sv:0$1354'.
No latch inferred for signal `\mem_stage.$memwr$\data_memory$/work/rtl/cpu/pipeline/mem_stage.sv:20$1068_EN' from process `\mem_stage.$proc$/work/rtl/cpu/pipeline/mem_stage.sv:0$1354'.
No latch inferred for signal `\mem_stage.$memwr$\data_memory$/work/rtl/cpu/pipeline/mem_stage.sv:20$1069_EN' from process `\mem_stage.$proc$/work/rtl/cpu/pipeline/mem_stage.sv:0$1354'.
No latch inferred for signal `\mem_stage.$memwr$\data_memory$/work/rtl/cpu/pipeline/mem_stage.sv:20$1070_EN' from process `\mem_stage.$proc$/work/rtl/cpu/pipeline/mem_stage.sv:0$1354'.
No latch inferred for signal `\mem_stage.$memwr$\data_memory$/work/rtl/cpu/pipeline/mem_stage.sv:20$1071_EN' from process `\mem_stage.$proc$/work/rtl/cpu/pipeline/mem_stage.sv:0$1354'.
No latch inferred for signal `\mem_stage.$memwr$\data_memory$/work/rtl/cpu/pipeline/mem_stage.sv:20$1072_EN' from process `\mem_stage.$proc$/work/rtl/cpu/pipeline/mem_stage.sv:0$1354'.
No latch inferred for signal `\mem_stage.$memwr$\data_memory$/work/rtl/cpu/pipeline/mem_stage.sv:20$1073_EN' from process `\mem_stage.$proc$/work/rtl/cpu/pipeline/mem_stage.sv:0$1354'.
No latch inferred for signal `\mem_stage.$memwr$\data_memory$/work/rtl/cpu/pipeline/mem_stage.sv:20$1074_EN' from process `\mem_stage.$proc$/work/rtl/cpu/pipeline/mem_stage.sv:0$1354'.
No latch inferred for signal `\mem_stage.$memwr$\data_memory$/work/rtl/cpu/pipeline/mem_stage.sv:20$1075_EN' from process `\mem_stage.$proc$/work/rtl/cpu/pipeline/mem_stage.sv:0$1354'.
No latch inferred for signal `\mem_stage.$memwr$\data_memory$/work/rtl/cpu/pipeline/mem_stage.sv:20$1076_EN' from process `\mem_stage.$proc$/work/rtl/cpu/pipeline/mem_stage.sv:0$1354'.
No latch inferred for signal `\mem_stage.$memwr$\data_memory$/work/rtl/cpu/pipeline/mem_stage.sv:20$1077_EN' from process `\mem_stage.$proc$/work/rtl/cpu/pipeline/mem_stage.sv:0$1354'.
No latch inferred for signal `\mem_stage.$memwr$\data_memory$/work/rtl/cpu/pipeline/mem_stage.sv:20$1078_EN' from process `\mem_stage.$proc$/work/rtl/cpu/pipeline/mem_stage.sv:0$1354'.
No latch inferred for signal `\mem_stage.$memwr$\data_memory$/work/rtl/cpu/pipeline/mem_stage.sv:20$1079_EN' from process `\mem_stage.$proc$/work/rtl/cpu/pipeline/mem_stage.sv:0$1354'.
No latch inferred for signal `\mem_stage.$memwr$\data_memory$/work/rtl/cpu/pipeline/mem_stage.sv:20$1080_EN' from process `\mem_stage.$proc$/work/rtl/cpu/pipeline/mem_stage.sv:0$1354'.
No latch inferred for signal `\mem_stage.$memwr$\data_memory$/work/rtl/cpu/pipeline/mem_stage.sv:20$1081_EN' from process `\mem_stage.$proc$/work/rtl/cpu/pipeline/mem_stage.sv:0$1354'.
No latch inferred for signal `\mem_stage.$memwr$\data_memory$/work/rtl/cpu/pipeline/mem_stage.sv:20$1082_EN' from process `\mem_stage.$proc$/work/rtl/cpu/pipeline/mem_stage.sv:0$1354'.
No latch inferred for signal `\mem_stage.$memwr$\data_memory$/work/rtl/cpu/pipeline/mem_stage.sv:20$1083_EN' from process `\mem_stage.$proc$/work/rtl/cpu/pipeline/mem_stage.sv:0$1354'.
No latch inferred for signal `\mem_stage.$memwr$\data_memory$/work/rtl/cpu/pipeline/mem_stage.sv:20$1084_EN' from process `\mem_stage.$proc$/work/rtl/cpu/pipeline/mem_stage.sv:0$1354'.
No latch inferred for signal `\mem_stage.$memwr$\data_memory$/work/rtl/cpu/pipeline/mem_stage.sv:20$1085_EN' from process `\mem_stage.$proc$/work/rtl/cpu/pipeline/mem_stage.sv:0$1354'.
No latch inferred for signal `\mem_stage.$memwr$\data_memory$/work/rtl/cpu/pipeline/mem_stage.sv:20$1086_EN' from process `\mem_stage.$proc$/work/rtl/cpu/pipeline/mem_stage.sv:0$1354'.
No latch inferred for signal `\mem_stage.$memwr$\data_memory$/work/rtl/cpu/pipeline/mem_stage.sv:20$1087_EN' from process `\mem_stage.$proc$/work/rtl/cpu/pipeline/mem_stage.sv:0$1354'.
No latch inferred for signal `\mem_stage.\read_data' from process `\mem_stage.$proc$/work/rtl/cpu/pipeline/mem_stage.sv:0$1096'.
No latch inferred for signal `\wb_stage.\write_data' from process `\wb_stage.$proc$/work/rtl/cpu/pipeline/wb_stage.sv:7$830'.
No latch inferred for signal `\pipelined_cpu.\ex_forward_a' from process `\pipelined_cpu.$proc$/work/rtl/cpu/pipeline/pipelined_cpu.sv:0$829'.
No latch inferred for signal `\pipelined_cpu.\ex_forward_b' from process `\pipelined_cpu.$proc$/work/rtl/cpu/pipeline/pipelined_cpu.sv:0$829'.
No latch inferred for signal `\pipelined_cpu.\id_alu_control' from process `\pipelined_cpu.$proc$/work/rtl/cpu/pipeline/pipelined_cpu.sv:0$828'.
No latch inferred for signal `\bus_interconnect.\ram_sel' from process `\bus_interconnect.$proc$/work/rtl/bus/interconnect.sv:14$826'.
No latch inferred for signal `\bus_interconnect.\uart_sel' from process `\bus_interconnect.$proc$/work/rtl/bus/interconnect.sv:14$826'.
No latch inferred for signal `\bus_interconnect.\spi_sel' from process `\bus_interconnect.$proc$/work/rtl/bus/interconnect.sv:14$826'.
No latch inferred for signal `\bus_interconnect.\i2c_sel' from process `\bus_interconnect.$proc$/work/rtl/bus/interconnect.sv:14$826'.
No latch inferred for signal `\bus_interconnect.\gpio_sel' from process `\bus_interconnect.$proc$/work/rtl/bus/interconnect.sv:14$826'.
No latch inferred for signal `\bus_interconnect.\timer_sel' from process `\bus_interconnect.$proc$/work/rtl/bus/interconnect.sv:14$826'.
No latch inferred for signal `\bus_interconnect.\accel_sel' from process `\bus_interconnect.$proc$/work/rtl/bus/interconnect.sv:14$826'.
No latch inferred for signal `\memory_interface.\i' from process `\memory_interface.$proc$/work/rtl/memory/memory_interface.sv:0$569'.
No latch inferred for signal `\memory_interface.$memwr$\memory$/work/rtl/memory/memory_interface.sv:21$44_EN' from process `\memory_interface.$proc$/work/rtl/memory/memory_interface.sv:0$569'.
No latch inferred for signal `\memory_interface.$memwr$\memory$/work/rtl/memory/memory_interface.sv:21$45_EN' from process `\memory_interface.$proc$/work/rtl/memory/memory_interface.sv:0$569'.
No latch inferred for signal `\memory_interface.$memwr$\memory$/work/rtl/memory/memory_interface.sv:21$46_EN' from process `\memory_interface.$proc$/work/rtl/memory/memory_interface.sv:0$569'.
No latch inferred for signal `\memory_interface.$memwr$\memory$/work/rtl/memory/memory_interface.sv:21$47_EN' from process `\memory_interface.$proc$/work/rtl/memory/memory_interface.sv:0$569'.
No latch inferred for signal `\memory_interface.$memwr$\memory$/work/rtl/memory/memory_interface.sv:21$48_EN' from process `\memory_interface.$proc$/work/rtl/memory/memory_interface.sv:0$569'.
No latch inferred for signal `\memory_interface.$memwr$\memory$/work/rtl/memory/memory_interface.sv:21$49_EN' from process `\memory_interface.$proc$/work/rtl/memory/memory_interface.sv:0$569'.
No latch inferred for signal `\memory_interface.$memwr$\memory$/work/rtl/memory/memory_interface.sv:21$50_EN' from process `\memory_interface.$proc$/work/rtl/memory/memory_interface.sv:0$569'.
No latch inferred for signal `\memory_interface.$memwr$\memory$/work/rtl/memory/memory_interface.sv:21$51_EN' from process `\memory_interface.$proc$/work/rtl/memory/memory_interface.sv:0$569'.
No latch inferred for signal `\memory_interface.$memwr$\memory$/work/rtl/memory/memory_interface.sv:21$52_EN' from process `\memory_interface.$proc$/work/rtl/memory/memory_interface.sv:0$569'.
No latch inferred for signal `\memory_interface.$memwr$\memory$/work/rtl/memory/memory_interface.sv:21$53_EN' from process `\memory_interface.$proc$/work/rtl/memory/memory_interface.sv:0$569'.
No latch inferred for signal `\memory_interface.$memwr$\memory$/work/rtl/memory/memory_interface.sv:21$54_EN' from process `\memory_interface.$proc$/work/rtl/memory/memory_interface.sv:0$569'.
No latch inferred for signal `\memory_interface.$memwr$\memory$/work/rtl/memory/memory_interface.sv:21$55_EN' from process `\memory_interface.$proc$/work/rtl/memory/memory_interface.sv:0$569'.
No latch inferred for signal `\memory_interface.$memwr$\memory$/work/rtl/memory/memory_interface.sv:21$56_EN' from process `\memory_interface.$proc$/work/rtl/memory/memory_interface.sv:0$569'.
No latch inferred for signal `\memory_interface.$memwr$\memory$/work/rtl/memory/memory_interface.sv:21$57_EN' from process `\memory_interface.$proc$/work/rtl/memory/memory_interface.sv:0$569'.
No latch inferred for signal `\memory_interface.$memwr$\memory$/work/rtl/memory/memory_interface.sv:21$58_EN' from process `\memory_interface.$proc$/work/rtl/memory/memory_interface.sv:0$569'.
No latch inferred for signal `\memory_interface.$memwr$\memory$/work/rtl/memory/memory_interface.sv:21$59_EN' from process `\memory_interface.$proc$/work/rtl/memory/memory_interface.sv:0$569'.
No latch inferred for signal `\memory_interface.$memwr$\memory$/work/rtl/memory/memory_interface.sv:21$60_EN' from process `\memory_interface.$proc$/work/rtl/memory/memory_interface.sv:0$569'.
No latch inferred for signal `\memory_interface.$memwr$\memory$/work/rtl/memory/memory_interface.sv:21$61_EN' from process `\memory_interface.$proc$/work/rtl/memory/memory_interface.sv:0$569'.
No latch inferred for signal `\memory_interface.$memwr$\memory$/work/rtl/memory/memory_interface.sv:21$62_EN' from process `\memory_interface.$proc$/work/rtl/memory/memory_interface.sv:0$569'.
No latch inferred for signal `\memory_interface.$memwr$\memory$/work/rtl/memory/memory_interface.sv:21$63_EN' from process `\memory_interface.$proc$/work/rtl/memory/memory_interface.sv:0$569'.
No latch inferred for signal `\memory_interface.$memwr$\memory$/work/rtl/memory/memory_interface.sv:21$64_EN' from process `\memory_interface.$proc$/work/rtl/memory/memory_interface.sv:0$569'.
No latch inferred for signal `\memory_interface.$memwr$\memory$/work/rtl/memory/memory_interface.sv:21$65_EN' from process `\memory_interface.$proc$/work/rtl/memory/memory_interface.sv:0$569'.
No latch inferred for signal `\memory_interface.$memwr$\memory$/work/rtl/memory/memory_interface.sv:21$66_EN' from process `\memory_interface.$proc$/work/rtl/memory/memory_interface.sv:0$569'.
No latch inferred for signal `\memory_interface.$memwr$\memory$/work/rtl/memory/memory_interface.sv:21$67_EN' from process `\memory_interface.$proc$/work/rtl/memory/memory_interface.sv:0$569'.
No latch inferred for signal `\memory_interface.$memwr$\memory$/work/rtl/memory/memory_interface.sv:21$68_EN' from process `\memory_interface.$proc$/work/rtl/memory/memory_interface.sv:0$569'.
No latch inferred for signal `\memory_interface.$memwr$\memory$/work/rtl/memory/memory_interface.sv:21$69_EN' from process `\memory_interface.$proc$/work/rtl/memory/memory_interface.sv:0$569'.
No latch inferred for signal `\memory_interface.$memwr$\memory$/work/rtl/memory/memory_interface.sv:21$70_EN' from process `\memory_interface.$proc$/work/rtl/memory/memory_interface.sv:0$569'.
No latch inferred for signal `\memory_interface.$memwr$\memory$/work/rtl/memory/memory_interface.sv:21$71_EN' from process `\memory_interface.$proc$/work/rtl/memory/memory_interface.sv:0$569'.
No latch inferred for signal `\memory_interface.$memwr$\memory$/work/rtl/memory/memory_interface.sv:21$72_EN' from process `\memory_interface.$proc$/work/rtl/memory/memory_interface.sv:0$569'.
No latch inferred for signal `\memory_interface.$memwr$\memory$/work/rtl/memory/memory_interface.sv:21$73_EN' from process `\memory_interface.$proc$/work/rtl/memory/memory_interface.sv:0$569'.
No latch inferred for signal `\memory_interface.$memwr$\memory$/work/rtl/memory/memory_interface.sv:21$74_EN' from process `\memory_interface.$proc$/work/rtl/memory/memory_interface.sv:0$569'.
No latch inferred for signal `\memory_interface.$memwr$\memory$/work/rtl/memory/memory_interface.sv:21$75_EN' from process `\memory_interface.$proc$/work/rtl/memory/memory_interface.sv:0$569'.
No latch inferred for signal `\memory_interface.$memwr$\memory$/work/rtl/memory/memory_interface.sv:21$76_EN' from process `\memory_interface.$proc$/work/rtl/memory/memory_interface.sv:0$569'.
No latch inferred for signal `\memory_interface.$memwr$\memory$/work/rtl/memory/memory_interface.sv:21$77_EN' from process `\memory_interface.$proc$/work/rtl/memory/memory_interface.sv:0$569'.
No latch inferred for signal `\memory_interface.$memwr$\memory$/work/rtl/memory/memory_interface.sv:21$78_EN' from process `\memory_interface.$proc$/work/rtl/memory/memory_interface.sv:0$569'.
No latch inferred for signal `\memory_interface.$memwr$\memory$/work/rtl/memory/memory_interface.sv:21$79_EN' from process `\memory_interface.$proc$/work/rtl/memory/memory_interface.sv:0$569'.
No latch inferred for signal `\memory_interface.$memwr$\memory$/work/rtl/memory/memory_interface.sv:21$80_EN' from process `\memory_interface.$proc$/work/rtl/memory/memory_interface.sv:0$569'.
No latch inferred for signal `\memory_interface.$memwr$\memory$/work/rtl/memory/memory_interface.sv:21$81_EN' from process `\memory_interface.$proc$/work/rtl/memory/memory_interface.sv:0$569'.
No latch inferred for signal `\memory_interface.$memwr$\memory$/work/rtl/memory/memory_interface.sv:21$82_EN' from process `\memory_interface.$proc$/work/rtl/memory/memory_interface.sv:0$569'.
No latch inferred for signal `\memory_interface.$memwr$\memory$/work/rtl/memory/memory_interface.sv:21$83_EN' from process `\memory_interface.$proc$/work/rtl/memory/memory_interface.sv:0$569'.
No latch inferred for signal `\memory_interface.$memwr$\memory$/work/rtl/memory/memory_interface.sv:21$84_EN' from process `\memory_interface.$proc$/work/rtl/memory/memory_interface.sv:0$569'.
No latch inferred for signal `\memory_interface.$memwr$\memory$/work/rtl/memory/memory_interface.sv:21$85_EN' from process `\memory_interface.$proc$/work/rtl/memory/memory_interface.sv:0$569'.
No latch inferred for signal `\memory_interface.$memwr$\memory$/work/rtl/memory/memory_interface.sv:21$86_EN' from process `\memory_interface.$proc$/work/rtl/memory/memory_interface.sv:0$569'.
No latch inferred for signal `\memory_interface.$memwr$\memory$/work/rtl/memory/memory_interface.sv:21$87_EN' from process `\memory_interface.$proc$/work/rtl/memory/memory_interface.sv:0$569'.
No latch inferred for signal `\memory_interface.$memwr$\memory$/work/rtl/memory/memory_interface.sv:21$88_EN' from process `\memory_interface.$proc$/work/rtl/memory/memory_interface.sv:0$569'.
No latch inferred for signal `\memory_interface.$memwr$\memory$/work/rtl/memory/memory_interface.sv:21$89_EN' from process `\memory_interface.$proc$/work/rtl/memory/memory_interface.sv:0$569'.
No latch inferred for signal `\memory_interface.$memwr$\memory$/work/rtl/memory/memory_interface.sv:21$90_EN' from process `\memory_interface.$proc$/work/rtl/memory/memory_interface.sv:0$569'.
No latch inferred for signal `\memory_interface.$memwr$\memory$/work/rtl/memory/memory_interface.sv:21$91_EN' from process `\memory_interface.$proc$/work/rtl/memory/memory_interface.sv:0$569'.
No latch inferred for signal `\memory_interface.$memwr$\memory$/work/rtl/memory/memory_interface.sv:21$92_EN' from process `\memory_interface.$proc$/work/rtl/memory/memory_interface.sv:0$569'.
No latch inferred for signal `\memory_interface.$memwr$\memory$/work/rtl/memory/memory_interface.sv:21$93_EN' from process `\memory_interface.$proc$/work/rtl/memory/memory_interface.sv:0$569'.
No latch inferred for signal `\memory_interface.$memwr$\memory$/work/rtl/memory/memory_interface.sv:21$94_EN' from process `\memory_interface.$proc$/work/rtl/memory/memory_interface.sv:0$569'.
No latch inferred for signal `\memory_interface.$memwr$\memory$/work/rtl/memory/memory_interface.sv:21$95_EN' from process `\memory_interface.$proc$/work/rtl/memory/memory_interface.sv:0$569'.
No latch inferred for signal `\memory_interface.$memwr$\memory$/work/rtl/memory/memory_interface.sv:21$96_EN' from process `\memory_interface.$proc$/work/rtl/memory/memory_interface.sv:0$569'.
No latch inferred for signal `\memory_interface.$memwr$\memory$/work/rtl/memory/memory_interface.sv:21$97_EN' from process `\memory_interface.$proc$/work/rtl/memory/memory_interface.sv:0$569'.
No latch inferred for signal `\memory_interface.$memwr$\memory$/work/rtl/memory/memory_interface.sv:21$98_EN' from process `\memory_interface.$proc$/work/rtl/memory/memory_interface.sv:0$569'.
No latch inferred for signal `\memory_interface.$memwr$\memory$/work/rtl/memory/memory_interface.sv:21$99_EN' from process `\memory_interface.$proc$/work/rtl/memory/memory_interface.sv:0$569'.
No latch inferred for signal `\memory_interface.$memwr$\memory$/work/rtl/memory/memory_interface.sv:21$100_EN' from process `\memory_interface.$proc$/work/rtl/memory/memory_interface.sv:0$569'.
No latch inferred for signal `\memory_interface.$memwr$\memory$/work/rtl/memory/memory_interface.sv:21$101_EN' from process `\memory_interface.$proc$/work/rtl/memory/memory_interface.sv:0$569'.
No latch inferred for signal `\memory_interface.$memwr$\memory$/work/rtl/memory/memory_interface.sv:21$102_EN' from process `\memory_interface.$proc$/work/rtl/memory/memory_interface.sv:0$569'.
No latch inferred for signal `\memory_interface.$memwr$\memory$/work/rtl/memory/memory_interface.sv:21$103_EN' from process `\memory_interface.$proc$/work/rtl/memory/memory_interface.sv:0$569'.
No latch inferred for signal `\memory_interface.$memwr$\memory$/work/rtl/memory/memory_interface.sv:21$104_EN' from process `\memory_interface.$proc$/work/rtl/memory/memory_interface.sv:0$569'.
No latch inferred for signal `\memory_interface.$memwr$\memory$/work/rtl/memory/memory_interface.sv:21$105_EN' from process `\memory_interface.$proc$/work/rtl/memory/memory_interface.sv:0$569'.
No latch inferred for signal `\memory_interface.$memwr$\memory$/work/rtl/memory/memory_interface.sv:21$106_EN' from process `\memory_interface.$proc$/work/rtl/memory/memory_interface.sv:0$569'.
No latch inferred for signal `\memory_interface.$memwr$\memory$/work/rtl/memory/memory_interface.sv:21$107_EN' from process `\memory_interface.$proc$/work/rtl/memory/memory_interface.sv:0$569'.
No latch inferred for signal `\memory_interface.$memwr$\memory$/work/rtl/memory/memory_interface.sv:21$108_EN' from process `\memory_interface.$proc$/work/rtl/memory/memory_interface.sv:0$569'.
No latch inferred for signal `\memory_interface.$memwr$\memory$/work/rtl/memory/memory_interface.sv:21$109_EN' from process `\memory_interface.$proc$/work/rtl/memory/memory_interface.sv:0$569'.
No latch inferred for signal `\memory_interface.$memwr$\memory$/work/rtl/memory/memory_interface.sv:21$110_EN' from process `\memory_interface.$proc$/work/rtl/memory/memory_interface.sv:0$569'.
No latch inferred for signal `\memory_interface.$memwr$\memory$/work/rtl/memory/memory_interface.sv:21$111_EN' from process `\memory_interface.$proc$/work/rtl/memory/memory_interface.sv:0$569'.
No latch inferred for signal `\memory_interface.$memwr$\memory$/work/rtl/memory/memory_interface.sv:21$112_EN' from process `\memory_interface.$proc$/work/rtl/memory/memory_interface.sv:0$569'.
No latch inferred for signal `\memory_interface.$memwr$\memory$/work/rtl/memory/memory_interface.sv:21$113_EN' from process `\memory_interface.$proc$/work/rtl/memory/memory_interface.sv:0$569'.
No latch inferred for signal `\memory_interface.$memwr$\memory$/work/rtl/memory/memory_interface.sv:21$114_EN' from process `\memory_interface.$proc$/work/rtl/memory/memory_interface.sv:0$569'.
No latch inferred for signal `\memory_interface.$memwr$\memory$/work/rtl/memory/memory_interface.sv:21$115_EN' from process `\memory_interface.$proc$/work/rtl/memory/memory_interface.sv:0$569'.
No latch inferred for signal `\memory_interface.$memwr$\memory$/work/rtl/memory/memory_interface.sv:21$116_EN' from process `\memory_interface.$proc$/work/rtl/memory/memory_interface.sv:0$569'.
No latch inferred for signal `\memory_interface.$memwr$\memory$/work/rtl/memory/memory_interface.sv:21$117_EN' from process `\memory_interface.$proc$/work/rtl/memory/memory_interface.sv:0$569'.
No latch inferred for signal `\memory_interface.$memwr$\memory$/work/rtl/memory/memory_interface.sv:21$118_EN' from process `\memory_interface.$proc$/work/rtl/memory/memory_interface.sv:0$569'.
No latch inferred for signal `\memory_interface.$memwr$\memory$/work/rtl/memory/memory_interface.sv:21$119_EN' from process `\memory_interface.$proc$/work/rtl/memory/memory_interface.sv:0$569'.
No latch inferred for signal `\memory_interface.$memwr$\memory$/work/rtl/memory/memory_interface.sv:21$120_EN' from process `\memory_interface.$proc$/work/rtl/memory/memory_interface.sv:0$569'.
No latch inferred for signal `\memory_interface.$memwr$\memory$/work/rtl/memory/memory_interface.sv:21$121_EN' from process `\memory_interface.$proc$/work/rtl/memory/memory_interface.sv:0$569'.
No latch inferred for signal `\memory_interface.$memwr$\memory$/work/rtl/memory/memory_interface.sv:21$122_EN' from process `\memory_interface.$proc$/work/rtl/memory/memory_interface.sv:0$569'.
No latch inferred for signal `\memory_interface.$memwr$\memory$/work/rtl/memory/memory_interface.sv:21$123_EN' from process `\memory_interface.$proc$/work/rtl/memory/memory_interface.sv:0$569'.
No latch inferred for signal `\memory_interface.$memwr$\memory$/work/rtl/memory/memory_interface.sv:21$124_EN' from process `\memory_interface.$proc$/work/rtl/memory/memory_interface.sv:0$569'.
No latch inferred for signal `\memory_interface.$memwr$\memory$/work/rtl/memory/memory_interface.sv:21$125_EN' from process `\memory_interface.$proc$/work/rtl/memory/memory_interface.sv:0$569'.
No latch inferred for signal `\memory_interface.$memwr$\memory$/work/rtl/memory/memory_interface.sv:21$126_EN' from process `\memory_interface.$proc$/work/rtl/memory/memory_interface.sv:0$569'.
No latch inferred for signal `\memory_interface.$memwr$\memory$/work/rtl/memory/memory_interface.sv:21$127_EN' from process `\memory_interface.$proc$/work/rtl/memory/memory_interface.sv:0$569'.
No latch inferred for signal `\memory_interface.$memwr$\memory$/work/rtl/memory/memory_interface.sv:21$128_EN' from process `\memory_interface.$proc$/work/rtl/memory/memory_interface.sv:0$569'.
No latch inferred for signal `\memory_interface.$memwr$\memory$/work/rtl/memory/memory_interface.sv:21$129_EN' from process `\memory_interface.$proc$/work/rtl/memory/memory_interface.sv:0$569'.
No latch inferred for signal `\memory_interface.$memwr$\memory$/work/rtl/memory/memory_interface.sv:21$130_EN' from process `\memory_interface.$proc$/work/rtl/memory/memory_interface.sv:0$569'.
No latch inferred for signal `\memory_interface.$memwr$\memory$/work/rtl/memory/memory_interface.sv:21$131_EN' from process `\memory_interface.$proc$/work/rtl/memory/memory_interface.sv:0$569'.
No latch inferred for signal `\memory_interface.$memwr$\memory$/work/rtl/memory/memory_interface.sv:21$132_EN' from process `\memory_interface.$proc$/work/rtl/memory/memory_interface.sv:0$569'.
No latch inferred for signal `\memory_interface.$memwr$\memory$/work/rtl/memory/memory_interface.sv:21$133_EN' from process `\memory_interface.$proc$/work/rtl/memory/memory_interface.sv:0$569'.
No latch inferred for signal `\memory_interface.$memwr$\memory$/work/rtl/memory/memory_interface.sv:21$134_EN' from process `\memory_interface.$proc$/work/rtl/memory/memory_interface.sv:0$569'.
No latch inferred for signal `\memory_interface.$memwr$\memory$/work/rtl/memory/memory_interface.sv:21$135_EN' from process `\memory_interface.$proc$/work/rtl/memory/memory_interface.sv:0$569'.
No latch inferred for signal `\memory_interface.$memwr$\memory$/work/rtl/memory/memory_interface.sv:21$136_EN' from process `\memory_interface.$proc$/work/rtl/memory/memory_interface.sv:0$569'.
No latch inferred for signal `\memory_interface.$memwr$\memory$/work/rtl/memory/memory_interface.sv:21$137_EN' from process `\memory_interface.$proc$/work/rtl/memory/memory_interface.sv:0$569'.
No latch inferred for signal `\memory_interface.$memwr$\memory$/work/rtl/memory/memory_interface.sv:21$138_EN' from process `\memory_interface.$proc$/work/rtl/memory/memory_interface.sv:0$569'.
No latch inferred for signal `\memory_interface.$memwr$\memory$/work/rtl/memory/memory_interface.sv:21$139_EN' from process `\memory_interface.$proc$/work/rtl/memory/memory_interface.sv:0$569'.
No latch inferred for signal `\memory_interface.$memwr$\memory$/work/rtl/memory/memory_interface.sv:21$140_EN' from process `\memory_interface.$proc$/work/rtl/memory/memory_interface.sv:0$569'.
No latch inferred for signal `\memory_interface.$memwr$\memory$/work/rtl/memory/memory_interface.sv:21$141_EN' from process `\memory_interface.$proc$/work/rtl/memory/memory_interface.sv:0$569'.
No latch inferred for signal `\memory_interface.$memwr$\memory$/work/rtl/memory/memory_interface.sv:21$142_EN' from process `\memory_interface.$proc$/work/rtl/memory/memory_interface.sv:0$569'.
No latch inferred for signal `\memory_interface.$memwr$\memory$/work/rtl/memory/memory_interface.sv:21$143_EN' from process `\memory_interface.$proc$/work/rtl/memory/memory_interface.sv:0$569'.
No latch inferred for signal `\memory_interface.$memwr$\memory$/work/rtl/memory/memory_interface.sv:21$144_EN' from process `\memory_interface.$proc$/work/rtl/memory/memory_interface.sv:0$569'.
No latch inferred for signal `\memory_interface.$memwr$\memory$/work/rtl/memory/memory_interface.sv:21$145_EN' from process `\memory_interface.$proc$/work/rtl/memory/memory_interface.sv:0$569'.
No latch inferred for signal `\memory_interface.$memwr$\memory$/work/rtl/memory/memory_interface.sv:21$146_EN' from process `\memory_interface.$proc$/work/rtl/memory/memory_interface.sv:0$569'.
No latch inferred for signal `\memory_interface.$memwr$\memory$/work/rtl/memory/memory_interface.sv:21$147_EN' from process `\memory_interface.$proc$/work/rtl/memory/memory_interface.sv:0$569'.
No latch inferred for signal `\memory_interface.$memwr$\memory$/work/rtl/memory/memory_interface.sv:21$148_EN' from process `\memory_interface.$proc$/work/rtl/memory/memory_interface.sv:0$569'.
No latch inferred for signal `\memory_interface.$memwr$\memory$/work/rtl/memory/memory_interface.sv:21$149_EN' from process `\memory_interface.$proc$/work/rtl/memory/memory_interface.sv:0$569'.
No latch inferred for signal `\memory_interface.$memwr$\memory$/work/rtl/memory/memory_interface.sv:21$150_EN' from process `\memory_interface.$proc$/work/rtl/memory/memory_interface.sv:0$569'.
No latch inferred for signal `\memory_interface.$memwr$\memory$/work/rtl/memory/memory_interface.sv:21$151_EN' from process `\memory_interface.$proc$/work/rtl/memory/memory_interface.sv:0$569'.
No latch inferred for signal `\memory_interface.$memwr$\memory$/work/rtl/memory/memory_interface.sv:21$152_EN' from process `\memory_interface.$proc$/work/rtl/memory/memory_interface.sv:0$569'.
No latch inferred for signal `\memory_interface.$memwr$\memory$/work/rtl/memory/memory_interface.sv:21$153_EN' from process `\memory_interface.$proc$/work/rtl/memory/memory_interface.sv:0$569'.
No latch inferred for signal `\memory_interface.$memwr$\memory$/work/rtl/memory/memory_interface.sv:21$154_EN' from process `\memory_interface.$proc$/work/rtl/memory/memory_interface.sv:0$569'.
No latch inferred for signal `\memory_interface.$memwr$\memory$/work/rtl/memory/memory_interface.sv:21$155_EN' from process `\memory_interface.$proc$/work/rtl/memory/memory_interface.sv:0$569'.
No latch inferred for signal `\memory_interface.$memwr$\memory$/work/rtl/memory/memory_interface.sv:21$156_EN' from process `\memory_interface.$proc$/work/rtl/memory/memory_interface.sv:0$569'.
No latch inferred for signal `\memory_interface.$memwr$\memory$/work/rtl/memory/memory_interface.sv:21$157_EN' from process `\memory_interface.$proc$/work/rtl/memory/memory_interface.sv:0$569'.
No latch inferred for signal `\memory_interface.$memwr$\memory$/work/rtl/memory/memory_interface.sv:21$158_EN' from process `\memory_interface.$proc$/work/rtl/memory/memory_interface.sv:0$569'.
No latch inferred for signal `\memory_interface.$memwr$\memory$/work/rtl/memory/memory_interface.sv:21$159_EN' from process `\memory_interface.$proc$/work/rtl/memory/memory_interface.sv:0$569'.
No latch inferred for signal `\memory_interface.$memwr$\memory$/work/rtl/memory/memory_interface.sv:21$160_EN' from process `\memory_interface.$proc$/work/rtl/memory/memory_interface.sv:0$569'.
No latch inferred for signal `\memory_interface.$memwr$\memory$/work/rtl/memory/memory_interface.sv:21$161_EN' from process `\memory_interface.$proc$/work/rtl/memory/memory_interface.sv:0$569'.
No latch inferred for signal `\memory_interface.$memwr$\memory$/work/rtl/memory/memory_interface.sv:21$162_EN' from process `\memory_interface.$proc$/work/rtl/memory/memory_interface.sv:0$569'.
No latch inferred for signal `\memory_interface.$memwr$\memory$/work/rtl/memory/memory_interface.sv:21$163_EN' from process `\memory_interface.$proc$/work/rtl/memory/memory_interface.sv:0$569'.
No latch inferred for signal `\memory_interface.$memwr$\memory$/work/rtl/memory/memory_interface.sv:21$164_EN' from process `\memory_interface.$proc$/work/rtl/memory/memory_interface.sv:0$569'.
No latch inferred for signal `\memory_interface.$memwr$\memory$/work/rtl/memory/memory_interface.sv:21$165_EN' from process `\memory_interface.$proc$/work/rtl/memory/memory_interface.sv:0$569'.
No latch inferred for signal `\memory_interface.$memwr$\memory$/work/rtl/memory/memory_interface.sv:21$166_EN' from process `\memory_interface.$proc$/work/rtl/memory/memory_interface.sv:0$569'.
No latch inferred for signal `\memory_interface.$memwr$\memory$/work/rtl/memory/memory_interface.sv:21$167_EN' from process `\memory_interface.$proc$/work/rtl/memory/memory_interface.sv:0$569'.
No latch inferred for signal `\memory_interface.$memwr$\memory$/work/rtl/memory/memory_interface.sv:21$168_EN' from process `\memory_interface.$proc$/work/rtl/memory/memory_interface.sv:0$569'.
No latch inferred for signal `\memory_interface.$memwr$\memory$/work/rtl/memory/memory_interface.sv:21$169_EN' from process `\memory_interface.$proc$/work/rtl/memory/memory_interface.sv:0$569'.
No latch inferred for signal `\memory_interface.$memwr$\memory$/work/rtl/memory/memory_interface.sv:21$170_EN' from process `\memory_interface.$proc$/work/rtl/memory/memory_interface.sv:0$569'.
No latch inferred for signal `\memory_interface.$memwr$\memory$/work/rtl/memory/memory_interface.sv:21$171_EN' from process `\memory_interface.$proc$/work/rtl/memory/memory_interface.sv:0$569'.
No latch inferred for signal `\memory_interface.$memwr$\memory$/work/rtl/memory/memory_interface.sv:21$172_EN' from process `\memory_interface.$proc$/work/rtl/memory/memory_interface.sv:0$569'.
No latch inferred for signal `\memory_interface.$memwr$\memory$/work/rtl/memory/memory_interface.sv:21$173_EN' from process `\memory_interface.$proc$/work/rtl/memory/memory_interface.sv:0$569'.
No latch inferred for signal `\memory_interface.$memwr$\memory$/work/rtl/memory/memory_interface.sv:21$174_EN' from process `\memory_interface.$proc$/work/rtl/memory/memory_interface.sv:0$569'.
No latch inferred for signal `\memory_interface.$memwr$\memory$/work/rtl/memory/memory_interface.sv:21$175_EN' from process `\memory_interface.$proc$/work/rtl/memory/memory_interface.sv:0$569'.
No latch inferred for signal `\memory_interface.$memwr$\memory$/work/rtl/memory/memory_interface.sv:21$176_EN' from process `\memory_interface.$proc$/work/rtl/memory/memory_interface.sv:0$569'.
No latch inferred for signal `\memory_interface.$memwr$\memory$/work/rtl/memory/memory_interface.sv:21$177_EN' from process `\memory_interface.$proc$/work/rtl/memory/memory_interface.sv:0$569'.
No latch inferred for signal `\memory_interface.$memwr$\memory$/work/rtl/memory/memory_interface.sv:21$178_EN' from process `\memory_interface.$proc$/work/rtl/memory/memory_interface.sv:0$569'.
No latch inferred for signal `\memory_interface.$memwr$\memory$/work/rtl/memory/memory_interface.sv:21$179_EN' from process `\memory_interface.$proc$/work/rtl/memory/memory_interface.sv:0$569'.
No latch inferred for signal `\memory_interface.$memwr$\memory$/work/rtl/memory/memory_interface.sv:21$180_EN' from process `\memory_interface.$proc$/work/rtl/memory/memory_interface.sv:0$569'.
No latch inferred for signal `\memory_interface.$memwr$\memory$/work/rtl/memory/memory_interface.sv:21$181_EN' from process `\memory_interface.$proc$/work/rtl/memory/memory_interface.sv:0$569'.
No latch inferred for signal `\memory_interface.$memwr$\memory$/work/rtl/memory/memory_interface.sv:21$182_EN' from process `\memory_interface.$proc$/work/rtl/memory/memory_interface.sv:0$569'.
No latch inferred for signal `\memory_interface.$memwr$\memory$/work/rtl/memory/memory_interface.sv:21$183_EN' from process `\memory_interface.$proc$/work/rtl/memory/memory_interface.sv:0$569'.
No latch inferred for signal `\memory_interface.$memwr$\memory$/work/rtl/memory/memory_interface.sv:21$184_EN' from process `\memory_interface.$proc$/work/rtl/memory/memory_interface.sv:0$569'.
No latch inferred for signal `\memory_interface.$memwr$\memory$/work/rtl/memory/memory_interface.sv:21$185_EN' from process `\memory_interface.$proc$/work/rtl/memory/memory_interface.sv:0$569'.
No latch inferred for signal `\memory_interface.$memwr$\memory$/work/rtl/memory/memory_interface.sv:21$186_EN' from process `\memory_interface.$proc$/work/rtl/memory/memory_interface.sv:0$569'.
No latch inferred for signal `\memory_interface.$memwr$\memory$/work/rtl/memory/memory_interface.sv:21$187_EN' from process `\memory_interface.$proc$/work/rtl/memory/memory_interface.sv:0$569'.
No latch inferred for signal `\memory_interface.$memwr$\memory$/work/rtl/memory/memory_interface.sv:21$188_EN' from process `\memory_interface.$proc$/work/rtl/memory/memory_interface.sv:0$569'.
No latch inferred for signal `\memory_interface.$memwr$\memory$/work/rtl/memory/memory_interface.sv:21$189_EN' from process `\memory_interface.$proc$/work/rtl/memory/memory_interface.sv:0$569'.
No latch inferred for signal `\memory_interface.$memwr$\memory$/work/rtl/memory/memory_interface.sv:21$190_EN' from process `\memory_interface.$proc$/work/rtl/memory/memory_interface.sv:0$569'.
No latch inferred for signal `\memory_interface.$memwr$\memory$/work/rtl/memory/memory_interface.sv:21$191_EN' from process `\memory_interface.$proc$/work/rtl/memory/memory_interface.sv:0$569'.
No latch inferred for signal `\memory_interface.$memwr$\memory$/work/rtl/memory/memory_interface.sv:21$192_EN' from process `\memory_interface.$proc$/work/rtl/memory/memory_interface.sv:0$569'.
No latch inferred for signal `\memory_interface.$memwr$\memory$/work/rtl/memory/memory_interface.sv:21$193_EN' from process `\memory_interface.$proc$/work/rtl/memory/memory_interface.sv:0$569'.
No latch inferred for signal `\memory_interface.$memwr$\memory$/work/rtl/memory/memory_interface.sv:21$194_EN' from process `\memory_interface.$proc$/work/rtl/memory/memory_interface.sv:0$569'.
No latch inferred for signal `\memory_interface.$memwr$\memory$/work/rtl/memory/memory_interface.sv:21$195_EN' from process `\memory_interface.$proc$/work/rtl/memory/memory_interface.sv:0$569'.
No latch inferred for signal `\memory_interface.$memwr$\memory$/work/rtl/memory/memory_interface.sv:21$196_EN' from process `\memory_interface.$proc$/work/rtl/memory/memory_interface.sv:0$569'.
No latch inferred for signal `\memory_interface.$memwr$\memory$/work/rtl/memory/memory_interface.sv:21$197_EN' from process `\memory_interface.$proc$/work/rtl/memory/memory_interface.sv:0$569'.
No latch inferred for signal `\memory_interface.$memwr$\memory$/work/rtl/memory/memory_interface.sv:21$198_EN' from process `\memory_interface.$proc$/work/rtl/memory/memory_interface.sv:0$569'.
No latch inferred for signal `\memory_interface.$memwr$\memory$/work/rtl/memory/memory_interface.sv:21$199_EN' from process `\memory_interface.$proc$/work/rtl/memory/memory_interface.sv:0$569'.
No latch inferred for signal `\memory_interface.$memwr$\memory$/work/rtl/memory/memory_interface.sv:21$200_EN' from process `\memory_interface.$proc$/work/rtl/memory/memory_interface.sv:0$569'.
No latch inferred for signal `\memory_interface.$memwr$\memory$/work/rtl/memory/memory_interface.sv:21$201_EN' from process `\memory_interface.$proc$/work/rtl/memory/memory_interface.sv:0$569'.
No latch inferred for signal `\memory_interface.$memwr$\memory$/work/rtl/memory/memory_interface.sv:21$202_EN' from process `\memory_interface.$proc$/work/rtl/memory/memory_interface.sv:0$569'.
No latch inferred for signal `\memory_interface.$memwr$\memory$/work/rtl/memory/memory_interface.sv:21$203_EN' from process `\memory_interface.$proc$/work/rtl/memory/memory_interface.sv:0$569'.
No latch inferred for signal `\memory_interface.$memwr$\memory$/work/rtl/memory/memory_interface.sv:21$204_EN' from process `\memory_interface.$proc$/work/rtl/memory/memory_interface.sv:0$569'.
No latch inferred for signal `\memory_interface.$memwr$\memory$/work/rtl/memory/memory_interface.sv:21$205_EN' from process `\memory_interface.$proc$/work/rtl/memory/memory_interface.sv:0$569'.
No latch inferred for signal `\memory_interface.$memwr$\memory$/work/rtl/memory/memory_interface.sv:21$206_EN' from process `\memory_interface.$proc$/work/rtl/memory/memory_interface.sv:0$569'.
No latch inferred for signal `\memory_interface.$memwr$\memory$/work/rtl/memory/memory_interface.sv:21$207_EN' from process `\memory_interface.$proc$/work/rtl/memory/memory_interface.sv:0$569'.
No latch inferred for signal `\memory_interface.$memwr$\memory$/work/rtl/memory/memory_interface.sv:21$208_EN' from process `\memory_interface.$proc$/work/rtl/memory/memory_interface.sv:0$569'.
No latch inferred for signal `\memory_interface.$memwr$\memory$/work/rtl/memory/memory_interface.sv:21$209_EN' from process `\memory_interface.$proc$/work/rtl/memory/memory_interface.sv:0$569'.
No latch inferred for signal `\memory_interface.$memwr$\memory$/work/rtl/memory/memory_interface.sv:21$210_EN' from process `\memory_interface.$proc$/work/rtl/memory/memory_interface.sv:0$569'.
No latch inferred for signal `\memory_interface.$memwr$\memory$/work/rtl/memory/memory_interface.sv:21$211_EN' from process `\memory_interface.$proc$/work/rtl/memory/memory_interface.sv:0$569'.
No latch inferred for signal `\memory_interface.$memwr$\memory$/work/rtl/memory/memory_interface.sv:21$212_EN' from process `\memory_interface.$proc$/work/rtl/memory/memory_interface.sv:0$569'.
No latch inferred for signal `\memory_interface.$memwr$\memory$/work/rtl/memory/memory_interface.sv:21$213_EN' from process `\memory_interface.$proc$/work/rtl/memory/memory_interface.sv:0$569'.
No latch inferred for signal `\memory_interface.$memwr$\memory$/work/rtl/memory/memory_interface.sv:21$214_EN' from process `\memory_interface.$proc$/work/rtl/memory/memory_interface.sv:0$569'.
No latch inferred for signal `\memory_interface.$memwr$\memory$/work/rtl/memory/memory_interface.sv:21$215_EN' from process `\memory_interface.$proc$/work/rtl/memory/memory_interface.sv:0$569'.
No latch inferred for signal `\memory_interface.$memwr$\memory$/work/rtl/memory/memory_interface.sv:21$216_EN' from process `\memory_interface.$proc$/work/rtl/memory/memory_interface.sv:0$569'.
No latch inferred for signal `\memory_interface.$memwr$\memory$/work/rtl/memory/memory_interface.sv:21$217_EN' from process `\memory_interface.$proc$/work/rtl/memory/memory_interface.sv:0$569'.
No latch inferred for signal `\memory_interface.$memwr$\memory$/work/rtl/memory/memory_interface.sv:21$218_EN' from process `\memory_interface.$proc$/work/rtl/memory/memory_interface.sv:0$569'.
No latch inferred for signal `\memory_interface.$memwr$\memory$/work/rtl/memory/memory_interface.sv:21$219_EN' from process `\memory_interface.$proc$/work/rtl/memory/memory_interface.sv:0$569'.
No latch inferred for signal `\memory_interface.$memwr$\memory$/work/rtl/memory/memory_interface.sv:21$220_EN' from process `\memory_interface.$proc$/work/rtl/memory/memory_interface.sv:0$569'.
No latch inferred for signal `\memory_interface.$memwr$\memory$/work/rtl/memory/memory_interface.sv:21$221_EN' from process `\memory_interface.$proc$/work/rtl/memory/memory_interface.sv:0$569'.
No latch inferred for signal `\memory_interface.$memwr$\memory$/work/rtl/memory/memory_interface.sv:21$222_EN' from process `\memory_interface.$proc$/work/rtl/memory/memory_interface.sv:0$569'.
No latch inferred for signal `\memory_interface.$memwr$\memory$/work/rtl/memory/memory_interface.sv:21$223_EN' from process `\memory_interface.$proc$/work/rtl/memory/memory_interface.sv:0$569'.
No latch inferred for signal `\memory_interface.$memwr$\memory$/work/rtl/memory/memory_interface.sv:21$224_EN' from process `\memory_interface.$proc$/work/rtl/memory/memory_interface.sv:0$569'.
No latch inferred for signal `\memory_interface.$memwr$\memory$/work/rtl/memory/memory_interface.sv:21$225_EN' from process `\memory_interface.$proc$/work/rtl/memory/memory_interface.sv:0$569'.
No latch inferred for signal `\memory_interface.$memwr$\memory$/work/rtl/memory/memory_interface.sv:21$226_EN' from process `\memory_interface.$proc$/work/rtl/memory/memory_interface.sv:0$569'.
No latch inferred for signal `\memory_interface.$memwr$\memory$/work/rtl/memory/memory_interface.sv:21$227_EN' from process `\memory_interface.$proc$/work/rtl/memory/memory_interface.sv:0$569'.
No latch inferred for signal `\memory_interface.$memwr$\memory$/work/rtl/memory/memory_interface.sv:21$228_EN' from process `\memory_interface.$proc$/work/rtl/memory/memory_interface.sv:0$569'.
No latch inferred for signal `\memory_interface.$memwr$\memory$/work/rtl/memory/memory_interface.sv:21$229_EN' from process `\memory_interface.$proc$/work/rtl/memory/memory_interface.sv:0$569'.
No latch inferred for signal `\memory_interface.$memwr$\memory$/work/rtl/memory/memory_interface.sv:21$230_EN' from process `\memory_interface.$proc$/work/rtl/memory/memory_interface.sv:0$569'.
No latch inferred for signal `\memory_interface.$memwr$\memory$/work/rtl/memory/memory_interface.sv:21$231_EN' from process `\memory_interface.$proc$/work/rtl/memory/memory_interface.sv:0$569'.
No latch inferred for signal `\memory_interface.$memwr$\memory$/work/rtl/memory/memory_interface.sv:21$232_EN' from process `\memory_interface.$proc$/work/rtl/memory/memory_interface.sv:0$569'.
No latch inferred for signal `\memory_interface.$memwr$\memory$/work/rtl/memory/memory_interface.sv:21$233_EN' from process `\memory_interface.$proc$/work/rtl/memory/memory_interface.sv:0$569'.
No latch inferred for signal `\memory_interface.$memwr$\memory$/work/rtl/memory/memory_interface.sv:21$234_EN' from process `\memory_interface.$proc$/work/rtl/memory/memory_interface.sv:0$569'.
No latch inferred for signal `\memory_interface.$memwr$\memory$/work/rtl/memory/memory_interface.sv:21$235_EN' from process `\memory_interface.$proc$/work/rtl/memory/memory_interface.sv:0$569'.
No latch inferred for signal `\memory_interface.$memwr$\memory$/work/rtl/memory/memory_interface.sv:21$236_EN' from process `\memory_interface.$proc$/work/rtl/memory/memory_interface.sv:0$569'.
No latch inferred for signal `\memory_interface.$memwr$\memory$/work/rtl/memory/memory_interface.sv:21$237_EN' from process `\memory_interface.$proc$/work/rtl/memory/memory_interface.sv:0$569'.
No latch inferred for signal `\memory_interface.$memwr$\memory$/work/rtl/memory/memory_interface.sv:21$238_EN' from process `\memory_interface.$proc$/work/rtl/memory/memory_interface.sv:0$569'.
No latch inferred for signal `\memory_interface.$memwr$\memory$/work/rtl/memory/memory_interface.sv:21$239_EN' from process `\memory_interface.$proc$/work/rtl/memory/memory_interface.sv:0$569'.
No latch inferred for signal `\memory_interface.$memwr$\memory$/work/rtl/memory/memory_interface.sv:21$240_EN' from process `\memory_interface.$proc$/work/rtl/memory/memory_interface.sv:0$569'.
No latch inferred for signal `\memory_interface.$memwr$\memory$/work/rtl/memory/memory_interface.sv:21$241_EN' from process `\memory_interface.$proc$/work/rtl/memory/memory_interface.sv:0$569'.
No latch inferred for signal `\memory_interface.$memwr$\memory$/work/rtl/memory/memory_interface.sv:21$242_EN' from process `\memory_interface.$proc$/work/rtl/memory/memory_interface.sv:0$569'.
No latch inferred for signal `\memory_interface.$memwr$\memory$/work/rtl/memory/memory_interface.sv:21$243_EN' from process `\memory_interface.$proc$/work/rtl/memory/memory_interface.sv:0$569'.
No latch inferred for signal `\memory_interface.$memwr$\memory$/work/rtl/memory/memory_interface.sv:21$244_EN' from process `\memory_interface.$proc$/work/rtl/memory/memory_interface.sv:0$569'.
No latch inferred for signal `\memory_interface.$memwr$\memory$/work/rtl/memory/memory_interface.sv:21$245_EN' from process `\memory_interface.$proc$/work/rtl/memory/memory_interface.sv:0$569'.
No latch inferred for signal `\memory_interface.$memwr$\memory$/work/rtl/memory/memory_interface.sv:21$246_EN' from process `\memory_interface.$proc$/work/rtl/memory/memory_interface.sv:0$569'.
No latch inferred for signal `\memory_interface.$memwr$\memory$/work/rtl/memory/memory_interface.sv:21$247_EN' from process `\memory_interface.$proc$/work/rtl/memory/memory_interface.sv:0$569'.
No latch inferred for signal `\memory_interface.$memwr$\memory$/work/rtl/memory/memory_interface.sv:21$248_EN' from process `\memory_interface.$proc$/work/rtl/memory/memory_interface.sv:0$569'.
No latch inferred for signal `\memory_interface.$memwr$\memory$/work/rtl/memory/memory_interface.sv:21$249_EN' from process `\memory_interface.$proc$/work/rtl/memory/memory_interface.sv:0$569'.
No latch inferred for signal `\memory_interface.$memwr$\memory$/work/rtl/memory/memory_interface.sv:21$250_EN' from process `\memory_interface.$proc$/work/rtl/memory/memory_interface.sv:0$569'.
No latch inferred for signal `\memory_interface.$memwr$\memory$/work/rtl/memory/memory_interface.sv:21$251_EN' from process `\memory_interface.$proc$/work/rtl/memory/memory_interface.sv:0$569'.
No latch inferred for signal `\memory_interface.$memwr$\memory$/work/rtl/memory/memory_interface.sv:21$252_EN' from process `\memory_interface.$proc$/work/rtl/memory/memory_interface.sv:0$569'.
No latch inferred for signal `\memory_interface.$memwr$\memory$/work/rtl/memory/memory_interface.sv:21$253_EN' from process `\memory_interface.$proc$/work/rtl/memory/memory_interface.sv:0$569'.
No latch inferred for signal `\memory_interface.$memwr$\memory$/work/rtl/memory/memory_interface.sv:21$254_EN' from process `\memory_interface.$proc$/work/rtl/memory/memory_interface.sv:0$569'.
No latch inferred for signal `\memory_interface.$memwr$\memory$/work/rtl/memory/memory_interface.sv:21$255_EN' from process `\memory_interface.$proc$/work/rtl/memory/memory_interface.sv:0$569'.
No latch inferred for signal `\memory_interface.$memwr$\memory$/work/rtl/memory/memory_interface.sv:21$256_EN' from process `\memory_interface.$proc$/work/rtl/memory/memory_interface.sv:0$569'.
No latch inferred for signal `\memory_interface.$memwr$\memory$/work/rtl/memory/memory_interface.sv:21$257_EN' from process `\memory_interface.$proc$/work/rtl/memory/memory_interface.sv:0$569'.
No latch inferred for signal `\memory_interface.$memwr$\memory$/work/rtl/memory/memory_interface.sv:21$258_EN' from process `\memory_interface.$proc$/work/rtl/memory/memory_interface.sv:0$569'.
No latch inferred for signal `\memory_interface.$memwr$\memory$/work/rtl/memory/memory_interface.sv:21$259_EN' from process `\memory_interface.$proc$/work/rtl/memory/memory_interface.sv:0$569'.
No latch inferred for signal `\memory_interface.$memwr$\memory$/work/rtl/memory/memory_interface.sv:21$260_EN' from process `\memory_interface.$proc$/work/rtl/memory/memory_interface.sv:0$569'.
No latch inferred for signal `\memory_interface.$memwr$\memory$/work/rtl/memory/memory_interface.sv:21$261_EN' from process `\memory_interface.$proc$/work/rtl/memory/memory_interface.sv:0$569'.
No latch inferred for signal `\memory_interface.$memwr$\memory$/work/rtl/memory/memory_interface.sv:21$262_EN' from process `\memory_interface.$proc$/work/rtl/memory/memory_interface.sv:0$569'.
No latch inferred for signal `\memory_interface.$memwr$\memory$/work/rtl/memory/memory_interface.sv:21$263_EN' from process `\memory_interface.$proc$/work/rtl/memory/memory_interface.sv:0$569'.
No latch inferred for signal `\memory_interface.$memwr$\memory$/work/rtl/memory/memory_interface.sv:21$264_EN' from process `\memory_interface.$proc$/work/rtl/memory/memory_interface.sv:0$569'.
No latch inferred for signal `\memory_interface.$memwr$\memory$/work/rtl/memory/memory_interface.sv:21$265_EN' from process `\memory_interface.$proc$/work/rtl/memory/memory_interface.sv:0$569'.
No latch inferred for signal `\memory_interface.$memwr$\memory$/work/rtl/memory/memory_interface.sv:21$266_EN' from process `\memory_interface.$proc$/work/rtl/memory/memory_interface.sv:0$569'.
No latch inferred for signal `\memory_interface.$memwr$\memory$/work/rtl/memory/memory_interface.sv:21$267_EN' from process `\memory_interface.$proc$/work/rtl/memory/memory_interface.sv:0$569'.
No latch inferred for signal `\memory_interface.$memwr$\memory$/work/rtl/memory/memory_interface.sv:21$268_EN' from process `\memory_interface.$proc$/work/rtl/memory/memory_interface.sv:0$569'.
No latch inferred for signal `\memory_interface.$memwr$\memory$/work/rtl/memory/memory_interface.sv:21$269_EN' from process `\memory_interface.$proc$/work/rtl/memory/memory_interface.sv:0$569'.
No latch inferred for signal `\memory_interface.$memwr$\memory$/work/rtl/memory/memory_interface.sv:21$270_EN' from process `\memory_interface.$proc$/work/rtl/memory/memory_interface.sv:0$569'.
No latch inferred for signal `\memory_interface.$memwr$\memory$/work/rtl/memory/memory_interface.sv:21$271_EN' from process `\memory_interface.$proc$/work/rtl/memory/memory_interface.sv:0$569'.
No latch inferred for signal `\memory_interface.$memwr$\memory$/work/rtl/memory/memory_interface.sv:21$272_EN' from process `\memory_interface.$proc$/work/rtl/memory/memory_interface.sv:0$569'.
No latch inferred for signal `\memory_interface.$memwr$\memory$/work/rtl/memory/memory_interface.sv:21$273_EN' from process `\memory_interface.$proc$/work/rtl/memory/memory_interface.sv:0$569'.
No latch inferred for signal `\memory_interface.$memwr$\memory$/work/rtl/memory/memory_interface.sv:21$274_EN' from process `\memory_interface.$proc$/work/rtl/memory/memory_interface.sv:0$569'.
No latch inferred for signal `\memory_interface.$memwr$\memory$/work/rtl/memory/memory_interface.sv:21$275_EN' from process `\memory_interface.$proc$/work/rtl/memory/memory_interface.sv:0$569'.
No latch inferred for signal `\memory_interface.$memwr$\memory$/work/rtl/memory/memory_interface.sv:21$276_EN' from process `\memory_interface.$proc$/work/rtl/memory/memory_interface.sv:0$569'.
No latch inferred for signal `\memory_interface.$memwr$\memory$/work/rtl/memory/memory_interface.sv:21$277_EN' from process `\memory_interface.$proc$/work/rtl/memory/memory_interface.sv:0$569'.
No latch inferred for signal `\memory_interface.$memwr$\memory$/work/rtl/memory/memory_interface.sv:21$278_EN' from process `\memory_interface.$proc$/work/rtl/memory/memory_interface.sv:0$569'.
No latch inferred for signal `\memory_interface.$memwr$\memory$/work/rtl/memory/memory_interface.sv:21$279_EN' from process `\memory_interface.$proc$/work/rtl/memory/memory_interface.sv:0$569'.
No latch inferred for signal `\memory_interface.$memwr$\memory$/work/rtl/memory/memory_interface.sv:21$280_EN' from process `\memory_interface.$proc$/work/rtl/memory/memory_interface.sv:0$569'.
No latch inferred for signal `\memory_interface.$memwr$\memory$/work/rtl/memory/memory_interface.sv:21$281_EN' from process `\memory_interface.$proc$/work/rtl/memory/memory_interface.sv:0$569'.
No latch inferred for signal `\memory_interface.$memwr$\memory$/work/rtl/memory/memory_interface.sv:21$282_EN' from process `\memory_interface.$proc$/work/rtl/memory/memory_interface.sv:0$569'.
No latch inferred for signal `\memory_interface.$memwr$\memory$/work/rtl/memory/memory_interface.sv:21$283_EN' from process `\memory_interface.$proc$/work/rtl/memory/memory_interface.sv:0$569'.
No latch inferred for signal `\memory_interface.$memwr$\memory$/work/rtl/memory/memory_interface.sv:21$284_EN' from process `\memory_interface.$proc$/work/rtl/memory/memory_interface.sv:0$569'.
No latch inferred for signal `\memory_interface.$memwr$\memory$/work/rtl/memory/memory_interface.sv:21$285_EN' from process `\memory_interface.$proc$/work/rtl/memory/memory_interface.sv:0$569'.
No latch inferred for signal `\memory_interface.$memwr$\memory$/work/rtl/memory/memory_interface.sv:21$286_EN' from process `\memory_interface.$proc$/work/rtl/memory/memory_interface.sv:0$569'.
No latch inferred for signal `\memory_interface.$memwr$\memory$/work/rtl/memory/memory_interface.sv:21$287_EN' from process `\memory_interface.$proc$/work/rtl/memory/memory_interface.sv:0$569'.
No latch inferred for signal `\memory_interface.$memwr$\memory$/work/rtl/memory/memory_interface.sv:21$288_EN' from process `\memory_interface.$proc$/work/rtl/memory/memory_interface.sv:0$569'.
No latch inferred for signal `\memory_interface.$memwr$\memory$/work/rtl/memory/memory_interface.sv:21$289_EN' from process `\memory_interface.$proc$/work/rtl/memory/memory_interface.sv:0$569'.
No latch inferred for signal `\memory_interface.$memwr$\memory$/work/rtl/memory/memory_interface.sv:21$290_EN' from process `\memory_interface.$proc$/work/rtl/memory/memory_interface.sv:0$569'.
No latch inferred for signal `\memory_interface.$memwr$\memory$/work/rtl/memory/memory_interface.sv:21$291_EN' from process `\memory_interface.$proc$/work/rtl/memory/memory_interface.sv:0$569'.
No latch inferred for signal `\memory_interface.$memwr$\memory$/work/rtl/memory/memory_interface.sv:21$292_EN' from process `\memory_interface.$proc$/work/rtl/memory/memory_interface.sv:0$569'.
No latch inferred for signal `\memory_interface.$memwr$\memory$/work/rtl/memory/memory_interface.sv:21$293_EN' from process `\memory_interface.$proc$/work/rtl/memory/memory_interface.sv:0$569'.
No latch inferred for signal `\memory_interface.$memwr$\memory$/work/rtl/memory/memory_interface.sv:21$294_EN' from process `\memory_interface.$proc$/work/rtl/memory/memory_interface.sv:0$569'.
No latch inferred for signal `\memory_interface.$memwr$\memory$/work/rtl/memory/memory_interface.sv:21$295_EN' from process `\memory_interface.$proc$/work/rtl/memory/memory_interface.sv:0$569'.
No latch inferred for signal `\memory_interface.$memwr$\memory$/work/rtl/memory/memory_interface.sv:21$296_EN' from process `\memory_interface.$proc$/work/rtl/memory/memory_interface.sv:0$569'.
No latch inferred for signal `\memory_interface.$memwr$\memory$/work/rtl/memory/memory_interface.sv:21$297_EN' from process `\memory_interface.$proc$/work/rtl/memory/memory_interface.sv:0$569'.
No latch inferred for signal `\memory_interface.$memwr$\memory$/work/rtl/memory/memory_interface.sv:21$298_EN' from process `\memory_interface.$proc$/work/rtl/memory/memory_interface.sv:0$569'.
No latch inferred for signal `\memory_interface.$memwr$\memory$/work/rtl/memory/memory_interface.sv:21$299_EN' from process `\memory_interface.$proc$/work/rtl/memory/memory_interface.sv:0$569'.
No latch inferred for signal `\memory_interface.\read_data' from process `\memory_interface.$proc$/work/rtl/memory/memory_interface.sv:0$311'.
No latch inferred for signal `\uart.\rdata' from process `\uart.$proc$/work/rtl/peripherals/uart.sv:0$41'.
No latch inferred for signal `\spi.\rdata' from process `\spi.$proc$/work/rtl/peripherals/spi.sv:0$36'.
No latch inferred for signal `\i2c.\rdata' from process `\i2c.$proc$/work/rtl/peripherals/i2c.sv:0$31'.
No latch inferred for signal `\gpio.\rdata' from process `\gpio.$proc$/work/rtl/peripherals/gpio.sv:0$24'.
No latch inferred for signal `\timer.\rdata' from process `\timer.$proc$/work/rtl/peripherals/timer.sv:0$19'.
No latch inferred for signal `\control_unit.\mem_read' from process `\control_unit.$proc$/work/rtl/cpu/control_unit.sv:0$2423'.
No latch inferred for signal `\control_unit.\mem_write' from process `\control_unit.$proc$/work/rtl/cpu/control_unit.sv:0$2423'.
No latch inferred for signal `\control_unit.\reg_write' from process `\control_unit.$proc$/work/rtl/cpu/control_unit.sv:0$2423'.
No latch inferred for signal `\control_unit.\mem_to_reg' from process `\control_unit.$proc$/work/rtl/cpu/control_unit.sv:0$2423'.
No latch inferred for signal `\control_unit.\alu_src' from process `\control_unit.$proc$/work/rtl/cpu/control_unit.sv:0$2423'.
No latch inferred for signal `\control_unit.\branch' from process `\control_unit.$proc$/work/rtl/cpu/control_unit.sv:0$2423'.
No latch inferred for signal `\control_unit.\jump' from process `\control_unit.$proc$/work/rtl/cpu/control_unit.sv:0$2423'.
No latch inferred for signal `\control_unit.\alu_op' from process `\control_unit.$proc$/work/rtl/cpu/control_unit.sv:0$2423'.
No latch inferred for signal `\alu.\result' from process `\alu.$proc$/work/rtl/cpu/alu.sv:0$2539'.
No latch inferred for signal `\regfile.\rs1_data' from process `\regfile.$proc$/work/rtl/cpu/regfile.sv:0$2534'.
No latch inferred for signal `\regfile.\rs2_data' from process `\regfile.$proc$/work/rtl/cpu/regfile.sv:0$2534'.
No latch inferred for signal `\immediate_generator.\immediate' from process `\immediate_generator.$proc$/work/rtl/cpu/immediate_generator.sv:0$2424'.
No latch inferred for signal `\immediate_generator.\opcode' from process `\immediate_generator.$proc$/work/rtl/cpu/immediate_generator.sv:0$2424'.

30.9. Executing PROC_DFF pass (convert process syncs to FFs).
Creating register for signal `\soc_top.\mac_start' using process `\soc_top.$proc$/work/rtl/soc_top.sv:225$7'.
  created $adff cell `$procdff$3314' with positive edge clock and positive level reset.
Creating register for signal `\soc_top.\mac_a' using process `\soc_top.$proc$/work/rtl/soc_top.sv:225$7'.
  created $adff cell `$procdff$3317' with positive edge clock and positive level reset.
Creating register for signal `\soc_top.\mac_b' using process `\soc_top.$proc$/work/rtl/soc_top.sv:225$7'.
  created $adff cell `$procdff$3320' with positive edge clock and positive level reset.
Creating register for signal `\soc_top.\mac_c' using process `\soc_top.$proc$/work/rtl/soc_top.sv:225$7'.
  created $adff cell `$procdff$3323' with positive edge clock and positive level reset.
Creating register for signal `\if_stage.\pc' using process `\if_stage.$proc$/work/rtl/cpu/pipeline/if_stage.sv:26$1904'.
  created $dff cell `$procdff$3324' with positive edge clock.
Creating register for signal `\pipeline_regs.\id_pc' using process `\pipeline_regs.$proc$/work/rtl/cpu/pipeline_regs.sv:84$1611'.
  created $dff cell `$procdff$3325' with positive edge clock.
Creating register for signal `\pipeline_regs.\id_pc_plus4' using process `\pipeline_regs.$proc$/work/rtl/cpu/pipeline_regs.sv:84$1611'.
  created $dff cell `$procdff$3326' with positive edge clock.
Creating register for signal `\pipeline_regs.\ex_rs1' using process `\pipeline_regs.$proc$/work/rtl/cpu/pipeline_regs.sv:84$1611'.
  created $dff cell `$procdff$3327' with positive edge clock.
Creating register for signal `\pipeline_regs.\ex_rs2' using process `\pipeline_regs.$proc$/work/rtl/cpu/pipeline_regs.sv:84$1611'.
  created $dff cell `$procdff$3328' with positive edge clock.
Creating register for signal `\pipeline_regs.\ex_rd' using process `\pipeline_regs.$proc$/work/rtl/cpu/pipeline_regs.sv:84$1611'.
  created $dff cell `$procdff$3329' with positive edge clock.
Creating register for signal `\pipeline_regs.\ex_mem_read' using process `\pipeline_regs.$proc$/work/rtl/cpu/pipeline_regs.sv:84$1611'.
  created $dff cell `$procdff$3330' with positive edge clock.
Creating register for signal `\pipeline_regs.\ex_rs1_data' using process `\pipeline_regs.$proc$/work/rtl/cpu/pipeline_regs.sv:84$1611'.
  created $dff cell `$procdff$3331' with positive edge clock.
Creating register for signal `\pipeline_regs.\ex_rs2_data' using process `\pipeline_regs.$proc$/work/rtl/cpu/pipeline_regs.sv:84$1611'.
  created $dff cell `$procdff$3332' with positive edge clock.
Creating register for signal `\pipeline_regs.\ex_immediate' using process `\pipeline_regs.$proc$/work/rtl/cpu/pipeline_regs.sv:84$1611'.
  created $dff cell `$procdff$3333' with positive edge clock.
Creating register for signal `\pipeline_regs.\ex_pc' using process `\pipeline_regs.$proc$/work/rtl/cpu/pipeline_regs.sv:84$1611'.
  created $dff cell `$procdff$3334' with positive edge clock.
Creating register for signal `\pipeline_regs.\ex_reg_write' using process `\pipeline_regs.$proc$/work/rtl/cpu/pipeline_regs.sv:84$1611'.
  created $dff cell `$procdff$3335' with positive edge clock.
Creating register for signal `\pipeline_regs.\ex_mem_write' using process `\pipeline_regs.$proc$/work/rtl/cpu/pipeline_regs.sv:84$1611'.
  created $dff cell `$procdff$3336' with positive edge clock.
Creating register for signal `\pipeline_regs.\ex_mem_to_reg' using process `\pipeline_regs.$proc$/work/rtl/cpu/pipeline_regs.sv:84$1611'.
  created $dff cell `$procdff$3337' with positive edge clock.
Creating register for signal `\pipeline_regs.\ex_alu_src' using process `\pipeline_regs.$proc$/work/rtl/cpu/pipeline_regs.sv:84$1611'.
  created $dff cell `$procdff$3338' with positive edge clock.
Creating register for signal `\pipeline_regs.\ex_branch' using process `\pipeline_regs.$proc$/work/rtl/cpu/pipeline_regs.sv:84$1611'.
  created $dff cell `$procdff$3339' with positive edge clock.
Creating register for signal `\pipeline_regs.\ex_jump' using process `\pipeline_regs.$proc$/work/rtl/cpu/pipeline_regs.sv:84$1611'.
  created $dff cell `$procdff$3340' with positive edge clock.
Creating register for signal `\pipeline_regs.\ex_alu_control' using process `\pipeline_regs.$proc$/work/rtl/cpu/pipeline_regs.sv:84$1611'.
  created $dff cell `$procdff$3341' with positive edge clock.
Creating register for signal `\pipeline_regs.\mem_rd' using process `\pipeline_regs.$proc$/work/rtl/cpu/pipeline_regs.sv:84$1611'.
  created $dff cell `$procdff$3342' with positive edge clock.
Creating register for signal `\pipeline_regs.\wb_rd' using process `\pipeline_regs.$proc$/work/rtl/cpu/pipeline_regs.sv:84$1611'.
  created $dff cell `$procdff$3343' with positive edge clock.
Creating register for signal `\pipeline_regs.\mem_reg_write' using process `\pipeline_regs.$proc$/work/rtl/cpu/pipeline_regs.sv:84$1611'.
  created $dff cell `$procdff$3344' with positive edge clock.
Creating register for signal `\pipeline_regs.\wb_reg_write' using process `\pipeline_regs.$proc$/work/rtl/cpu/pipeline_regs.sv:84$1611'.
  created $dff cell `$procdff$3345' with positive edge clock.
Creating register for signal `\pipeline_regs.\mem_alu_result' using process `\pipeline_regs.$proc$/work/rtl/cpu/pipeline_regs.sv:84$1611'.
  created $dff cell `$procdff$3346' with positive edge clock.
Creating register for signal `\pipeline_regs.\mem_store_data' using process `\pipeline_regs.$proc$/work/rtl/cpu/pipeline_regs.sv:84$1611'.
  created $dff cell `$procdff$3347' with positive edge clock.
Creating register for signal `\pipeline_regs.\mem_mem_read' using process `\pipeline_regs.$proc$/work/rtl/cpu/pipeline_regs.sv:84$1611'.
  created $dff cell `$procdff$3348' with positive edge clock.
Creating register for signal `\pipeline_regs.\mem_mem_write' using process `\pipeline_regs.$proc$/work/rtl/cpu/pipeline_regs.sv:84$1611'.
  created $dff cell `$procdff$3349' with positive edge clock.
Creating register for signal `\pipeline_regs.\mem_mem_to_reg' using process `\pipeline_regs.$proc$/work/rtl/cpu/pipeline_regs.sv:84$1611'.
  created $dff cell `$procdff$3350' with positive edge clock.
Creating register for signal `\pipeline_regs.\wb_read_data' using process `\pipeline_regs.$proc$/work/rtl/cpu/pipeline_regs.sv:84$1611'.
  created $dff cell `$procdff$3351' with positive edge clock.
Creating register for signal `\pipeline_regs.\wb_alu_result' using process `\pipeline_regs.$proc$/work/rtl/cpu/pipeline_regs.sv:84$1611'.
  created $dff cell `$procdff$3352' with positive edge clock.
Creating register for signal `\pipeline_regs.\wb_mem_to_reg' using process `\pipeline_regs.$proc$/work/rtl/cpu/pipeline_regs.sv:84$1611'.
  created $dff cell `$procdff$3353' with positive edge clock.
Creating register for signal `\pipeline_regs.\id_instr' using process `\pipeline_regs.$proc$/work/rtl/cpu/pipeline_regs.sv:84$1611'.
  created $dff cell `$procdff$3354' with positive edge clock.
Creating register for signal `\mem_stage.$memwr$\data_memory$/work/rtl/cpu/pipeline/mem_stage.sv:26$1088_ADDR' using process `\mem_stage.$proc$/work/rtl/cpu/pipeline/mem_stage.sv:23$1089'.
  created $dff cell `$procdff$3355' with positive edge clock.
Creating register for signal `\mem_stage.$memwr$\data_memory$/work/rtl/cpu/pipeline/mem_stage.sv:26$1088_DATA' using process `\mem_stage.$proc$/work/rtl/cpu/pipeline/mem_stage.sv:23$1089'.
  created $dff cell `$procdff$3356' with positive edge clock.
Creating register for signal `\mem_stage.$memwr$\data_memory$/work/rtl/cpu/pipeline/mem_stage.sv:26$1088_EN' using process `\mem_stage.$proc$/work/rtl/cpu/pipeline/mem_stage.sv:23$1089'.
  created $dff cell `$procdff$3357' with positive edge clock.
Creating register for signal `\memory_interface.\ready' using process `\memory_interface.$proc$/work/rtl/memory/memory_interface.sv:24$301'.
  created $dff cell `$procdff$3358' with positive edge clock.
Creating register for signal `\memory_interface.$memwr$\memory$/work/rtl/memory/memory_interface.sv:35$300_ADDR' using process `\memory_interface.$proc$/work/rtl/memory/memory_interface.sv:24$301'.
  created $dff cell `$procdff$3359' with positive edge clock.
Creating register for signal `\memory_interface.$memwr$\memory$/work/rtl/memory/memory_interface.sv:35$300_DATA' using process `\memory_interface.$proc$/work/rtl/memory/memory_interface.sv:24$301'.
  created $dff cell `$procdff$3360' with positive edge clock.
Creating register for signal `\memory_interface.$memwr$\memory$/work/rtl/memory/memory_interface.sv:35$300_EN' using process `\memory_interface.$proc$/work/rtl/memory/memory_interface.sv:24$301'.
  created $dff cell `$procdff$3361' with positive edge clock.
Creating register for signal `\uart.\tx_data' using process `\uart.$proc$/work/rtl/peripherals/uart.sv:17$39'.
  created $adff cell `$procdff$3364' with positive edge clock and positive level reset.
Creating register for signal `\uart.\tx_busy' using process `\uart.$proc$/work/rtl/peripherals/uart.sv:17$39'.
  created $adff cell `$procdff$3367' with positive edge clock and positive level reset.
Creating register for signal `\spi.\tx_data' using process `\spi.$proc$/work/rtl/peripherals/spi.sv:19$34'.
  created $adff cell `$procdff$3370' with positive edge clock and positive level reset.
Creating register for signal `\spi.\rx_data' using process `\spi.$proc$/work/rtl/peripherals/spi.sv:19$34'.
  created $adff cell `$procdff$3373' with positive edge clock and positive level reset.
Creating register for signal `\i2c.\tx_data' using process `\i2c.$proc$/work/rtl/peripherals/i2c.sv:18$27'.
  created $adff cell `$procdff$3376' with positive edge clock and positive level reset.
Creating register for signal `\i2c.\rx_data' using process `\i2c.$proc$/work/rtl/peripherals/i2c.sv:18$27'.
  created $adff cell `$procdff$3379' with positive edge clock and positive level reset.
Creating register for signal `\gpio.\gpio_out' using process `\gpio.$proc$/work/rtl/peripherals/gpio.sv:14$22'.
  created $adff cell `$procdff$3382' with positive edge clock and positive level reset.
Creating register for signal `\timer.\irq' using process `\timer.$proc$/work/rtl/peripherals/timer.sv:17$15'.
  created $adff cell `$procdff$3385' with positive edge clock and positive level reset.
Creating register for signal `\timer.\counter' using process `\timer.$proc$/work/rtl/peripherals/timer.sv:17$15'.
  created $adff cell `$procdff$3388' with positive edge clock and positive level reset.
Creating register for signal `\timer.\compare' using process `\timer.$proc$/work/rtl/peripherals/timer.sv:17$15'.
  created $adff cell `$procdff$3391' with positive edge clock and positive level reset.
Creating register for signal `\timer.\enable' using process `\timer.$proc$/work/rtl/peripherals/timer.sv:17$15'.
  created $adff cell `$procdff$3394' with positive edge clock and positive level reset.
Creating register for signal `\mac_accelerator.\result' using process `\mac_accelerator.$proc$/work/rtl/accelerator/mac_accelerator.sv:14$12'.
  created $adff cell `$procdff$3397' with positive edge clock and positive level reset.
Creating register for signal `\mac_accelerator.\done' using process `\mac_accelerator.$proc$/work/rtl/accelerator/mac_accelerator.sv:14$12'.
  created $adff cell `$procdff$3400' with positive edge clock and positive level reset.
Creating register for signal `\regfile.\i' using process `\regfile.$proc$/work/rtl/cpu/regfile.sv:20$2458'.
  created $dff cell `$procdff$3401' with positive edge clock.
Creating register for signal `\regfile.$memwr$\regs$/work/rtl/cpu/regfile.sv:23$2425_EN' using process `\regfile.$proc$/work/rtl/cpu/regfile.sv:20$2458'.
  created $dff cell `$procdff$3402' with positive edge clock.
Creating register for signal `\regfile.$memwr$\regs$/work/rtl/cpu/regfile.sv:23$2426_EN' using process `\regfile.$proc$/work/rtl/cpu/regfile.sv:20$2458'.
  created $dff cell `$procdff$3403' with positive edge clock.
Creating register for signal `\regfile.$memwr$\regs$/work/rtl/cpu/regfile.sv:23$2427_EN' using process `\regfile.$proc$/work/rtl/cpu/regfile.sv:20$2458'.
  created $dff cell `$procdff$3404' with positive edge clock.
Creating register for signal `\regfile.$memwr$\regs$/work/rtl/cpu/regfile.sv:23$2428_EN' using process `\regfile.$proc$/work/rtl/cpu/regfile.sv:20$2458'.
  created $dff cell `$procdff$3405' with positive edge clock.
Creating register for signal `\regfile.$memwr$\regs$/work/rtl/cpu/regfile.sv:23$2429_EN' using process `\regfile.$proc$/work/rtl/cpu/regfile.sv:20$2458'.
  created $dff cell `$procdff$3406' with positive edge clock.
Creating register for signal `\regfile.$memwr$\regs$/work/rtl/cpu/regfile.sv:23$2430_EN' using process `\regfile.$proc$/work/rtl/cpu/regfile.sv:20$2458'.
  created $dff cell `$procdff$3407' with positive edge clock.
Creating register for signal `\regfile.$memwr$\regs$/work/rtl/cpu/regfile.sv:23$2431_EN' using process `\regfile.$proc$/work/rtl/cpu/regfile.sv:20$2458'.
  created $dff cell `$procdff$3408' with positive edge clock.
Creating register for signal `\regfile.$memwr$\regs$/work/rtl/cpu/regfile.sv:23$2432_EN' using process `\regfile.$proc$/work/rtl/cpu/regfile.sv:20$2458'.
  created $dff cell `$procdff$3409' with positive edge clock.
Creating register for signal `\regfile.$memwr$\regs$/work/rtl/cpu/regfile.sv:23$2433_EN' using process `\regfile.$proc$/work/rtl/cpu/regfile.sv:20$2458'.
  created $dff cell `$procdff$3410' with positive edge clock.
Creating register for signal `\regfile.$memwr$\regs$/work/rtl/cpu/regfile.sv:23$2434_EN' using process `\regfile.$proc$/work/rtl/cpu/regfile.sv:20$2458'.
  created $dff cell `$procdff$3411' with positive edge clock.
Creating register for signal `\regfile.$memwr$\regs$/work/rtl/cpu/regfile.sv:23$2435_EN' using process `\regfile.$proc$/work/rtl/cpu/regfile.sv:20$2458'.
  created $dff cell `$procdff$3412' with positive edge clock.
Creating register for signal `\regfile.$memwr$\regs$/work/rtl/cpu/regfile.sv:23$2436_EN' using process `\regfile.$proc$/work/rtl/cpu/regfile.sv:20$2458'.
  created $dff cell `$procdff$3413' with positive edge clock.
Creating register for signal `\regfile.$memwr$\regs$/work/rtl/cpu/regfile.sv:23$2437_EN' using process `\regfile.$proc$/work/rtl/cpu/regfile.sv:20$2458'.
  created $dff cell `$procdff$3414' with positive edge clock.
Creating register for signal `\regfile.$memwr$\regs$/work/rtl/cpu/regfile.sv:23$2438_EN' using process `\regfile.$proc$/work/rtl/cpu/regfile.sv:20$2458'.
  created $dff cell `$procdff$3415' with positive edge clock.
Creating register for signal `\regfile.$memwr$\regs$/work/rtl/cpu/regfile.sv:23$2439_EN' using process `\regfile.$proc$/work/rtl/cpu/regfile.sv:20$2458'.
  created $dff cell `$procdff$3416' with positive edge clock.
Creating register for signal `\regfile.$memwr$\regs$/work/rtl/cpu/regfile.sv:23$2440_EN' using process `\regfile.$proc$/work/rtl/cpu/regfile.sv:20$2458'.
  created $dff cell `$procdff$3417' with positive edge clock.
Creating register for signal `\regfile.$memwr$\regs$/work/rtl/cpu/regfile.sv:23$2441_EN' using process `\regfile.$proc$/work/rtl/cpu/regfile.sv:20$2458'.
  created $dff cell `$procdff$3418' with positive edge clock.
Creating register for signal `\regfile.$memwr$\regs$/work/rtl/cpu/regfile.sv:23$2442_EN' using process `\regfile.$proc$/work/rtl/cpu/regfile.sv:20$2458'.
  created $dff cell `$procdff$3419' with positive edge clock.
Creating register for signal `\regfile.$memwr$\regs$/work/rtl/cpu/regfile.sv:23$2443_EN' using process `\regfile.$proc$/work/rtl/cpu/regfile.sv:20$2458'.
  created $dff cell `$procdff$3420' with positive edge clock.
Creating register for signal `\regfile.$memwr$\regs$/work/rtl/cpu/regfile.sv:23$2444_EN' using process `\regfile.$proc$/work/rtl/cpu/regfile.sv:20$2458'.
  created $dff cell `$procdff$3421' with positive edge clock.
Creating register for signal `\regfile.$memwr$\regs$/work/rtl/cpu/regfile.sv:23$2445_EN' using process `\regfile.$proc$/work/rtl/cpu/regfile.sv:20$2458'.
  created $dff cell `$procdff$3422' with positive edge clock.
Creating register for signal `\regfile.$memwr$\regs$/work/rtl/cpu/regfile.sv:23$2446_EN' using process `\regfile.$proc$/work/rtl/cpu/regfile.sv:20$2458'.
  created $dff cell `$procdff$3423' with positive edge clock.
Creating register for signal `\regfile.$memwr$\regs$/work/rtl/cpu/regfile.sv:23$2447_EN' using process `\regfile.$proc$/work/rtl/cpu/regfile.sv:20$2458'.
  created $dff cell `$procdff$3424' with positive edge clock.
Creating register for signal `\regfile.$memwr$\regs$/work/rtl/cpu/regfile.sv:23$2448_EN' using process `\regfile.$proc$/work/rtl/cpu/regfile.sv:20$2458'.
  created $dff cell `$procdff$3425' with positive edge clock.
Creating register for signal `\regfile.$memwr$\regs$/work/rtl/cpu/regfile.sv:23$2449_EN' using process `\regfile.$proc$/work/rtl/cpu/regfile.sv:20$2458'.
  created $dff cell `$procdff$3426' with positive edge clock.
Creating register for signal `\regfile.$memwr$\regs$/work/rtl/cpu/regfile.sv:23$2450_EN' using process `\regfile.$proc$/work/rtl/cpu/regfile.sv:20$2458'.
  created $dff cell `$procdff$3427' with positive edge clock.
Creating register for signal `\regfile.$memwr$\regs$/work/rtl/cpu/regfile.sv:23$2451_EN' using process `\regfile.$proc$/work/rtl/cpu/regfile.sv:20$2458'.
  created $dff cell `$procdff$3428' with positive edge clock.
Creating register for signal `\regfile.$memwr$\regs$/work/rtl/cpu/regfile.sv:23$2452_EN' using process `\regfile.$proc$/work/rtl/cpu/regfile.sv:20$2458'.
  created $dff cell `$procdff$3429' with positive edge clock.
Creating register for signal `\regfile.$memwr$\regs$/work/rtl/cpu/regfile.sv:23$2453_EN' using process `\regfile.$proc$/work/rtl/cpu/regfile.sv:20$2458'.
  created $dff cell `$procdff$3430' with positive edge clock.
Creating register for signal `\regfile.$memwr$\regs$/work/rtl/cpu/regfile.sv:23$2454_EN' using process `\regfile.$proc$/work/rtl/cpu/regfile.sv:20$2458'.
  created $dff cell `$procdff$3431' with positive edge clock.
Creating register for signal `\regfile.$memwr$\regs$/work/rtl/cpu/regfile.sv:23$2455_EN' using process `\regfile.$proc$/work/rtl/cpu/regfile.sv:20$2458'.
  created $dff cell `$procdff$3432' with positive edge clock.
Creating register for signal `\regfile.$memwr$\regs$/work/rtl/cpu/regfile.sv:23$2456_EN' using process `\regfile.$proc$/work/rtl/cpu/regfile.sv:20$2458'.
  created $dff cell `$procdff$3433' with positive edge clock.
Creating register for signal `\regfile.$memwr$\regs$/work/rtl/cpu/regfile.sv:27$2457_ADDR' using process `\regfile.$proc$/work/rtl/cpu/regfile.sv:20$2458'.
  created $dff cell `$procdff$3434' with positive edge clock.
Creating register for signal `\regfile.$memwr$\regs$/work/rtl/cpu/regfile.sv:27$2457_DATA' using process `\regfile.$proc$/work/rtl/cpu/regfile.sv:20$2458'.
  created $dff cell `$procdff$3435' with positive edge clock.
Creating register for signal `\regfile.$memwr$\regs$/work/rtl/cpu/regfile.sv:27$2457_EN' using process `\regfile.$proc$/work/rtl/cpu/regfile.sv:20$2458'.
  created $dff cell `$procdff$3436' with positive edge clock.

30.10. Executing PROC_MEMWR pass (convert process memory writes to cells).

30.11. Executing PROC_CLEAN pass (remove empty switches from decision trees).
Found and cleaned up 7 empty switches in `\soc_top.$proc$/work/rtl/soc_top.sv:0$11'.
Removing empty process `soc_top.$proc$/work/rtl/soc_top.sv:0$11'.
Found and cleaned up 2 empty switches in `\soc_top.$proc$/work/rtl/soc_top.sv:0$9'.
Removing empty process `soc_top.$proc$/work/rtl/soc_top.sv:0$9'.
Found and cleaned up 2 empty switches in `\soc_top.$proc$/work/rtl/soc_top.sv:225$7'.
Removing empty process `soc_top.$proc$/work/rtl/soc_top.sv:225$7'.
Removing empty process `if_stage.$proc$/work/rtl/cpu/pipeline/if_stage.sv:0$2166'.
Removing empty process `if_stage.$proc$/work/rtl/cpu/pipeline/if_stage.sv:0$1908'.
Removing empty process `if_stage.$proc$/work/rtl/cpu/pipeline/if_stage.sv:0$1906'.
Found and cleaned up 3 empty switches in `\if_stage.$proc$/work/rtl/cpu/pipeline/if_stage.sv:26$1904'.
Removing empty process `if_stage.$proc$/work/rtl/cpu/pipeline/if_stage.sv:26$1904'.
Found and cleaned up 1 empty switch in `\hazard_detection.$proc$/work/rtl/cpu/pipeline/hazard_detection.sv:0$1641'.
Removing empty process `hazard_detection.$proc$/work/rtl/cpu/pipeline/hazard_detection.sv:0$1641'.
Found and cleaned up 4 empty switches in `\forwarding_unit.$proc$/work/rtl/cpu/pipeline/forwarding_unit.sv:0$1624'.
Removing empty process `forwarding_unit.$proc$/work/rtl/cpu/pipeline/forwarding_unit.sv:0$1624'.
Found and cleaned up 2 empty switches in `\branch_unit.$proc$/work/rtl/cpu/pipeline/branch_unit.sv:0$1617'.
Removing empty process `branch_unit.$proc$/work/rtl/cpu/pipeline/branch_unit.sv:0$1617'.
Found and cleaned up 5 empty switches in `\pipeline_regs.$proc$/work/rtl/cpu/pipeline_regs.sv:84$1611'.
Removing empty process `pipeline_regs.$proc$/work/rtl/cpu/pipeline_regs.sv:84$1611'.
Removing empty process `mem_stage.$proc$/work/rtl/cpu/pipeline/mem_stage.sv:0$1354'.
Found and cleaned up 1 empty switch in `\mem_stage.$proc$/work/rtl/cpu/pipeline/mem_stage.sv:0$1096'.
Removing empty process `mem_stage.$proc$/work/rtl/cpu/pipeline/mem_stage.sv:0$1096'.
Found and cleaned up 1 empty switch in `\mem_stage.$proc$/work/rtl/cpu/pipeline/mem_stage.sv:23$1089'.
Removing empty process `mem_stage.$proc$/work/rtl/cpu/pipeline/mem_stage.sv:23$1089'.
Found and cleaned up 1 empty switch in `\wb_stage.$proc$/work/rtl/cpu/pipeline/wb_stage.sv:7$830'.
Removing empty process `wb_stage.$proc$/work/rtl/cpu/pipeline/wb_stage.sv:7$830'.
Found and cleaned up 2 empty switches in `\pipelined_cpu.$proc$/work/rtl/cpu/pipeline/pipelined_cpu.sv:0$829'.
Removing empty process `pipelined_cpu.$proc$/work/rtl/cpu/pipeline/pipelined_cpu.sv:0$829'.
Found and cleaned up 1 empty switch in `\pipelined_cpu.$proc$/work/rtl/cpu/pipeline/pipelined_cpu.sv:0$828'.
Removing empty process `pipelined_cpu.$proc$/work/rtl/cpu/pipeline/pipelined_cpu.sv:0$828'.
Found and cleaned up 2 empty switches in `\bus_interconnect.$proc$/work/rtl/bus/interconnect.sv:14$826'.
Removing empty process `bus_interconnect.$proc$/work/rtl/bus/interconnect.sv:14$826'.
Removing empty process `memory_interface.$proc$/work/rtl/memory/memory_interface.sv:0$569'.
Found and cleaned up 1 empty switch in `\memory_interface.$proc$/work/rtl/memory/memory_interface.sv:0$311'.
Removing empty process `memory_interface.$proc$/work/rtl/memory/memory_interface.sv:0$311'.
Found and cleaned up 2 empty switches in `\memory_interface.$proc$/work/rtl/memory/memory_interface.sv:24$301'.
Removing empty process `memory_interface.$proc$/work/rtl/memory/memory_interface.sv:24$301'.
Found and cleaned up 1 empty switch in `\uart.$proc$/work/rtl/peripherals/uart.sv:0$41'.
Removing empty process `uart.$proc$/work/rtl/peripherals/uart.sv:0$41'.
Found and cleaned up 1 empty switch in `\uart.$proc$/work/rtl/peripherals/uart.sv:17$39'.
Removing empty process `uart.$proc$/work/rtl/peripherals/uart.sv:17$39'.
Found and cleaned up 1 empty switch in `\spi.$proc$/work/rtl/peripherals/spi.sv:0$36'.
Removing empty process `spi.$proc$/work/rtl/peripherals/spi.sv:0$36'.
Found and cleaned up 1 empty switch in `\spi.$proc$/work/rtl/peripherals/spi.sv:19$34'.
Removing empty process `spi.$proc$/work/rtl/peripherals/spi.sv:19$34'.
Found and cleaned up 1 empty switch in `\i2c.$proc$/work/rtl/peripherals/i2c.sv:0$31'.
Removing empty process `i2c.$proc$/work/rtl/peripherals/i2c.sv:0$31'.
Found and cleaned up 2 empty switches in `\i2c.$proc$/work/rtl/peripherals/i2c.sv:18$27'.
Removing empty process `i2c.$proc$/work/rtl/peripherals/i2c.sv:18$27'.
Found and cleaned up 1 empty switch in `\gpio.$proc$/work/rtl/peripherals/gpio.sv:0$24'.
Removing empty process `gpio.$proc$/work/rtl/peripherals/gpio.sv:0$24'.
Found and cleaned up 1 empty switch in `\gpio.$proc$/work/rtl/peripherals/gpio.sv:14$22'.
Removing empty process `gpio.$proc$/work/rtl/peripherals/gpio.sv:14$22'.
Found and cleaned up 1 empty switch in `\timer.$proc$/work/rtl/peripherals/timer.sv:0$19'.
Removing empty process `timer.$proc$/work/rtl/peripherals/timer.sv:0$19'.
Found and cleaned up 3 empty switches in `\timer.$proc$/work/rtl/peripherals/timer.sv:17$15'.
Removing empty process `timer.$proc$/work/rtl/peripherals/timer.sv:17$15'.
Found and cleaned up 1 empty switch in `\mac_accelerator.$proc$/work/rtl/accelerator/mac_accelerator.sv:14$12'.
Removing empty process `mac_accelerator.$proc$/work/rtl/accelerator/mac_accelerator.sv:14$12'.
Found and cleaned up 1 empty switch in `\control_unit.$proc$/work/rtl/cpu/control_unit.sv:0$2423'.
Removing empty process `control_unit.$proc$/work/rtl/cpu/control_unit.sv:0$2423'.
Found and cleaned up 1 empty switch in `\alu.$proc$/work/rtl/cpu/alu.sv:0$2539'.
Removing empty process `alu.$proc$/work/rtl/cpu/alu.sv:0$2539'.
Found and cleaned up 2 empty switches in `\regfile.$proc$/work/rtl/cpu/regfile.sv:0$2534'.
Removing empty process `regfile.$proc$/work/rtl/cpu/regfile.sv:0$2534'.
Found and cleaned up 2 empty switches in `\regfile.$proc$/work/rtl/cpu/regfile.sv:20$2458'.
Removing empty process `regfile.$proc$/work/rtl/cpu/regfile.sv:20$2458'.
Found and cleaned up 1 empty switch in `\immediate_generator.$proc$/work/rtl/cpu/immediate_generator.sv:0$2424'.
Removing empty process `immediate_generator.$proc$/work/rtl/cpu/immediate_generator.sv:0$2424'.
Cleaned up 58 empty switches.

30.12. Executing OPT_EXPR pass (perform const folding).
Optimizing module soc_top.
<suppressed ~6 debug messages>
Optimizing module if_stage.
Optimizing module id_stage.
Optimizing module hazard_detection.
<suppressed ~1 debug messages>
Optimizing module forwarding_unit.
<suppressed ~4 debug messages>
Optimizing module ex_stage.
Optimizing module branch_unit.
Optimizing module pipeline_regs.
<suppressed ~5 debug messages>
Optimizing module mem_stage.
Optimizing module wb_stage.
<suppressed ~1 debug messages>
Optimizing module pipelined_cpu.
Optimizing module bus_interconnect.
<suppressed ~1 debug messages>
Optimizing module memory_interface.
Optimizing module uart.
<suppressed ~2 debug messages>
Optimizing module spi.
<suppressed ~2 debug messages>
Optimizing module i2c.
<suppressed ~2 debug messages>
Optimizing module gpio.
<suppressed ~1 debug messages>
Optimizing module timer.
<suppressed ~4 debug messages>
Optimizing module mac_accelerator.
<suppressed ~2 debug messages>
Optimizing module control_unit.
Optimizing module alu.
<suppressed ~2 debug messages>
Optimizing module regfile.
<suppressed ~3 debug messages>
Optimizing module immediate_generator.

31. Executing FLATTEN pass (flatten design).
Deleting now unused module if_stage.
Deleting now unused module id_stage.
Deleting now unused module hazard_detection.
Deleting now unused module forwarding_unit.
Deleting now unused module ex_stage.
Deleting now unused module branch_unit.
Deleting now unused module pipeline_regs.
Deleting now unused module mem_stage.
Deleting now unused module wb_stage.
Deleting now unused module pipelined_cpu.
Deleting now unused module bus_interconnect.
Deleting now unused module memory_interface.
Deleting now unused module uart.
Deleting now unused module spi.
Deleting now unused module i2c.
Deleting now unused module gpio.
Deleting now unused module timer.
Deleting now unused module mac_accelerator.
Deleting now unused module control_unit.
Deleting now unused module alu.
Deleting now unused module regfile.
Deleting now unused module immediate_generator.
<suppressed ~22 debug messages>

32. Executing OPT_CLEAN pass (remove unused cells and wires).
Finding unused cells or wires in module \soc_top..
Removed 336 unused cells and 2370 unused wires.
<suppressed ~599 debug messages>
