Instance,Terminal,Layer,X location,Y location,Voltage
FILLER_108_665,VGND,li1,312.1100,304.6400,0.000106
FILLER_108_657,VGND,li1,309.5800,304.6400,0.000106
FILLER_108_645,VGND,li1,304.9800,304.6400,0.000106
FILLER_108_641,VGND,li1,301.0700,304.6400,0.000106
FILLER_108_629,VGND,li1,297.6200,304.6400,0.000106
FILLER_108_617,VGND,li1,292.1000,304.6400,0.000106
FILLER_108_613,VGND,li1,288.1900,304.6400,0.000106
FILLER_108_601,VGND,li1,284.7400,304.6400,0.000106
FILLER_108_589,VGND,li1,279.2200,304.6400,0.000106
FILLER_108_585,VGND,li1,275.3100,304.6400,0.000106
FILLER_108_573,VGND,li1,271.8600,304.6400,0.000106
FILLER_108_561,VGND,li1,266.3400,304.6400,0.000106
FILLER_108_557,VGND,li1,262.4300,304.6400,0.000106
FILLER_108_545,VGND,li1,258.9800,304.6400,0.000106
FILLER_108_533,VGND,li1,253.4600,304.6400,0.000106
FILLER_108_529,VGND,li1,249.5500,304.6400,0.000106
FILLER_108_517,VGND,li1,246.1000,304.6400,0.000106
FILLER_108_505,VGND,li1,240.5800,304.6400,0.000106
FILLER_108_501,VGND,li1,236.6700,304.6400,0.000106
FILLER_108_489,VGND,li1,233.2200,304.6400,0.000106
FILLER_108_477,VGND,li1,227.7000,304.6400,0.000106
FILLER_108_473,VGND,li1,223.7900,304.6400,0.000106
FILLER_108_461,VGND,li1,220.3400,304.6400,0.000106
FILLER_108_454,VGND,li1,215.2800,304.6400,0.000106
FILLER_108_449,VGND,li1,212.5200,304.6400,0.000106
FILLER_108_447,VGND,li1,211.3700,304.6400,0.000106
FILLER_108_440,VGND,li1,208.8400,304.6400,0.000106
FILLER_108_433,VGND,li1,205.6200,304.6400,0.000106
FILLER_108_426,VGND,li1,202.4000,304.6400,0.000106
FILLER_108_421,VGND,li1,199.6400,304.6400,0.000106
FILLER_108_419,VGND,li1,198.4900,304.6400,0.000106
FILLER_108_412,VGND,li1,195.9600,304.6400,0.000106
FILLER_108_405,VGND,li1,192.7400,304.6400,0.000106
FILLER_108_398,VGND,li1,189.5200,304.6400,0.000106
FILLER_108_393,VGND,li1,186.7600,304.6400,0.000106
FILLER_108_391,VGND,li1,185.6100,304.6400,0.000106
FILLER_108_384,VGND,li1,183.0800,304.6400,0.000106
FILLER_108_377,VGND,li1,179.8600,304.6400,0.000106
FILLER_108_371,VGND,li1,176.8700,304.6400,0.000126
FILLER_108_337,VGND,li1,160.7700,304.6400,0.000289
FILLER_108_309,VGND,li1,147.8900,304.6400,0.000333
FILLER_108_281,VGND,li1,135.0100,304.6400,0.000314
FILLER_108_279,VGND,li1,134.0900,304.6400,0.000314
FILLER_108_272,VGND,li1,131.5600,304.6400,0.000308
FILLER_108_265,VGND,li1,128.3400,304.6400,0.000299
FILLER_108_258,VGND,li1,125.1200,304.6400,0.000291
FILLER_108_253,VGND,li1,122.3600,304.6400,0.000283
FILLER_108_251,VGND,li1,121.2100,304.6400,0.000278
FILLER_108_244,VGND,li1,118.6800,304.6400,0.000269
FILLER_108_237,VGND,li1,115.4600,304.6400,0.000261
FILLER_108_230,VGND,li1,112.2400,304.6400,0.000252
FILLER_108_225,VGND,li1,109.4800,304.6400,0.000246
FILLER_108_223,VGND,li1,108.3300,304.6400,0.000246
FILLER_108_217,VGND,li1,106.0300,304.6400,0.000240
FILLER_108_209,VGND,li1,103.5000,304.6400,0.000231
FILLER_108_197,VGND,li1,98.9000,304.6400,0.000221
FILLER_108_193,VGND,li1,94.9900,304.6400,0.000211
FILLER_108_181,VGND,li1,91.5400,304.6400,0.000202
FILLER_108_169,VGND,li1,86.0200,304.6400,0.000187
FILLER_108_165,VGND,li1,82.1100,304.6400,0.000174
FILLER_108_153,VGND,li1,78.6600,304.6400,0.000168
FILLER_108_141,VGND,li1,73.1400,304.6400,0.000153
FILLER_108_137,VGND,li1,69.2300,304.6400,0.000143
FILLER_108_125,VGND,li1,65.7800,304.6400,0.000134
FILLER_108_113,VGND,li1,60.2600,304.6400,0.000119
FILLER_108_109,VGND,li1,56.3500,304.6400,0.000106
FILLER_108_97,VGND,li1,52.9000,304.6400,0.000100
FILLER_108_85,VGND,li1,47.3800,304.6400,0.000085
FILLER_108_81,VGND,li1,43.4700,304.6400,0.000075
FILLER_108_69,VGND,li1,40.0200,304.6400,0.000066
FILLER_108_57,VGND,li1,34.5000,304.6400,0.000051
FILLER_108_53,VGND,li1,30.5900,304.6400,0.000039
FILLER_108_41,VGND,li1,27.1400,304.6400,0.000032
FILLER_108_29,VGND,li1,21.6200,304.6400,0.000026
FILLER_108_27,VGND,li1,18.1700,304.6400,0.000026
FILLER_108_15,VGND,li1,15.1800,304.6400,0.000026
FILLER_108_3,VGND,li1,9.6600,304.6400,0.000026
FILLER_107_665,VGND,li1,312.1100,304.6400,0.000106
FILLER_107_653,VGND,li1,308.6600,304.6400,0.000106
FILLER_107_641,VGND,li1,303.1400,304.6400,0.000106
FILLER_107_629,VGND,li1,297.6200,304.6400,0.000106
FILLER_107_617,VGND,li1,292.1000,304.6400,0.000106
FILLER_107_615,VGND,li1,288.6500,304.6400,0.000106
FILLER_107_609,VGND,li1,287.0400,304.6400,0.000106
FILLER_107_597,VGND,li1,282.9000,304.6400,0.000106
FILLER_107_585,VGND,li1,277.3800,304.6400,0.000106
FILLER_107_573,VGND,li1,271.8600,304.6400,0.000106
FILLER_107_561,VGND,li1,266.3400,304.6400,0.000106
FILLER_107_559,VGND,li1,262.8900,304.6400,0.000106
FILLER_107_553,VGND,li1,261.2800,304.6400,0.000106
FILLER_107_541,VGND,li1,257.1400,304.6400,0.000106
FILLER_107_529,VGND,li1,251.6200,304.6400,0.000106
FILLER_107_517,VGND,li1,246.1000,304.6400,0.000106
FILLER_107_505,VGND,li1,240.5800,304.6400,0.000106
FILLER_107_503,VGND,li1,237.1300,304.6400,0.000106
FILLER_107_497,VGND,li1,235.5200,304.6400,0.000106
FILLER_107_485,VGND,li1,231.3800,304.6400,0.000106
FILLER_107_473,VGND,li1,225.8600,304.6400,0.000106
FILLER_107_461,VGND,li1,220.3400,304.6400,0.000106
FILLER_107_449,VGND,li1,214.8200,304.6400,0.000106
FILLER_107_447,VGND,li1,211.3700,304.6400,0.000106
FILLER_107_441,VGND,li1,209.7600,304.6400,0.000106
FILLER_107_429,VGND,li1,205.6200,304.6400,0.000106
FILLER_107_417,VGND,li1,200.1000,304.6400,0.000106
FILLER_107_405,VGND,li1,194.5800,304.6400,0.000106
FILLER_107_393,VGND,li1,189.0600,304.6400,0.000106
FILLER_107_380,VGND,li1,183.0800,304.6400,0.000106
FILLER_107_368,VGND,li1,177.5600,304.6400,0.000126
FILLER_107_356,VGND,li1,172.0400,304.6400,0.000178
FILLER_107_349,VGND,li1,166.9800,304.6400,0.000232
FILLER_107_337,VGND,li1,163.3000,304.6400,0.000274
FILLER_107_335,VGND,li1,159.8500,304.6400,0.000289
FILLER_107_329,VGND,li1,157.5500,304.6400,0.000307
FILLER_107_319,VGND,li1,152.9500,304.6400,0.000327
FILLER_107_307,VGND,li1,148.5800,304.6400,0.000333
FILLER_107_300,VGND,li1,144.4400,304.6400,0.000333
FILLER_107_293,VGND,li1,141.2200,304.6400,0.000333
FILLER_107_281,VGND,li1,137.5400,304.6400,0.000319
FILLER_107_279,VGND,li1,134.0900,304.6400,0.000314
FILLER_107_273,VGND,li1,132.4800,304.6400,0.000308
FILLER_107_261,VGND,li1,128.3400,304.6400,0.000299
FILLER_107_249,VGND,li1,122.8200,304.6400,0.000283
FILLER_107_237,VGND,li1,117.3000,304.6400,0.000269
FILLER_107_225,VGND,li1,111.7800,304.6400,0.000252
FILLER_107_223,VGND,li1,108.3300,304.6400,0.000246
FILLER_107_217,VGND,li1,106.7200,304.6400,0.000240
FILLER_107_205,VGND,li1,102.5800,304.6400,0.000231
FILLER_107_193,VGND,li1,97.0600,304.6400,0.000216
FILLER_107_181,VGND,li1,91.5400,304.6400,0.000202
FILLER_107_169,VGND,li1,86.0200,304.6400,0.000187
FILLER_107_167,VGND,li1,82.5700,304.6400,0.000174
FILLER_107_161,VGND,li1,80.9600,304.6400,0.000174
FILLER_107_149,VGND,li1,76.8200,304.6400,0.000163
FILLER_107_137,VGND,li1,71.3000,304.6400,0.000148
FILLER_107_125,VGND,li1,65.7800,304.6400,0.000134
FILLER_107_113,VGND,li1,60.2600,304.6400,0.000119
FILLER_107_111,VGND,li1,56.8100,304.6400,0.000106
FILLER_107_105,VGND,li1,55.2000,304.6400,0.000106
FILLER_107_93,VGND,li1,51.0600,304.6400,0.000095
FILLER_107_81,VGND,li1,45.5400,304.6400,0.000080
FILLER_107_69,VGND,li1,40.0200,304.6400,0.000066
FILLER_107_57,VGND,li1,34.5000,304.6400,0.000051
FILLER_107_55,VGND,li1,31.0500,304.6400,0.000039
FILLER_107_51,VGND,li1,29.9000,304.6400,0.000039
FILLER_107_39,VGND,li1,26.2200,304.6400,0.000026
FILLER_107_27,VGND,li1,20.7000,304.6400,0.000026
FILLER_107_15,VGND,li1,15.1800,304.6400,0.000026
FILLER_107_3,VGND,li1,9.6600,304.6400,0.000026
FILLER_106_665,VGND,li1,312.1100,299.2000,0.000000
FILLER_106_657,VGND,li1,309.5800,299.2000,0.000000
FILLER_106_645,VGND,li1,304.9800,299.2000,0.000000
FILLER_106_643,VGND,li1,301.5300,299.2000,0.000000
FILLER_106_637,VGND,li1,299.9200,299.2000,0.000000
FILLER_106_625,VGND,li1,295.7800,299.2000,0.000000
FILLER_106_613,VGND,li1,290.2600,299.2000,0.000000
FILLER_106_601,VGND,li1,284.7400,299.2000,0.000000
FILLER_106_589,VGND,li1,279.2200,299.2000,0.000000
FILLER_106_587,VGND,li1,275.7700,299.2000,0.000000
FILLER_106_581,VGND,li1,274.1600,299.2000,0.000000
FILLER_106_569,VGND,li1,270.0200,299.2000,0.000000
FILLER_106_557,VGND,li1,264.5000,299.2000,0.000000
FILLER_106_545,VGND,li1,258.9800,299.2000,0.000000
FILLER_106_533,VGND,li1,253.4600,299.2000,0.000000
FILLER_106_531,VGND,li1,250.0100,299.2000,0.000000
FILLER_106_525,VGND,li1,248.4000,299.2000,0.000000
FILLER_106_513,VGND,li1,244.2600,299.2000,0.000000
FILLER_106_501,VGND,li1,238.7400,299.2000,0.000000
FILLER_106_489,VGND,li1,233.2200,299.2000,0.000000
FILLER_106_477,VGND,li1,227.7000,299.2000,0.000000
FILLER_106_475,VGND,li1,224.2500,299.2000,0.000000
FILLER_106_469,VGND,li1,222.6400,299.2000,0.000000
FILLER_106_457,VGND,li1,218.5000,299.2000,0.000000
FILLER_106_445,VGND,li1,212.9800,299.2000,0.000000
FILLER_106_433,VGND,li1,207.4600,299.2000,0.000000
FILLER_106_421,VGND,li1,201.9400,299.2000,0.000000
FILLER_106_419,VGND,li1,198.4900,299.2000,0.000000
FILLER_106_413,VGND,li1,196.8800,299.2000,0.000000
FILLER_106_401,VGND,li1,192.7400,299.2000,0.000000
FILLER_106_389,VGND,li1,187.2200,299.2000,0.000000
FILLER_106_377,VGND,li1,181.7000,299.2000,0.000000
FILLER_106_365,VGND,li1,176.1800,299.2000,0.000000
FILLER_106_363,VGND,li1,172.7300,299.2000,0.000000
FILLER_106_357,VGND,li1,171.1200,299.2000,0.000000
FILLER_106_345,VGND,li1,166.9800,299.2000,0.000000
FILLER_106_333,VGND,li1,161.4600,299.2000,0.000000
FILLER_106_321,VGND,li1,155.9400,299.2000,0.000000
FILLER_106_309,VGND,li1,150.4200,299.2000,0.000000
FILLER_106_307,VGND,li1,146.9700,299.2000,0.000000
FILLER_106_301,VGND,li1,145.3600,299.2000,0.000000
FILLER_106_289,VGND,li1,141.2200,299.2000,0.000000
FILLER_106_277,VGND,li1,135.7000,299.2000,0.000000
FILLER_106_265,VGND,li1,130.1800,299.2000,0.000000
FILLER_106_253,VGND,li1,124.6600,299.2000,0.000000
FILLER_106_251,VGND,li1,121.2100,299.2000,0.000000
FILLER_106_245,VGND,li1,119.6000,299.2000,0.000000
FILLER_106_233,VGND,li1,115.4600,299.2000,0.000000
FILLER_106_221,VGND,li1,109.9400,299.2000,0.000000
FILLER_106_209,VGND,li1,104.4200,299.2000,0.000000
FILLER_106_197,VGND,li1,98.9000,299.2000,0.000000
FILLER_106_195,VGND,li1,95.4500,299.2000,0.000000
FILLER_106_189,VGND,li1,93.8400,299.2000,0.000000
FILLER_106_177,VGND,li1,89.7000,299.2000,0.000000
FILLER_106_165,VGND,li1,84.1800,299.2000,0.000000
FILLER_106_153,VGND,li1,78.6600,299.2000,0.000000
FILLER_106_141,VGND,li1,73.1400,299.2000,0.000000
FILLER_106_139,VGND,li1,69.6900,299.2000,0.000000
FILLER_106_133,VGND,li1,68.0800,299.2000,0.000000
FILLER_106_121,VGND,li1,63.9400,299.2000,0.000000
FILLER_106_109,VGND,li1,58.4200,299.2000,0.000000
FILLER_106_97,VGND,li1,52.9000,299.2000,0.000000
FILLER_106_85,VGND,li1,47.3800,299.2000,0.000000
FILLER_106_83,VGND,li1,43.9300,299.2000,0.000000
FILLER_106_77,VGND,li1,42.3200,299.2000,0.000000
FILLER_106_65,VGND,li1,38.1800,299.2000,0.000000
FILLER_106_53,VGND,li1,32.6600,299.2000,0.000000
FILLER_106_41,VGND,li1,27.1400,299.2000,0.000000
FILLER_106_29,VGND,li1,21.6200,299.2000,0.000000
FILLER_106_27,VGND,li1,18.1700,299.2000,0.000000
FILLER_106_15,VGND,li1,15.1800,299.2000,0.000000
FILLER_106_3,VGND,li1,9.6600,299.2000,0.000000
FILLER_105_665,VGND,li1,312.1100,299.2000,0.000000
FILLER_105_653,VGND,li1,308.6600,299.2000,0.000000
FILLER_105_641,VGND,li1,303.1400,299.2000,0.000000
FILLER_105_629,VGND,li1,297.6200,299.2000,0.000000
FILLER_105_617,VGND,li1,292.1000,299.2000,0.000000
FILLER_105_615,VGND,li1,288.6500,299.2000,0.000000
FILLER_105_609,VGND,li1,287.0400,299.2000,0.000000
FILLER_105_597,VGND,li1,282.9000,299.2000,0.000000
FILLER_105_585,VGND,li1,277.3800,299.2000,0.000000
FILLER_105_573,VGND,li1,271.8600,299.2000,0.000000
FILLER_105_561,VGND,li1,266.3400,299.2000,0.000000
FILLER_105_559,VGND,li1,262.8900,299.2000,0.000000
FILLER_105_553,VGND,li1,261.2800,299.2000,0.000000
FILLER_105_541,VGND,li1,257.1400,299.2000,0.000000
FILLER_105_529,VGND,li1,251.6200,299.2000,0.000000
FILLER_105_517,VGND,li1,246.1000,299.2000,0.000000
FILLER_105_505,VGND,li1,240.5800,299.2000,0.000000
FILLER_105_503,VGND,li1,237.1300,299.2000,0.000000
FILLER_105_497,VGND,li1,235.5200,299.2000,0.000000
FILLER_105_485,VGND,li1,231.3800,299.2000,0.000000
FILLER_105_473,VGND,li1,225.8600,299.2000,0.000000
FILLER_105_461,VGND,li1,220.3400,299.2000,0.000000
FILLER_105_449,VGND,li1,214.8200,299.2000,0.000000
FILLER_105_447,VGND,li1,211.3700,299.2000,0.000000
FILLER_105_441,VGND,li1,209.7600,299.2000,0.000000
FILLER_105_429,VGND,li1,205.6200,299.2000,0.000000
FILLER_105_417,VGND,li1,200.1000,299.2000,0.000000
FILLER_105_405,VGND,li1,194.5800,299.2000,0.000000
FILLER_105_393,VGND,li1,189.0600,299.2000,0.000000
FILLER_105_391,VGND,li1,185.6100,299.2000,0.000000
FILLER_105_385,VGND,li1,184.0000,299.2000,0.000000
FILLER_105_373,VGND,li1,179.8600,299.2000,0.000000
FILLER_105_361,VGND,li1,174.3400,299.2000,0.000000
FILLER_105_349,VGND,li1,168.8200,299.2000,0.000000
FILLER_105_337,VGND,li1,163.3000,299.2000,0.000000
FILLER_105_335,VGND,li1,159.8500,299.2000,0.000000
FILLER_105_329,VGND,li1,158.2400,299.2000,0.000000
FILLER_105_317,VGND,li1,154.1000,299.2000,0.000000
FILLER_105_305,VGND,li1,148.5800,299.2000,0.000000
FILLER_105_293,VGND,li1,143.0600,299.2000,0.000000
FILLER_105_281,VGND,li1,137.5400,299.2000,0.000000
FILLER_105_279,VGND,li1,134.0900,299.2000,0.000000
FILLER_105_273,VGND,li1,132.4800,299.2000,0.000000
FILLER_105_261,VGND,li1,128.3400,299.2000,0.000000
FILLER_105_249,VGND,li1,122.8200,299.2000,0.000000
FILLER_105_237,VGND,li1,117.3000,299.2000,0.000000
FILLER_105_225,VGND,li1,111.7800,299.2000,0.000000
FILLER_105_223,VGND,li1,108.3300,299.2000,0.000000
FILLER_105_217,VGND,li1,106.7200,299.2000,0.000000
FILLER_105_205,VGND,li1,102.5800,299.2000,0.000000
FILLER_105_193,VGND,li1,97.0600,299.2000,0.000000
FILLER_105_181,VGND,li1,91.5400,299.2000,0.000000
FILLER_105_169,VGND,li1,86.0200,299.2000,0.000000
FILLER_105_167,VGND,li1,82.5700,299.2000,0.000000
FILLER_105_161,VGND,li1,80.9600,299.2000,0.000000
FILLER_105_149,VGND,li1,76.8200,299.2000,0.000000
FILLER_105_137,VGND,li1,71.3000,299.2000,0.000000
FILLER_105_125,VGND,li1,65.7800,299.2000,0.000000
FILLER_105_113,VGND,li1,60.2600,299.2000,0.000000
FILLER_105_111,VGND,li1,56.8100,299.2000,0.000000
FILLER_105_105,VGND,li1,55.2000,299.2000,0.000000
FILLER_105_93,VGND,li1,51.0600,299.2000,0.000000
FILLER_105_81,VGND,li1,45.5400,299.2000,0.000000
FILLER_105_69,VGND,li1,40.0200,299.2000,0.000000
FILLER_105_57,VGND,li1,34.5000,299.2000,0.000000
FILLER_105_55,VGND,li1,31.0500,299.2000,0.000000
FILLER_105_51,VGND,li1,29.9000,299.2000,0.000000
FILLER_105_39,VGND,li1,26.2200,299.2000,0.000000
FILLER_105_27,VGND,li1,20.7000,299.2000,0.000000
FILLER_105_15,VGND,li1,15.1800,299.2000,0.000000
FILLER_105_3,VGND,li1,9.6600,299.2000,0.000000
FILLER_104_665,VGND,li1,312.1100,293.7600,0.000000
FILLER_104_657,VGND,li1,309.5800,293.7600,0.000000
FILLER_104_645,VGND,li1,304.9800,293.7600,0.000000
FILLER_104_643,VGND,li1,301.5300,293.7600,0.000000
FILLER_104_637,VGND,li1,299.9200,293.7600,0.000000
FILLER_104_625,VGND,li1,295.7800,293.7600,0.000000
FILLER_104_613,VGND,li1,290.2600,293.7600,0.000000
FILLER_104_601,VGND,li1,284.7400,293.7600,0.000000
FILLER_104_589,VGND,li1,279.2200,293.7600,0.000000
FILLER_104_587,VGND,li1,275.7700,293.7600,0.000000
FILLER_104_581,VGND,li1,274.1600,293.7600,0.000000
FILLER_104_569,VGND,li1,270.0200,293.7600,0.000000
FILLER_104_557,VGND,li1,264.5000,293.7600,0.000000
FILLER_104_545,VGND,li1,258.9800,293.7600,0.000000
FILLER_104_533,VGND,li1,253.4600,293.7600,0.000000
FILLER_104_531,VGND,li1,250.0100,293.7600,0.000000
FILLER_104_525,VGND,li1,248.4000,293.7600,0.000000
FILLER_104_513,VGND,li1,244.2600,293.7600,0.000000
FILLER_104_501,VGND,li1,238.7400,293.7600,0.000000
FILLER_104_489,VGND,li1,233.2200,293.7600,0.000000
FILLER_104_477,VGND,li1,227.7000,293.7600,0.000000
FILLER_104_475,VGND,li1,224.2500,293.7600,0.000000
FILLER_104_469,VGND,li1,222.6400,293.7600,0.000000
FILLER_104_457,VGND,li1,218.5000,293.7600,0.000000
FILLER_104_445,VGND,li1,212.9800,293.7600,0.000000
FILLER_104_433,VGND,li1,207.4600,293.7600,0.000000
FILLER_104_421,VGND,li1,201.9400,293.7600,0.000000
FILLER_104_419,VGND,li1,198.4900,293.7600,0.000000
FILLER_104_413,VGND,li1,196.8800,293.7600,0.000000
FILLER_104_401,VGND,li1,192.7400,293.7600,0.000000
FILLER_104_389,VGND,li1,187.2200,293.7600,0.000000
FILLER_104_377,VGND,li1,181.7000,293.7600,0.000000
FILLER_104_365,VGND,li1,176.1800,293.7600,0.000000
FILLER_104_363,VGND,li1,172.7300,293.7600,0.000000
FILLER_104_357,VGND,li1,171.1200,293.7600,0.000000
FILLER_104_345,VGND,li1,166.9800,293.7600,0.000000
FILLER_104_333,VGND,li1,161.4600,293.7600,0.000000
FILLER_104_321,VGND,li1,155.9400,293.7600,0.000000
FILLER_104_309,VGND,li1,150.4200,293.7600,0.000000
FILLER_104_307,VGND,li1,146.9700,293.7600,0.000000
FILLER_104_301,VGND,li1,145.3600,293.7600,0.000000
FILLER_104_289,VGND,li1,141.2200,293.7600,0.000000
FILLER_104_277,VGND,li1,135.7000,293.7600,0.000000
FILLER_104_265,VGND,li1,130.1800,293.7600,0.000000
FILLER_104_253,VGND,li1,124.6600,293.7600,0.000000
FILLER_104_251,VGND,li1,121.2100,293.7600,0.000000
FILLER_104_245,VGND,li1,119.6000,293.7600,0.000000
FILLER_104_233,VGND,li1,115.4600,293.7600,0.000000
FILLER_104_221,VGND,li1,109.9400,293.7600,0.000000
FILLER_104_209,VGND,li1,104.4200,293.7600,0.000000
FILLER_104_197,VGND,li1,98.9000,293.7600,0.000000
FILLER_104_195,VGND,li1,95.4500,293.7600,0.000000
FILLER_104_189,VGND,li1,93.8400,293.7600,0.000000
FILLER_104_177,VGND,li1,89.7000,293.7600,0.000000
FILLER_104_165,VGND,li1,84.1800,293.7600,0.000000
FILLER_104_153,VGND,li1,78.6600,293.7600,0.000000
FILLER_104_141,VGND,li1,73.1400,293.7600,0.000000
FILLER_104_139,VGND,li1,69.6900,293.7600,0.000000
FILLER_104_133,VGND,li1,68.0800,293.7600,0.000000
FILLER_104_121,VGND,li1,63.9400,293.7600,0.000000
FILLER_104_109,VGND,li1,58.4200,293.7600,0.000000
FILLER_104_97,VGND,li1,52.9000,293.7600,0.000000
FILLER_104_85,VGND,li1,47.3800,293.7600,0.000000
FILLER_104_83,VGND,li1,43.9300,293.7600,0.000000
FILLER_104_77,VGND,li1,42.3200,293.7600,0.000000
FILLER_104_65,VGND,li1,38.1800,293.7600,0.000000
FILLER_104_53,VGND,li1,32.6600,293.7600,0.000000
FILLER_104_41,VGND,li1,27.1400,293.7600,0.000000
FILLER_104_29,VGND,li1,21.6200,293.7600,0.000000
FILLER_104_27,VGND,li1,18.1700,293.7600,0.000000
FILLER_104_15,VGND,li1,15.1800,293.7600,0.000000
FILLER_104_3,VGND,li1,9.6600,293.7600,0.000000
FILLER_103_665,VGND,li1,312.1100,293.7600,0.000000
FILLER_103_653,VGND,li1,308.6600,293.7600,0.000000
FILLER_103_641,VGND,li1,303.1400,293.7600,0.000000
FILLER_103_629,VGND,li1,297.6200,293.7600,0.000000
FILLER_103_617,VGND,li1,292.1000,293.7600,0.000000
FILLER_103_615,VGND,li1,288.6500,293.7600,0.000000
FILLER_103_609,VGND,li1,287.0400,293.7600,0.000000
FILLER_103_597,VGND,li1,282.9000,293.7600,0.000000
FILLER_103_585,VGND,li1,277.3800,293.7600,0.000000
FILLER_103_573,VGND,li1,271.8600,293.7600,0.000000
FILLER_103_561,VGND,li1,266.3400,293.7600,0.000000
FILLER_103_559,VGND,li1,262.8900,293.7600,0.000000
FILLER_103_553,VGND,li1,261.2800,293.7600,0.000000
FILLER_103_541,VGND,li1,257.1400,293.7600,0.000000
FILLER_103_529,VGND,li1,251.6200,293.7600,0.000000
FILLER_103_517,VGND,li1,246.1000,293.7600,0.000000
FILLER_103_505,VGND,li1,240.5800,293.7600,0.000000
FILLER_103_503,VGND,li1,237.1300,293.7600,0.000000
FILLER_103_497,VGND,li1,235.5200,293.7600,0.000000
FILLER_103_485,VGND,li1,231.3800,293.7600,0.000000
FILLER_103_473,VGND,li1,225.8600,293.7600,0.000000
FILLER_103_461,VGND,li1,220.3400,293.7600,0.000000
FILLER_103_449,VGND,li1,214.8200,293.7600,0.000000
FILLER_103_447,VGND,li1,211.3700,293.7600,0.000000
FILLER_103_441,VGND,li1,209.7600,293.7600,0.000000
FILLER_103_429,VGND,li1,205.6200,293.7600,0.000000
FILLER_103_417,VGND,li1,200.1000,293.7600,0.000000
FILLER_103_405,VGND,li1,194.5800,293.7600,0.000000
FILLER_103_393,VGND,li1,189.0600,293.7600,0.000000
FILLER_103_391,VGND,li1,185.6100,293.7600,0.000000
FILLER_103_385,VGND,li1,184.0000,293.7600,0.000000
FILLER_103_373,VGND,li1,179.8600,293.7600,0.000000
FILLER_103_361,VGND,li1,174.3400,293.7600,0.000000
FILLER_103_349,VGND,li1,168.8200,293.7600,0.000000
FILLER_103_337,VGND,li1,163.3000,293.7600,0.000000
FILLER_103_335,VGND,li1,159.8500,293.7600,0.000000
FILLER_103_329,VGND,li1,158.2400,293.7600,0.000000
FILLER_103_317,VGND,li1,154.1000,293.7600,0.000000
FILLER_103_305,VGND,li1,148.5800,293.7600,0.000000
FILLER_103_293,VGND,li1,143.0600,293.7600,0.000000
FILLER_103_281,VGND,li1,137.5400,293.7600,0.000000
FILLER_103_279,VGND,li1,134.0900,293.7600,0.000000
FILLER_103_273,VGND,li1,132.4800,293.7600,0.000000
FILLER_103_261,VGND,li1,128.3400,293.7600,0.000000
FILLER_103_249,VGND,li1,122.8200,293.7600,0.000000
FILLER_103_237,VGND,li1,117.3000,293.7600,0.000000
FILLER_103_225,VGND,li1,111.7800,293.7600,0.000000
FILLER_103_223,VGND,li1,108.3300,293.7600,0.000000
FILLER_103_217,VGND,li1,106.7200,293.7600,0.000000
FILLER_103_205,VGND,li1,102.5800,293.7600,0.000000
FILLER_103_193,VGND,li1,97.0600,293.7600,0.000000
FILLER_103_181,VGND,li1,91.5400,293.7600,0.000000
FILLER_103_169,VGND,li1,86.0200,293.7600,0.000000
FILLER_103_167,VGND,li1,82.5700,293.7600,0.000000
FILLER_103_161,VGND,li1,80.9600,293.7600,0.000000
FILLER_103_149,VGND,li1,76.8200,293.7600,0.000000
FILLER_103_137,VGND,li1,71.3000,293.7600,0.000000
FILLER_103_125,VGND,li1,65.7800,293.7600,0.000000
FILLER_103_113,VGND,li1,60.2600,293.7600,0.000000
FILLER_103_111,VGND,li1,56.8100,293.7600,0.000000
FILLER_103_105,VGND,li1,55.2000,293.7600,0.000000
FILLER_103_93,VGND,li1,51.0600,293.7600,0.000000
FILLER_103_81,VGND,li1,45.5400,293.7600,0.000000
FILLER_103_69,VGND,li1,40.0200,293.7600,0.000000
FILLER_103_57,VGND,li1,34.5000,293.7600,0.000000
FILLER_103_55,VGND,li1,31.0500,293.7600,0.000000
FILLER_103_51,VGND,li1,29.9000,293.7600,0.000000
FILLER_103_39,VGND,li1,26.2200,293.7600,0.000000
FILLER_103_27,VGND,li1,20.7000,293.7600,0.000000
FILLER_103_15,VGND,li1,15.1800,293.7600,0.000000
FILLER_103_3,VGND,li1,9.6600,293.7600,0.000000
FILLER_102_665,VGND,li1,312.1100,288.3200,0.000000
FILLER_102_657,VGND,li1,309.5800,288.3200,0.000000
FILLER_102_645,VGND,li1,304.9800,288.3200,0.000000
FILLER_102_643,VGND,li1,301.5300,288.3200,0.000000
FILLER_102_637,VGND,li1,299.9200,288.3200,0.000000
FILLER_102_625,VGND,li1,295.7800,288.3200,0.000000
FILLER_102_613,VGND,li1,290.2600,288.3200,0.000000
FILLER_102_601,VGND,li1,284.7400,288.3200,0.000000
FILLER_102_589,VGND,li1,279.2200,288.3200,0.000000
FILLER_102_587,VGND,li1,275.7700,288.3200,0.000000
FILLER_102_581,VGND,li1,274.1600,288.3200,0.000000
FILLER_102_569,VGND,li1,270.0200,288.3200,0.000000
FILLER_102_557,VGND,li1,264.5000,288.3200,0.000000
FILLER_102_545,VGND,li1,258.9800,288.3200,0.000000
FILLER_102_533,VGND,li1,253.4600,288.3200,0.000000
FILLER_102_531,VGND,li1,250.0100,288.3200,0.000000
FILLER_102_525,VGND,li1,248.4000,288.3200,0.000000
FILLER_102_513,VGND,li1,244.2600,288.3200,0.000000
FILLER_102_501,VGND,li1,238.7400,288.3200,0.000000
FILLER_102_489,VGND,li1,233.2200,288.3200,0.000000
FILLER_102_477,VGND,li1,227.7000,288.3200,0.000000
FILLER_102_475,VGND,li1,224.2500,288.3200,0.000000
FILLER_102_469,VGND,li1,222.6400,288.3200,0.000000
FILLER_102_457,VGND,li1,218.5000,288.3200,0.000000
FILLER_102_445,VGND,li1,212.9800,288.3200,0.000000
FILLER_102_433,VGND,li1,207.4600,288.3200,0.000000
FILLER_102_421,VGND,li1,201.9400,288.3200,0.000000
FILLER_102_419,VGND,li1,198.4900,288.3200,0.000000
FILLER_102_413,VGND,li1,196.8800,288.3200,0.000000
FILLER_102_401,VGND,li1,192.7400,288.3200,0.000000
FILLER_102_389,VGND,li1,187.2200,288.3200,0.000000
FILLER_102_377,VGND,li1,181.7000,288.3200,0.000000
FILLER_102_365,VGND,li1,176.1800,288.3200,0.000000
FILLER_102_363,VGND,li1,172.7300,288.3200,0.000000
FILLER_102_357,VGND,li1,171.1200,288.3200,0.000000
FILLER_102_345,VGND,li1,166.9800,288.3200,0.000000
FILLER_102_333,VGND,li1,161.4600,288.3200,0.000000
FILLER_102_321,VGND,li1,155.9400,288.3200,0.000000
FILLER_102_309,VGND,li1,150.4200,288.3200,0.000000
FILLER_102_307,VGND,li1,146.9700,288.3200,0.000000
FILLER_102_301,VGND,li1,145.3600,288.3200,0.000000
FILLER_102_289,VGND,li1,141.2200,288.3200,0.000000
FILLER_102_277,VGND,li1,135.7000,288.3200,0.000000
FILLER_102_265,VGND,li1,130.1800,288.3200,0.000000
FILLER_102_253,VGND,li1,124.6600,288.3200,0.000000
FILLER_102_251,VGND,li1,121.2100,288.3200,0.000000
FILLER_102_245,VGND,li1,119.6000,288.3200,0.000000
FILLER_102_233,VGND,li1,115.4600,288.3200,0.000000
FILLER_102_221,VGND,li1,109.9400,288.3200,0.000000
FILLER_102_209,VGND,li1,104.4200,288.3200,0.000000
FILLER_102_197,VGND,li1,98.9000,288.3200,0.000000
FILLER_102_195,VGND,li1,95.4500,288.3200,0.000000
FILLER_102_189,VGND,li1,93.8400,288.3200,0.000000
FILLER_102_177,VGND,li1,89.7000,288.3200,0.000000
FILLER_102_165,VGND,li1,84.1800,288.3200,0.000000
FILLER_102_153,VGND,li1,78.6600,288.3200,0.000000
FILLER_102_141,VGND,li1,73.1400,288.3200,0.000000
FILLER_102_139,VGND,li1,69.6900,288.3200,0.000000
FILLER_102_133,VGND,li1,68.0800,288.3200,0.000000
FILLER_102_121,VGND,li1,63.9400,288.3200,0.000000
FILLER_102_109,VGND,li1,58.4200,288.3200,0.000000
FILLER_102_97,VGND,li1,52.9000,288.3200,0.000000
FILLER_102_85,VGND,li1,47.3800,288.3200,0.000000
FILLER_102_83,VGND,li1,43.9300,288.3200,0.000000
FILLER_102_77,VGND,li1,42.3200,288.3200,0.000000
FILLER_102_65,VGND,li1,38.1800,288.3200,0.000000
FILLER_102_53,VGND,li1,32.6600,288.3200,0.000000
FILLER_102_41,VGND,li1,27.1400,288.3200,0.000000
FILLER_102_29,VGND,li1,21.6200,288.3200,0.000000
FILLER_102_27,VGND,li1,18.1700,288.3200,0.000000
FILLER_102_15,VGND,li1,15.1800,288.3200,0.000000
FILLER_102_3,VGND,li1,9.6600,288.3200,0.000000
FILLER_101_665,VGND,li1,312.1100,288.3200,0.000000
FILLER_101_653,VGND,li1,308.6600,288.3200,0.000000
FILLER_101_641,VGND,li1,303.1400,288.3200,0.000000
FILLER_101_629,VGND,li1,297.6200,288.3200,0.000000
FILLER_101_617,VGND,li1,292.1000,288.3200,0.000000
FILLER_101_615,VGND,li1,288.6500,288.3200,0.000000
FILLER_101_609,VGND,li1,287.0400,288.3200,0.000000
FILLER_101_597,VGND,li1,282.9000,288.3200,0.000000
FILLER_101_585,VGND,li1,277.3800,288.3200,0.000000
FILLER_101_573,VGND,li1,271.8600,288.3200,0.000000
FILLER_101_561,VGND,li1,266.3400,288.3200,0.000000
FILLER_101_559,VGND,li1,262.8900,288.3200,0.000000
FILLER_101_553,VGND,li1,261.2800,288.3200,0.000000
FILLER_101_541,VGND,li1,257.1400,288.3200,0.000000
FILLER_101_529,VGND,li1,251.6200,288.3200,0.000000
FILLER_101_517,VGND,li1,246.1000,288.3200,0.000000
FILLER_101_505,VGND,li1,240.5800,288.3200,0.000000
FILLER_101_503,VGND,li1,237.1300,288.3200,0.000000
FILLER_101_497,VGND,li1,235.5200,288.3200,0.000000
FILLER_101_485,VGND,li1,231.3800,288.3200,0.000000
FILLER_101_473,VGND,li1,225.8600,288.3200,0.000000
FILLER_101_461,VGND,li1,220.3400,288.3200,0.000000
FILLER_101_449,VGND,li1,214.8200,288.3200,0.000000
FILLER_101_447,VGND,li1,211.3700,288.3200,0.000000
FILLER_101_441,VGND,li1,209.7600,288.3200,0.000000
FILLER_101_429,VGND,li1,205.6200,288.3200,0.000000
FILLER_101_417,VGND,li1,200.1000,288.3200,0.000000
FILLER_101_405,VGND,li1,194.5800,288.3200,0.000000
FILLER_101_393,VGND,li1,189.0600,288.3200,0.000000
FILLER_101_391,VGND,li1,185.6100,288.3200,0.000000
FILLER_101_385,VGND,li1,184.0000,288.3200,0.000000
FILLER_101_373,VGND,li1,179.8600,288.3200,0.000000
FILLER_101_361,VGND,li1,174.3400,288.3200,0.000000
FILLER_101_349,VGND,li1,168.8200,288.3200,0.000000
FILLER_101_337,VGND,li1,163.3000,288.3200,0.000000
FILLER_101_335,VGND,li1,159.8500,288.3200,0.000000
FILLER_101_329,VGND,li1,158.2400,288.3200,0.000000
FILLER_101_317,VGND,li1,154.1000,288.3200,0.000000
FILLER_101_305,VGND,li1,148.5800,288.3200,0.000000
FILLER_101_293,VGND,li1,143.0600,288.3200,0.000000
FILLER_101_281,VGND,li1,137.5400,288.3200,0.000000
FILLER_101_279,VGND,li1,134.0900,288.3200,0.000000
FILLER_101_273,VGND,li1,132.4800,288.3200,0.000000
FILLER_101_261,VGND,li1,128.3400,288.3200,0.000000
FILLER_101_249,VGND,li1,122.8200,288.3200,0.000000
FILLER_101_237,VGND,li1,117.3000,288.3200,0.000000
FILLER_101_225,VGND,li1,111.7800,288.3200,0.000000
FILLER_101_223,VGND,li1,108.3300,288.3200,0.000000
FILLER_101_217,VGND,li1,106.7200,288.3200,0.000000
FILLER_101_205,VGND,li1,102.5800,288.3200,0.000000
FILLER_101_193,VGND,li1,97.0600,288.3200,0.000000
FILLER_101_181,VGND,li1,91.5400,288.3200,0.000000
FILLER_101_169,VGND,li1,86.0200,288.3200,0.000000
FILLER_101_167,VGND,li1,82.5700,288.3200,0.000000
FILLER_101_161,VGND,li1,80.9600,288.3200,0.000000
FILLER_101_149,VGND,li1,76.8200,288.3200,0.000000
FILLER_101_137,VGND,li1,71.3000,288.3200,0.000000
FILLER_101_125,VGND,li1,65.7800,288.3200,0.000000
FILLER_101_113,VGND,li1,60.2600,288.3200,0.000000
FILLER_101_111,VGND,li1,56.8100,288.3200,0.000000
FILLER_101_105,VGND,li1,55.2000,288.3200,0.000000
FILLER_101_93,VGND,li1,51.0600,288.3200,0.000000
FILLER_101_81,VGND,li1,45.5400,288.3200,0.000000
FILLER_101_69,VGND,li1,40.0200,288.3200,0.000000
FILLER_101_57,VGND,li1,34.5000,288.3200,0.000000
FILLER_101_55,VGND,li1,31.0500,288.3200,0.000000
FILLER_101_51,VGND,li1,29.9000,288.3200,0.000000
FILLER_101_39,VGND,li1,26.2200,288.3200,0.000000
FILLER_101_27,VGND,li1,20.7000,288.3200,0.000000
FILLER_101_15,VGND,li1,15.1800,288.3200,0.000000
FILLER_101_3,VGND,li1,9.6600,288.3200,0.000000
FILLER_100_665,VGND,li1,312.1100,282.8800,0.000000
FILLER_100_657,VGND,li1,309.5800,282.8800,0.000000
FILLER_100_645,VGND,li1,304.9800,282.8800,0.000000
FILLER_100_643,VGND,li1,301.5300,282.8800,0.000000
FILLER_100_637,VGND,li1,299.9200,282.8800,0.000000
FILLER_100_625,VGND,li1,295.7800,282.8800,0.000000
FILLER_100_613,VGND,li1,290.2600,282.8800,0.000000
FILLER_100_601,VGND,li1,284.7400,282.8800,0.000000
FILLER_100_589,VGND,li1,279.2200,282.8800,0.000000
FILLER_100_587,VGND,li1,275.7700,282.8800,0.000000
FILLER_100_581,VGND,li1,274.1600,282.8800,0.000000
FILLER_100_569,VGND,li1,270.0200,282.8800,0.000000
FILLER_100_557,VGND,li1,264.5000,282.8800,0.000000
FILLER_100_545,VGND,li1,258.9800,282.8800,0.000000
FILLER_100_533,VGND,li1,253.4600,282.8800,0.000000
FILLER_100_531,VGND,li1,250.0100,282.8800,0.000000
FILLER_100_525,VGND,li1,248.4000,282.8800,0.000000
FILLER_100_513,VGND,li1,244.2600,282.8800,0.000000
FILLER_100_501,VGND,li1,238.7400,282.8800,0.000000
FILLER_100_489,VGND,li1,233.2200,282.8800,0.000000
FILLER_100_477,VGND,li1,227.7000,282.8800,0.000000
FILLER_100_475,VGND,li1,224.2500,282.8800,0.000000
FILLER_100_469,VGND,li1,222.6400,282.8800,0.000000
FILLER_100_457,VGND,li1,218.5000,282.8800,0.000000
FILLER_100_445,VGND,li1,212.9800,282.8800,0.000000
FILLER_100_433,VGND,li1,207.4600,282.8800,0.000000
FILLER_100_421,VGND,li1,201.9400,282.8800,0.000000
FILLER_100_419,VGND,li1,198.4900,282.8800,0.000000
FILLER_100_413,VGND,li1,196.8800,282.8800,0.000000
FILLER_100_401,VGND,li1,192.7400,282.8800,0.000000
FILLER_100_389,VGND,li1,187.2200,282.8800,0.000000
FILLER_100_377,VGND,li1,181.7000,282.8800,0.000000
FILLER_100_365,VGND,li1,176.1800,282.8800,0.000000
FILLER_100_363,VGND,li1,172.7300,282.8800,0.000000
FILLER_100_357,VGND,li1,171.1200,282.8800,0.000000
FILLER_100_345,VGND,li1,166.9800,282.8800,0.000000
FILLER_100_333,VGND,li1,161.4600,282.8800,0.000000
FILLER_100_321,VGND,li1,155.9400,282.8800,0.000000
FILLER_100_309,VGND,li1,150.4200,282.8800,0.000000
FILLER_100_307,VGND,li1,146.9700,282.8800,0.000000
FILLER_100_301,VGND,li1,145.3600,282.8800,0.000000
FILLER_100_289,VGND,li1,141.2200,282.8800,0.000000
FILLER_100_277,VGND,li1,135.7000,282.8800,0.000000
FILLER_100_265,VGND,li1,130.1800,282.8800,0.000000
FILLER_100_253,VGND,li1,124.6600,282.8800,0.000000
FILLER_100_251,VGND,li1,121.2100,282.8800,0.000000
FILLER_100_245,VGND,li1,119.6000,282.8800,0.000000
FILLER_100_233,VGND,li1,115.4600,282.8800,0.000000
FILLER_100_221,VGND,li1,109.9400,282.8800,0.000000
FILLER_100_209,VGND,li1,104.4200,282.8800,0.000000
FILLER_100_197,VGND,li1,98.9000,282.8800,0.000000
FILLER_100_195,VGND,li1,95.4500,282.8800,0.000000
FILLER_100_189,VGND,li1,93.8400,282.8800,0.000000
FILLER_100_177,VGND,li1,89.7000,282.8800,0.000000
FILLER_100_165,VGND,li1,84.1800,282.8800,0.000000
FILLER_100_153,VGND,li1,78.6600,282.8800,0.000000
FILLER_100_141,VGND,li1,73.1400,282.8800,0.000000
FILLER_100_139,VGND,li1,69.6900,282.8800,0.000000
FILLER_100_133,VGND,li1,68.0800,282.8800,0.000000
FILLER_100_121,VGND,li1,63.9400,282.8800,0.000000
FILLER_100_109,VGND,li1,58.4200,282.8800,0.000000
FILLER_100_97,VGND,li1,52.9000,282.8800,0.000000
FILLER_100_85,VGND,li1,47.3800,282.8800,0.000000
FILLER_100_83,VGND,li1,43.9300,282.8800,0.000000
FILLER_100_77,VGND,li1,42.3200,282.8800,0.000000
FILLER_100_65,VGND,li1,38.1800,282.8800,0.000000
FILLER_100_53,VGND,li1,32.6600,282.8800,0.000000
FILLER_100_41,VGND,li1,27.1400,282.8800,0.000000
FILLER_100_29,VGND,li1,21.6200,282.8800,0.000000
FILLER_100_27,VGND,li1,18.1700,282.8800,0.000000
FILLER_100_15,VGND,li1,15.1800,282.8800,0.000000
FILLER_100_3,VGND,li1,9.6600,282.8800,0.000000
FILLER_99_665,VGND,li1,312.1100,282.8800,0.000000
FILLER_99_653,VGND,li1,308.6600,282.8800,0.000000
FILLER_99_641,VGND,li1,303.1400,282.8800,0.000000
FILLER_99_629,VGND,li1,297.6200,282.8800,0.000000
FILLER_99_617,VGND,li1,292.1000,282.8800,0.000000
FILLER_99_615,VGND,li1,288.6500,282.8800,0.000000
FILLER_99_609,VGND,li1,287.0400,282.8800,0.000000
FILLER_99_597,VGND,li1,282.9000,282.8800,0.000000
FILLER_99_585,VGND,li1,277.3800,282.8800,0.000000
FILLER_99_573,VGND,li1,271.8600,282.8800,0.000000
FILLER_99_561,VGND,li1,266.3400,282.8800,0.000000
FILLER_99_559,VGND,li1,262.8900,282.8800,0.000000
FILLER_99_553,VGND,li1,261.2800,282.8800,0.000000
FILLER_99_541,VGND,li1,257.1400,282.8800,0.000000
FILLER_99_529,VGND,li1,251.6200,282.8800,0.000000
FILLER_99_517,VGND,li1,246.1000,282.8800,0.000000
FILLER_99_505,VGND,li1,240.5800,282.8800,0.000000
FILLER_99_503,VGND,li1,237.1300,282.8800,0.000000
FILLER_99_497,VGND,li1,235.5200,282.8800,0.000000
FILLER_99_485,VGND,li1,231.3800,282.8800,0.000000
FILLER_99_473,VGND,li1,225.8600,282.8800,0.000000
FILLER_99_461,VGND,li1,220.3400,282.8800,0.000000
FILLER_99_449,VGND,li1,214.8200,282.8800,0.000000
FILLER_99_447,VGND,li1,211.3700,282.8800,0.000000
FILLER_99_441,VGND,li1,209.7600,282.8800,0.000000
FILLER_99_429,VGND,li1,205.6200,282.8800,0.000000
FILLER_99_417,VGND,li1,200.1000,282.8800,0.000000
FILLER_99_405,VGND,li1,194.5800,282.8800,0.000000
FILLER_99_393,VGND,li1,189.0600,282.8800,0.000000
FILLER_99_391,VGND,li1,185.6100,282.8800,0.000000
FILLER_99_385,VGND,li1,184.0000,282.8800,0.000000
FILLER_99_373,VGND,li1,179.8600,282.8800,0.000000
FILLER_99_361,VGND,li1,174.3400,282.8800,0.000000
FILLER_99_349,VGND,li1,168.8200,282.8800,0.000000
FILLER_99_337,VGND,li1,163.3000,282.8800,0.000000
FILLER_99_335,VGND,li1,159.8500,282.8800,0.000000
FILLER_99_329,VGND,li1,158.2400,282.8800,0.000000
FILLER_99_317,VGND,li1,154.1000,282.8800,0.000000
FILLER_99_305,VGND,li1,148.5800,282.8800,0.000000
FILLER_99_293,VGND,li1,143.0600,282.8800,0.000000
FILLER_99_281,VGND,li1,137.5400,282.8800,0.000000
FILLER_99_279,VGND,li1,134.0900,282.8800,0.000000
FILLER_99_273,VGND,li1,132.4800,282.8800,0.000000
FILLER_99_261,VGND,li1,128.3400,282.8800,0.000000
FILLER_99_249,VGND,li1,122.8200,282.8800,0.000000
FILLER_99_237,VGND,li1,117.3000,282.8800,0.000000
FILLER_99_225,VGND,li1,111.7800,282.8800,0.000000
FILLER_99_223,VGND,li1,108.3300,282.8800,0.000000
FILLER_99_217,VGND,li1,106.7200,282.8800,0.000000
FILLER_99_205,VGND,li1,102.5800,282.8800,0.000000
FILLER_99_193,VGND,li1,97.0600,282.8800,0.000000
FILLER_99_181,VGND,li1,91.5400,282.8800,0.000000
FILLER_99_169,VGND,li1,86.0200,282.8800,0.000000
FILLER_99_167,VGND,li1,82.5700,282.8800,0.000000
FILLER_99_161,VGND,li1,80.9600,282.8800,0.000000
FILLER_99_149,VGND,li1,76.8200,282.8800,0.000000
FILLER_99_137,VGND,li1,71.3000,282.8800,0.000000
FILLER_99_125,VGND,li1,65.7800,282.8800,0.000000
FILLER_99_113,VGND,li1,60.2600,282.8800,0.000000
FILLER_99_111,VGND,li1,56.8100,282.8800,0.000000
FILLER_99_105,VGND,li1,55.2000,282.8800,0.000000
FILLER_99_93,VGND,li1,51.0600,282.8800,0.000000
FILLER_99_81,VGND,li1,45.5400,282.8800,0.000000
FILLER_99_69,VGND,li1,40.0200,282.8800,0.000000
FILLER_99_57,VGND,li1,34.5000,282.8800,0.000000
FILLER_99_55,VGND,li1,31.0500,282.8800,0.000000
FILLER_99_51,VGND,li1,29.9000,282.8800,0.000000
FILLER_99_39,VGND,li1,26.2200,282.8800,0.000000
FILLER_99_27,VGND,li1,20.7000,282.8800,0.000000
FILLER_99_15,VGND,li1,15.1800,282.8800,0.000000
FILLER_99_3,VGND,li1,9.6600,282.8800,0.000000
FILLER_98_665,VGND,li1,312.1100,277.4400,0.000000
FILLER_98_657,VGND,li1,309.5800,277.4400,0.000000
FILLER_98_645,VGND,li1,304.9800,277.4400,0.000000
FILLER_98_643,VGND,li1,301.5300,277.4400,0.000000
FILLER_98_637,VGND,li1,299.9200,277.4400,0.000000
FILLER_98_625,VGND,li1,295.7800,277.4400,0.000000
FILLER_98_613,VGND,li1,290.2600,277.4400,0.000000
FILLER_98_601,VGND,li1,284.7400,277.4400,0.000000
FILLER_98_589,VGND,li1,279.2200,277.4400,0.000000
FILLER_98_587,VGND,li1,275.7700,277.4400,0.000000
FILLER_98_581,VGND,li1,274.1600,277.4400,0.000000
FILLER_98_569,VGND,li1,270.0200,277.4400,0.000000
FILLER_98_557,VGND,li1,264.5000,277.4400,0.000000
FILLER_98_545,VGND,li1,258.9800,277.4400,0.000000
FILLER_98_533,VGND,li1,253.4600,277.4400,0.000000
FILLER_98_531,VGND,li1,250.0100,277.4400,0.000000
FILLER_98_525,VGND,li1,248.4000,277.4400,0.000000
FILLER_98_513,VGND,li1,244.2600,277.4400,0.000000
FILLER_98_501,VGND,li1,238.7400,277.4400,0.000000
FILLER_98_489,VGND,li1,233.2200,277.4400,0.000000
FILLER_98_477,VGND,li1,227.7000,277.4400,0.000000
FILLER_98_475,VGND,li1,224.2500,277.4400,0.000000
FILLER_98_469,VGND,li1,222.6400,277.4400,0.000000
FILLER_98_457,VGND,li1,218.5000,277.4400,0.000000
FILLER_98_445,VGND,li1,212.9800,277.4400,0.000000
FILLER_98_433,VGND,li1,207.4600,277.4400,0.000000
FILLER_98_421,VGND,li1,201.9400,277.4400,0.000000
FILLER_98_419,VGND,li1,198.4900,277.4400,0.000000
FILLER_98_413,VGND,li1,196.8800,277.4400,0.000000
FILLER_98_401,VGND,li1,192.7400,277.4400,0.000000
FILLER_98_389,VGND,li1,187.2200,277.4400,0.000000
FILLER_98_377,VGND,li1,181.7000,277.4400,0.000000
FILLER_98_365,VGND,li1,176.1800,277.4400,0.000000
FILLER_98_363,VGND,li1,172.7300,277.4400,0.000000
FILLER_98_357,VGND,li1,171.1200,277.4400,0.000000
FILLER_98_345,VGND,li1,166.9800,277.4400,0.000000
FILLER_98_333,VGND,li1,161.4600,277.4400,0.000000
FILLER_98_321,VGND,li1,155.9400,277.4400,0.000000
FILLER_98_309,VGND,li1,150.4200,277.4400,0.000000
FILLER_98_307,VGND,li1,146.9700,277.4400,0.000000
FILLER_98_301,VGND,li1,145.3600,277.4400,0.000000
FILLER_98_289,VGND,li1,141.2200,277.4400,0.000000
FILLER_98_277,VGND,li1,135.7000,277.4400,0.000000
FILLER_98_265,VGND,li1,130.1800,277.4400,0.000000
FILLER_98_253,VGND,li1,124.6600,277.4400,0.000000
FILLER_98_251,VGND,li1,121.2100,277.4400,0.000000
FILLER_98_245,VGND,li1,119.6000,277.4400,0.000000
FILLER_98_233,VGND,li1,115.4600,277.4400,0.000000
FILLER_98_221,VGND,li1,109.9400,277.4400,0.000000
FILLER_98_209,VGND,li1,104.4200,277.4400,0.000000
FILLER_98_197,VGND,li1,98.9000,277.4400,0.000000
FILLER_98_195,VGND,li1,95.4500,277.4400,0.000000
FILLER_98_189,VGND,li1,93.8400,277.4400,0.000000
FILLER_98_177,VGND,li1,89.7000,277.4400,0.000000
FILLER_98_165,VGND,li1,84.1800,277.4400,0.000000
FILLER_98_153,VGND,li1,78.6600,277.4400,0.000000
FILLER_98_141,VGND,li1,73.1400,277.4400,0.000000
FILLER_98_139,VGND,li1,69.6900,277.4400,0.000000
FILLER_98_133,VGND,li1,68.0800,277.4400,0.000000
FILLER_98_121,VGND,li1,63.9400,277.4400,0.000000
FILLER_98_109,VGND,li1,58.4200,277.4400,0.000000
FILLER_98_97,VGND,li1,52.9000,277.4400,0.000000
FILLER_98_85,VGND,li1,47.3800,277.4400,0.000000
FILLER_98_83,VGND,li1,43.9300,277.4400,0.000000
FILLER_98_77,VGND,li1,42.3200,277.4400,0.000000
FILLER_98_65,VGND,li1,38.1800,277.4400,0.000000
FILLER_98_53,VGND,li1,32.6600,277.4400,0.000000
FILLER_98_41,VGND,li1,27.1400,277.4400,0.000000
FILLER_98_29,VGND,li1,21.6200,277.4400,0.000000
FILLER_98_27,VGND,li1,18.1700,277.4400,0.000000
FILLER_98_15,VGND,li1,15.1800,277.4400,0.000000
FILLER_98_3,VGND,li1,9.6600,277.4400,0.000000
FILLER_97_665,VGND,li1,312.1100,277.4400,0.000000
FILLER_97_653,VGND,li1,308.6600,277.4400,0.000000
FILLER_97_641,VGND,li1,303.1400,277.4400,0.000000
FILLER_97_629,VGND,li1,297.6200,277.4400,0.000000
FILLER_97_617,VGND,li1,292.1000,277.4400,0.000000
FILLER_97_615,VGND,li1,288.6500,277.4400,0.000000
FILLER_97_609,VGND,li1,287.0400,277.4400,0.000000
FILLER_97_597,VGND,li1,282.9000,277.4400,0.000000
FILLER_97_585,VGND,li1,277.3800,277.4400,0.000000
FILLER_97_573,VGND,li1,271.8600,277.4400,0.000000
FILLER_97_561,VGND,li1,266.3400,277.4400,0.000000
FILLER_97_559,VGND,li1,262.8900,277.4400,0.000000
FILLER_97_553,VGND,li1,261.2800,277.4400,0.000000
FILLER_97_541,VGND,li1,257.1400,277.4400,0.000000
FILLER_97_529,VGND,li1,251.6200,277.4400,0.000000
FILLER_97_517,VGND,li1,246.1000,277.4400,0.000000
FILLER_97_505,VGND,li1,240.5800,277.4400,0.000000
FILLER_97_503,VGND,li1,237.1300,277.4400,0.000000
FILLER_97_497,VGND,li1,235.5200,277.4400,0.000000
FILLER_97_485,VGND,li1,231.3800,277.4400,0.000000
FILLER_97_473,VGND,li1,225.8600,277.4400,0.000000
FILLER_97_461,VGND,li1,220.3400,277.4400,0.000000
FILLER_97_449,VGND,li1,214.8200,277.4400,0.000000
FILLER_97_447,VGND,li1,211.3700,277.4400,0.000000
FILLER_97_441,VGND,li1,209.7600,277.4400,0.000000
FILLER_97_429,VGND,li1,205.6200,277.4400,0.000000
FILLER_97_417,VGND,li1,200.1000,277.4400,0.000000
FILLER_97_405,VGND,li1,194.5800,277.4400,0.000000
FILLER_97_393,VGND,li1,189.0600,277.4400,0.000000
FILLER_97_391,VGND,li1,185.6100,277.4400,0.000000
FILLER_97_385,VGND,li1,184.0000,277.4400,0.000000
FILLER_97_373,VGND,li1,179.8600,277.4400,0.000000
FILLER_97_361,VGND,li1,174.3400,277.4400,0.000000
FILLER_97_349,VGND,li1,168.8200,277.4400,0.000000
FILLER_97_337,VGND,li1,163.3000,277.4400,0.000000
FILLER_97_335,VGND,li1,159.8500,277.4400,0.000000
FILLER_97_329,VGND,li1,158.2400,277.4400,0.000000
FILLER_97_317,VGND,li1,154.1000,277.4400,0.000000
FILLER_97_305,VGND,li1,148.5800,277.4400,0.000000
FILLER_97_293,VGND,li1,143.0600,277.4400,0.000000
FILLER_97_281,VGND,li1,137.5400,277.4400,0.000000
FILLER_97_279,VGND,li1,134.0900,277.4400,0.000000
FILLER_97_273,VGND,li1,132.4800,277.4400,0.000000
FILLER_97_261,VGND,li1,128.3400,277.4400,0.000000
FILLER_97_249,VGND,li1,122.8200,277.4400,0.000000
FILLER_97_237,VGND,li1,117.3000,277.4400,0.000000
FILLER_97_225,VGND,li1,111.7800,277.4400,0.000000
FILLER_97_223,VGND,li1,108.3300,277.4400,0.000000
FILLER_97_217,VGND,li1,106.7200,277.4400,0.000000
FILLER_97_205,VGND,li1,102.5800,277.4400,0.000000
FILLER_97_193,VGND,li1,97.0600,277.4400,0.000000
FILLER_97_181,VGND,li1,91.5400,277.4400,0.000000
FILLER_97_169,VGND,li1,86.0200,277.4400,0.000000
FILLER_97_167,VGND,li1,82.5700,277.4400,0.000000
FILLER_97_161,VGND,li1,80.9600,277.4400,0.000000
FILLER_97_149,VGND,li1,76.8200,277.4400,0.000000
FILLER_97_137,VGND,li1,71.3000,277.4400,0.000000
FILLER_97_125,VGND,li1,65.7800,277.4400,0.000000
FILLER_97_113,VGND,li1,60.2600,277.4400,0.000000
FILLER_97_111,VGND,li1,56.8100,277.4400,0.000000
FILLER_97_105,VGND,li1,55.2000,277.4400,0.000000
FILLER_97_93,VGND,li1,51.0600,277.4400,0.000000
FILLER_97_81,VGND,li1,45.5400,277.4400,0.000000
FILLER_97_69,VGND,li1,40.0200,277.4400,0.000000
FILLER_97_57,VGND,li1,34.5000,277.4400,0.000000
FILLER_97_55,VGND,li1,31.0500,277.4400,0.000000
FILLER_97_51,VGND,li1,29.9000,277.4400,0.000000
FILLER_97_39,VGND,li1,26.2200,277.4400,0.000000
FILLER_97_27,VGND,li1,20.7000,277.4400,0.000000
FILLER_97_15,VGND,li1,15.1800,277.4400,0.000000
FILLER_97_3,VGND,li1,9.6600,277.4400,0.000000
FILLER_96_665,VGND,li1,312.1100,272.0000,0.000000
FILLER_96_657,VGND,li1,309.5800,272.0000,0.000000
FILLER_96_645,VGND,li1,304.9800,272.0000,0.000000
FILLER_96_643,VGND,li1,301.5300,272.0000,0.000000
FILLER_96_637,VGND,li1,299.9200,272.0000,0.000000
FILLER_96_625,VGND,li1,295.7800,272.0000,0.000000
FILLER_96_613,VGND,li1,290.2600,272.0000,0.000000
FILLER_96_601,VGND,li1,284.7400,272.0000,0.000000
FILLER_96_589,VGND,li1,279.2200,272.0000,0.000000
FILLER_96_587,VGND,li1,275.7700,272.0000,0.000000
FILLER_96_581,VGND,li1,274.1600,272.0000,0.000000
FILLER_96_569,VGND,li1,270.0200,272.0000,0.000000
FILLER_96_557,VGND,li1,264.5000,272.0000,0.000000
FILLER_96_545,VGND,li1,258.9800,272.0000,0.000000
FILLER_96_533,VGND,li1,253.4600,272.0000,0.000000
FILLER_96_531,VGND,li1,250.0100,272.0000,0.000000
FILLER_96_525,VGND,li1,248.4000,272.0000,0.000000
FILLER_96_513,VGND,li1,244.2600,272.0000,0.000000
FILLER_96_501,VGND,li1,238.7400,272.0000,0.000000
FILLER_96_489,VGND,li1,233.2200,272.0000,0.000000
FILLER_96_477,VGND,li1,227.7000,272.0000,0.000000
FILLER_96_475,VGND,li1,224.2500,272.0000,0.000000
FILLER_96_469,VGND,li1,222.6400,272.0000,0.000000
FILLER_96_457,VGND,li1,218.5000,272.0000,0.000000
FILLER_96_445,VGND,li1,212.9800,272.0000,0.000000
FILLER_96_433,VGND,li1,207.4600,272.0000,0.000000
FILLER_96_421,VGND,li1,201.9400,272.0000,0.000000
FILLER_96_419,VGND,li1,198.4900,272.0000,0.000000
FILLER_96_413,VGND,li1,196.8800,272.0000,0.000000
FILLER_96_401,VGND,li1,192.7400,272.0000,0.000000
FILLER_96_389,VGND,li1,187.2200,272.0000,0.000000
FILLER_96_377,VGND,li1,181.7000,272.0000,0.000000
FILLER_96_365,VGND,li1,176.1800,272.0000,0.000000
FILLER_96_363,VGND,li1,172.7300,272.0000,0.000000
FILLER_96_357,VGND,li1,171.1200,272.0000,0.000000
FILLER_96_345,VGND,li1,166.9800,272.0000,0.000000
FILLER_96_333,VGND,li1,161.4600,272.0000,0.000000
FILLER_96_321,VGND,li1,155.9400,272.0000,0.000000
FILLER_96_309,VGND,li1,150.4200,272.0000,0.000000
FILLER_96_307,VGND,li1,146.9700,272.0000,0.000000
FILLER_96_301,VGND,li1,145.3600,272.0000,0.000000
FILLER_96_289,VGND,li1,141.2200,272.0000,0.000000
FILLER_96_277,VGND,li1,135.7000,272.0000,0.000000
FILLER_96_265,VGND,li1,130.1800,272.0000,0.000000
FILLER_96_253,VGND,li1,124.6600,272.0000,0.000000
FILLER_96_251,VGND,li1,121.2100,272.0000,0.000000
FILLER_96_245,VGND,li1,119.6000,272.0000,0.000000
FILLER_96_233,VGND,li1,115.4600,272.0000,0.000000
FILLER_96_221,VGND,li1,109.9400,272.0000,0.000000
FILLER_96_209,VGND,li1,104.4200,272.0000,0.000000
FILLER_96_197,VGND,li1,98.9000,272.0000,0.000000
FILLER_96_195,VGND,li1,95.4500,272.0000,0.000000
FILLER_96_189,VGND,li1,93.8400,272.0000,0.000000
FILLER_96_177,VGND,li1,89.7000,272.0000,0.000000
FILLER_96_165,VGND,li1,84.1800,272.0000,0.000000
FILLER_96_153,VGND,li1,78.6600,272.0000,0.000000
FILLER_96_141,VGND,li1,73.1400,272.0000,0.000000
FILLER_96_139,VGND,li1,69.6900,272.0000,0.000000
FILLER_96_133,VGND,li1,68.0800,272.0000,0.000000
FILLER_96_121,VGND,li1,63.9400,272.0000,0.000000
FILLER_96_109,VGND,li1,58.4200,272.0000,0.000000
FILLER_96_97,VGND,li1,52.9000,272.0000,0.000000
FILLER_96_85,VGND,li1,47.3800,272.0000,0.000000
FILLER_96_83,VGND,li1,43.9300,272.0000,0.000000
FILLER_96_77,VGND,li1,42.3200,272.0000,0.000000
FILLER_96_65,VGND,li1,38.1800,272.0000,0.000000
FILLER_96_53,VGND,li1,32.6600,272.0000,0.000000
FILLER_96_41,VGND,li1,27.1400,272.0000,0.000000
FILLER_96_29,VGND,li1,21.6200,272.0000,0.000000
FILLER_96_27,VGND,li1,18.1700,272.0000,0.000000
FILLER_96_15,VGND,li1,15.1800,272.0000,0.000000
FILLER_96_3,VGND,li1,9.6600,272.0000,0.000000
FILLER_95_665,VGND,li1,312.1100,272.0000,0.000000
FILLER_95_653,VGND,li1,308.6600,272.0000,0.000000
FILLER_95_641,VGND,li1,303.1400,272.0000,0.000000
FILLER_95_629,VGND,li1,297.6200,272.0000,0.000000
FILLER_95_617,VGND,li1,292.1000,272.0000,0.000000
FILLER_95_615,VGND,li1,288.6500,272.0000,0.000000
FILLER_95_609,VGND,li1,287.0400,272.0000,0.000000
FILLER_95_597,VGND,li1,282.9000,272.0000,0.000000
FILLER_95_585,VGND,li1,277.3800,272.0000,0.000000
FILLER_95_573,VGND,li1,271.8600,272.0000,0.000000
FILLER_95_561,VGND,li1,266.3400,272.0000,0.000000
FILLER_95_559,VGND,li1,262.8900,272.0000,0.000000
FILLER_95_553,VGND,li1,261.2800,272.0000,0.000000
FILLER_95_541,VGND,li1,257.1400,272.0000,0.000000
FILLER_95_529,VGND,li1,251.6200,272.0000,0.000000
FILLER_95_517,VGND,li1,246.1000,272.0000,0.000000
FILLER_95_505,VGND,li1,240.5800,272.0000,0.000000
FILLER_95_503,VGND,li1,237.1300,272.0000,0.000000
FILLER_95_497,VGND,li1,235.5200,272.0000,0.000000
FILLER_95_485,VGND,li1,231.3800,272.0000,0.000000
FILLER_95_473,VGND,li1,225.8600,272.0000,0.000000
FILLER_95_461,VGND,li1,220.3400,272.0000,0.000000
FILLER_95_449,VGND,li1,214.8200,272.0000,0.000000
FILLER_95_447,VGND,li1,211.3700,272.0000,0.000000
FILLER_95_441,VGND,li1,209.7600,272.0000,0.000000
FILLER_95_429,VGND,li1,205.6200,272.0000,0.000000
FILLER_95_417,VGND,li1,200.1000,272.0000,0.000000
FILLER_95_405,VGND,li1,194.5800,272.0000,0.000000
FILLER_95_393,VGND,li1,189.0600,272.0000,0.000000
FILLER_95_391,VGND,li1,185.6100,272.0000,0.000000
FILLER_95_385,VGND,li1,184.0000,272.0000,0.000000
FILLER_95_373,VGND,li1,179.8600,272.0000,0.000000
FILLER_95_361,VGND,li1,174.3400,272.0000,0.000000
FILLER_95_349,VGND,li1,168.8200,272.0000,0.000000
FILLER_95_337,VGND,li1,163.3000,272.0000,0.000000
FILLER_95_335,VGND,li1,159.8500,272.0000,0.000000
FILLER_95_329,VGND,li1,158.2400,272.0000,0.000000
FILLER_95_317,VGND,li1,154.1000,272.0000,0.000000
FILLER_95_305,VGND,li1,148.5800,272.0000,0.000000
FILLER_95_293,VGND,li1,143.0600,272.0000,0.000000
FILLER_95_281,VGND,li1,137.5400,272.0000,0.000000
FILLER_95_279,VGND,li1,134.0900,272.0000,0.000000
FILLER_95_273,VGND,li1,132.4800,272.0000,0.000000
FILLER_95_261,VGND,li1,128.3400,272.0000,0.000000
FILLER_95_249,VGND,li1,122.8200,272.0000,0.000000
FILLER_95_237,VGND,li1,117.3000,272.0000,0.000000
FILLER_95_225,VGND,li1,111.7800,272.0000,0.000000
FILLER_95_223,VGND,li1,108.3300,272.0000,0.000000
FILLER_95_217,VGND,li1,106.7200,272.0000,0.000000
FILLER_95_205,VGND,li1,102.5800,272.0000,0.000000
FILLER_95_193,VGND,li1,97.0600,272.0000,0.000000
FILLER_95_181,VGND,li1,91.5400,272.0000,0.000000
FILLER_95_169,VGND,li1,86.0200,272.0000,0.000000
FILLER_95_167,VGND,li1,82.5700,272.0000,0.000000
FILLER_95_161,VGND,li1,80.9600,272.0000,0.000000
FILLER_95_149,VGND,li1,76.8200,272.0000,0.000000
FILLER_95_137,VGND,li1,71.3000,272.0000,0.000000
FILLER_95_125,VGND,li1,65.7800,272.0000,0.000000
FILLER_95_113,VGND,li1,60.2600,272.0000,0.000000
FILLER_95_111,VGND,li1,56.8100,272.0000,0.000000
FILLER_95_105,VGND,li1,55.2000,272.0000,0.000000
FILLER_95_93,VGND,li1,51.0600,272.0000,0.000000
FILLER_95_81,VGND,li1,45.5400,272.0000,0.000000
FILLER_95_69,VGND,li1,40.0200,272.0000,0.000000
FILLER_95_57,VGND,li1,34.5000,272.0000,0.000000
FILLER_95_55,VGND,li1,31.0500,272.0000,0.000000
FILLER_95_51,VGND,li1,29.9000,272.0000,0.000000
FILLER_95_39,VGND,li1,26.2200,272.0000,0.000000
FILLER_95_27,VGND,li1,20.7000,272.0000,0.000000
FILLER_95_15,VGND,li1,15.1800,272.0000,0.000000
FILLER_95_3,VGND,li1,9.6600,272.0000,0.000000
FILLER_94_665,VGND,li1,312.1100,266.5600,0.000000
FILLER_94_657,VGND,li1,309.5800,266.5600,0.000000
FILLER_94_645,VGND,li1,304.9800,266.5600,0.000000
FILLER_94_643,VGND,li1,301.5300,266.5600,0.000000
FILLER_94_637,VGND,li1,299.9200,266.5600,0.000000
FILLER_94_625,VGND,li1,295.7800,266.5600,0.000000
FILLER_94_613,VGND,li1,290.2600,266.5600,0.000000
FILLER_94_601,VGND,li1,284.7400,266.5600,0.000000
FILLER_94_589,VGND,li1,279.2200,266.5600,0.000000
FILLER_94_587,VGND,li1,275.7700,266.5600,0.000000
FILLER_94_581,VGND,li1,274.1600,266.5600,0.000000
FILLER_94_569,VGND,li1,270.0200,266.5600,0.000000
FILLER_94_557,VGND,li1,264.5000,266.5600,0.000000
FILLER_94_545,VGND,li1,258.9800,266.5600,0.000000
FILLER_94_533,VGND,li1,253.4600,266.5600,0.000000
FILLER_94_531,VGND,li1,250.0100,266.5600,0.000000
FILLER_94_525,VGND,li1,248.4000,266.5600,0.000000
FILLER_94_513,VGND,li1,244.2600,266.5600,0.000000
FILLER_94_501,VGND,li1,238.7400,266.5600,0.000000
FILLER_94_489,VGND,li1,233.2200,266.5600,0.000000
FILLER_94_477,VGND,li1,227.7000,266.5600,0.000000
FILLER_94_475,VGND,li1,224.2500,266.5600,0.000000
FILLER_94_469,VGND,li1,222.6400,266.5600,0.000000
FILLER_94_457,VGND,li1,218.5000,266.5600,0.000000
FILLER_94_445,VGND,li1,212.9800,266.5600,0.000000
FILLER_94_433,VGND,li1,207.4600,266.5600,0.000000
FILLER_94_421,VGND,li1,201.9400,266.5600,0.000000
FILLER_94_419,VGND,li1,198.4900,266.5600,0.000000
FILLER_94_413,VGND,li1,196.8800,266.5600,0.000000
FILLER_94_401,VGND,li1,192.7400,266.5600,0.000000
FILLER_94_389,VGND,li1,187.2200,266.5600,0.000000
FILLER_94_377,VGND,li1,181.7000,266.5600,0.000000
FILLER_94_365,VGND,li1,176.1800,266.5600,0.000000
FILLER_94_363,VGND,li1,172.7300,266.5600,0.000000
FILLER_94_357,VGND,li1,171.1200,266.5600,0.000000
FILLER_94_345,VGND,li1,166.9800,266.5600,0.000000
FILLER_94_333,VGND,li1,161.4600,266.5600,0.000000
FILLER_94_321,VGND,li1,155.9400,266.5600,0.000000
FILLER_94_309,VGND,li1,150.4200,266.5600,0.000000
FILLER_94_307,VGND,li1,146.9700,266.5600,0.000000
FILLER_94_301,VGND,li1,145.3600,266.5600,0.000000
FILLER_94_289,VGND,li1,141.2200,266.5600,0.000000
FILLER_94_277,VGND,li1,135.7000,266.5600,0.000000
FILLER_94_265,VGND,li1,130.1800,266.5600,0.000000
FILLER_94_253,VGND,li1,124.6600,266.5600,0.000000
FILLER_94_251,VGND,li1,121.2100,266.5600,0.000000
FILLER_94_245,VGND,li1,119.6000,266.5600,0.000000
FILLER_94_233,VGND,li1,115.4600,266.5600,0.000000
FILLER_94_221,VGND,li1,109.9400,266.5600,0.000000
FILLER_94_209,VGND,li1,104.4200,266.5600,0.000000
FILLER_94_197,VGND,li1,98.9000,266.5600,0.000000
FILLER_94_195,VGND,li1,95.4500,266.5600,0.000000
FILLER_94_189,VGND,li1,93.8400,266.5600,0.000000
FILLER_94_177,VGND,li1,89.7000,266.5600,0.000000
FILLER_94_165,VGND,li1,84.1800,266.5600,0.000000
FILLER_94_153,VGND,li1,78.6600,266.5600,0.000000
FILLER_94_141,VGND,li1,73.1400,266.5600,0.000000
FILLER_94_139,VGND,li1,69.6900,266.5600,0.000000
FILLER_94_133,VGND,li1,68.0800,266.5600,0.000000
FILLER_94_121,VGND,li1,63.9400,266.5600,0.000000
FILLER_94_109,VGND,li1,58.4200,266.5600,0.000000
FILLER_94_97,VGND,li1,52.9000,266.5600,0.000000
FILLER_94_85,VGND,li1,47.3800,266.5600,0.000000
FILLER_94_83,VGND,li1,43.9300,266.5600,0.000000
FILLER_94_77,VGND,li1,42.3200,266.5600,0.000000
FILLER_94_65,VGND,li1,38.1800,266.5600,0.000000
FILLER_94_53,VGND,li1,32.6600,266.5600,0.000000
FILLER_94_41,VGND,li1,27.1400,266.5600,0.000000
FILLER_94_29,VGND,li1,21.6200,266.5600,0.000000
FILLER_94_27,VGND,li1,18.1700,266.5600,0.000000
FILLER_94_15,VGND,li1,15.1800,266.5600,0.000000
FILLER_94_3,VGND,li1,9.6600,266.5600,0.000000
FILLER_93_665,VGND,li1,312.1100,266.5600,0.000000
FILLER_93_653,VGND,li1,308.6600,266.5600,0.000000
FILLER_93_641,VGND,li1,303.1400,266.5600,0.000000
FILLER_93_629,VGND,li1,297.6200,266.5600,0.000000
FILLER_93_617,VGND,li1,292.1000,266.5600,0.000000
FILLER_93_615,VGND,li1,288.6500,266.5600,0.000000
FILLER_93_609,VGND,li1,287.0400,266.5600,0.000000
FILLER_93_597,VGND,li1,282.9000,266.5600,0.000000
FILLER_93_585,VGND,li1,277.3800,266.5600,0.000000
FILLER_93_573,VGND,li1,271.8600,266.5600,0.000000
FILLER_93_561,VGND,li1,266.3400,266.5600,0.000000
FILLER_93_559,VGND,li1,262.8900,266.5600,0.000000
FILLER_93_553,VGND,li1,261.2800,266.5600,0.000000
FILLER_93_541,VGND,li1,257.1400,266.5600,0.000000
FILLER_93_529,VGND,li1,251.6200,266.5600,0.000000
FILLER_93_517,VGND,li1,246.1000,266.5600,0.000000
FILLER_93_505,VGND,li1,240.5800,266.5600,0.000000
FILLER_93_503,VGND,li1,237.1300,266.5600,0.000000
FILLER_93_497,VGND,li1,235.5200,266.5600,0.000000
FILLER_93_485,VGND,li1,231.3800,266.5600,0.000000
FILLER_93_473,VGND,li1,225.8600,266.5600,0.000000
FILLER_93_461,VGND,li1,220.3400,266.5600,0.000000
FILLER_93_449,VGND,li1,214.8200,266.5600,0.000000
FILLER_93_447,VGND,li1,211.3700,266.5600,0.000000
FILLER_93_441,VGND,li1,209.7600,266.5600,0.000000
FILLER_93_429,VGND,li1,205.6200,266.5600,0.000000
FILLER_93_417,VGND,li1,200.1000,266.5600,0.000000
FILLER_93_405,VGND,li1,194.5800,266.5600,0.000000
FILLER_93_393,VGND,li1,189.0600,266.5600,0.000000
FILLER_93_391,VGND,li1,185.6100,266.5600,0.000000
FILLER_93_385,VGND,li1,184.0000,266.5600,0.000000
FILLER_93_373,VGND,li1,179.8600,266.5600,0.000000
FILLER_93_361,VGND,li1,174.3400,266.5600,0.000000
FILLER_93_349,VGND,li1,168.8200,266.5600,0.000000
FILLER_93_337,VGND,li1,163.3000,266.5600,0.000000
FILLER_93_335,VGND,li1,159.8500,266.5600,0.000000
FILLER_93_329,VGND,li1,158.2400,266.5600,0.000000
FILLER_93_317,VGND,li1,154.1000,266.5600,0.000000
FILLER_93_305,VGND,li1,148.5800,266.5600,0.000000
FILLER_93_293,VGND,li1,143.0600,266.5600,0.000000
FILLER_93_281,VGND,li1,137.5400,266.5600,0.000000
FILLER_93_279,VGND,li1,134.0900,266.5600,0.000000
FILLER_93_273,VGND,li1,132.4800,266.5600,0.000000
FILLER_93_261,VGND,li1,128.3400,266.5600,0.000000
FILLER_93_249,VGND,li1,122.8200,266.5600,0.000000
FILLER_93_237,VGND,li1,117.3000,266.5600,0.000000
FILLER_93_225,VGND,li1,111.7800,266.5600,0.000000
FILLER_93_223,VGND,li1,108.3300,266.5600,0.000000
FILLER_93_217,VGND,li1,106.7200,266.5600,0.000000
FILLER_93_205,VGND,li1,102.5800,266.5600,0.000000
FILLER_93_193,VGND,li1,97.0600,266.5600,0.000000
FILLER_93_181,VGND,li1,91.5400,266.5600,0.000000
FILLER_93_169,VGND,li1,86.0200,266.5600,0.000000
FILLER_93_167,VGND,li1,82.5700,266.5600,0.000000
FILLER_93_161,VGND,li1,80.9600,266.5600,0.000000
FILLER_93_149,VGND,li1,76.8200,266.5600,0.000000
FILLER_93_137,VGND,li1,71.3000,266.5600,0.000000
FILLER_93_125,VGND,li1,65.7800,266.5600,0.000000
FILLER_93_113,VGND,li1,60.2600,266.5600,0.000000
FILLER_93_111,VGND,li1,56.8100,266.5600,0.000000
FILLER_93_105,VGND,li1,55.2000,266.5600,0.000000
FILLER_93_93,VGND,li1,51.0600,266.5600,0.000000
FILLER_93_81,VGND,li1,45.5400,266.5600,0.000000
FILLER_93_69,VGND,li1,40.0200,266.5600,0.000000
FILLER_93_57,VGND,li1,34.5000,266.5600,0.000000
FILLER_93_55,VGND,li1,31.0500,266.5600,0.000000
FILLER_93_51,VGND,li1,29.9000,266.5600,0.000000
FILLER_93_39,VGND,li1,26.2200,266.5600,0.000000
FILLER_93_27,VGND,li1,20.7000,266.5600,0.000000
FILLER_93_15,VGND,li1,15.1800,266.5600,0.000000
FILLER_93_3,VGND,li1,9.6600,266.5600,0.000000
FILLER_92_665,VGND,li1,312.1100,261.1200,0.000000
FILLER_92_657,VGND,li1,309.5800,261.1200,0.000000
FILLER_92_645,VGND,li1,304.9800,261.1200,0.000000
FILLER_92_643,VGND,li1,301.5300,261.1200,0.000000
FILLER_92_637,VGND,li1,299.9200,261.1200,0.000000
FILLER_92_625,VGND,li1,295.7800,261.1200,0.000000
FILLER_92_613,VGND,li1,290.2600,261.1200,0.000000
FILLER_92_601,VGND,li1,284.7400,261.1200,0.000000
FILLER_92_589,VGND,li1,279.2200,261.1200,0.000000
FILLER_92_587,VGND,li1,275.7700,261.1200,0.000000
FILLER_92_581,VGND,li1,274.1600,261.1200,0.000000
FILLER_92_569,VGND,li1,270.0200,261.1200,0.000000
FILLER_92_557,VGND,li1,264.5000,261.1200,0.000000
FILLER_92_545,VGND,li1,258.9800,261.1200,0.000000
FILLER_92_533,VGND,li1,253.4600,261.1200,0.000000
FILLER_92_531,VGND,li1,250.0100,261.1200,0.000000
FILLER_92_525,VGND,li1,248.4000,261.1200,0.000000
FILLER_92_513,VGND,li1,244.2600,261.1200,0.000000
FILLER_92_501,VGND,li1,238.7400,261.1200,0.000000
FILLER_92_489,VGND,li1,233.2200,261.1200,0.000000
FILLER_92_477,VGND,li1,227.7000,261.1200,0.000000
FILLER_92_475,VGND,li1,224.2500,261.1200,0.000000
FILLER_92_469,VGND,li1,222.6400,261.1200,0.000000
FILLER_92_457,VGND,li1,218.5000,261.1200,0.000000
FILLER_92_445,VGND,li1,212.9800,261.1200,0.000000
FILLER_92_433,VGND,li1,207.4600,261.1200,0.000000
FILLER_92_421,VGND,li1,201.9400,261.1200,0.000000
FILLER_92_419,VGND,li1,198.4900,261.1200,0.000000
FILLER_92_413,VGND,li1,196.8800,261.1200,0.000000
FILLER_92_401,VGND,li1,192.7400,261.1200,0.000000
FILLER_92_389,VGND,li1,187.2200,261.1200,0.000000
FILLER_92_377,VGND,li1,181.7000,261.1200,0.000000
FILLER_92_365,VGND,li1,176.1800,261.1200,0.000000
FILLER_92_363,VGND,li1,172.7300,261.1200,0.000000
FILLER_92_357,VGND,li1,171.1200,261.1200,0.000000
FILLER_92_345,VGND,li1,166.9800,261.1200,0.000000
FILLER_92_333,VGND,li1,161.4600,261.1200,0.000000
FILLER_92_321,VGND,li1,155.9400,261.1200,0.000000
FILLER_92_309,VGND,li1,150.4200,261.1200,0.000000
FILLER_92_307,VGND,li1,146.9700,261.1200,0.000000
FILLER_92_301,VGND,li1,145.3600,261.1200,0.000000
FILLER_92_289,VGND,li1,141.2200,261.1200,0.000000
FILLER_92_277,VGND,li1,135.7000,261.1200,0.000000
FILLER_92_265,VGND,li1,130.1800,261.1200,0.000000
FILLER_92_253,VGND,li1,124.6600,261.1200,0.000000
FILLER_92_251,VGND,li1,121.2100,261.1200,0.000000
FILLER_92_245,VGND,li1,119.6000,261.1200,0.000000
FILLER_92_233,VGND,li1,115.4600,261.1200,0.000000
FILLER_92_221,VGND,li1,109.9400,261.1200,0.000000
FILLER_92_209,VGND,li1,104.4200,261.1200,0.000000
FILLER_92_197,VGND,li1,98.9000,261.1200,0.000000
FILLER_92_195,VGND,li1,95.4500,261.1200,0.000000
FILLER_92_189,VGND,li1,93.8400,261.1200,0.000000
FILLER_92_177,VGND,li1,89.7000,261.1200,0.000000
FILLER_92_165,VGND,li1,84.1800,261.1200,0.000000
FILLER_92_153,VGND,li1,78.6600,261.1200,0.000000
FILLER_92_141,VGND,li1,73.1400,261.1200,0.000000
FILLER_92_139,VGND,li1,69.6900,261.1200,0.000000
FILLER_92_133,VGND,li1,68.0800,261.1200,0.000000
FILLER_92_121,VGND,li1,63.9400,261.1200,0.000000
FILLER_92_109,VGND,li1,58.4200,261.1200,0.000000
FILLER_92_97,VGND,li1,52.9000,261.1200,0.000000
FILLER_92_85,VGND,li1,47.3800,261.1200,0.000000
FILLER_92_83,VGND,li1,43.9300,261.1200,0.000000
FILLER_92_77,VGND,li1,42.3200,261.1200,0.000000
FILLER_92_65,VGND,li1,38.1800,261.1200,0.000000
FILLER_92_53,VGND,li1,32.6600,261.1200,0.000000
FILLER_92_41,VGND,li1,27.1400,261.1200,0.000000
FILLER_92_29,VGND,li1,21.6200,261.1200,0.000000
FILLER_92_27,VGND,li1,18.1700,261.1200,0.000000
FILLER_92_15,VGND,li1,15.1800,261.1200,0.000000
FILLER_92_3,VGND,li1,9.6600,261.1200,0.000000
FILLER_91_665,VGND,li1,312.1100,261.1200,0.000000
FILLER_91_653,VGND,li1,308.6600,261.1200,0.000000
FILLER_91_641,VGND,li1,303.1400,261.1200,0.000000
FILLER_91_629,VGND,li1,297.6200,261.1200,0.000000
FILLER_91_617,VGND,li1,292.1000,261.1200,0.000000
FILLER_91_615,VGND,li1,288.6500,261.1200,0.000000
FILLER_91_609,VGND,li1,287.0400,261.1200,0.000000
FILLER_91_597,VGND,li1,282.9000,261.1200,0.000000
FILLER_91_585,VGND,li1,277.3800,261.1200,0.000000
FILLER_91_573,VGND,li1,271.8600,261.1200,0.000000
FILLER_91_561,VGND,li1,266.3400,261.1200,0.000000
FILLER_91_559,VGND,li1,262.8900,261.1200,0.000000
FILLER_91_553,VGND,li1,261.2800,261.1200,0.000000
FILLER_91_541,VGND,li1,257.1400,261.1200,0.000000
FILLER_91_529,VGND,li1,251.6200,261.1200,0.000000
FILLER_91_517,VGND,li1,246.1000,261.1200,0.000000
FILLER_91_505,VGND,li1,240.5800,261.1200,0.000000
FILLER_91_503,VGND,li1,237.1300,261.1200,0.000000
FILLER_91_497,VGND,li1,235.5200,261.1200,0.000000
FILLER_91_485,VGND,li1,231.3800,261.1200,0.000000
FILLER_91_473,VGND,li1,225.8600,261.1200,0.000000
FILLER_91_461,VGND,li1,220.3400,261.1200,0.000000
FILLER_91_449,VGND,li1,214.8200,261.1200,0.000000
FILLER_91_447,VGND,li1,211.3700,261.1200,0.000000
FILLER_91_441,VGND,li1,209.7600,261.1200,0.000000
FILLER_91_429,VGND,li1,205.6200,261.1200,0.000000
FILLER_91_417,VGND,li1,200.1000,261.1200,0.000000
FILLER_91_405,VGND,li1,194.5800,261.1200,0.000000
FILLER_91_393,VGND,li1,189.0600,261.1200,0.000000
FILLER_91_391,VGND,li1,185.6100,261.1200,0.000000
FILLER_91_385,VGND,li1,184.0000,261.1200,0.000000
FILLER_91_373,VGND,li1,179.8600,261.1200,0.000000
FILLER_91_361,VGND,li1,174.3400,261.1200,0.000000
FILLER_91_349,VGND,li1,168.8200,261.1200,0.000000
FILLER_91_337,VGND,li1,163.3000,261.1200,0.000000
FILLER_91_335,VGND,li1,159.8500,261.1200,0.000000
FILLER_91_329,VGND,li1,158.2400,261.1200,0.000000
FILLER_91_317,VGND,li1,154.1000,261.1200,0.000000
FILLER_91_305,VGND,li1,148.5800,261.1200,0.000000
FILLER_91_293,VGND,li1,143.0600,261.1200,0.000000
FILLER_91_281,VGND,li1,137.5400,261.1200,0.000000
FILLER_91_279,VGND,li1,134.0900,261.1200,0.000000
FILLER_91_273,VGND,li1,132.4800,261.1200,0.000000
FILLER_91_261,VGND,li1,128.3400,261.1200,0.000000
FILLER_91_249,VGND,li1,122.8200,261.1200,0.000000
FILLER_91_237,VGND,li1,117.3000,261.1200,0.000000
FILLER_91_225,VGND,li1,111.7800,261.1200,0.000000
FILLER_91_223,VGND,li1,108.3300,261.1200,0.000000
FILLER_91_217,VGND,li1,106.7200,261.1200,0.000000
FILLER_91_205,VGND,li1,102.5800,261.1200,0.000000
FILLER_91_193,VGND,li1,97.0600,261.1200,0.000000
FILLER_91_181,VGND,li1,91.5400,261.1200,0.000000
FILLER_91_169,VGND,li1,86.0200,261.1200,0.000000
FILLER_91_167,VGND,li1,82.5700,261.1200,0.000000
FILLER_91_161,VGND,li1,80.9600,261.1200,0.000000
FILLER_91_149,VGND,li1,76.8200,261.1200,0.000000
FILLER_91_137,VGND,li1,71.3000,261.1200,0.000000
FILLER_91_125,VGND,li1,65.7800,261.1200,0.000000
FILLER_91_113,VGND,li1,60.2600,261.1200,0.000000
FILLER_91_111,VGND,li1,56.8100,261.1200,0.000000
FILLER_91_105,VGND,li1,55.2000,261.1200,0.000000
FILLER_91_93,VGND,li1,51.0600,261.1200,0.000000
FILLER_91_81,VGND,li1,45.5400,261.1200,0.000000
FILLER_91_69,VGND,li1,40.0200,261.1200,0.000000
FILLER_91_57,VGND,li1,34.5000,261.1200,0.000000
FILLER_91_55,VGND,li1,31.0500,261.1200,0.000000
FILLER_91_51,VGND,li1,29.9000,261.1200,0.000000
FILLER_91_39,VGND,li1,26.2200,261.1200,0.000000
FILLER_91_27,VGND,li1,20.7000,261.1200,0.000000
FILLER_91_15,VGND,li1,15.1800,261.1200,0.000000
FILLER_91_3,VGND,li1,9.6600,261.1200,0.000000
FILLER_90_665,VGND,li1,312.1100,255.6800,0.000000
FILLER_90_657,VGND,li1,309.5800,255.6800,0.000000
FILLER_90_645,VGND,li1,304.9800,255.6800,0.000000
FILLER_90_643,VGND,li1,301.5300,255.6800,0.000000
FILLER_90_637,VGND,li1,299.9200,255.6800,0.000000
FILLER_90_625,VGND,li1,295.7800,255.6800,0.000000
FILLER_90_613,VGND,li1,290.2600,255.6800,0.000000
FILLER_90_601,VGND,li1,284.7400,255.6800,0.000000
FILLER_90_589,VGND,li1,279.2200,255.6800,0.000000
FILLER_90_587,VGND,li1,275.7700,255.6800,0.000000
FILLER_90_581,VGND,li1,274.1600,255.6800,0.000000
FILLER_90_569,VGND,li1,270.0200,255.6800,0.000000
FILLER_90_557,VGND,li1,264.5000,255.6800,0.000000
FILLER_90_545,VGND,li1,258.9800,255.6800,0.000000
FILLER_90_533,VGND,li1,253.4600,255.6800,0.000000
FILLER_90_531,VGND,li1,250.0100,255.6800,0.000000
FILLER_90_525,VGND,li1,248.4000,255.6800,0.000000
FILLER_90_513,VGND,li1,244.2600,255.6800,0.000000
FILLER_90_501,VGND,li1,238.7400,255.6800,0.000000
FILLER_90_489,VGND,li1,233.2200,255.6800,0.000000
FILLER_90_477,VGND,li1,227.7000,255.6800,0.000000
FILLER_90_475,VGND,li1,224.2500,255.6800,0.000000
FILLER_90_469,VGND,li1,222.6400,255.6800,0.000000
FILLER_90_457,VGND,li1,218.5000,255.6800,0.000000
FILLER_90_445,VGND,li1,212.9800,255.6800,0.000000
FILLER_90_433,VGND,li1,207.4600,255.6800,0.000000
FILLER_90_421,VGND,li1,201.9400,255.6800,0.000000
FILLER_90_419,VGND,li1,198.4900,255.6800,0.000000
FILLER_90_413,VGND,li1,196.8800,255.6800,0.000000
FILLER_90_401,VGND,li1,192.7400,255.6800,0.000000
FILLER_90_389,VGND,li1,187.2200,255.6800,0.000000
FILLER_90_377,VGND,li1,181.7000,255.6800,0.000000
FILLER_90_365,VGND,li1,176.1800,255.6800,0.000000
FILLER_90_363,VGND,li1,172.7300,255.6800,0.000000
FILLER_90_357,VGND,li1,171.1200,255.6800,0.000000
FILLER_90_345,VGND,li1,166.9800,255.6800,0.000000
FILLER_90_333,VGND,li1,161.4600,255.6800,0.000000
FILLER_90_321,VGND,li1,155.9400,255.6800,0.000000
FILLER_90_309,VGND,li1,150.4200,255.6800,0.000000
FILLER_90_307,VGND,li1,146.9700,255.6800,0.000000
FILLER_90_301,VGND,li1,145.3600,255.6800,0.000000
FILLER_90_289,VGND,li1,141.2200,255.6800,0.000000
FILLER_90_277,VGND,li1,135.7000,255.6800,0.000000
FILLER_90_265,VGND,li1,130.1800,255.6800,0.000000
FILLER_90_253,VGND,li1,124.6600,255.6800,0.000000
FILLER_90_251,VGND,li1,121.2100,255.6800,0.000000
FILLER_90_245,VGND,li1,119.6000,255.6800,0.000000
FILLER_90_233,VGND,li1,115.4600,255.6800,0.000000
FILLER_90_221,VGND,li1,109.9400,255.6800,0.000000
FILLER_90_209,VGND,li1,104.4200,255.6800,0.000000
FILLER_90_197,VGND,li1,98.9000,255.6800,0.000000
FILLER_90_195,VGND,li1,95.4500,255.6800,0.000000
FILLER_90_189,VGND,li1,93.8400,255.6800,0.000000
FILLER_90_177,VGND,li1,89.7000,255.6800,0.000000
FILLER_90_165,VGND,li1,84.1800,255.6800,0.000000
FILLER_90_153,VGND,li1,78.6600,255.6800,0.000000
FILLER_90_141,VGND,li1,73.1400,255.6800,0.000000
FILLER_90_139,VGND,li1,69.6900,255.6800,0.000000
FILLER_90_133,VGND,li1,68.0800,255.6800,0.000000
FILLER_90_121,VGND,li1,63.9400,255.6800,0.000000
FILLER_90_109,VGND,li1,58.4200,255.6800,0.000000
FILLER_90_97,VGND,li1,52.9000,255.6800,0.000000
FILLER_90_85,VGND,li1,47.3800,255.6800,0.000000
FILLER_90_83,VGND,li1,43.9300,255.6800,0.000000
FILLER_90_77,VGND,li1,42.3200,255.6800,0.000000
FILLER_90_65,VGND,li1,38.1800,255.6800,0.000000
FILLER_90_53,VGND,li1,32.6600,255.6800,0.000000
FILLER_90_41,VGND,li1,27.1400,255.6800,0.000000
FILLER_90_29,VGND,li1,21.6200,255.6800,0.000000
FILLER_90_27,VGND,li1,18.1700,255.6800,0.000000
FILLER_90_15,VGND,li1,15.1800,255.6800,0.000000
FILLER_90_3,VGND,li1,9.6600,255.6800,0.000000
FILLER_89_665,VGND,li1,312.1100,255.6800,0.000000
FILLER_89_653,VGND,li1,308.6600,255.6800,0.000000
FILLER_89_641,VGND,li1,303.1400,255.6800,0.000000
FILLER_89_629,VGND,li1,297.6200,255.6800,0.000000
FILLER_89_617,VGND,li1,292.1000,255.6800,0.000000
FILLER_89_615,VGND,li1,288.6500,255.6800,0.000000
FILLER_89_609,VGND,li1,287.0400,255.6800,0.000000
FILLER_89_597,VGND,li1,282.9000,255.6800,0.000000
FILLER_89_585,VGND,li1,277.3800,255.6800,0.000000
FILLER_89_573,VGND,li1,271.8600,255.6800,0.000000
FILLER_89_561,VGND,li1,266.3400,255.6800,0.000000
FILLER_89_559,VGND,li1,262.8900,255.6800,0.000000
FILLER_89_553,VGND,li1,261.2800,255.6800,0.000000
FILLER_89_541,VGND,li1,257.1400,255.6800,0.000000
FILLER_89_529,VGND,li1,251.6200,255.6800,0.000000
FILLER_89_517,VGND,li1,246.1000,255.6800,0.000000
FILLER_89_505,VGND,li1,240.5800,255.6800,0.000000
FILLER_89_503,VGND,li1,237.1300,255.6800,0.000000
FILLER_89_497,VGND,li1,235.5200,255.6800,0.000000
FILLER_89_485,VGND,li1,231.3800,255.6800,0.000000
FILLER_89_473,VGND,li1,225.8600,255.6800,0.000000
FILLER_89_461,VGND,li1,220.3400,255.6800,0.000000
FILLER_89_449,VGND,li1,214.8200,255.6800,0.000000
FILLER_89_447,VGND,li1,211.3700,255.6800,0.000000
FILLER_89_441,VGND,li1,209.7600,255.6800,0.000000
FILLER_89_429,VGND,li1,205.6200,255.6800,0.000000
FILLER_89_417,VGND,li1,200.1000,255.6800,0.000000
FILLER_89_405,VGND,li1,194.5800,255.6800,0.000000
FILLER_89_393,VGND,li1,189.0600,255.6800,0.000000
FILLER_89_391,VGND,li1,185.6100,255.6800,0.000000
FILLER_89_385,VGND,li1,184.0000,255.6800,0.000000
FILLER_89_373,VGND,li1,179.8600,255.6800,0.000000
FILLER_89_361,VGND,li1,174.3400,255.6800,0.000000
FILLER_89_349,VGND,li1,168.8200,255.6800,0.000000
FILLER_89_337,VGND,li1,163.3000,255.6800,0.000000
FILLER_89_335,VGND,li1,159.8500,255.6800,0.000000
FILLER_89_329,VGND,li1,158.2400,255.6800,0.000000
FILLER_89_317,VGND,li1,154.1000,255.6800,0.000000
FILLER_89_305,VGND,li1,148.5800,255.6800,0.000000
FILLER_89_293,VGND,li1,143.0600,255.6800,0.000000
FILLER_89_281,VGND,li1,137.5400,255.6800,0.000000
FILLER_89_279,VGND,li1,134.0900,255.6800,0.000000
FILLER_89_273,VGND,li1,132.4800,255.6800,0.000000
FILLER_89_261,VGND,li1,128.3400,255.6800,0.000000
FILLER_89_249,VGND,li1,122.8200,255.6800,0.000000
FILLER_89_237,VGND,li1,117.3000,255.6800,0.000000
FILLER_89_225,VGND,li1,111.7800,255.6800,0.000000
FILLER_89_223,VGND,li1,108.3300,255.6800,0.000000
FILLER_89_217,VGND,li1,106.7200,255.6800,0.000000
FILLER_89_205,VGND,li1,102.5800,255.6800,0.000000
FILLER_89_193,VGND,li1,97.0600,255.6800,0.000000
FILLER_89_181,VGND,li1,91.5400,255.6800,0.000000
FILLER_89_169,VGND,li1,86.0200,255.6800,0.000000
FILLER_89_167,VGND,li1,82.5700,255.6800,0.000000
FILLER_89_161,VGND,li1,80.9600,255.6800,0.000000
FILLER_89_149,VGND,li1,76.8200,255.6800,0.000000
FILLER_89_137,VGND,li1,71.3000,255.6800,0.000000
FILLER_89_125,VGND,li1,65.7800,255.6800,0.000000
FILLER_89_113,VGND,li1,60.2600,255.6800,0.000000
FILLER_89_111,VGND,li1,56.8100,255.6800,0.000000
FILLER_89_105,VGND,li1,55.2000,255.6800,0.000000
FILLER_89_93,VGND,li1,51.0600,255.6800,0.000000
FILLER_89_81,VGND,li1,45.5400,255.6800,0.000000
FILLER_89_69,VGND,li1,40.0200,255.6800,0.000000
FILLER_89_57,VGND,li1,34.5000,255.6800,0.000000
FILLER_89_55,VGND,li1,31.0500,255.6800,0.000000
FILLER_89_51,VGND,li1,29.9000,255.6800,0.000000
FILLER_89_39,VGND,li1,26.2200,255.6800,0.000000
FILLER_89_27,VGND,li1,20.7000,255.6800,0.000000
FILLER_89_15,VGND,li1,15.1800,255.6800,0.000000
FILLER_89_3,VGND,li1,9.6600,255.6800,0.000000
FILLER_88_665,VGND,li1,312.1100,250.2400,0.000000
FILLER_88_657,VGND,li1,309.5800,250.2400,0.000000
FILLER_88_645,VGND,li1,304.9800,250.2400,0.000000
FILLER_88_643,VGND,li1,301.5300,250.2400,0.000000
FILLER_88_637,VGND,li1,299.9200,250.2400,0.000000
FILLER_88_625,VGND,li1,295.7800,250.2400,0.000000
FILLER_88_613,VGND,li1,290.2600,250.2400,0.000000
FILLER_88_601,VGND,li1,284.7400,250.2400,0.000000
FILLER_88_589,VGND,li1,279.2200,250.2400,0.000000
FILLER_88_587,VGND,li1,275.7700,250.2400,0.000000
FILLER_88_581,VGND,li1,274.1600,250.2400,0.000000
FILLER_88_569,VGND,li1,270.0200,250.2400,0.000000
FILLER_88_557,VGND,li1,264.5000,250.2400,0.000000
FILLER_88_545,VGND,li1,258.9800,250.2400,0.000000
FILLER_88_533,VGND,li1,253.4600,250.2400,0.000000
FILLER_88_531,VGND,li1,250.0100,250.2400,0.000000
FILLER_88_525,VGND,li1,248.4000,250.2400,0.000000
FILLER_88_513,VGND,li1,244.2600,250.2400,0.000000
FILLER_88_501,VGND,li1,238.7400,250.2400,0.000000
FILLER_88_489,VGND,li1,233.2200,250.2400,0.000000
FILLER_88_477,VGND,li1,227.7000,250.2400,0.000000
FILLER_88_475,VGND,li1,224.2500,250.2400,0.000000
FILLER_88_469,VGND,li1,222.6400,250.2400,0.000000
FILLER_88_457,VGND,li1,218.5000,250.2400,0.000000
FILLER_88_445,VGND,li1,212.9800,250.2400,0.000000
FILLER_88_433,VGND,li1,207.4600,250.2400,0.000000
FILLER_88_421,VGND,li1,201.9400,250.2400,0.000000
FILLER_88_419,VGND,li1,198.4900,250.2400,0.000000
FILLER_88_413,VGND,li1,196.8800,250.2400,0.000000
FILLER_88_401,VGND,li1,192.7400,250.2400,0.000000
FILLER_88_389,VGND,li1,187.2200,250.2400,0.000000
FILLER_88_377,VGND,li1,181.7000,250.2400,0.000000
FILLER_88_365,VGND,li1,176.1800,250.2400,0.000000
FILLER_88_363,VGND,li1,172.7300,250.2400,0.000000
FILLER_88_357,VGND,li1,171.1200,250.2400,0.000000
FILLER_88_345,VGND,li1,166.9800,250.2400,0.000000
FILLER_88_333,VGND,li1,161.4600,250.2400,0.000000
FILLER_88_321,VGND,li1,155.9400,250.2400,0.000000
FILLER_88_309,VGND,li1,150.4200,250.2400,0.000000
FILLER_88_307,VGND,li1,146.9700,250.2400,0.000000
FILLER_88_301,VGND,li1,145.3600,250.2400,0.000000
FILLER_88_289,VGND,li1,141.2200,250.2400,0.000000
FILLER_88_277,VGND,li1,135.7000,250.2400,0.000000
FILLER_88_265,VGND,li1,130.1800,250.2400,0.000000
FILLER_88_253,VGND,li1,124.6600,250.2400,0.000000
FILLER_88_251,VGND,li1,121.2100,250.2400,0.000000
FILLER_88_245,VGND,li1,119.6000,250.2400,0.000000
FILLER_88_233,VGND,li1,115.4600,250.2400,0.000000
FILLER_88_221,VGND,li1,109.9400,250.2400,0.000000
FILLER_88_209,VGND,li1,104.4200,250.2400,0.000000
FILLER_88_197,VGND,li1,98.9000,250.2400,0.000000
FILLER_88_195,VGND,li1,95.4500,250.2400,0.000000
FILLER_88_189,VGND,li1,93.8400,250.2400,0.000000
FILLER_88_177,VGND,li1,89.7000,250.2400,0.000000
FILLER_88_165,VGND,li1,84.1800,250.2400,0.000000
FILLER_88_153,VGND,li1,78.6600,250.2400,0.000000
FILLER_88_141,VGND,li1,73.1400,250.2400,0.000000
FILLER_88_139,VGND,li1,69.6900,250.2400,0.000000
FILLER_88_133,VGND,li1,68.0800,250.2400,0.000000
FILLER_88_121,VGND,li1,63.9400,250.2400,0.000000
FILLER_88_109,VGND,li1,58.4200,250.2400,0.000000
FILLER_88_97,VGND,li1,52.9000,250.2400,0.000000
FILLER_88_85,VGND,li1,47.3800,250.2400,0.000000
FILLER_88_83,VGND,li1,43.9300,250.2400,0.000000
FILLER_88_77,VGND,li1,42.3200,250.2400,0.000000
FILLER_88_65,VGND,li1,38.1800,250.2400,0.000000
FILLER_88_53,VGND,li1,32.6600,250.2400,0.000000
FILLER_88_41,VGND,li1,27.1400,250.2400,0.000000
FILLER_88_29,VGND,li1,21.6200,250.2400,0.000000
FILLER_88_27,VGND,li1,18.1700,250.2400,0.000000
FILLER_88_15,VGND,li1,15.1800,250.2400,0.000000
FILLER_88_3,VGND,li1,9.6600,250.2400,0.000000
FILLER_87_665,VGND,li1,312.1100,250.2400,0.000000
FILLER_87_653,VGND,li1,308.6600,250.2400,0.000000
FILLER_87_641,VGND,li1,303.1400,250.2400,0.000000
FILLER_87_629,VGND,li1,297.6200,250.2400,0.000000
FILLER_87_617,VGND,li1,292.1000,250.2400,0.000000
FILLER_87_615,VGND,li1,288.6500,250.2400,0.000000
FILLER_87_609,VGND,li1,287.0400,250.2400,0.000000
FILLER_87_597,VGND,li1,282.9000,250.2400,0.000000
FILLER_87_585,VGND,li1,277.3800,250.2400,0.000000
FILLER_87_573,VGND,li1,271.8600,250.2400,0.000000
FILLER_87_561,VGND,li1,266.3400,250.2400,0.000000
FILLER_87_559,VGND,li1,262.8900,250.2400,0.000000
FILLER_87_553,VGND,li1,261.2800,250.2400,0.000000
FILLER_87_541,VGND,li1,257.1400,250.2400,0.000000
FILLER_87_529,VGND,li1,251.6200,250.2400,0.000000
FILLER_87_517,VGND,li1,246.1000,250.2400,0.000000
FILLER_87_505,VGND,li1,240.5800,250.2400,0.000000
FILLER_87_503,VGND,li1,237.1300,250.2400,0.000000
FILLER_87_497,VGND,li1,235.5200,250.2400,0.000000
FILLER_87_485,VGND,li1,231.3800,250.2400,0.000000
FILLER_87_473,VGND,li1,225.8600,250.2400,0.000000
FILLER_87_461,VGND,li1,220.3400,250.2400,0.000000
FILLER_87_449,VGND,li1,214.8200,250.2400,0.000000
FILLER_87_447,VGND,li1,211.3700,250.2400,0.000000
FILLER_87_441,VGND,li1,209.7600,250.2400,0.000000
FILLER_87_429,VGND,li1,205.6200,250.2400,0.000000
FILLER_87_417,VGND,li1,200.1000,250.2400,0.000000
FILLER_87_405,VGND,li1,194.5800,250.2400,0.000000
FILLER_87_393,VGND,li1,189.0600,250.2400,0.000000
FILLER_87_391,VGND,li1,185.6100,250.2400,0.000000
FILLER_87_385,VGND,li1,184.0000,250.2400,0.000000
FILLER_87_373,VGND,li1,179.8600,250.2400,0.000000
FILLER_87_361,VGND,li1,174.3400,250.2400,0.000000
FILLER_87_349,VGND,li1,168.8200,250.2400,0.000000
FILLER_87_337,VGND,li1,163.3000,250.2400,0.000000
FILLER_87_335,VGND,li1,159.8500,250.2400,0.000000
FILLER_87_329,VGND,li1,158.2400,250.2400,0.000000
FILLER_87_317,VGND,li1,154.1000,250.2400,0.000000
FILLER_87_305,VGND,li1,148.5800,250.2400,0.000000
FILLER_87_293,VGND,li1,143.0600,250.2400,0.000000
FILLER_87_281,VGND,li1,137.5400,250.2400,0.000000
FILLER_87_279,VGND,li1,134.0900,250.2400,0.000000
FILLER_87_273,VGND,li1,132.4800,250.2400,0.000000
FILLER_87_261,VGND,li1,128.3400,250.2400,0.000000
FILLER_87_249,VGND,li1,122.8200,250.2400,0.000000
FILLER_87_237,VGND,li1,117.3000,250.2400,0.000000
FILLER_87_225,VGND,li1,111.7800,250.2400,0.000000
FILLER_87_223,VGND,li1,108.3300,250.2400,0.000000
FILLER_87_217,VGND,li1,106.7200,250.2400,0.000000
FILLER_87_205,VGND,li1,102.5800,250.2400,0.000000
FILLER_87_193,VGND,li1,97.0600,250.2400,0.000000
FILLER_87_181,VGND,li1,91.5400,250.2400,0.000000
FILLER_87_169,VGND,li1,86.0200,250.2400,0.000000
FILLER_87_167,VGND,li1,82.5700,250.2400,0.000000
FILLER_87_161,VGND,li1,80.9600,250.2400,0.000000
FILLER_87_149,VGND,li1,76.8200,250.2400,0.000000
FILLER_87_137,VGND,li1,71.3000,250.2400,0.000000
FILLER_87_125,VGND,li1,65.7800,250.2400,0.000000
FILLER_87_113,VGND,li1,60.2600,250.2400,0.000000
FILLER_87_111,VGND,li1,56.8100,250.2400,0.000000
FILLER_87_105,VGND,li1,55.2000,250.2400,0.000000
FILLER_87_93,VGND,li1,51.0600,250.2400,0.000000
FILLER_87_81,VGND,li1,45.5400,250.2400,0.000000
FILLER_87_69,VGND,li1,40.0200,250.2400,0.000000
FILLER_87_57,VGND,li1,34.5000,250.2400,0.000000
FILLER_87_55,VGND,li1,31.0500,250.2400,0.000000
FILLER_87_51,VGND,li1,29.9000,250.2400,0.000000
FILLER_87_39,VGND,li1,26.2200,250.2400,0.000000
FILLER_87_27,VGND,li1,20.7000,250.2400,0.000000
FILLER_87_15,VGND,li1,15.1800,250.2400,0.000000
FILLER_87_3,VGND,li1,9.6600,250.2400,0.000000
FILLER_86_665,VGND,li1,312.1100,244.8000,0.000000
FILLER_86_657,VGND,li1,309.5800,244.8000,0.000000
FILLER_86_645,VGND,li1,304.9800,244.8000,0.000000
FILLER_86_643,VGND,li1,301.5300,244.8000,0.000000
FILLER_86_637,VGND,li1,299.9200,244.8000,0.000000
FILLER_86_625,VGND,li1,295.7800,244.8000,0.000000
FILLER_86_613,VGND,li1,290.2600,244.8000,0.000000
FILLER_86_601,VGND,li1,284.7400,244.8000,0.000000
FILLER_86_589,VGND,li1,279.2200,244.8000,0.000000
FILLER_86_587,VGND,li1,275.7700,244.8000,0.000000
FILLER_86_581,VGND,li1,274.1600,244.8000,0.000000
FILLER_86_569,VGND,li1,270.0200,244.8000,0.000000
FILLER_86_557,VGND,li1,264.5000,244.8000,0.000000
FILLER_86_545,VGND,li1,258.9800,244.8000,0.000000
FILLER_86_533,VGND,li1,253.4600,244.8000,0.000000
FILLER_86_531,VGND,li1,250.0100,244.8000,0.000000
FILLER_86_525,VGND,li1,248.4000,244.8000,0.000000
FILLER_86_513,VGND,li1,244.2600,244.8000,0.000000
FILLER_86_501,VGND,li1,238.7400,244.8000,0.000000
FILLER_86_489,VGND,li1,233.2200,244.8000,0.000000
FILLER_86_477,VGND,li1,227.7000,244.8000,0.000000
FILLER_86_475,VGND,li1,224.2500,244.8000,0.000000
FILLER_86_469,VGND,li1,222.6400,244.8000,0.000000
FILLER_86_457,VGND,li1,218.5000,244.8000,0.000000
FILLER_86_445,VGND,li1,212.9800,244.8000,0.000000
FILLER_86_433,VGND,li1,207.4600,244.8000,0.000000
FILLER_86_421,VGND,li1,201.9400,244.8000,0.000000
FILLER_86_419,VGND,li1,198.4900,244.8000,0.000000
FILLER_86_413,VGND,li1,196.8800,244.8000,0.000000
FILLER_86_401,VGND,li1,192.7400,244.8000,0.000000
FILLER_86_389,VGND,li1,187.2200,244.8000,0.000000
FILLER_86_377,VGND,li1,181.7000,244.8000,0.000000
FILLER_86_365,VGND,li1,176.1800,244.8000,0.000000
FILLER_86_363,VGND,li1,172.7300,244.8000,0.000000
FILLER_86_357,VGND,li1,171.1200,244.8000,0.000000
FILLER_86_345,VGND,li1,166.9800,244.8000,0.000000
FILLER_86_333,VGND,li1,161.4600,244.8000,0.000000
FILLER_86_321,VGND,li1,155.9400,244.8000,0.000000
FILLER_86_309,VGND,li1,150.4200,244.8000,0.000000
FILLER_86_307,VGND,li1,146.9700,244.8000,0.000000
FILLER_86_301,VGND,li1,145.3600,244.8000,0.000000
FILLER_86_289,VGND,li1,141.2200,244.8000,0.000000
FILLER_86_277,VGND,li1,135.7000,244.8000,0.000000
FILLER_86_265,VGND,li1,130.1800,244.8000,0.000000
FILLER_86_253,VGND,li1,124.6600,244.8000,0.000000
FILLER_86_251,VGND,li1,121.2100,244.8000,0.000000
FILLER_86_245,VGND,li1,119.6000,244.8000,0.000000
FILLER_86_233,VGND,li1,115.4600,244.8000,0.000000
FILLER_86_221,VGND,li1,109.9400,244.8000,0.000000
FILLER_86_209,VGND,li1,104.4200,244.8000,0.000000
FILLER_86_197,VGND,li1,98.9000,244.8000,0.000000
FILLER_86_195,VGND,li1,95.4500,244.8000,0.000000
FILLER_86_189,VGND,li1,93.8400,244.8000,0.000000
FILLER_86_177,VGND,li1,89.7000,244.8000,0.000000
FILLER_86_165,VGND,li1,84.1800,244.8000,0.000000
FILLER_86_153,VGND,li1,78.6600,244.8000,0.000000
FILLER_86_141,VGND,li1,73.1400,244.8000,0.000000
FILLER_86_139,VGND,li1,69.6900,244.8000,0.000000
FILLER_86_133,VGND,li1,68.0800,244.8000,0.000000
FILLER_86_121,VGND,li1,63.9400,244.8000,0.000000
FILLER_86_109,VGND,li1,58.4200,244.8000,0.000000
FILLER_86_97,VGND,li1,52.9000,244.8000,0.000000
FILLER_86_85,VGND,li1,47.3800,244.8000,0.000000
FILLER_86_83,VGND,li1,43.9300,244.8000,0.000000
FILLER_86_77,VGND,li1,42.3200,244.8000,0.000000
FILLER_86_65,VGND,li1,38.1800,244.8000,0.000000
FILLER_86_53,VGND,li1,32.6600,244.8000,0.000000
FILLER_86_41,VGND,li1,27.1400,244.8000,0.000000
FILLER_86_29,VGND,li1,21.6200,244.8000,0.000000
FILLER_86_27,VGND,li1,18.1700,244.8000,0.000000
FILLER_86_15,VGND,li1,15.1800,244.8000,0.000000
FILLER_86_3,VGND,li1,9.6600,244.8000,0.000000
FILLER_85_665,VGND,li1,312.1100,244.8000,0.000000
FILLER_85_653,VGND,li1,308.6600,244.8000,0.000000
FILLER_85_641,VGND,li1,303.1400,244.8000,0.000000
FILLER_85_629,VGND,li1,297.6200,244.8000,0.000000
FILLER_85_617,VGND,li1,292.1000,244.8000,0.000000
FILLER_85_615,VGND,li1,288.6500,244.8000,0.000000
FILLER_85_609,VGND,li1,287.0400,244.8000,0.000000
FILLER_85_597,VGND,li1,282.9000,244.8000,0.000000
FILLER_85_585,VGND,li1,277.3800,244.8000,0.000000
FILLER_85_573,VGND,li1,271.8600,244.8000,0.000000
FILLER_85_561,VGND,li1,266.3400,244.8000,0.000000
FILLER_85_559,VGND,li1,262.8900,244.8000,0.000000
FILLER_85_553,VGND,li1,261.2800,244.8000,0.000000
FILLER_85_541,VGND,li1,257.1400,244.8000,0.000000
FILLER_85_529,VGND,li1,251.6200,244.8000,0.000000
FILLER_85_517,VGND,li1,246.1000,244.8000,0.000000
FILLER_85_505,VGND,li1,240.5800,244.8000,0.000000
FILLER_85_503,VGND,li1,237.1300,244.8000,0.000000
FILLER_85_497,VGND,li1,235.5200,244.8000,0.000000
FILLER_85_485,VGND,li1,231.3800,244.8000,0.000000
FILLER_85_473,VGND,li1,225.8600,244.8000,0.000000
FILLER_85_461,VGND,li1,220.3400,244.8000,0.000000
FILLER_85_449,VGND,li1,214.8200,244.8000,0.000000
FILLER_85_447,VGND,li1,211.3700,244.8000,0.000000
FILLER_85_441,VGND,li1,209.7600,244.8000,0.000000
FILLER_85_429,VGND,li1,205.6200,244.8000,0.000000
FILLER_85_417,VGND,li1,200.1000,244.8000,0.000000
FILLER_85_405,VGND,li1,194.5800,244.8000,0.000000
FILLER_85_393,VGND,li1,189.0600,244.8000,0.000000
FILLER_85_391,VGND,li1,185.6100,244.8000,0.000000
FILLER_85_385,VGND,li1,184.0000,244.8000,0.000000
FILLER_85_373,VGND,li1,179.8600,244.8000,0.000000
FILLER_85_361,VGND,li1,174.3400,244.8000,0.000000
FILLER_85_349,VGND,li1,168.8200,244.8000,0.000000
FILLER_85_337,VGND,li1,163.3000,244.8000,0.000000
FILLER_85_335,VGND,li1,159.8500,244.8000,0.000000
FILLER_85_329,VGND,li1,158.2400,244.8000,0.000000
FILLER_85_317,VGND,li1,154.1000,244.8000,0.000000
FILLER_85_305,VGND,li1,148.5800,244.8000,0.000000
FILLER_85_293,VGND,li1,143.0600,244.8000,0.000000
FILLER_85_281,VGND,li1,137.5400,244.8000,0.000000
FILLER_85_279,VGND,li1,134.0900,244.8000,0.000000
FILLER_85_273,VGND,li1,132.4800,244.8000,0.000000
FILLER_85_261,VGND,li1,128.3400,244.8000,0.000000
FILLER_85_249,VGND,li1,122.8200,244.8000,0.000000
FILLER_85_237,VGND,li1,117.3000,244.8000,0.000000
FILLER_85_225,VGND,li1,111.7800,244.8000,0.000000
FILLER_85_223,VGND,li1,108.3300,244.8000,0.000000
FILLER_85_217,VGND,li1,106.7200,244.8000,0.000000
FILLER_85_205,VGND,li1,102.5800,244.8000,0.000000
FILLER_85_193,VGND,li1,97.0600,244.8000,0.000000
FILLER_85_181,VGND,li1,91.5400,244.8000,0.000000
FILLER_85_169,VGND,li1,86.0200,244.8000,0.000000
FILLER_85_167,VGND,li1,82.5700,244.8000,0.000000
FILLER_85_161,VGND,li1,80.9600,244.8000,0.000000
FILLER_85_149,VGND,li1,76.8200,244.8000,0.000000
FILLER_85_137,VGND,li1,71.3000,244.8000,0.000000
FILLER_85_125,VGND,li1,65.7800,244.8000,0.000000
FILLER_85_113,VGND,li1,60.2600,244.8000,0.000000
FILLER_85_111,VGND,li1,56.8100,244.8000,0.000000
FILLER_85_105,VGND,li1,55.2000,244.8000,0.000000
FILLER_85_93,VGND,li1,51.0600,244.8000,0.000000
FILLER_85_81,VGND,li1,45.5400,244.8000,0.000000
FILLER_85_69,VGND,li1,40.0200,244.8000,0.000000
FILLER_85_57,VGND,li1,34.5000,244.8000,0.000000
FILLER_85_55,VGND,li1,31.0500,244.8000,0.000000
FILLER_85_51,VGND,li1,29.9000,244.8000,0.000000
FILLER_85_39,VGND,li1,26.2200,244.8000,0.000000
FILLER_85_27,VGND,li1,20.7000,244.8000,0.000000
FILLER_85_15,VGND,li1,15.1800,244.8000,0.000000
FILLER_85_3,VGND,li1,9.6600,244.8000,0.000000
FILLER_84_665,VGND,li1,312.1100,239.3600,0.000000
FILLER_84_657,VGND,li1,309.5800,239.3600,0.000000
FILLER_84_645,VGND,li1,304.9800,239.3600,0.000000
FILLER_84_643,VGND,li1,301.5300,239.3600,0.000000
FILLER_84_637,VGND,li1,299.9200,239.3600,0.000000
FILLER_84_625,VGND,li1,295.7800,239.3600,0.000000
FILLER_84_613,VGND,li1,290.2600,239.3600,0.000000
FILLER_84_601,VGND,li1,284.7400,239.3600,0.000000
FILLER_84_589,VGND,li1,279.2200,239.3600,0.000000
FILLER_84_587,VGND,li1,275.7700,239.3600,0.000000
FILLER_84_581,VGND,li1,274.1600,239.3600,0.000000
FILLER_84_569,VGND,li1,270.0200,239.3600,0.000000
FILLER_84_557,VGND,li1,264.5000,239.3600,0.000000
FILLER_84_545,VGND,li1,258.9800,239.3600,0.000000
FILLER_84_533,VGND,li1,253.4600,239.3600,0.000000
FILLER_84_531,VGND,li1,250.0100,239.3600,0.000000
FILLER_84_525,VGND,li1,248.4000,239.3600,0.000000
FILLER_84_513,VGND,li1,244.2600,239.3600,0.000000
FILLER_84_501,VGND,li1,238.7400,239.3600,0.000000
FILLER_84_489,VGND,li1,233.2200,239.3600,0.000000
FILLER_84_477,VGND,li1,227.7000,239.3600,0.000000
FILLER_84_475,VGND,li1,224.2500,239.3600,0.000000
FILLER_84_469,VGND,li1,222.6400,239.3600,0.000000
FILLER_84_457,VGND,li1,218.5000,239.3600,0.000000
FILLER_84_445,VGND,li1,212.9800,239.3600,0.000000
FILLER_84_433,VGND,li1,207.4600,239.3600,0.000000
FILLER_84_421,VGND,li1,201.9400,239.3600,0.000000
FILLER_84_419,VGND,li1,198.4900,239.3600,0.000000
FILLER_84_413,VGND,li1,196.8800,239.3600,0.000000
FILLER_84_401,VGND,li1,192.7400,239.3600,0.000000
FILLER_84_389,VGND,li1,187.2200,239.3600,0.000000
FILLER_84_377,VGND,li1,181.7000,239.3600,0.000000
FILLER_84_365,VGND,li1,176.1800,239.3600,0.000000
FILLER_84_363,VGND,li1,172.7300,239.3600,0.000000
FILLER_84_357,VGND,li1,171.1200,239.3600,0.000000
FILLER_84_345,VGND,li1,166.9800,239.3600,0.000000
FILLER_84_333,VGND,li1,161.4600,239.3600,0.000000
FILLER_84_321,VGND,li1,155.9400,239.3600,0.000000
FILLER_84_309,VGND,li1,150.4200,239.3600,0.000000
FILLER_84_307,VGND,li1,146.9700,239.3600,0.000000
FILLER_84_301,VGND,li1,145.3600,239.3600,0.000000
FILLER_84_289,VGND,li1,141.2200,239.3600,0.000000
FILLER_84_277,VGND,li1,135.7000,239.3600,0.000000
FILLER_84_265,VGND,li1,130.1800,239.3600,0.000000
FILLER_84_253,VGND,li1,124.6600,239.3600,0.000000
FILLER_84_251,VGND,li1,121.2100,239.3600,0.000000
FILLER_84_245,VGND,li1,119.6000,239.3600,0.000000
FILLER_84_233,VGND,li1,115.4600,239.3600,0.000000
FILLER_84_221,VGND,li1,109.9400,239.3600,0.000000
FILLER_84_209,VGND,li1,104.4200,239.3600,0.000000
FILLER_84_197,VGND,li1,98.9000,239.3600,0.000000
FILLER_84_195,VGND,li1,95.4500,239.3600,0.000000
FILLER_84_189,VGND,li1,93.8400,239.3600,0.000000
FILLER_84_177,VGND,li1,89.7000,239.3600,0.000000
FILLER_84_165,VGND,li1,84.1800,239.3600,0.000000
FILLER_84_153,VGND,li1,78.6600,239.3600,0.000000
FILLER_84_141,VGND,li1,73.1400,239.3600,0.000000
FILLER_84_139,VGND,li1,69.6900,239.3600,0.000000
FILLER_84_133,VGND,li1,68.0800,239.3600,0.000000
FILLER_84_121,VGND,li1,63.9400,239.3600,0.000000
FILLER_84_109,VGND,li1,58.4200,239.3600,0.000000
FILLER_84_97,VGND,li1,52.9000,239.3600,0.000000
FILLER_84_85,VGND,li1,47.3800,239.3600,0.000000
FILLER_84_83,VGND,li1,43.9300,239.3600,0.000000
FILLER_84_77,VGND,li1,42.3200,239.3600,0.000000
FILLER_84_65,VGND,li1,38.1800,239.3600,0.000000
FILLER_84_53,VGND,li1,32.6600,239.3600,0.000000
FILLER_84_41,VGND,li1,27.1400,239.3600,0.000000
FILLER_84_29,VGND,li1,21.6200,239.3600,0.000000
FILLER_84_27,VGND,li1,18.1700,239.3600,0.000000
FILLER_84_15,VGND,li1,15.1800,239.3600,0.000000
FILLER_84_3,VGND,li1,9.6600,239.3600,0.000000
FILLER_83_665,VGND,li1,312.1100,239.3600,0.000000
FILLER_83_653,VGND,li1,308.6600,239.3600,0.000000
FILLER_83_641,VGND,li1,303.1400,239.3600,0.000000
FILLER_83_629,VGND,li1,297.6200,239.3600,0.000000
FILLER_83_617,VGND,li1,292.1000,239.3600,0.000000
FILLER_83_615,VGND,li1,288.6500,239.3600,0.000000
FILLER_83_609,VGND,li1,287.0400,239.3600,0.000000
FILLER_83_597,VGND,li1,282.9000,239.3600,0.000000
FILLER_83_585,VGND,li1,277.3800,239.3600,0.000000
FILLER_83_573,VGND,li1,271.8600,239.3600,0.000000
FILLER_83_561,VGND,li1,266.3400,239.3600,0.000000
FILLER_83_559,VGND,li1,262.8900,239.3600,0.000000
FILLER_83_553,VGND,li1,261.2800,239.3600,0.000000
FILLER_83_541,VGND,li1,257.1400,239.3600,0.000000
FILLER_83_529,VGND,li1,251.6200,239.3600,0.000000
FILLER_83_517,VGND,li1,246.1000,239.3600,0.000000
FILLER_83_505,VGND,li1,240.5800,239.3600,0.000000
FILLER_83_503,VGND,li1,237.1300,239.3600,0.000000
FILLER_83_497,VGND,li1,235.5200,239.3600,0.000000
FILLER_83_485,VGND,li1,231.3800,239.3600,0.000000
FILLER_83_473,VGND,li1,225.8600,239.3600,0.000000
FILLER_83_461,VGND,li1,220.3400,239.3600,0.000000
FILLER_83_449,VGND,li1,214.8200,239.3600,0.000000
FILLER_83_447,VGND,li1,211.3700,239.3600,0.000000
FILLER_83_441,VGND,li1,209.7600,239.3600,0.000000
FILLER_83_429,VGND,li1,205.6200,239.3600,0.000000
FILLER_83_417,VGND,li1,200.1000,239.3600,0.000000
FILLER_83_405,VGND,li1,194.5800,239.3600,0.000000
FILLER_83_393,VGND,li1,189.0600,239.3600,0.000000
FILLER_83_391,VGND,li1,185.6100,239.3600,0.000000
FILLER_83_385,VGND,li1,184.0000,239.3600,0.000000
FILLER_83_373,VGND,li1,179.8600,239.3600,0.000000
FILLER_83_361,VGND,li1,174.3400,239.3600,0.000000
FILLER_83_349,VGND,li1,168.8200,239.3600,0.000000
FILLER_83_337,VGND,li1,163.3000,239.3600,0.000000
FILLER_83_335,VGND,li1,159.8500,239.3600,0.000000
FILLER_83_329,VGND,li1,158.2400,239.3600,0.000000
FILLER_83_317,VGND,li1,154.1000,239.3600,0.000000
FILLER_83_305,VGND,li1,148.5800,239.3600,0.000000
FILLER_83_293,VGND,li1,143.0600,239.3600,0.000000
FILLER_83_281,VGND,li1,137.5400,239.3600,0.000000
FILLER_83_279,VGND,li1,134.0900,239.3600,0.000000
FILLER_83_273,VGND,li1,132.4800,239.3600,0.000000
FILLER_83_261,VGND,li1,128.3400,239.3600,0.000000
FILLER_83_249,VGND,li1,122.8200,239.3600,0.000000
FILLER_83_237,VGND,li1,117.3000,239.3600,0.000000
FILLER_83_225,VGND,li1,111.7800,239.3600,0.000000
FILLER_83_223,VGND,li1,108.3300,239.3600,0.000000
FILLER_83_217,VGND,li1,106.7200,239.3600,0.000000
FILLER_83_205,VGND,li1,102.5800,239.3600,0.000000
FILLER_83_193,VGND,li1,97.0600,239.3600,0.000000
FILLER_83_181,VGND,li1,91.5400,239.3600,0.000000
FILLER_83_169,VGND,li1,86.0200,239.3600,0.000000
FILLER_83_167,VGND,li1,82.5700,239.3600,0.000000
FILLER_83_161,VGND,li1,80.9600,239.3600,0.000000
FILLER_83_149,VGND,li1,76.8200,239.3600,0.000000
FILLER_83_137,VGND,li1,71.3000,239.3600,0.000000
FILLER_83_125,VGND,li1,65.7800,239.3600,0.000000
FILLER_83_113,VGND,li1,60.2600,239.3600,0.000000
FILLER_83_111,VGND,li1,56.8100,239.3600,0.000000
FILLER_83_105,VGND,li1,55.2000,239.3600,0.000000
FILLER_83_93,VGND,li1,51.0600,239.3600,0.000000
FILLER_83_81,VGND,li1,45.5400,239.3600,0.000000
FILLER_83_69,VGND,li1,40.0200,239.3600,0.000000
FILLER_83_57,VGND,li1,34.5000,239.3600,0.000000
FILLER_83_55,VGND,li1,31.0500,239.3600,0.000000
FILLER_83_51,VGND,li1,29.9000,239.3600,0.000000
FILLER_83_39,VGND,li1,26.2200,239.3600,0.000000
FILLER_83_27,VGND,li1,20.7000,239.3600,0.000000
FILLER_83_15,VGND,li1,15.1800,239.3600,0.000000
FILLER_83_3,VGND,li1,9.6600,239.3600,0.000000
FILLER_82_665,VGND,li1,312.1100,233.9200,0.000000
FILLER_82_657,VGND,li1,309.5800,233.9200,0.000000
FILLER_82_645,VGND,li1,304.9800,233.9200,0.000000
FILLER_82_643,VGND,li1,301.5300,233.9200,0.000000
FILLER_82_637,VGND,li1,299.9200,233.9200,0.000000
FILLER_82_625,VGND,li1,295.7800,233.9200,0.000000
FILLER_82_613,VGND,li1,290.2600,233.9200,0.000000
FILLER_82_601,VGND,li1,284.7400,233.9200,0.000000
FILLER_82_589,VGND,li1,279.2200,233.9200,0.000000
FILLER_82_587,VGND,li1,275.7700,233.9200,0.000000
FILLER_82_581,VGND,li1,274.1600,233.9200,0.000000
FILLER_82_569,VGND,li1,270.0200,233.9200,0.000000
FILLER_82_557,VGND,li1,264.5000,233.9200,0.000000
FILLER_82_545,VGND,li1,258.9800,233.9200,0.000000
FILLER_82_533,VGND,li1,253.4600,233.9200,0.000000
FILLER_82_531,VGND,li1,250.0100,233.9200,0.000000
FILLER_82_525,VGND,li1,248.4000,233.9200,0.000000
FILLER_82_513,VGND,li1,244.2600,233.9200,0.000000
FILLER_82_501,VGND,li1,238.7400,233.9200,0.000000
FILLER_82_489,VGND,li1,233.2200,233.9200,0.000000
FILLER_82_477,VGND,li1,227.7000,233.9200,0.000000
FILLER_82_475,VGND,li1,224.2500,233.9200,0.000000
FILLER_82_469,VGND,li1,222.6400,233.9200,0.000000
FILLER_82_457,VGND,li1,218.5000,233.9200,0.000000
FILLER_82_445,VGND,li1,212.9800,233.9200,0.000000
FILLER_82_433,VGND,li1,207.4600,233.9200,0.000000
FILLER_82_421,VGND,li1,201.9400,233.9200,0.000000
FILLER_82_419,VGND,li1,198.4900,233.9200,0.000000
FILLER_82_413,VGND,li1,196.8800,233.9200,0.000000
FILLER_82_401,VGND,li1,192.7400,233.9200,0.000000
FILLER_82_389,VGND,li1,187.2200,233.9200,0.000000
FILLER_82_377,VGND,li1,181.7000,233.9200,0.000000
FILLER_82_365,VGND,li1,176.1800,233.9200,0.000000
FILLER_82_363,VGND,li1,172.7300,233.9200,0.000000
FILLER_82_357,VGND,li1,171.1200,233.9200,0.000000
FILLER_82_345,VGND,li1,166.9800,233.9200,0.000000
FILLER_82_333,VGND,li1,161.4600,233.9200,0.000000
FILLER_82_321,VGND,li1,155.9400,233.9200,0.000000
FILLER_82_309,VGND,li1,150.4200,233.9200,0.000000
FILLER_82_307,VGND,li1,146.9700,233.9200,0.000000
FILLER_82_301,VGND,li1,145.3600,233.9200,0.000000
FILLER_82_289,VGND,li1,141.2200,233.9200,0.000000
FILLER_82_277,VGND,li1,135.7000,233.9200,0.000000
FILLER_82_265,VGND,li1,130.1800,233.9200,0.000000
FILLER_82_253,VGND,li1,124.6600,233.9200,0.000000
FILLER_82_251,VGND,li1,121.2100,233.9200,0.000000
FILLER_82_245,VGND,li1,119.6000,233.9200,0.000000
FILLER_82_233,VGND,li1,115.4600,233.9200,0.000000
FILLER_82_221,VGND,li1,109.9400,233.9200,0.000000
FILLER_82_209,VGND,li1,104.4200,233.9200,0.000000
FILLER_82_197,VGND,li1,98.9000,233.9200,0.000000
FILLER_82_195,VGND,li1,95.4500,233.9200,0.000000
FILLER_82_189,VGND,li1,93.8400,233.9200,0.000000
FILLER_82_177,VGND,li1,89.7000,233.9200,0.000000
FILLER_82_165,VGND,li1,84.1800,233.9200,0.000000
FILLER_82_153,VGND,li1,78.6600,233.9200,0.000000
FILLER_82_141,VGND,li1,73.1400,233.9200,0.000000
FILLER_82_139,VGND,li1,69.6900,233.9200,0.000000
FILLER_82_133,VGND,li1,68.0800,233.9200,0.000000
FILLER_82_121,VGND,li1,63.9400,233.9200,0.000000
FILLER_82_109,VGND,li1,58.4200,233.9200,0.000000
FILLER_82_97,VGND,li1,52.9000,233.9200,0.000000
FILLER_82_85,VGND,li1,47.3800,233.9200,0.000000
FILLER_82_83,VGND,li1,43.9300,233.9200,0.000000
FILLER_82_77,VGND,li1,42.3200,233.9200,0.000000
FILLER_82_65,VGND,li1,38.1800,233.9200,0.000000
FILLER_82_53,VGND,li1,32.6600,233.9200,0.000000
FILLER_82_41,VGND,li1,27.1400,233.9200,0.000000
FILLER_82_29,VGND,li1,21.6200,233.9200,0.000000
FILLER_82_27,VGND,li1,18.1700,233.9200,0.000000
FILLER_82_15,VGND,li1,15.1800,233.9200,0.000000
FILLER_82_3,VGND,li1,9.6600,233.9200,0.000000
FILLER_81_665,VGND,li1,312.1100,233.9200,0.000000
FILLER_81_653,VGND,li1,308.6600,233.9200,0.000000
FILLER_81_641,VGND,li1,303.1400,233.9200,0.000000
FILLER_81_629,VGND,li1,297.6200,233.9200,0.000000
FILLER_81_617,VGND,li1,292.1000,233.9200,0.000000
FILLER_81_615,VGND,li1,288.6500,233.9200,0.000000
FILLER_81_609,VGND,li1,287.0400,233.9200,0.000000
FILLER_81_597,VGND,li1,282.9000,233.9200,0.000000
FILLER_81_585,VGND,li1,277.3800,233.9200,0.000000
FILLER_81_573,VGND,li1,271.8600,233.9200,0.000000
FILLER_81_561,VGND,li1,266.3400,233.9200,0.000000
FILLER_81_559,VGND,li1,262.8900,233.9200,0.000000
FILLER_81_553,VGND,li1,261.2800,233.9200,0.000000
FILLER_81_541,VGND,li1,257.1400,233.9200,0.000000
FILLER_81_529,VGND,li1,251.6200,233.9200,0.000000
FILLER_81_517,VGND,li1,246.1000,233.9200,0.000000
FILLER_81_505,VGND,li1,240.5800,233.9200,0.000000
FILLER_81_503,VGND,li1,237.1300,233.9200,0.000000
FILLER_81_497,VGND,li1,235.5200,233.9200,0.000000
FILLER_81_485,VGND,li1,231.3800,233.9200,0.000000
FILLER_81_473,VGND,li1,225.8600,233.9200,0.000000
FILLER_81_461,VGND,li1,220.3400,233.9200,0.000000
FILLER_81_449,VGND,li1,214.8200,233.9200,0.000000
FILLER_81_447,VGND,li1,211.3700,233.9200,0.000000
FILLER_81_441,VGND,li1,209.7600,233.9200,0.000000
FILLER_81_429,VGND,li1,205.6200,233.9200,0.000000
FILLER_81_417,VGND,li1,200.1000,233.9200,0.000000
FILLER_81_405,VGND,li1,194.5800,233.9200,0.000000
FILLER_81_393,VGND,li1,189.0600,233.9200,0.000000
FILLER_81_391,VGND,li1,185.6100,233.9200,0.000000
FILLER_81_385,VGND,li1,184.0000,233.9200,0.000000
FILLER_81_373,VGND,li1,179.8600,233.9200,0.000000
FILLER_81_361,VGND,li1,174.3400,233.9200,0.000000
FILLER_81_349,VGND,li1,168.8200,233.9200,0.000000
FILLER_81_337,VGND,li1,163.3000,233.9200,0.000000
FILLER_81_335,VGND,li1,159.8500,233.9200,0.000000
FILLER_81_329,VGND,li1,158.2400,233.9200,0.000000
FILLER_81_317,VGND,li1,154.1000,233.9200,0.000000
FILLER_81_305,VGND,li1,148.5800,233.9200,0.000000
FILLER_81_293,VGND,li1,143.0600,233.9200,0.000000
FILLER_81_281,VGND,li1,137.5400,233.9200,0.000000
FILLER_81_279,VGND,li1,134.0900,233.9200,0.000000
FILLER_81_273,VGND,li1,132.4800,233.9200,0.000000
FILLER_81_261,VGND,li1,128.3400,233.9200,0.000000
FILLER_81_249,VGND,li1,122.8200,233.9200,0.000000
FILLER_81_237,VGND,li1,117.3000,233.9200,0.000000
FILLER_81_225,VGND,li1,111.7800,233.9200,0.000000
FILLER_81_223,VGND,li1,108.3300,233.9200,0.000000
FILLER_81_217,VGND,li1,106.7200,233.9200,0.000000
FILLER_81_205,VGND,li1,102.5800,233.9200,0.000000
FILLER_81_193,VGND,li1,97.0600,233.9200,0.000000
FILLER_81_181,VGND,li1,91.5400,233.9200,0.000000
FILLER_81_169,VGND,li1,86.0200,233.9200,0.000000
FILLER_81_167,VGND,li1,82.5700,233.9200,0.000000
FILLER_81_161,VGND,li1,80.9600,233.9200,0.000000
FILLER_81_149,VGND,li1,76.8200,233.9200,0.000000
FILLER_81_137,VGND,li1,71.3000,233.9200,0.000000
FILLER_81_125,VGND,li1,65.7800,233.9200,0.000000
FILLER_81_113,VGND,li1,60.2600,233.9200,0.000000
FILLER_81_111,VGND,li1,56.8100,233.9200,0.000000
FILLER_81_105,VGND,li1,55.2000,233.9200,0.000000
FILLER_81_93,VGND,li1,51.0600,233.9200,0.000000
FILLER_81_81,VGND,li1,45.5400,233.9200,0.000000
FILLER_81_69,VGND,li1,40.0200,233.9200,0.000000
FILLER_81_57,VGND,li1,34.5000,233.9200,0.000000
FILLER_81_55,VGND,li1,31.0500,233.9200,0.000000
FILLER_81_51,VGND,li1,29.9000,233.9200,0.000000
FILLER_81_39,VGND,li1,26.2200,233.9200,0.000000
FILLER_81_27,VGND,li1,20.7000,233.9200,0.000000
FILLER_81_15,VGND,li1,15.1800,233.9200,0.000000
FILLER_81_3,VGND,li1,9.6600,233.9200,0.000000
FILLER_80_665,VGND,li1,312.1100,228.4800,0.000000
FILLER_80_657,VGND,li1,309.5800,228.4800,0.000000
FILLER_80_645,VGND,li1,304.9800,228.4800,0.000000
FILLER_80_643,VGND,li1,301.5300,228.4800,0.000000
FILLER_80_637,VGND,li1,299.9200,228.4800,0.000000
FILLER_80_625,VGND,li1,295.7800,228.4800,0.000000
FILLER_80_613,VGND,li1,290.2600,228.4800,0.000000
FILLER_80_601,VGND,li1,284.7400,228.4800,0.000000
FILLER_80_589,VGND,li1,279.2200,228.4800,0.000000
FILLER_80_587,VGND,li1,275.7700,228.4800,0.000000
FILLER_80_581,VGND,li1,274.1600,228.4800,0.000000
FILLER_80_569,VGND,li1,270.0200,228.4800,0.000000
FILLER_80_557,VGND,li1,264.5000,228.4800,0.000000
FILLER_80_545,VGND,li1,258.9800,228.4800,0.000000
FILLER_80_533,VGND,li1,253.4600,228.4800,0.000000
FILLER_80_531,VGND,li1,250.0100,228.4800,0.000000
FILLER_80_525,VGND,li1,248.4000,228.4800,0.000000
FILLER_80_513,VGND,li1,244.2600,228.4800,0.000000
FILLER_80_501,VGND,li1,238.7400,228.4800,0.000000
FILLER_80_489,VGND,li1,233.2200,228.4800,0.000000
FILLER_80_477,VGND,li1,227.7000,228.4800,0.000000
FILLER_80_475,VGND,li1,224.2500,228.4800,0.000000
FILLER_80_469,VGND,li1,222.6400,228.4800,0.000000
FILLER_80_457,VGND,li1,218.5000,228.4800,0.000000
FILLER_80_445,VGND,li1,212.9800,228.4800,0.000000
FILLER_80_433,VGND,li1,207.4600,228.4800,0.000000
FILLER_80_421,VGND,li1,201.9400,228.4800,0.000000
FILLER_80_419,VGND,li1,198.4900,228.4800,0.000000
FILLER_80_413,VGND,li1,196.8800,228.4800,0.000000
FILLER_80_401,VGND,li1,192.7400,228.4800,0.000000
FILLER_80_389,VGND,li1,187.2200,228.4800,0.000000
FILLER_80_377,VGND,li1,181.7000,228.4800,0.000000
FILLER_80_365,VGND,li1,176.1800,228.4800,0.000000
FILLER_80_363,VGND,li1,172.7300,228.4800,0.000000
FILLER_80_357,VGND,li1,171.1200,228.4800,0.000000
FILLER_80_345,VGND,li1,166.9800,228.4800,0.000000
FILLER_80_333,VGND,li1,161.4600,228.4800,0.000000
FILLER_80_321,VGND,li1,155.9400,228.4800,0.000000
FILLER_80_309,VGND,li1,150.4200,228.4800,0.000000
FILLER_80_307,VGND,li1,146.9700,228.4800,0.000000
FILLER_80_301,VGND,li1,145.3600,228.4800,0.000000
FILLER_80_289,VGND,li1,141.2200,228.4800,0.000000
FILLER_80_277,VGND,li1,135.7000,228.4800,0.000000
FILLER_80_265,VGND,li1,130.1800,228.4800,0.000000
FILLER_80_253,VGND,li1,124.6600,228.4800,0.000000
FILLER_80_251,VGND,li1,121.2100,228.4800,0.000000
FILLER_80_245,VGND,li1,119.6000,228.4800,0.000000
FILLER_80_233,VGND,li1,115.4600,228.4800,0.000000
FILLER_80_221,VGND,li1,109.9400,228.4800,0.000000
FILLER_80_209,VGND,li1,104.4200,228.4800,0.000000
FILLER_80_197,VGND,li1,98.9000,228.4800,0.000000
FILLER_80_195,VGND,li1,95.4500,228.4800,0.000000
FILLER_80_189,VGND,li1,93.8400,228.4800,0.000000
FILLER_80_177,VGND,li1,89.7000,228.4800,0.000000
FILLER_80_165,VGND,li1,84.1800,228.4800,0.000000
FILLER_80_153,VGND,li1,78.6600,228.4800,0.000000
FILLER_80_141,VGND,li1,73.1400,228.4800,0.000000
FILLER_80_139,VGND,li1,69.6900,228.4800,0.000000
FILLER_80_133,VGND,li1,68.0800,228.4800,0.000000
FILLER_80_121,VGND,li1,63.9400,228.4800,0.000000
FILLER_80_109,VGND,li1,58.4200,228.4800,0.000000
FILLER_80_97,VGND,li1,52.9000,228.4800,0.000000
FILLER_80_85,VGND,li1,47.3800,228.4800,0.000000
FILLER_80_83,VGND,li1,43.9300,228.4800,0.000000
FILLER_80_77,VGND,li1,42.3200,228.4800,0.000000
FILLER_80_65,VGND,li1,38.1800,228.4800,0.000000
FILLER_80_53,VGND,li1,32.6600,228.4800,0.000000
FILLER_80_41,VGND,li1,27.1400,228.4800,0.000000
FILLER_80_29,VGND,li1,21.6200,228.4800,0.000000
FILLER_80_27,VGND,li1,18.1700,228.4800,0.000000
FILLER_80_15,VGND,li1,15.1800,228.4800,0.000000
FILLER_80_3,VGND,li1,9.6600,228.4800,0.000000
FILLER_79_665,VGND,li1,312.1100,228.4800,0.000000
FILLER_79_653,VGND,li1,308.6600,228.4800,0.000000
FILLER_79_641,VGND,li1,303.1400,228.4800,0.000000
FILLER_79_629,VGND,li1,297.6200,228.4800,0.000000
FILLER_79_617,VGND,li1,292.1000,228.4800,0.000000
FILLER_79_615,VGND,li1,288.6500,228.4800,0.000000
FILLER_79_609,VGND,li1,287.0400,228.4800,0.000000
FILLER_79_597,VGND,li1,282.9000,228.4800,0.000000
FILLER_79_585,VGND,li1,277.3800,228.4800,0.000000
FILLER_79_573,VGND,li1,271.8600,228.4800,0.000000
FILLER_79_561,VGND,li1,266.3400,228.4800,0.000000
FILLER_79_559,VGND,li1,262.8900,228.4800,0.000000
FILLER_79_553,VGND,li1,261.2800,228.4800,0.000000
FILLER_79_541,VGND,li1,257.1400,228.4800,0.000000
FILLER_79_529,VGND,li1,251.6200,228.4800,0.000000
FILLER_79_517,VGND,li1,246.1000,228.4800,0.000000
FILLER_79_505,VGND,li1,240.5800,228.4800,0.000000
FILLER_79_503,VGND,li1,237.1300,228.4800,0.000000
FILLER_79_497,VGND,li1,235.5200,228.4800,0.000000
FILLER_79_485,VGND,li1,231.3800,228.4800,0.000000
FILLER_79_473,VGND,li1,225.8600,228.4800,0.000000
FILLER_79_461,VGND,li1,220.3400,228.4800,0.000000
FILLER_79_449,VGND,li1,214.8200,228.4800,0.000000
FILLER_79_447,VGND,li1,211.3700,228.4800,0.000000
FILLER_79_441,VGND,li1,209.7600,228.4800,0.000000
FILLER_79_429,VGND,li1,205.6200,228.4800,0.000000
FILLER_79_417,VGND,li1,200.1000,228.4800,0.000000
FILLER_79_405,VGND,li1,194.5800,228.4800,0.000000
FILLER_79_393,VGND,li1,189.0600,228.4800,0.000000
FILLER_79_391,VGND,li1,185.6100,228.4800,0.000000
FILLER_79_385,VGND,li1,184.0000,228.4800,0.000000
FILLER_79_373,VGND,li1,179.8600,228.4800,0.000000
FILLER_79_361,VGND,li1,174.3400,228.4800,0.000000
FILLER_79_349,VGND,li1,168.8200,228.4800,0.000000
FILLER_79_337,VGND,li1,163.3000,228.4800,0.000000
FILLER_79_335,VGND,li1,159.8500,228.4800,0.000000
FILLER_79_329,VGND,li1,158.2400,228.4800,0.000000
FILLER_79_317,VGND,li1,154.1000,228.4800,0.000000
FILLER_79_305,VGND,li1,148.5800,228.4800,0.000000
FILLER_79_293,VGND,li1,143.0600,228.4800,0.000000
FILLER_79_281,VGND,li1,137.5400,228.4800,0.000000
FILLER_79_279,VGND,li1,134.0900,228.4800,0.000000
FILLER_79_273,VGND,li1,132.4800,228.4800,0.000000
FILLER_79_261,VGND,li1,128.3400,228.4800,0.000000
FILLER_79_249,VGND,li1,122.8200,228.4800,0.000000
FILLER_79_237,VGND,li1,117.3000,228.4800,0.000000
FILLER_79_225,VGND,li1,111.7800,228.4800,0.000000
FILLER_79_223,VGND,li1,108.3300,228.4800,0.000000
FILLER_79_217,VGND,li1,106.7200,228.4800,0.000000
FILLER_79_205,VGND,li1,102.5800,228.4800,0.000000
FILLER_79_193,VGND,li1,97.0600,228.4800,0.000000
FILLER_79_181,VGND,li1,91.5400,228.4800,0.000000
FILLER_79_169,VGND,li1,86.0200,228.4800,0.000000
FILLER_79_167,VGND,li1,82.5700,228.4800,0.000000
FILLER_79_161,VGND,li1,80.9600,228.4800,0.000000
FILLER_79_149,VGND,li1,76.8200,228.4800,0.000000
FILLER_79_137,VGND,li1,71.3000,228.4800,0.000000
FILLER_79_125,VGND,li1,65.7800,228.4800,0.000000
FILLER_79_113,VGND,li1,60.2600,228.4800,0.000000
FILLER_79_111,VGND,li1,56.8100,228.4800,0.000000
FILLER_79_105,VGND,li1,55.2000,228.4800,0.000000
FILLER_79_93,VGND,li1,51.0600,228.4800,0.000000
FILLER_79_81,VGND,li1,45.5400,228.4800,0.000000
FILLER_79_69,VGND,li1,40.0200,228.4800,0.000000
FILLER_79_57,VGND,li1,34.5000,228.4800,0.000000
FILLER_79_55,VGND,li1,31.0500,228.4800,0.000000
FILLER_79_51,VGND,li1,29.9000,228.4800,0.000000
FILLER_79_39,VGND,li1,26.2200,228.4800,0.000000
FILLER_79_27,VGND,li1,20.7000,228.4800,0.000000
FILLER_79_15,VGND,li1,15.1800,228.4800,0.000000
FILLER_79_3,VGND,li1,9.6600,228.4800,0.000000
FILLER_78_665,VGND,li1,312.1100,223.0400,0.000000
FILLER_78_657,VGND,li1,309.5800,223.0400,0.000000
FILLER_78_645,VGND,li1,304.9800,223.0400,0.000000
FILLER_78_643,VGND,li1,301.5300,223.0400,0.000000
FILLER_78_637,VGND,li1,299.9200,223.0400,0.000000
FILLER_78_625,VGND,li1,295.7800,223.0400,0.000000
FILLER_78_613,VGND,li1,290.2600,223.0400,0.000000
FILLER_78_601,VGND,li1,284.7400,223.0400,0.000000
FILLER_78_589,VGND,li1,279.2200,223.0400,0.000000
FILLER_78_587,VGND,li1,275.7700,223.0400,0.000000
FILLER_78_581,VGND,li1,274.1600,223.0400,0.000000
FILLER_78_569,VGND,li1,270.0200,223.0400,0.000000
FILLER_78_557,VGND,li1,264.5000,223.0400,0.000000
FILLER_78_545,VGND,li1,258.9800,223.0400,0.000000
FILLER_78_533,VGND,li1,253.4600,223.0400,0.000000
FILLER_78_531,VGND,li1,250.0100,223.0400,0.000000
FILLER_78_525,VGND,li1,248.4000,223.0400,0.000000
FILLER_78_513,VGND,li1,244.2600,223.0400,0.000000
FILLER_78_501,VGND,li1,238.7400,223.0400,0.000000
FILLER_78_489,VGND,li1,233.2200,223.0400,0.000000
FILLER_78_477,VGND,li1,227.7000,223.0400,0.000000
FILLER_78_475,VGND,li1,224.2500,223.0400,0.000000
FILLER_78_469,VGND,li1,222.6400,223.0400,0.000000
FILLER_78_457,VGND,li1,218.5000,223.0400,0.000000
FILLER_78_445,VGND,li1,212.9800,223.0400,0.000000
FILLER_78_433,VGND,li1,207.4600,223.0400,0.000000
FILLER_78_421,VGND,li1,201.9400,223.0400,0.000000
FILLER_78_419,VGND,li1,198.4900,223.0400,0.000000
FILLER_78_413,VGND,li1,196.8800,223.0400,0.000000
FILLER_78_401,VGND,li1,192.7400,223.0400,0.000000
FILLER_78_389,VGND,li1,187.2200,223.0400,0.000000
FILLER_78_377,VGND,li1,181.7000,223.0400,0.000000
FILLER_78_365,VGND,li1,176.1800,223.0400,0.000000
FILLER_78_363,VGND,li1,172.7300,223.0400,0.000000
FILLER_78_357,VGND,li1,171.1200,223.0400,0.000000
FILLER_78_345,VGND,li1,166.9800,223.0400,0.000000
FILLER_78_333,VGND,li1,161.4600,223.0400,0.000000
FILLER_78_321,VGND,li1,155.9400,223.0400,0.000000
FILLER_78_309,VGND,li1,150.4200,223.0400,0.000000
FILLER_78_307,VGND,li1,146.9700,223.0400,0.000000
FILLER_78_301,VGND,li1,145.3600,223.0400,0.000000
FILLER_78_289,VGND,li1,141.2200,223.0400,0.000000
FILLER_78_277,VGND,li1,135.7000,223.0400,0.000000
FILLER_78_265,VGND,li1,130.1800,223.0400,0.000000
FILLER_78_253,VGND,li1,124.6600,223.0400,0.000000
FILLER_78_251,VGND,li1,121.2100,223.0400,0.000000
FILLER_78_245,VGND,li1,119.6000,223.0400,0.000000
FILLER_78_233,VGND,li1,115.4600,223.0400,0.000000
FILLER_78_221,VGND,li1,109.9400,223.0400,0.000000
FILLER_78_209,VGND,li1,104.4200,223.0400,0.000000
FILLER_78_197,VGND,li1,98.9000,223.0400,0.000000
FILLER_78_195,VGND,li1,95.4500,223.0400,0.000000
FILLER_78_189,VGND,li1,93.8400,223.0400,0.000000
FILLER_78_177,VGND,li1,89.7000,223.0400,0.000000
FILLER_78_165,VGND,li1,84.1800,223.0400,0.000000
FILLER_78_153,VGND,li1,78.6600,223.0400,0.000000
FILLER_78_141,VGND,li1,73.1400,223.0400,0.000000
FILLER_78_139,VGND,li1,69.6900,223.0400,0.000000
FILLER_78_133,VGND,li1,68.0800,223.0400,0.000000
FILLER_78_121,VGND,li1,63.9400,223.0400,0.000000
FILLER_78_109,VGND,li1,58.4200,223.0400,0.000000
FILLER_78_97,VGND,li1,52.9000,223.0400,0.000000
FILLER_78_85,VGND,li1,47.3800,223.0400,0.000000
FILLER_78_83,VGND,li1,43.9300,223.0400,0.000000
FILLER_78_77,VGND,li1,42.3200,223.0400,0.000000
FILLER_78_65,VGND,li1,38.1800,223.0400,0.000000
FILLER_78_53,VGND,li1,32.6600,223.0400,0.000000
FILLER_78_41,VGND,li1,27.1400,223.0400,0.000000
FILLER_78_29,VGND,li1,21.6200,223.0400,0.000000
FILLER_78_27,VGND,li1,18.1700,223.0400,0.000000
FILLER_78_15,VGND,li1,15.1800,223.0400,0.000000
FILLER_78_3,VGND,li1,9.6600,223.0400,0.000000
FILLER_77_665,VGND,li1,312.1100,223.0400,0.000000
FILLER_77_653,VGND,li1,308.6600,223.0400,0.000000
FILLER_77_641,VGND,li1,303.1400,223.0400,0.000000
FILLER_77_629,VGND,li1,297.6200,223.0400,0.000000
FILLER_77_617,VGND,li1,292.1000,223.0400,0.000000
FILLER_77_615,VGND,li1,288.6500,223.0400,0.000000
FILLER_77_609,VGND,li1,287.0400,223.0400,0.000000
FILLER_77_597,VGND,li1,282.9000,223.0400,0.000000
FILLER_77_585,VGND,li1,277.3800,223.0400,0.000000
FILLER_77_573,VGND,li1,271.8600,223.0400,0.000000
FILLER_77_561,VGND,li1,266.3400,223.0400,0.000000
FILLER_77_559,VGND,li1,262.8900,223.0400,0.000000
FILLER_77_553,VGND,li1,261.2800,223.0400,0.000000
FILLER_77_541,VGND,li1,257.1400,223.0400,0.000000
FILLER_77_529,VGND,li1,251.6200,223.0400,0.000000
FILLER_77_517,VGND,li1,246.1000,223.0400,0.000000
FILLER_77_505,VGND,li1,240.5800,223.0400,0.000000
FILLER_77_503,VGND,li1,237.1300,223.0400,0.000000
FILLER_77_497,VGND,li1,235.5200,223.0400,0.000000
FILLER_77_485,VGND,li1,231.3800,223.0400,0.000000
FILLER_77_473,VGND,li1,225.8600,223.0400,0.000000
FILLER_77_461,VGND,li1,220.3400,223.0400,0.000000
FILLER_77_449,VGND,li1,214.8200,223.0400,0.000000
FILLER_77_447,VGND,li1,211.3700,223.0400,0.000000
FILLER_77_441,VGND,li1,209.7600,223.0400,0.000000
FILLER_77_429,VGND,li1,205.6200,223.0400,0.000000
FILLER_77_417,VGND,li1,200.1000,223.0400,0.000000
FILLER_77_405,VGND,li1,194.5800,223.0400,0.000000
FILLER_77_393,VGND,li1,189.0600,223.0400,0.000000
FILLER_77_391,VGND,li1,185.6100,223.0400,0.000000
FILLER_77_385,VGND,li1,184.0000,223.0400,0.000000
FILLER_77_373,VGND,li1,179.8600,223.0400,0.000000
FILLER_77_361,VGND,li1,174.3400,223.0400,0.000000
FILLER_77_349,VGND,li1,168.8200,223.0400,0.000000
FILLER_77_337,VGND,li1,163.3000,223.0400,0.000000
FILLER_77_335,VGND,li1,159.8500,223.0400,0.000000
FILLER_77_329,VGND,li1,158.2400,223.0400,0.000000
FILLER_77_317,VGND,li1,154.1000,223.0400,0.000000
FILLER_77_305,VGND,li1,148.5800,223.0400,0.000000
FILLER_77_293,VGND,li1,143.0600,223.0400,0.000000
FILLER_77_281,VGND,li1,137.5400,223.0400,0.000000
FILLER_77_279,VGND,li1,134.0900,223.0400,0.000000
FILLER_77_273,VGND,li1,132.4800,223.0400,0.000000
FILLER_77_261,VGND,li1,128.3400,223.0400,0.000000
FILLER_77_249,VGND,li1,122.8200,223.0400,0.000000
FILLER_77_237,VGND,li1,117.3000,223.0400,0.000000
FILLER_77_225,VGND,li1,111.7800,223.0400,0.000000
FILLER_77_223,VGND,li1,108.3300,223.0400,0.000000
FILLER_77_217,VGND,li1,106.7200,223.0400,0.000000
FILLER_77_205,VGND,li1,102.5800,223.0400,0.000000
FILLER_77_193,VGND,li1,97.0600,223.0400,0.000000
FILLER_77_181,VGND,li1,91.5400,223.0400,0.000000
FILLER_77_169,VGND,li1,86.0200,223.0400,0.000000
FILLER_77_167,VGND,li1,82.5700,223.0400,0.000000
FILLER_77_161,VGND,li1,80.9600,223.0400,0.000000
FILLER_77_149,VGND,li1,76.8200,223.0400,0.000000
FILLER_77_137,VGND,li1,71.3000,223.0400,0.000000
FILLER_77_125,VGND,li1,65.7800,223.0400,0.000000
FILLER_77_113,VGND,li1,60.2600,223.0400,0.000000
FILLER_77_111,VGND,li1,56.8100,223.0400,0.000000
FILLER_77_105,VGND,li1,55.2000,223.0400,0.000000
FILLER_77_93,VGND,li1,51.0600,223.0400,0.000000
FILLER_77_81,VGND,li1,45.5400,223.0400,0.000000
FILLER_77_69,VGND,li1,40.0200,223.0400,0.000000
FILLER_77_57,VGND,li1,34.5000,223.0400,0.000000
FILLER_77_55,VGND,li1,31.0500,223.0400,0.000000
FILLER_77_51,VGND,li1,29.9000,223.0400,0.000000
FILLER_77_39,VGND,li1,26.2200,223.0400,0.000000
FILLER_77_27,VGND,li1,20.7000,223.0400,0.000000
FILLER_77_15,VGND,li1,15.1800,223.0400,0.000000
FILLER_77_3,VGND,li1,9.6600,223.0400,0.000000
FILLER_76_665,VGND,li1,312.1100,217.6000,0.000000
FILLER_76_657,VGND,li1,309.5800,217.6000,0.000000
FILLER_76_645,VGND,li1,304.9800,217.6000,0.000000
FILLER_76_643,VGND,li1,301.5300,217.6000,0.000000
FILLER_76_637,VGND,li1,299.9200,217.6000,0.000000
FILLER_76_625,VGND,li1,295.7800,217.6000,0.000000
FILLER_76_613,VGND,li1,290.2600,217.6000,0.000000
FILLER_76_601,VGND,li1,284.7400,217.6000,0.000000
FILLER_76_589,VGND,li1,279.2200,217.6000,0.000000
FILLER_76_587,VGND,li1,275.7700,217.6000,0.000000
FILLER_76_581,VGND,li1,274.1600,217.6000,0.000000
FILLER_76_569,VGND,li1,270.0200,217.6000,0.000000
FILLER_76_557,VGND,li1,264.5000,217.6000,0.000000
FILLER_76_545,VGND,li1,258.9800,217.6000,0.000000
FILLER_76_533,VGND,li1,253.4600,217.6000,0.000000
FILLER_76_531,VGND,li1,250.0100,217.6000,0.000000
FILLER_76_525,VGND,li1,248.4000,217.6000,0.000000
FILLER_76_513,VGND,li1,244.2600,217.6000,0.000000
FILLER_76_501,VGND,li1,238.7400,217.6000,0.000000
FILLER_76_489,VGND,li1,233.2200,217.6000,0.000000
FILLER_76_477,VGND,li1,227.7000,217.6000,0.000000
FILLER_76_475,VGND,li1,224.2500,217.6000,0.000000
FILLER_76_469,VGND,li1,222.6400,217.6000,0.000000
FILLER_76_457,VGND,li1,218.5000,217.6000,0.000000
FILLER_76_445,VGND,li1,212.9800,217.6000,0.000000
FILLER_76_433,VGND,li1,207.4600,217.6000,0.000000
FILLER_76_421,VGND,li1,201.9400,217.6000,0.000000
FILLER_76_419,VGND,li1,198.4900,217.6000,0.000000
FILLER_76_413,VGND,li1,196.8800,217.6000,0.000000
FILLER_76_401,VGND,li1,192.7400,217.6000,0.000000
FILLER_76_389,VGND,li1,187.2200,217.6000,0.000000
FILLER_76_377,VGND,li1,181.7000,217.6000,0.000000
FILLER_76_365,VGND,li1,176.1800,217.6000,0.000000
FILLER_76_363,VGND,li1,172.7300,217.6000,0.000000
FILLER_76_357,VGND,li1,171.1200,217.6000,0.000000
FILLER_76_345,VGND,li1,166.9800,217.6000,0.000000
FILLER_76_333,VGND,li1,161.4600,217.6000,0.000000
FILLER_76_321,VGND,li1,155.9400,217.6000,0.000000
FILLER_76_309,VGND,li1,150.4200,217.6000,0.000000
FILLER_76_307,VGND,li1,146.9700,217.6000,0.000000
FILLER_76_301,VGND,li1,145.3600,217.6000,0.000000
FILLER_76_289,VGND,li1,141.2200,217.6000,0.000000
FILLER_76_277,VGND,li1,135.7000,217.6000,0.000000
FILLER_76_265,VGND,li1,130.1800,217.6000,0.000000
FILLER_76_253,VGND,li1,124.6600,217.6000,0.000000
FILLER_76_251,VGND,li1,121.2100,217.6000,0.000000
FILLER_76_245,VGND,li1,119.6000,217.6000,0.000000
FILLER_76_233,VGND,li1,115.4600,217.6000,0.000000
FILLER_76_221,VGND,li1,109.9400,217.6000,0.000000
FILLER_76_209,VGND,li1,104.4200,217.6000,0.000000
FILLER_76_197,VGND,li1,98.9000,217.6000,0.000000
FILLER_76_195,VGND,li1,95.4500,217.6000,0.000000
FILLER_76_189,VGND,li1,93.8400,217.6000,0.000000
FILLER_76_177,VGND,li1,89.7000,217.6000,0.000000
FILLER_76_165,VGND,li1,84.1800,217.6000,0.000000
FILLER_76_153,VGND,li1,78.6600,217.6000,0.000000
FILLER_76_141,VGND,li1,73.1400,217.6000,0.000000
FILLER_76_139,VGND,li1,69.6900,217.6000,0.000000
FILLER_76_133,VGND,li1,68.0800,217.6000,0.000000
FILLER_76_121,VGND,li1,63.9400,217.6000,0.000000
FILLER_76_109,VGND,li1,58.4200,217.6000,0.000000
FILLER_76_97,VGND,li1,52.9000,217.6000,0.000000
FILLER_76_85,VGND,li1,47.3800,217.6000,0.000000
FILLER_76_83,VGND,li1,43.9300,217.6000,0.000000
FILLER_76_77,VGND,li1,42.3200,217.6000,0.000000
FILLER_76_65,VGND,li1,38.1800,217.6000,0.000000
FILLER_76_53,VGND,li1,32.6600,217.6000,0.000000
FILLER_76_41,VGND,li1,27.1400,217.6000,0.000000
FILLER_76_29,VGND,li1,21.6200,217.6000,0.000000
FILLER_76_27,VGND,li1,18.1700,217.6000,0.000000
FILLER_76_15,VGND,li1,15.1800,217.6000,0.000000
FILLER_76_3,VGND,li1,9.6600,217.6000,0.000000
FILLER_75_665,VGND,li1,312.1100,217.6000,0.000000
FILLER_75_653,VGND,li1,308.6600,217.6000,0.000000
FILLER_75_641,VGND,li1,303.1400,217.6000,0.000000
FILLER_75_629,VGND,li1,297.6200,217.6000,0.000000
FILLER_75_617,VGND,li1,292.1000,217.6000,0.000000
FILLER_75_615,VGND,li1,288.6500,217.6000,0.000000
FILLER_75_609,VGND,li1,287.0400,217.6000,0.000000
FILLER_75_597,VGND,li1,282.9000,217.6000,0.000000
FILLER_75_585,VGND,li1,277.3800,217.6000,0.000000
FILLER_75_573,VGND,li1,271.8600,217.6000,0.000000
FILLER_75_561,VGND,li1,266.3400,217.6000,0.000000
FILLER_75_559,VGND,li1,262.8900,217.6000,0.000000
FILLER_75_553,VGND,li1,261.2800,217.6000,0.000000
FILLER_75_541,VGND,li1,257.1400,217.6000,0.000000
FILLER_75_529,VGND,li1,251.6200,217.6000,0.000000
FILLER_75_517,VGND,li1,246.1000,217.6000,0.000000
FILLER_75_505,VGND,li1,240.5800,217.6000,0.000000
FILLER_75_503,VGND,li1,237.1300,217.6000,0.000000
FILLER_75_497,VGND,li1,235.5200,217.6000,0.000000
FILLER_75_485,VGND,li1,231.3800,217.6000,0.000000
FILLER_75_473,VGND,li1,225.8600,217.6000,0.000000
FILLER_75_461,VGND,li1,220.3400,217.6000,0.000000
FILLER_75_449,VGND,li1,214.8200,217.6000,0.000000
FILLER_75_447,VGND,li1,211.3700,217.6000,0.000000
FILLER_75_441,VGND,li1,209.7600,217.6000,0.000000
FILLER_75_429,VGND,li1,205.6200,217.6000,0.000000
FILLER_75_417,VGND,li1,200.1000,217.6000,0.000000
FILLER_75_405,VGND,li1,194.5800,217.6000,0.000000
FILLER_75_393,VGND,li1,189.0600,217.6000,0.000000
FILLER_75_391,VGND,li1,185.6100,217.6000,0.000000
FILLER_75_385,VGND,li1,184.0000,217.6000,0.000000
FILLER_75_373,VGND,li1,179.8600,217.6000,0.000000
FILLER_75_361,VGND,li1,174.3400,217.6000,0.000000
FILLER_75_349,VGND,li1,168.8200,217.6000,0.000000
FILLER_75_337,VGND,li1,163.3000,217.6000,0.000000
FILLER_75_335,VGND,li1,159.8500,217.6000,0.000000
FILLER_75_329,VGND,li1,158.2400,217.6000,0.000000
FILLER_75_317,VGND,li1,154.1000,217.6000,0.000000
FILLER_75_305,VGND,li1,148.5800,217.6000,0.000000
FILLER_75_293,VGND,li1,143.0600,217.6000,0.000000
FILLER_75_281,VGND,li1,137.5400,217.6000,0.000000
FILLER_75_279,VGND,li1,134.0900,217.6000,0.000000
FILLER_75_273,VGND,li1,132.4800,217.6000,0.000000
FILLER_75_261,VGND,li1,128.3400,217.6000,0.000000
FILLER_75_249,VGND,li1,122.8200,217.6000,0.000000
FILLER_75_237,VGND,li1,117.3000,217.6000,0.000000
FILLER_75_225,VGND,li1,111.7800,217.6000,0.000000
FILLER_75_223,VGND,li1,108.3300,217.6000,0.000000
FILLER_75_217,VGND,li1,106.7200,217.6000,0.000000
FILLER_75_205,VGND,li1,102.5800,217.6000,0.000000
FILLER_75_193,VGND,li1,97.0600,217.6000,0.000000
FILLER_75_181,VGND,li1,91.5400,217.6000,0.000000
FILLER_75_169,VGND,li1,86.0200,217.6000,0.000000
FILLER_75_167,VGND,li1,82.5700,217.6000,0.000000
FILLER_75_161,VGND,li1,80.9600,217.6000,0.000000
FILLER_75_149,VGND,li1,76.8200,217.6000,0.000000
FILLER_75_137,VGND,li1,71.3000,217.6000,0.000000
FILLER_75_125,VGND,li1,65.7800,217.6000,0.000000
FILLER_75_113,VGND,li1,60.2600,217.6000,0.000000
FILLER_75_111,VGND,li1,56.8100,217.6000,0.000000
FILLER_75_105,VGND,li1,55.2000,217.6000,0.000000
FILLER_75_93,VGND,li1,51.0600,217.6000,0.000000
FILLER_75_81,VGND,li1,45.5400,217.6000,0.000000
FILLER_75_69,VGND,li1,40.0200,217.6000,0.000000
FILLER_75_57,VGND,li1,34.5000,217.6000,0.000000
FILLER_75_55,VGND,li1,31.0500,217.6000,0.000000
FILLER_75_51,VGND,li1,29.9000,217.6000,0.000000
FILLER_75_39,VGND,li1,26.2200,217.6000,0.000000
FILLER_75_27,VGND,li1,20.7000,217.6000,0.000000
FILLER_75_15,VGND,li1,15.1800,217.6000,0.000000
FILLER_75_3,VGND,li1,9.6600,217.6000,0.000000
FILLER_74_665,VGND,li1,312.1100,212.1600,0.000000
FILLER_74_657,VGND,li1,309.5800,212.1600,0.000000
FILLER_74_645,VGND,li1,304.9800,212.1600,0.000000
FILLER_74_643,VGND,li1,301.5300,212.1600,0.000000
FILLER_74_637,VGND,li1,299.9200,212.1600,0.000000
FILLER_74_625,VGND,li1,295.7800,212.1600,0.000000
FILLER_74_613,VGND,li1,290.2600,212.1600,0.000000
FILLER_74_601,VGND,li1,284.7400,212.1600,0.000000
FILLER_74_589,VGND,li1,279.2200,212.1600,0.000000
FILLER_74_587,VGND,li1,275.7700,212.1600,0.000000
FILLER_74_581,VGND,li1,274.1600,212.1600,0.000000
FILLER_74_569,VGND,li1,270.0200,212.1600,0.000000
FILLER_74_557,VGND,li1,264.5000,212.1600,0.000000
FILLER_74_545,VGND,li1,258.9800,212.1600,0.000000
FILLER_74_533,VGND,li1,253.4600,212.1600,0.000000
FILLER_74_531,VGND,li1,250.0100,212.1600,0.000000
FILLER_74_525,VGND,li1,248.4000,212.1600,0.000000
FILLER_74_513,VGND,li1,244.2600,212.1600,0.000000
FILLER_74_501,VGND,li1,238.7400,212.1600,0.000000
FILLER_74_489,VGND,li1,233.2200,212.1600,0.000000
FILLER_74_477,VGND,li1,227.7000,212.1600,0.000000
FILLER_74_475,VGND,li1,224.2500,212.1600,0.000000
FILLER_74_469,VGND,li1,222.6400,212.1600,0.000000
FILLER_74_457,VGND,li1,218.5000,212.1600,0.000000
FILLER_74_445,VGND,li1,212.9800,212.1600,0.000000
FILLER_74_433,VGND,li1,207.4600,212.1600,0.000000
FILLER_74_421,VGND,li1,201.9400,212.1600,0.000000
FILLER_74_419,VGND,li1,198.4900,212.1600,0.000000
FILLER_74_413,VGND,li1,196.8800,212.1600,0.000000
FILLER_74_401,VGND,li1,192.7400,212.1600,0.000000
FILLER_74_389,VGND,li1,187.2200,212.1600,0.000000
FILLER_74_377,VGND,li1,181.7000,212.1600,0.000000
FILLER_74_365,VGND,li1,176.1800,212.1600,0.000000
FILLER_74_363,VGND,li1,172.7300,212.1600,0.000000
FILLER_74_357,VGND,li1,171.1200,212.1600,0.000000
FILLER_74_345,VGND,li1,166.9800,212.1600,0.000000
FILLER_74_333,VGND,li1,161.4600,212.1600,0.000000
FILLER_74_321,VGND,li1,155.9400,212.1600,0.000000
FILLER_74_309,VGND,li1,150.4200,212.1600,0.000000
FILLER_74_307,VGND,li1,146.9700,212.1600,0.000000
FILLER_74_301,VGND,li1,145.3600,212.1600,0.000000
FILLER_74_289,VGND,li1,141.2200,212.1600,0.000000
FILLER_74_277,VGND,li1,135.7000,212.1600,0.000000
FILLER_74_265,VGND,li1,130.1800,212.1600,0.000000
FILLER_74_253,VGND,li1,124.6600,212.1600,0.000000
FILLER_74_251,VGND,li1,121.2100,212.1600,0.000000
FILLER_74_245,VGND,li1,119.6000,212.1600,0.000000
FILLER_74_233,VGND,li1,115.4600,212.1600,0.000000
FILLER_74_221,VGND,li1,109.9400,212.1600,0.000000
FILLER_74_209,VGND,li1,104.4200,212.1600,0.000000
FILLER_74_197,VGND,li1,98.9000,212.1600,0.000000
FILLER_74_195,VGND,li1,95.4500,212.1600,0.000000
FILLER_74_189,VGND,li1,93.8400,212.1600,0.000000
FILLER_74_177,VGND,li1,89.7000,212.1600,0.000000
FILLER_74_165,VGND,li1,84.1800,212.1600,0.000000
FILLER_74_153,VGND,li1,78.6600,212.1600,0.000000
FILLER_74_141,VGND,li1,73.1400,212.1600,0.000000
FILLER_74_139,VGND,li1,69.6900,212.1600,0.000000
FILLER_74_133,VGND,li1,68.0800,212.1600,0.000000
FILLER_74_121,VGND,li1,63.9400,212.1600,0.000000
FILLER_74_109,VGND,li1,58.4200,212.1600,0.000000
FILLER_74_97,VGND,li1,52.9000,212.1600,0.000000
FILLER_74_85,VGND,li1,47.3800,212.1600,0.000000
FILLER_74_83,VGND,li1,43.9300,212.1600,0.000000
FILLER_74_77,VGND,li1,42.3200,212.1600,0.000000
FILLER_74_65,VGND,li1,38.1800,212.1600,0.000000
FILLER_74_53,VGND,li1,32.6600,212.1600,0.000000
FILLER_74_41,VGND,li1,27.1400,212.1600,0.000000
FILLER_74_29,VGND,li1,21.6200,212.1600,0.000000
FILLER_74_27,VGND,li1,18.1700,212.1600,0.000000
FILLER_74_15,VGND,li1,15.1800,212.1600,0.000000
FILLER_74_3,VGND,li1,9.6600,212.1600,0.000000
FILLER_73_665,VGND,li1,312.1100,212.1600,0.000000
FILLER_73_653,VGND,li1,308.6600,212.1600,0.000000
FILLER_73_641,VGND,li1,303.1400,212.1600,0.000000
FILLER_73_629,VGND,li1,297.6200,212.1600,0.000000
FILLER_73_617,VGND,li1,292.1000,212.1600,0.000000
FILLER_73_615,VGND,li1,288.6500,212.1600,0.000000
FILLER_73_609,VGND,li1,287.0400,212.1600,0.000000
FILLER_73_597,VGND,li1,282.9000,212.1600,0.000000
FILLER_73_585,VGND,li1,277.3800,212.1600,0.000000
FILLER_73_573,VGND,li1,271.8600,212.1600,0.000000
FILLER_73_561,VGND,li1,266.3400,212.1600,0.000000
FILLER_73_559,VGND,li1,262.8900,212.1600,0.000000
FILLER_73_553,VGND,li1,261.2800,212.1600,0.000000
FILLER_73_541,VGND,li1,257.1400,212.1600,0.000000
FILLER_73_529,VGND,li1,251.6200,212.1600,0.000000
FILLER_73_517,VGND,li1,246.1000,212.1600,0.000000
FILLER_73_505,VGND,li1,240.5800,212.1600,0.000000
FILLER_73_503,VGND,li1,237.1300,212.1600,0.000000
FILLER_73_497,VGND,li1,235.5200,212.1600,0.000000
FILLER_73_485,VGND,li1,231.3800,212.1600,0.000000
FILLER_73_473,VGND,li1,225.8600,212.1600,0.000000
FILLER_73_461,VGND,li1,220.3400,212.1600,0.000000
FILLER_73_449,VGND,li1,214.8200,212.1600,0.000000
FILLER_73_447,VGND,li1,211.3700,212.1600,0.000000
FILLER_73_441,VGND,li1,209.7600,212.1600,0.000000
FILLER_73_429,VGND,li1,205.6200,212.1600,0.000000
FILLER_73_417,VGND,li1,200.1000,212.1600,0.000000
FILLER_73_405,VGND,li1,194.5800,212.1600,0.000000
FILLER_73_393,VGND,li1,189.0600,212.1600,0.000000
FILLER_73_391,VGND,li1,185.6100,212.1600,0.000000
FILLER_73_385,VGND,li1,184.0000,212.1600,0.000000
FILLER_73_373,VGND,li1,179.8600,212.1600,0.000000
FILLER_73_361,VGND,li1,174.3400,212.1600,0.000000
FILLER_73_349,VGND,li1,168.8200,212.1600,0.000000
FILLER_73_337,VGND,li1,163.3000,212.1600,0.000000
FILLER_73_335,VGND,li1,159.8500,212.1600,0.000000
FILLER_73_329,VGND,li1,158.2400,212.1600,0.000000
FILLER_73_317,VGND,li1,154.1000,212.1600,0.000000
FILLER_73_305,VGND,li1,148.5800,212.1600,0.000000
FILLER_73_293,VGND,li1,143.0600,212.1600,0.000000
FILLER_73_281,VGND,li1,137.5400,212.1600,0.000000
FILLER_73_279,VGND,li1,134.0900,212.1600,0.000000
FILLER_73_273,VGND,li1,132.4800,212.1600,0.000000
FILLER_73_261,VGND,li1,128.3400,212.1600,0.000000
FILLER_73_249,VGND,li1,122.8200,212.1600,0.000000
FILLER_73_237,VGND,li1,117.3000,212.1600,0.000000
FILLER_73_225,VGND,li1,111.7800,212.1600,0.000000
FILLER_73_223,VGND,li1,108.3300,212.1600,0.000000
FILLER_73_217,VGND,li1,106.7200,212.1600,0.000000
FILLER_73_205,VGND,li1,102.5800,212.1600,0.000000
FILLER_73_193,VGND,li1,97.0600,212.1600,0.000000
FILLER_73_181,VGND,li1,91.5400,212.1600,0.000000
FILLER_73_169,VGND,li1,86.0200,212.1600,0.000000
FILLER_73_167,VGND,li1,82.5700,212.1600,0.000000
FILLER_73_161,VGND,li1,80.9600,212.1600,0.000000
FILLER_73_149,VGND,li1,76.8200,212.1600,0.000000
FILLER_73_137,VGND,li1,71.3000,212.1600,0.000000
FILLER_73_125,VGND,li1,65.7800,212.1600,0.000000
FILLER_73_113,VGND,li1,60.2600,212.1600,0.000000
FILLER_73_111,VGND,li1,56.8100,212.1600,0.000000
FILLER_73_105,VGND,li1,55.2000,212.1600,0.000000
FILLER_73_93,VGND,li1,51.0600,212.1600,0.000000
FILLER_73_81,VGND,li1,45.5400,212.1600,0.000000
FILLER_73_69,VGND,li1,40.0200,212.1600,0.000000
FILLER_73_57,VGND,li1,34.5000,212.1600,0.000000
FILLER_73_55,VGND,li1,31.0500,212.1600,0.000000
FILLER_73_51,VGND,li1,29.9000,212.1600,0.000000
FILLER_73_39,VGND,li1,26.2200,212.1600,0.000000
FILLER_73_27,VGND,li1,20.7000,212.1600,0.000000
FILLER_73_15,VGND,li1,15.1800,212.1600,0.000000
FILLER_73_3,VGND,li1,9.6600,212.1600,0.000000
FILLER_72_665,VGND,li1,312.1100,206.7200,0.000000
FILLER_72_657,VGND,li1,309.5800,206.7200,0.000000
FILLER_72_645,VGND,li1,304.9800,206.7200,0.000000
FILLER_72_643,VGND,li1,301.5300,206.7200,0.000000
FILLER_72_637,VGND,li1,299.9200,206.7200,0.000000
FILLER_72_625,VGND,li1,295.7800,206.7200,0.000000
FILLER_72_613,VGND,li1,290.2600,206.7200,0.000000
FILLER_72_601,VGND,li1,284.7400,206.7200,0.000000
FILLER_72_589,VGND,li1,279.2200,206.7200,0.000000
FILLER_72_587,VGND,li1,275.7700,206.7200,0.000000
FILLER_72_581,VGND,li1,274.1600,206.7200,0.000000
FILLER_72_569,VGND,li1,270.0200,206.7200,0.000000
FILLER_72_557,VGND,li1,264.5000,206.7200,0.000000
FILLER_72_545,VGND,li1,258.9800,206.7200,0.000000
FILLER_72_533,VGND,li1,253.4600,206.7200,0.000000
FILLER_72_531,VGND,li1,250.0100,206.7200,0.000000
FILLER_72_525,VGND,li1,248.4000,206.7200,0.000000
FILLER_72_513,VGND,li1,244.2600,206.7200,0.000000
FILLER_72_501,VGND,li1,238.7400,206.7200,0.000000
FILLER_72_489,VGND,li1,233.2200,206.7200,0.000000
FILLER_72_477,VGND,li1,227.7000,206.7200,0.000000
FILLER_72_475,VGND,li1,224.2500,206.7200,0.000000
FILLER_72_469,VGND,li1,222.6400,206.7200,0.000000
FILLER_72_457,VGND,li1,218.5000,206.7200,0.000000
FILLER_72_445,VGND,li1,212.9800,206.7200,0.000000
FILLER_72_433,VGND,li1,207.4600,206.7200,0.000000
FILLER_72_421,VGND,li1,201.9400,206.7200,0.000000
FILLER_72_419,VGND,li1,198.4900,206.7200,0.000000
FILLER_72_413,VGND,li1,196.8800,206.7200,0.000000
FILLER_72_401,VGND,li1,192.7400,206.7200,0.000000
FILLER_72_389,VGND,li1,187.2200,206.7200,0.000000
FILLER_72_377,VGND,li1,181.7000,206.7200,0.000000
FILLER_72_365,VGND,li1,176.1800,206.7200,0.000000
FILLER_72_363,VGND,li1,172.7300,206.7200,0.000000
FILLER_72_357,VGND,li1,171.1200,206.7200,0.000000
FILLER_72_345,VGND,li1,166.9800,206.7200,0.000000
FILLER_72_333,VGND,li1,161.4600,206.7200,0.000000
FILLER_72_321,VGND,li1,155.9400,206.7200,0.000000
FILLER_72_309,VGND,li1,150.4200,206.7200,0.000000
FILLER_72_307,VGND,li1,146.9700,206.7200,0.000000
FILLER_72_301,VGND,li1,145.3600,206.7200,0.000000
FILLER_72_289,VGND,li1,141.2200,206.7200,0.000000
FILLER_72_277,VGND,li1,135.7000,206.7200,0.000000
FILLER_72_265,VGND,li1,130.1800,206.7200,0.000000
FILLER_72_253,VGND,li1,124.6600,206.7200,0.000000
FILLER_72_251,VGND,li1,121.2100,206.7200,0.000000
FILLER_72_245,VGND,li1,119.6000,206.7200,0.000000
FILLER_72_233,VGND,li1,115.4600,206.7200,0.000000
FILLER_72_221,VGND,li1,109.9400,206.7200,0.000000
FILLER_72_209,VGND,li1,104.4200,206.7200,0.000000
FILLER_72_197,VGND,li1,98.9000,206.7200,0.000000
FILLER_72_195,VGND,li1,95.4500,206.7200,0.000000
FILLER_72_189,VGND,li1,93.8400,206.7200,0.000000
FILLER_72_177,VGND,li1,89.7000,206.7200,0.000000
FILLER_72_165,VGND,li1,84.1800,206.7200,0.000000
FILLER_72_153,VGND,li1,78.6600,206.7200,0.000000
FILLER_72_141,VGND,li1,73.1400,206.7200,0.000000
FILLER_72_139,VGND,li1,69.6900,206.7200,0.000000
FILLER_72_133,VGND,li1,68.0800,206.7200,0.000000
FILLER_72_121,VGND,li1,63.9400,206.7200,0.000000
FILLER_72_109,VGND,li1,58.4200,206.7200,0.000000
FILLER_72_97,VGND,li1,52.9000,206.7200,0.000000
FILLER_72_85,VGND,li1,47.3800,206.7200,0.000000
FILLER_72_83,VGND,li1,43.9300,206.7200,0.000000
FILLER_72_77,VGND,li1,42.3200,206.7200,0.000000
FILLER_72_65,VGND,li1,38.1800,206.7200,0.000000
FILLER_72_53,VGND,li1,32.6600,206.7200,0.000000
FILLER_72_41,VGND,li1,27.1400,206.7200,0.000000
FILLER_72_29,VGND,li1,21.6200,206.7200,0.000000
FILLER_72_27,VGND,li1,18.1700,206.7200,0.000000
FILLER_72_15,VGND,li1,15.1800,206.7200,0.000000
FILLER_72_3,VGND,li1,9.6600,206.7200,0.000000
FILLER_71_665,VGND,li1,312.1100,206.7200,0.000000
FILLER_71_653,VGND,li1,308.6600,206.7200,0.000000
FILLER_71_641,VGND,li1,303.1400,206.7200,0.000000
FILLER_71_629,VGND,li1,297.6200,206.7200,0.000000
FILLER_71_617,VGND,li1,292.1000,206.7200,0.000000
FILLER_71_615,VGND,li1,288.6500,206.7200,0.000000
FILLER_71_609,VGND,li1,287.0400,206.7200,0.000000
FILLER_71_597,VGND,li1,282.9000,206.7200,0.000000
FILLER_71_585,VGND,li1,277.3800,206.7200,0.000000
FILLER_71_573,VGND,li1,271.8600,206.7200,0.000000
FILLER_71_561,VGND,li1,266.3400,206.7200,0.000000
FILLER_71_559,VGND,li1,262.8900,206.7200,0.000000
FILLER_71_553,VGND,li1,261.2800,206.7200,0.000000
FILLER_71_541,VGND,li1,257.1400,206.7200,0.000000
FILLER_71_529,VGND,li1,251.6200,206.7200,0.000000
FILLER_71_517,VGND,li1,246.1000,206.7200,0.000000
FILLER_71_505,VGND,li1,240.5800,206.7200,0.000000
FILLER_71_503,VGND,li1,237.1300,206.7200,0.000000
FILLER_71_497,VGND,li1,235.5200,206.7200,0.000000
FILLER_71_485,VGND,li1,231.3800,206.7200,0.000000
FILLER_71_473,VGND,li1,225.8600,206.7200,0.000000
FILLER_71_461,VGND,li1,220.3400,206.7200,0.000000
FILLER_71_449,VGND,li1,214.8200,206.7200,0.000000
FILLER_71_447,VGND,li1,211.3700,206.7200,0.000000
FILLER_71_441,VGND,li1,209.7600,206.7200,0.000000
FILLER_71_429,VGND,li1,205.6200,206.7200,0.000000
FILLER_71_417,VGND,li1,200.1000,206.7200,0.000000
FILLER_71_405,VGND,li1,194.5800,206.7200,0.000000
FILLER_71_393,VGND,li1,189.0600,206.7200,0.000000
FILLER_71_391,VGND,li1,185.6100,206.7200,0.000000
FILLER_71_385,VGND,li1,184.0000,206.7200,0.000000
FILLER_71_373,VGND,li1,179.8600,206.7200,0.000000
FILLER_71_361,VGND,li1,174.3400,206.7200,0.000000
FILLER_71_349,VGND,li1,168.8200,206.7200,0.000000
FILLER_71_337,VGND,li1,163.3000,206.7200,0.000000
FILLER_71_335,VGND,li1,159.8500,206.7200,0.000000
FILLER_71_329,VGND,li1,158.2400,206.7200,0.000000
FILLER_71_317,VGND,li1,154.1000,206.7200,0.000000
FILLER_71_305,VGND,li1,148.5800,206.7200,0.000000
FILLER_71_293,VGND,li1,143.0600,206.7200,0.000000
FILLER_71_281,VGND,li1,137.5400,206.7200,0.000000
FILLER_71_279,VGND,li1,134.0900,206.7200,0.000000
FILLER_71_273,VGND,li1,132.4800,206.7200,0.000000
FILLER_71_261,VGND,li1,128.3400,206.7200,0.000000
FILLER_71_249,VGND,li1,122.8200,206.7200,0.000000
FILLER_71_237,VGND,li1,117.3000,206.7200,0.000000
FILLER_71_225,VGND,li1,111.7800,206.7200,0.000000
FILLER_71_223,VGND,li1,108.3300,206.7200,0.000000
FILLER_71_217,VGND,li1,106.7200,206.7200,0.000000
FILLER_71_205,VGND,li1,102.5800,206.7200,0.000000
FILLER_71_193,VGND,li1,97.0600,206.7200,0.000000
FILLER_71_181,VGND,li1,91.5400,206.7200,0.000000
FILLER_71_169,VGND,li1,86.0200,206.7200,0.000000
FILLER_71_167,VGND,li1,82.5700,206.7200,0.000000
FILLER_71_161,VGND,li1,80.9600,206.7200,0.000000
FILLER_71_149,VGND,li1,76.8200,206.7200,0.000000
FILLER_71_137,VGND,li1,71.3000,206.7200,0.000000
FILLER_71_125,VGND,li1,65.7800,206.7200,0.000000
FILLER_71_113,VGND,li1,60.2600,206.7200,0.000000
FILLER_71_111,VGND,li1,56.8100,206.7200,0.000000
FILLER_71_105,VGND,li1,55.2000,206.7200,0.000000
FILLER_71_93,VGND,li1,51.0600,206.7200,0.000000
FILLER_71_81,VGND,li1,45.5400,206.7200,0.000000
FILLER_71_69,VGND,li1,40.0200,206.7200,0.000000
FILLER_71_57,VGND,li1,34.5000,206.7200,0.000000
FILLER_71_55,VGND,li1,31.0500,206.7200,0.000000
FILLER_71_51,VGND,li1,29.9000,206.7200,0.000000
FILLER_71_39,VGND,li1,26.2200,206.7200,0.000000
FILLER_71_27,VGND,li1,20.7000,206.7200,0.000000
FILLER_71_15,VGND,li1,15.1800,206.7200,0.000000
FILLER_71_3,VGND,li1,9.6600,206.7200,0.000000
FILLER_70_665,VGND,li1,312.1100,201.2800,0.000000
FILLER_70_657,VGND,li1,309.5800,201.2800,0.000000
FILLER_70_645,VGND,li1,304.9800,201.2800,0.000000
FILLER_70_643,VGND,li1,301.5300,201.2800,0.000000
FILLER_70_637,VGND,li1,299.9200,201.2800,0.000000
FILLER_70_625,VGND,li1,295.7800,201.2800,0.000000
FILLER_70_613,VGND,li1,290.2600,201.2800,0.000000
FILLER_70_601,VGND,li1,284.7400,201.2800,0.000000
FILLER_70_589,VGND,li1,279.2200,201.2800,0.000000
FILLER_70_587,VGND,li1,275.7700,201.2800,0.000000
FILLER_70_581,VGND,li1,274.1600,201.2800,0.000000
FILLER_70_569,VGND,li1,270.0200,201.2800,0.000000
FILLER_70_557,VGND,li1,264.5000,201.2800,0.000000
FILLER_70_545,VGND,li1,258.9800,201.2800,0.000000
FILLER_70_533,VGND,li1,253.4600,201.2800,0.000000
FILLER_70_531,VGND,li1,250.0100,201.2800,0.000000
FILLER_70_525,VGND,li1,248.4000,201.2800,0.000000
FILLER_70_513,VGND,li1,244.2600,201.2800,0.000000
FILLER_70_501,VGND,li1,238.7400,201.2800,0.000000
FILLER_70_489,VGND,li1,233.2200,201.2800,0.000000
FILLER_70_477,VGND,li1,227.7000,201.2800,0.000000
FILLER_70_475,VGND,li1,224.2500,201.2800,0.000000
FILLER_70_469,VGND,li1,222.6400,201.2800,0.000000
FILLER_70_457,VGND,li1,218.5000,201.2800,0.000000
FILLER_70_445,VGND,li1,212.9800,201.2800,0.000000
FILLER_70_433,VGND,li1,207.4600,201.2800,0.000000
FILLER_70_421,VGND,li1,201.9400,201.2800,0.000000
FILLER_70_419,VGND,li1,198.4900,201.2800,0.000000
FILLER_70_413,VGND,li1,196.8800,201.2800,0.000000
FILLER_70_401,VGND,li1,192.7400,201.2800,0.000000
FILLER_70_389,VGND,li1,187.2200,201.2800,0.000000
FILLER_70_377,VGND,li1,181.7000,201.2800,0.000000
FILLER_70_365,VGND,li1,176.1800,201.2800,0.000000
FILLER_70_363,VGND,li1,172.7300,201.2800,0.000000
FILLER_70_357,VGND,li1,171.1200,201.2800,0.000000
FILLER_70_345,VGND,li1,166.9800,201.2800,0.000000
FILLER_70_333,VGND,li1,161.4600,201.2800,0.000000
FILLER_70_321,VGND,li1,155.9400,201.2800,0.000000
FILLER_70_309,VGND,li1,150.4200,201.2800,0.000000
FILLER_70_307,VGND,li1,146.9700,201.2800,0.000000
FILLER_70_301,VGND,li1,145.3600,201.2800,0.000000
FILLER_70_289,VGND,li1,141.2200,201.2800,0.000000
FILLER_70_277,VGND,li1,135.7000,201.2800,0.000000
FILLER_70_265,VGND,li1,130.1800,201.2800,0.000000
FILLER_70_253,VGND,li1,124.6600,201.2800,0.000000
FILLER_70_251,VGND,li1,121.2100,201.2800,0.000000
FILLER_70_245,VGND,li1,119.6000,201.2800,0.000000
FILLER_70_233,VGND,li1,115.4600,201.2800,0.000000
FILLER_70_221,VGND,li1,109.9400,201.2800,0.000000
FILLER_70_209,VGND,li1,104.4200,201.2800,0.000000
FILLER_70_197,VGND,li1,98.9000,201.2800,0.000000
FILLER_70_195,VGND,li1,95.4500,201.2800,0.000000
FILLER_70_189,VGND,li1,93.8400,201.2800,0.000000
FILLER_70_177,VGND,li1,89.7000,201.2800,0.000000
FILLER_70_165,VGND,li1,84.1800,201.2800,0.000000
FILLER_70_153,VGND,li1,78.6600,201.2800,0.000000
FILLER_70_141,VGND,li1,73.1400,201.2800,0.000000
FILLER_70_139,VGND,li1,69.6900,201.2800,0.000000
FILLER_70_133,VGND,li1,68.0800,201.2800,0.000000
FILLER_70_121,VGND,li1,63.9400,201.2800,0.000000
FILLER_70_109,VGND,li1,58.4200,201.2800,0.000000
FILLER_70_97,VGND,li1,52.9000,201.2800,0.000000
FILLER_70_85,VGND,li1,47.3800,201.2800,0.000000
FILLER_70_83,VGND,li1,43.9300,201.2800,0.000000
FILLER_70_77,VGND,li1,42.3200,201.2800,0.000000
FILLER_70_65,VGND,li1,38.1800,201.2800,0.000000
FILLER_70_53,VGND,li1,32.6600,201.2800,0.000000
FILLER_70_41,VGND,li1,27.1400,201.2800,0.000000
FILLER_70_29,VGND,li1,21.6200,201.2800,0.000000
FILLER_70_27,VGND,li1,18.1700,201.2800,0.000000
FILLER_70_15,VGND,li1,15.1800,201.2800,0.000000
FILLER_70_3,VGND,li1,9.6600,201.2800,0.000000
FILLER_69_653,VGND,li1,308.6600,201.2800,0.000000
FILLER_69_641,VGND,li1,303.1400,201.2800,0.000000
FILLER_69_629,VGND,li1,297.6200,201.2800,0.000000
FILLER_69_617,VGND,li1,292.1000,201.2800,0.000000
FILLER_69_615,VGND,li1,288.6500,201.2800,0.000000
FILLER_69_609,VGND,li1,287.0400,201.2800,0.000000
FILLER_69_597,VGND,li1,282.9000,201.2800,0.000000
FILLER_69_585,VGND,li1,277.3800,201.2800,0.000000
FILLER_69_573,VGND,li1,271.8600,201.2800,0.000000
FILLER_69_561,VGND,li1,266.3400,201.2800,0.000000
FILLER_69_559,VGND,li1,262.8900,201.2800,0.000000
FILLER_69_553,VGND,li1,261.2800,201.2800,0.000000
FILLER_69_541,VGND,li1,257.1400,201.2800,0.000000
FILLER_69_529,VGND,li1,251.6200,201.2800,0.000000
FILLER_69_517,VGND,li1,246.1000,201.2800,0.000000
FILLER_69_505,VGND,li1,240.5800,201.2800,0.000000
FILLER_69_503,VGND,li1,237.1300,201.2800,0.000000
FILLER_69_497,VGND,li1,235.5200,201.2800,0.000000
FILLER_69_485,VGND,li1,231.3800,201.2800,0.000000
FILLER_69_473,VGND,li1,225.8600,201.2800,0.000000
FILLER_69_461,VGND,li1,220.3400,201.2800,0.000000
FILLER_69_449,VGND,li1,214.8200,201.2800,0.000000
FILLER_69_447,VGND,li1,211.3700,201.2800,0.000000
FILLER_69_441,VGND,li1,209.7600,201.2800,0.000000
FILLER_69_429,VGND,li1,205.6200,201.2800,0.000000
FILLER_69_417,VGND,li1,200.1000,201.2800,0.000000
FILLER_69_405,VGND,li1,194.5800,201.2800,0.000000
FILLER_69_393,VGND,li1,189.0600,201.2800,0.000000
FILLER_69_391,VGND,li1,185.6100,201.2800,0.000000
FILLER_69_385,VGND,li1,184.0000,201.2800,0.000000
FILLER_69_373,VGND,li1,179.8600,201.2800,0.000000
FILLER_69_361,VGND,li1,174.3400,201.2800,0.000000
FILLER_69_349,VGND,li1,168.8200,201.2800,0.000000
FILLER_69_337,VGND,li1,163.3000,201.2800,0.000000
FILLER_69_335,VGND,li1,159.8500,201.2800,0.000000
FILLER_69_329,VGND,li1,158.2400,201.2800,0.000000
FILLER_69_317,VGND,li1,154.1000,201.2800,0.000000
FILLER_69_305,VGND,li1,148.5800,201.2800,0.000000
FILLER_69_293,VGND,li1,143.0600,201.2800,0.000000
FILLER_69_281,VGND,li1,137.5400,201.2800,0.000000
FILLER_69_279,VGND,li1,134.0900,201.2800,0.000000
FILLER_69_273,VGND,li1,132.4800,201.2800,0.000000
FILLER_69_261,VGND,li1,128.3400,201.2800,0.000000
FILLER_69_249,VGND,li1,122.8200,201.2800,0.000000
FILLER_69_237,VGND,li1,117.3000,201.2800,0.000000
FILLER_69_225,VGND,li1,111.7800,201.2800,0.000000
FILLER_69_223,VGND,li1,108.3300,201.2800,0.000000
FILLER_69_217,VGND,li1,106.7200,201.2800,0.000000
FILLER_69_205,VGND,li1,102.5800,201.2800,0.000000
FILLER_69_193,VGND,li1,97.0600,201.2800,0.000000
FILLER_69_181,VGND,li1,91.5400,201.2800,0.000000
FILLER_69_169,VGND,li1,86.0200,201.2800,0.000000
FILLER_69_167,VGND,li1,82.5700,201.2800,0.000000
FILLER_69_161,VGND,li1,80.9600,201.2800,0.000000
FILLER_69_149,VGND,li1,76.8200,201.2800,0.000000
FILLER_69_137,VGND,li1,71.3000,201.2800,0.000000
FILLER_69_125,VGND,li1,65.7800,201.2800,0.000000
FILLER_69_113,VGND,li1,60.2600,201.2800,0.000000
FILLER_69_111,VGND,li1,56.8100,201.2800,0.000000
FILLER_69_105,VGND,li1,55.2000,201.2800,0.000000
FILLER_69_93,VGND,li1,51.0600,201.2800,0.000000
FILLER_69_81,VGND,li1,45.5400,201.2800,0.000000
FILLER_69_69,VGND,li1,40.0200,201.2800,0.000000
FILLER_69_57,VGND,li1,34.5000,201.2800,0.000000
FILLER_69_55,VGND,li1,31.0500,201.2800,0.000000
FILLER_69_51,VGND,li1,29.9000,201.2800,0.000000
FILLER_69_39,VGND,li1,26.2200,201.2800,0.000000
FILLER_69_27,VGND,li1,20.7000,201.2800,0.000000
FILLER_69_15,VGND,li1,15.1800,201.2800,0.000000
FILLER_69_3,VGND,li1,9.6600,201.2800,0.000000
FILLER_68_665,VGND,li1,312.1100,195.8400,0.000000
FILLER_68_657,VGND,li1,309.5800,195.8400,0.000000
FILLER_68_645,VGND,li1,304.9800,195.8400,0.000000
FILLER_68_643,VGND,li1,301.5300,195.8400,0.000000
FILLER_68_637,VGND,li1,299.9200,195.8400,0.000000
FILLER_68_625,VGND,li1,295.7800,195.8400,0.000000
FILLER_68_613,VGND,li1,290.2600,195.8400,0.000000
FILLER_68_601,VGND,li1,284.7400,195.8400,0.000000
FILLER_68_589,VGND,li1,279.2200,195.8400,0.000000
FILLER_68_587,VGND,li1,275.7700,195.8400,0.000000
FILLER_68_581,VGND,li1,274.1600,195.8400,0.000000
FILLER_68_569,VGND,li1,270.0200,195.8400,0.000000
FILLER_68_557,VGND,li1,264.5000,195.8400,0.000000
FILLER_68_545,VGND,li1,258.9800,195.8400,0.000000
FILLER_68_533,VGND,li1,253.4600,195.8400,0.000000
FILLER_68_531,VGND,li1,250.0100,195.8400,0.000000
FILLER_68_525,VGND,li1,248.4000,195.8400,0.000000
FILLER_68_513,VGND,li1,244.2600,195.8400,0.000000
FILLER_68_501,VGND,li1,238.7400,195.8400,0.000000
FILLER_68_489,VGND,li1,233.2200,195.8400,0.000000
FILLER_68_477,VGND,li1,227.7000,195.8400,0.000000
FILLER_68_475,VGND,li1,224.2500,195.8400,0.000000
FILLER_68_469,VGND,li1,222.6400,195.8400,0.000000
FILLER_68_457,VGND,li1,218.5000,195.8400,0.000000
FILLER_68_445,VGND,li1,212.9800,195.8400,0.000000
FILLER_68_433,VGND,li1,207.4600,195.8400,0.000000
FILLER_68_421,VGND,li1,201.9400,195.8400,0.000000
FILLER_68_419,VGND,li1,198.4900,195.8400,0.000000
FILLER_68_413,VGND,li1,196.8800,195.8400,0.000000
FILLER_68_401,VGND,li1,192.7400,195.8400,0.000000
FILLER_68_389,VGND,li1,187.2200,195.8400,0.000000
FILLER_68_377,VGND,li1,181.7000,195.8400,0.000000
FILLER_68_365,VGND,li1,176.1800,195.8400,0.000000
FILLER_68_363,VGND,li1,172.7300,195.8400,0.000000
FILLER_68_357,VGND,li1,171.1200,195.8400,0.000000
FILLER_68_345,VGND,li1,166.9800,195.8400,0.000000
FILLER_68_333,VGND,li1,161.4600,195.8400,0.000000
FILLER_68_321,VGND,li1,155.9400,195.8400,0.000000
FILLER_68_309,VGND,li1,150.4200,195.8400,0.000000
FILLER_68_307,VGND,li1,146.9700,195.8400,0.000000
FILLER_68_301,VGND,li1,145.3600,195.8400,0.000000
FILLER_68_289,VGND,li1,141.2200,195.8400,0.000000
FILLER_68_277,VGND,li1,135.7000,195.8400,0.000000
FILLER_68_265,VGND,li1,130.1800,195.8400,0.000000
FILLER_68_253,VGND,li1,124.6600,195.8400,0.000000
FILLER_68_251,VGND,li1,121.2100,195.8400,0.000000
FILLER_68_245,VGND,li1,119.6000,195.8400,0.000000
FILLER_68_233,VGND,li1,115.4600,195.8400,0.000000
FILLER_68_221,VGND,li1,109.9400,195.8400,0.000000
FILLER_68_209,VGND,li1,104.4200,195.8400,0.000000
FILLER_68_197,VGND,li1,98.9000,195.8400,0.000000
FILLER_68_195,VGND,li1,95.4500,195.8400,0.000000
FILLER_68_189,VGND,li1,93.8400,195.8400,0.000000
FILLER_68_177,VGND,li1,89.7000,195.8400,0.000000
FILLER_68_165,VGND,li1,84.1800,195.8400,0.000000
FILLER_68_153,VGND,li1,78.6600,195.8400,0.000000
FILLER_68_141,VGND,li1,73.1400,195.8400,0.000000
FILLER_68_139,VGND,li1,69.6900,195.8400,0.000000
FILLER_68_133,VGND,li1,68.0800,195.8400,0.000000
FILLER_68_121,VGND,li1,63.9400,195.8400,0.000000
FILLER_68_109,VGND,li1,58.4200,195.8400,0.000000
FILLER_68_97,VGND,li1,52.9000,195.8400,0.000000
FILLER_68_85,VGND,li1,47.3800,195.8400,0.000000
FILLER_68_83,VGND,li1,43.9300,195.8400,0.000000
FILLER_68_77,VGND,li1,42.3200,195.8400,0.000000
FILLER_68_65,VGND,li1,38.1800,195.8400,0.000000
FILLER_68_53,VGND,li1,32.6600,195.8400,0.000000
FILLER_68_41,VGND,li1,27.1400,195.8400,0.000000
FILLER_68_29,VGND,li1,21.6200,195.8400,0.000000
FILLER_68_27,VGND,li1,18.1700,195.8400,0.000000
FILLER_68_15,VGND,li1,15.1800,195.8400,0.000000
FILLER_68_3,VGND,li1,9.6600,195.8400,0.000000
FILLER_67_653,VGND,li1,308.6600,195.8400,0.000000
FILLER_67_641,VGND,li1,303.1400,195.8400,0.000000
FILLER_67_629,VGND,li1,297.6200,195.8400,0.000000
FILLER_67_617,VGND,li1,292.1000,195.8400,0.000000
FILLER_67_615,VGND,li1,288.6500,195.8400,0.000000
FILLER_67_609,VGND,li1,287.0400,195.8400,0.000000
FILLER_67_597,VGND,li1,282.9000,195.8400,0.000000
FILLER_67_585,VGND,li1,277.3800,195.8400,0.000000
FILLER_67_573,VGND,li1,271.8600,195.8400,0.000000
FILLER_67_561,VGND,li1,266.3400,195.8400,0.000000
FILLER_67_559,VGND,li1,262.8900,195.8400,0.000000
FILLER_67_553,VGND,li1,261.2800,195.8400,0.000000
FILLER_67_541,VGND,li1,257.1400,195.8400,0.000000
FILLER_67_529,VGND,li1,251.6200,195.8400,0.000000
FILLER_67_517,VGND,li1,246.1000,195.8400,0.000000
FILLER_67_505,VGND,li1,240.5800,195.8400,0.000000
FILLER_67_503,VGND,li1,237.1300,195.8400,0.000000
FILLER_67_497,VGND,li1,235.5200,195.8400,0.000000
FILLER_67_485,VGND,li1,231.3800,195.8400,0.000000
FILLER_67_473,VGND,li1,225.8600,195.8400,0.000000
FILLER_67_461,VGND,li1,220.3400,195.8400,0.000000
FILLER_67_449,VGND,li1,214.8200,195.8400,0.000000
FILLER_67_447,VGND,li1,211.3700,195.8400,0.000000
FILLER_67_441,VGND,li1,209.7600,195.8400,0.000000
FILLER_67_429,VGND,li1,205.6200,195.8400,0.000000
FILLER_67_417,VGND,li1,200.1000,195.8400,0.000000
FILLER_67_405,VGND,li1,194.5800,195.8400,0.000000
FILLER_67_393,VGND,li1,189.0600,195.8400,0.000000
FILLER_67_391,VGND,li1,185.6100,195.8400,0.000000
FILLER_67_385,VGND,li1,184.0000,195.8400,0.000000
FILLER_67_373,VGND,li1,179.8600,195.8400,0.000000
FILLER_67_361,VGND,li1,174.3400,195.8400,0.000000
FILLER_67_349,VGND,li1,168.8200,195.8400,0.000000
FILLER_67_337,VGND,li1,163.3000,195.8400,0.000000
FILLER_67_335,VGND,li1,159.8500,195.8400,0.000000
FILLER_67_329,VGND,li1,158.2400,195.8400,0.000000
FILLER_67_317,VGND,li1,154.1000,195.8400,0.000000
FILLER_67_305,VGND,li1,148.5800,195.8400,0.000000
FILLER_67_293,VGND,li1,143.0600,195.8400,0.000000
FILLER_67_281,VGND,li1,137.5400,195.8400,0.000000
FILLER_67_279,VGND,li1,134.0900,195.8400,0.000000
FILLER_67_273,VGND,li1,132.4800,195.8400,0.000000
FILLER_67_261,VGND,li1,128.3400,195.8400,0.000000
FILLER_67_249,VGND,li1,122.8200,195.8400,0.000000
FILLER_67_237,VGND,li1,117.3000,195.8400,0.000000
FILLER_67_225,VGND,li1,111.7800,195.8400,0.000000
FILLER_67_223,VGND,li1,108.3300,195.8400,0.000000
FILLER_67_217,VGND,li1,106.7200,195.8400,0.000000
FILLER_67_205,VGND,li1,102.5800,195.8400,0.000000
FILLER_67_193,VGND,li1,97.0600,195.8400,0.000000
FILLER_67_181,VGND,li1,91.5400,195.8400,0.000000
FILLER_67_169,VGND,li1,86.0200,195.8400,0.000000
FILLER_67_167,VGND,li1,82.5700,195.8400,0.000000
FILLER_67_161,VGND,li1,80.9600,195.8400,0.000000
FILLER_67_149,VGND,li1,76.8200,195.8400,0.000000
FILLER_67_137,VGND,li1,71.3000,195.8400,0.000000
FILLER_67_125,VGND,li1,65.7800,195.8400,0.000000
FILLER_67_113,VGND,li1,60.2600,195.8400,0.000000
FILLER_67_111,VGND,li1,56.8100,195.8400,0.000000
FILLER_67_105,VGND,li1,55.2000,195.8400,0.000000
FILLER_67_93,VGND,li1,51.0600,195.8400,0.000000
FILLER_67_81,VGND,li1,45.5400,195.8400,0.000000
FILLER_67_69,VGND,li1,40.0200,195.8400,0.000000
FILLER_67_57,VGND,li1,34.5000,195.8400,0.000000
FILLER_67_55,VGND,li1,31.0500,195.8400,0.000000
FILLER_67_51,VGND,li1,29.9000,195.8400,0.000000
FILLER_67_39,VGND,li1,26.2200,195.8400,0.000000
FILLER_67_27,VGND,li1,20.7000,195.8400,0.000000
FILLER_67_15,VGND,li1,15.1800,195.8400,0.000000
FILLER_67_3,VGND,li1,9.6600,195.8400,0.000000
FILLER_66_657,VGND,li1,309.5800,190.4000,0.000000
FILLER_66_645,VGND,li1,304.9800,190.4000,0.000000
FILLER_66_643,VGND,li1,301.5300,190.4000,0.000000
FILLER_66_637,VGND,li1,299.9200,190.4000,0.000000
FILLER_66_625,VGND,li1,295.7800,190.4000,0.000000
FILLER_66_613,VGND,li1,290.2600,190.4000,0.000000
FILLER_66_601,VGND,li1,284.7400,190.4000,0.000000
FILLER_66_589,VGND,li1,279.2200,190.4000,0.000000
FILLER_66_587,VGND,li1,275.7700,190.4000,0.000000
FILLER_66_581,VGND,li1,274.1600,190.4000,0.000000
FILLER_66_569,VGND,li1,270.0200,190.4000,0.000000
FILLER_66_557,VGND,li1,264.5000,190.4000,0.000000
FILLER_66_545,VGND,li1,258.9800,190.4000,0.000000
FILLER_66_533,VGND,li1,253.4600,190.4000,0.000000
FILLER_66_531,VGND,li1,250.0100,190.4000,0.000000
FILLER_66_525,VGND,li1,248.4000,190.4000,0.000000
FILLER_66_513,VGND,li1,244.2600,190.4000,0.000000
FILLER_66_501,VGND,li1,238.7400,190.4000,0.000000
FILLER_66_489,VGND,li1,233.2200,190.4000,0.000000
FILLER_66_477,VGND,li1,227.7000,190.4000,0.000000
FILLER_66_475,VGND,li1,224.2500,190.4000,0.000000
FILLER_66_469,VGND,li1,222.6400,190.4000,0.000000
FILLER_66_457,VGND,li1,218.5000,190.4000,0.000000
FILLER_66_445,VGND,li1,212.9800,190.4000,0.000000
FILLER_66_433,VGND,li1,207.4600,190.4000,0.000000
FILLER_66_421,VGND,li1,201.9400,190.4000,0.000000
FILLER_66_419,VGND,li1,198.4900,190.4000,0.000000
FILLER_66_413,VGND,li1,196.8800,190.4000,0.000000
FILLER_66_401,VGND,li1,192.7400,190.4000,0.000000
FILLER_66_389,VGND,li1,187.2200,190.4000,0.000000
FILLER_66_377,VGND,li1,181.7000,190.4000,0.000000
FILLER_66_365,VGND,li1,176.1800,190.4000,0.000000
FILLER_66_363,VGND,li1,172.7300,190.4000,0.000000
FILLER_66_357,VGND,li1,171.1200,190.4000,0.000000
FILLER_66_345,VGND,li1,166.9800,190.4000,0.000000
FILLER_66_333,VGND,li1,161.4600,190.4000,0.000000
FILLER_66_321,VGND,li1,155.9400,190.4000,0.000000
FILLER_66_309,VGND,li1,150.4200,190.4000,0.000000
FILLER_66_307,VGND,li1,146.9700,190.4000,0.000000
FILLER_66_301,VGND,li1,145.3600,190.4000,0.000000
FILLER_66_289,VGND,li1,141.2200,190.4000,0.000000
FILLER_66_277,VGND,li1,135.7000,190.4000,0.000000
FILLER_66_265,VGND,li1,130.1800,190.4000,0.000000
FILLER_66_253,VGND,li1,124.6600,190.4000,0.000000
FILLER_66_251,VGND,li1,121.2100,190.4000,0.000000
FILLER_66_245,VGND,li1,119.6000,190.4000,0.000000
FILLER_66_233,VGND,li1,115.4600,190.4000,0.000000
FILLER_66_221,VGND,li1,109.9400,190.4000,0.000000
FILLER_66_209,VGND,li1,104.4200,190.4000,0.000000
FILLER_66_197,VGND,li1,98.9000,190.4000,0.000000
FILLER_66_195,VGND,li1,95.4500,190.4000,0.000000
FILLER_66_189,VGND,li1,93.8400,190.4000,0.000000
FILLER_66_177,VGND,li1,89.7000,190.4000,0.000000
FILLER_66_165,VGND,li1,84.1800,190.4000,0.000000
FILLER_66_153,VGND,li1,78.6600,190.4000,0.000000
FILLER_66_141,VGND,li1,73.1400,190.4000,0.000000
FILLER_66_139,VGND,li1,69.6900,190.4000,0.000000
FILLER_66_133,VGND,li1,68.0800,190.4000,0.000000
FILLER_66_121,VGND,li1,63.9400,190.4000,0.000000
FILLER_66_109,VGND,li1,58.4200,190.4000,0.000000
FILLER_66_97,VGND,li1,52.9000,190.4000,0.000000
FILLER_66_85,VGND,li1,47.3800,190.4000,0.000000
FILLER_66_83,VGND,li1,43.9300,190.4000,0.000000
FILLER_66_77,VGND,li1,42.3200,190.4000,0.000000
FILLER_66_65,VGND,li1,38.1800,190.4000,0.000000
FILLER_66_53,VGND,li1,32.6600,190.4000,0.000000
FILLER_66_41,VGND,li1,27.1400,190.4000,0.000000
FILLER_66_29,VGND,li1,21.6200,190.4000,0.000000
FILLER_66_27,VGND,li1,18.1700,190.4000,0.000000
FILLER_66_15,VGND,li1,15.1800,190.4000,0.000000
FILLER_66_3,VGND,li1,9.6600,190.4000,0.000000
FILLER_65_653,VGND,li1,308.6600,190.4000,0.000000
FILLER_65_641,VGND,li1,303.1400,190.4000,0.000000
FILLER_65_629,VGND,li1,297.6200,190.4000,0.000000
FILLER_65_617,VGND,li1,292.1000,190.4000,0.000000
FILLER_65_615,VGND,li1,288.6500,190.4000,0.000000
FILLER_65_609,VGND,li1,287.0400,190.4000,0.000000
FILLER_65_597,VGND,li1,282.9000,190.4000,0.000000
FILLER_65_585,VGND,li1,277.3800,190.4000,0.000000
FILLER_65_573,VGND,li1,271.8600,190.4000,0.000000
FILLER_65_561,VGND,li1,266.3400,190.4000,0.000000
FILLER_65_559,VGND,li1,262.8900,190.4000,0.000000
FILLER_65_553,VGND,li1,261.2800,190.4000,0.000000
FILLER_65_541,VGND,li1,257.1400,190.4000,0.000000
FILLER_65_529,VGND,li1,251.6200,190.4000,0.000000
FILLER_65_517,VGND,li1,246.1000,190.4000,0.000000
FILLER_65_505,VGND,li1,240.5800,190.4000,0.000000
FILLER_65_503,VGND,li1,237.1300,190.4000,0.000000
FILLER_65_497,VGND,li1,235.5200,190.4000,0.000000
FILLER_65_485,VGND,li1,231.3800,190.4000,0.000000
FILLER_65_473,VGND,li1,225.8600,190.4000,0.000000
FILLER_65_461,VGND,li1,220.3400,190.4000,0.000000
FILLER_65_449,VGND,li1,214.8200,190.4000,0.000000
FILLER_65_447,VGND,li1,211.3700,190.4000,0.000000
FILLER_65_441,VGND,li1,209.7600,190.4000,0.000000
FILLER_65_429,VGND,li1,205.6200,190.4000,0.000000
FILLER_65_417,VGND,li1,200.1000,190.4000,0.000000
FILLER_65_405,VGND,li1,194.5800,190.4000,0.000000
FILLER_65_393,VGND,li1,189.0600,190.4000,0.000000
FILLER_65_391,VGND,li1,185.6100,190.4000,0.000000
FILLER_65_385,VGND,li1,184.0000,190.4000,0.000000
FILLER_65_373,VGND,li1,179.8600,190.4000,0.000000
FILLER_65_361,VGND,li1,174.3400,190.4000,0.000000
FILLER_65_349,VGND,li1,168.8200,190.4000,0.000000
FILLER_65_337,VGND,li1,163.3000,190.4000,0.000000
FILLER_65_335,VGND,li1,159.8500,190.4000,0.000000
FILLER_65_329,VGND,li1,158.2400,190.4000,0.000000
FILLER_65_317,VGND,li1,154.1000,190.4000,0.000000
FILLER_65_305,VGND,li1,148.5800,190.4000,0.000000
FILLER_65_293,VGND,li1,143.0600,190.4000,0.000000
FILLER_65_281,VGND,li1,137.5400,190.4000,0.000000
FILLER_65_279,VGND,li1,134.0900,190.4000,0.000000
FILLER_65_273,VGND,li1,132.4800,190.4000,0.000000
FILLER_65_261,VGND,li1,128.3400,190.4000,0.000000
FILLER_65_249,VGND,li1,122.8200,190.4000,0.000000
FILLER_65_237,VGND,li1,117.3000,190.4000,0.000000
FILLER_65_225,VGND,li1,111.7800,190.4000,0.000000
FILLER_65_223,VGND,li1,108.3300,190.4000,0.000000
FILLER_65_217,VGND,li1,106.7200,190.4000,0.000000
FILLER_65_205,VGND,li1,102.5800,190.4000,0.000000
FILLER_65_193,VGND,li1,97.0600,190.4000,0.000000
FILLER_65_181,VGND,li1,91.5400,190.4000,0.000000
FILLER_65_169,VGND,li1,86.0200,190.4000,0.000000
FILLER_65_167,VGND,li1,82.5700,190.4000,0.000000
FILLER_65_161,VGND,li1,80.9600,190.4000,0.000000
FILLER_65_149,VGND,li1,76.8200,190.4000,0.000000
FILLER_65_137,VGND,li1,71.3000,190.4000,0.000000
FILLER_65_125,VGND,li1,65.7800,190.4000,0.000000
FILLER_65_113,VGND,li1,60.2600,190.4000,0.000000
FILLER_65_111,VGND,li1,56.8100,190.4000,0.000000
FILLER_65_105,VGND,li1,55.2000,190.4000,0.000000
FILLER_65_93,VGND,li1,51.0600,190.4000,0.000000
FILLER_65_81,VGND,li1,45.5400,190.4000,0.000000
FILLER_65_69,VGND,li1,40.0200,190.4000,0.000000
FILLER_65_57,VGND,li1,34.5000,190.4000,0.000000
FILLER_65_55,VGND,li1,31.0500,190.4000,0.000000
FILLER_65_51,VGND,li1,29.9000,190.4000,0.000000
FILLER_65_39,VGND,li1,26.2200,190.4000,0.000000
FILLER_65_27,VGND,li1,20.7000,190.4000,0.000000
FILLER_65_15,VGND,li1,15.1800,190.4000,0.000000
FILLER_65_3,VGND,li1,9.6600,190.4000,0.000000
FILLER_64_657,VGND,li1,309.5800,184.9600,0.000000
FILLER_64_645,VGND,li1,304.9800,184.9600,0.000000
FILLER_64_643,VGND,li1,301.5300,184.9600,0.000000
FILLER_64_637,VGND,li1,299.9200,184.9600,0.000000
FILLER_64_625,VGND,li1,295.7800,184.9600,0.000000
FILLER_64_613,VGND,li1,290.2600,184.9600,0.000000
FILLER_64_601,VGND,li1,284.7400,184.9600,0.000000
FILLER_64_589,VGND,li1,279.2200,184.9600,0.000000
FILLER_64_587,VGND,li1,275.7700,184.9600,0.000000
FILLER_64_581,VGND,li1,274.1600,184.9600,0.000000
FILLER_64_569,VGND,li1,270.0200,184.9600,0.000000
FILLER_64_557,VGND,li1,264.5000,184.9600,0.000000
FILLER_64_545,VGND,li1,258.9800,184.9600,0.000000
FILLER_64_533,VGND,li1,253.4600,184.9600,0.000000
FILLER_64_531,VGND,li1,250.0100,184.9600,0.000000
FILLER_64_525,VGND,li1,248.4000,184.9600,0.000000
FILLER_64_513,VGND,li1,244.2600,184.9600,0.000000
FILLER_64_501,VGND,li1,238.7400,184.9600,0.000000
FILLER_64_489,VGND,li1,233.2200,184.9600,0.000000
FILLER_64_477,VGND,li1,227.7000,184.9600,0.000000
FILLER_64_475,VGND,li1,224.2500,184.9600,0.000000
FILLER_64_469,VGND,li1,222.6400,184.9600,0.000000
FILLER_64_457,VGND,li1,218.5000,184.9600,0.000000
FILLER_64_445,VGND,li1,212.9800,184.9600,0.000000
FILLER_64_433,VGND,li1,207.4600,184.9600,0.000000
FILLER_64_421,VGND,li1,201.9400,184.9600,0.000000
FILLER_64_419,VGND,li1,198.4900,184.9600,0.000000
FILLER_64_413,VGND,li1,196.8800,184.9600,0.000000
FILLER_64_401,VGND,li1,192.7400,184.9600,0.000000
FILLER_64_389,VGND,li1,187.2200,184.9600,0.000000
FILLER_64_377,VGND,li1,181.7000,184.9600,0.000000
FILLER_64_365,VGND,li1,176.1800,184.9600,0.000000
FILLER_64_363,VGND,li1,172.7300,184.9600,0.000000
FILLER_64_357,VGND,li1,171.1200,184.9600,0.000000
FILLER_64_345,VGND,li1,166.9800,184.9600,0.000000
FILLER_64_333,VGND,li1,161.4600,184.9600,0.000000
FILLER_64_321,VGND,li1,155.9400,184.9600,0.000000
FILLER_64_309,VGND,li1,150.4200,184.9600,0.000000
FILLER_64_307,VGND,li1,146.9700,184.9600,0.000000
FILLER_64_301,VGND,li1,145.3600,184.9600,0.000000
FILLER_64_289,VGND,li1,141.2200,184.9600,0.000000
FILLER_64_277,VGND,li1,135.7000,184.9600,0.000000
FILLER_64_265,VGND,li1,130.1800,184.9600,0.000000
FILLER_64_253,VGND,li1,124.6600,184.9600,0.000000
FILLER_64_251,VGND,li1,121.2100,184.9600,0.000000
FILLER_64_245,VGND,li1,119.6000,184.9600,0.000000
FILLER_64_233,VGND,li1,115.4600,184.9600,0.000000
FILLER_64_221,VGND,li1,109.9400,184.9600,0.000000
FILLER_64_209,VGND,li1,104.4200,184.9600,0.000000
FILLER_64_197,VGND,li1,98.9000,184.9600,0.000000
FILLER_64_195,VGND,li1,95.4500,184.9600,0.000000
FILLER_64_189,VGND,li1,93.8400,184.9600,0.000000
FILLER_64_177,VGND,li1,89.7000,184.9600,0.000000
FILLER_64_165,VGND,li1,84.1800,184.9600,0.000000
FILLER_64_153,VGND,li1,78.6600,184.9600,0.000000
FILLER_64_141,VGND,li1,73.1400,184.9600,0.000000
FILLER_64_139,VGND,li1,69.6900,184.9600,0.000000
FILLER_64_133,VGND,li1,68.0800,184.9600,0.000000
FILLER_64_121,VGND,li1,63.9400,184.9600,0.000000
FILLER_64_109,VGND,li1,58.4200,184.9600,0.000000
FILLER_64_97,VGND,li1,52.9000,184.9600,0.000000
FILLER_64_85,VGND,li1,47.3800,184.9600,0.000000
FILLER_64_83,VGND,li1,43.9300,184.9600,0.000000
FILLER_64_77,VGND,li1,42.3200,184.9600,0.000000
FILLER_64_65,VGND,li1,38.1800,184.9600,0.000000
FILLER_64_53,VGND,li1,32.6600,184.9600,0.000000
FILLER_64_41,VGND,li1,27.1400,184.9600,0.000000
FILLER_64_29,VGND,li1,21.6200,184.9600,0.000000
FILLER_64_26,VGND,li1,17.9400,184.9600,0.000000
FILLER_64_18,VGND,li1,15.6400,184.9600,0.000000
FILLER_64_6,VGND,li1,11.0400,184.9600,0.000000
FILLER_63_665,VGND,li1,312.1100,184.9600,0.000000
FILLER_63_653,VGND,li1,308.6600,184.9600,0.000000
FILLER_63_641,VGND,li1,303.1400,184.9600,0.000000
FILLER_63_629,VGND,li1,297.6200,184.9600,0.000000
FILLER_63_617,VGND,li1,292.1000,184.9600,0.000000
FILLER_63_615,VGND,li1,288.6500,184.9600,0.000000
FILLER_63_609,VGND,li1,287.0400,184.9600,0.000000
FILLER_63_597,VGND,li1,282.9000,184.9600,0.000000
FILLER_63_585,VGND,li1,277.3800,184.9600,0.000000
FILLER_63_573,VGND,li1,271.8600,184.9600,0.000000
FILLER_63_561,VGND,li1,266.3400,184.9600,0.000000
FILLER_63_559,VGND,li1,262.8900,184.9600,0.000000
FILLER_63_553,VGND,li1,261.2800,184.9600,0.000000
FILLER_63_541,VGND,li1,257.1400,184.9600,0.000000
FILLER_63_529,VGND,li1,251.6200,184.9600,0.000000
FILLER_63_517,VGND,li1,246.1000,184.9600,0.000000
FILLER_63_505,VGND,li1,240.5800,184.9600,0.000000
FILLER_63_503,VGND,li1,237.1300,184.9600,0.000000
FILLER_63_497,VGND,li1,235.5200,184.9600,0.000000
FILLER_63_485,VGND,li1,231.3800,184.9600,0.000000
FILLER_63_473,VGND,li1,225.8600,184.9600,0.000000
FILLER_63_461,VGND,li1,220.3400,184.9600,0.000000
FILLER_63_449,VGND,li1,214.8200,184.9600,0.000000
FILLER_63_447,VGND,li1,211.3700,184.9600,0.000000
FILLER_63_441,VGND,li1,209.7600,184.9600,0.000000
FILLER_63_429,VGND,li1,205.6200,184.9600,0.000000
FILLER_63_417,VGND,li1,200.1000,184.9600,0.000000
FILLER_63_405,VGND,li1,194.5800,184.9600,0.000000
FILLER_63_393,VGND,li1,189.0600,184.9600,0.000000
FILLER_63_391,VGND,li1,185.6100,184.9600,0.000000
FILLER_63_385,VGND,li1,184.0000,184.9600,0.000000
FILLER_63_373,VGND,li1,179.8600,184.9600,0.000000
FILLER_63_361,VGND,li1,174.3400,184.9600,0.000000
FILLER_63_349,VGND,li1,168.8200,184.9600,0.000000
FILLER_63_337,VGND,li1,163.3000,184.9600,0.000000
FILLER_63_335,VGND,li1,159.8500,184.9600,0.000000
FILLER_63_329,VGND,li1,158.2400,184.9600,0.000000
FILLER_63_317,VGND,li1,154.1000,184.9600,0.000000
FILLER_63_305,VGND,li1,148.5800,184.9600,0.000000
FILLER_63_293,VGND,li1,143.0600,184.9600,0.000000
FILLER_63_281,VGND,li1,137.5400,184.9600,0.000000
FILLER_63_279,VGND,li1,134.0900,184.9600,0.000000
FILLER_63_273,VGND,li1,132.4800,184.9600,0.000000
FILLER_63_261,VGND,li1,128.3400,184.9600,0.000000
FILLER_63_249,VGND,li1,122.8200,184.9600,0.000000
FILLER_63_237,VGND,li1,117.3000,184.9600,0.000000
FILLER_63_225,VGND,li1,111.7800,184.9600,0.000000
FILLER_63_223,VGND,li1,108.3300,184.9600,0.000000
FILLER_63_217,VGND,li1,106.7200,184.9600,0.000000
FILLER_63_205,VGND,li1,102.5800,184.9600,0.000000
FILLER_63_193,VGND,li1,97.0600,184.9600,0.000000
FILLER_63_181,VGND,li1,91.5400,184.9600,0.000000
FILLER_63_169,VGND,li1,86.0200,184.9600,0.000000
FILLER_63_167,VGND,li1,82.5700,184.9600,0.000000
FILLER_63_161,VGND,li1,80.9600,184.9600,0.000000
FILLER_63_149,VGND,li1,76.8200,184.9600,0.000000
FILLER_63_137,VGND,li1,71.3000,184.9600,0.000000
FILLER_63_125,VGND,li1,65.7800,184.9600,0.000000
FILLER_63_113,VGND,li1,60.2600,184.9600,0.000000
FILLER_63_111,VGND,li1,56.8100,184.9600,0.000000
FILLER_63_105,VGND,li1,55.2000,184.9600,0.000000
FILLER_63_93,VGND,li1,51.0600,184.9600,0.000000
FILLER_63_81,VGND,li1,45.5400,184.9600,0.000000
FILLER_63_69,VGND,li1,40.0200,184.9600,0.000000
FILLER_63_57,VGND,li1,34.5000,184.9600,0.000000
FILLER_63_55,VGND,li1,31.0500,184.9600,0.000000
FILLER_63_51,VGND,li1,29.9000,184.9600,0.000000
FILLER_63_39,VGND,li1,26.2200,184.9600,0.000000
FILLER_63_27,VGND,li1,20.7000,184.9600,0.000000
FILLER_63_15,VGND,li1,15.1800,184.9600,0.000000
FILLER_63_3,VGND,li1,9.6600,184.9600,0.000000
FILLER_62_657,VGND,li1,309.5800,179.5200,0.000000
FILLER_62_645,VGND,li1,304.9800,179.5200,0.000000
FILLER_62_643,VGND,li1,301.5300,179.5200,0.000000
FILLER_62_637,VGND,li1,299.9200,179.5200,0.000000
FILLER_62_625,VGND,li1,295.7800,179.5200,0.000000
FILLER_62_613,VGND,li1,290.2600,179.5200,0.000000
FILLER_62_601,VGND,li1,284.7400,179.5200,0.000000
FILLER_62_589,VGND,li1,279.2200,179.5200,0.000000
FILLER_62_587,VGND,li1,275.7700,179.5200,0.000000
FILLER_62_581,VGND,li1,274.1600,179.5200,0.000000
FILLER_62_569,VGND,li1,270.0200,179.5200,0.000000
FILLER_62_557,VGND,li1,264.5000,179.5200,0.000000
FILLER_62_545,VGND,li1,258.9800,179.5200,0.000000
FILLER_62_533,VGND,li1,253.4600,179.5200,0.000000
FILLER_62_531,VGND,li1,250.0100,179.5200,0.000000
FILLER_62_525,VGND,li1,248.4000,179.5200,0.000000
FILLER_62_513,VGND,li1,244.2600,179.5200,0.000000
FILLER_62_501,VGND,li1,238.7400,179.5200,0.000000
FILLER_62_489,VGND,li1,233.2200,179.5200,0.000000
FILLER_62_477,VGND,li1,227.7000,179.5200,0.000000
FILLER_62_475,VGND,li1,224.2500,179.5200,0.000000
FILLER_62_469,VGND,li1,222.6400,179.5200,0.000000
FILLER_62_457,VGND,li1,218.5000,179.5200,0.000000
FILLER_62_445,VGND,li1,212.9800,179.5200,0.000000
FILLER_62_433,VGND,li1,207.4600,179.5200,0.000000
FILLER_62_421,VGND,li1,201.9400,179.5200,0.000000
FILLER_62_419,VGND,li1,198.4900,179.5200,0.000000
FILLER_62_413,VGND,li1,196.8800,179.5200,0.000000
FILLER_62_401,VGND,li1,192.7400,179.5200,0.000000
FILLER_62_389,VGND,li1,187.2200,179.5200,0.000000
FILLER_62_377,VGND,li1,181.7000,179.5200,0.000000
FILLER_62_365,VGND,li1,176.1800,179.5200,0.000000
FILLER_62_363,VGND,li1,172.7300,179.5200,0.000000
FILLER_62_357,VGND,li1,171.1200,179.5200,0.000000
FILLER_62_345,VGND,li1,166.9800,179.5200,0.000000
FILLER_62_333,VGND,li1,161.4600,179.5200,0.000000
FILLER_62_321,VGND,li1,155.9400,179.5200,0.000000
FILLER_62_309,VGND,li1,150.4200,179.5200,0.000000
FILLER_62_307,VGND,li1,146.9700,179.5200,0.000000
FILLER_62_301,VGND,li1,145.3600,179.5200,0.000000
FILLER_62_289,VGND,li1,141.2200,179.5200,0.000000
FILLER_62_277,VGND,li1,135.7000,179.5200,0.000000
FILLER_62_265,VGND,li1,130.1800,179.5200,0.000000
FILLER_62_253,VGND,li1,124.6600,179.5200,0.000000
FILLER_62_251,VGND,li1,121.2100,179.5200,0.000000
FILLER_62_245,VGND,li1,119.6000,179.5200,0.000000
FILLER_62_233,VGND,li1,115.4600,179.5200,0.000000
FILLER_62_221,VGND,li1,109.9400,179.5200,0.000000
FILLER_62_209,VGND,li1,104.4200,179.5200,0.000000
FILLER_62_197,VGND,li1,98.9000,179.5200,0.000000
FILLER_62_195,VGND,li1,95.4500,179.5200,0.000000
FILLER_62_189,VGND,li1,93.8400,179.5200,0.000000
FILLER_62_177,VGND,li1,89.7000,179.5200,0.000000
FILLER_62_165,VGND,li1,84.1800,179.5200,0.000000
FILLER_62_153,VGND,li1,78.6600,179.5200,0.000000
FILLER_62_141,VGND,li1,73.1400,179.5200,0.000000
FILLER_62_139,VGND,li1,69.6900,179.5200,0.000000
FILLER_62_133,VGND,li1,68.0800,179.5200,0.000000
FILLER_62_121,VGND,li1,63.9400,179.5200,0.000000
FILLER_62_109,VGND,li1,58.4200,179.5200,0.000000
FILLER_62_97,VGND,li1,52.9000,179.5200,0.000000
FILLER_62_85,VGND,li1,47.3800,179.5200,0.000000
FILLER_62_83,VGND,li1,43.9300,179.5200,0.000000
FILLER_62_77,VGND,li1,42.3200,179.5200,0.000000
FILLER_62_65,VGND,li1,38.1800,179.5200,0.000000
FILLER_62_53,VGND,li1,32.6600,179.5200,0.000000
FILLER_62_41,VGND,li1,27.1400,179.5200,0.000000
FILLER_62_29,VGND,li1,21.6200,179.5200,0.000000
FILLER_62_26,VGND,li1,17.9400,179.5200,0.000000
FILLER_62_18,VGND,li1,15.6400,179.5200,0.000000
FILLER_62_6,VGND,li1,11.0400,179.5200,0.000000
FILLER_61_653,VGND,li1,308.6600,179.5200,0.000000
FILLER_61_641,VGND,li1,303.1400,179.5200,0.000000
FILLER_61_629,VGND,li1,297.6200,179.5200,0.000000
FILLER_61_617,VGND,li1,292.1000,179.5200,0.000000
FILLER_61_615,VGND,li1,288.6500,179.5200,0.000000
FILLER_61_609,VGND,li1,287.0400,179.5200,0.000000
FILLER_61_597,VGND,li1,282.9000,179.5200,0.000000
FILLER_61_585,VGND,li1,277.3800,179.5200,0.000000
FILLER_61_573,VGND,li1,271.8600,179.5200,0.000000
FILLER_61_561,VGND,li1,266.3400,179.5200,0.000000
FILLER_61_559,VGND,li1,262.8900,179.5200,0.000000
FILLER_61_553,VGND,li1,261.2800,179.5200,0.000000
FILLER_61_541,VGND,li1,257.1400,179.5200,0.000000
FILLER_61_529,VGND,li1,251.6200,179.5200,0.000000
FILLER_61_517,VGND,li1,246.1000,179.5200,0.000000
FILLER_61_505,VGND,li1,240.5800,179.5200,0.000000
FILLER_61_503,VGND,li1,237.1300,179.5200,0.000000
FILLER_61_497,VGND,li1,235.5200,179.5200,0.000000
FILLER_61_485,VGND,li1,231.3800,179.5200,0.000000
FILLER_61_473,VGND,li1,225.8600,179.5200,0.000000
FILLER_61_461,VGND,li1,220.3400,179.5200,0.000000
FILLER_61_449,VGND,li1,214.8200,179.5200,0.000000
FILLER_61_447,VGND,li1,211.3700,179.5200,0.000000
FILLER_61_441,VGND,li1,209.7600,179.5200,0.000000
FILLER_61_429,VGND,li1,205.6200,179.5200,0.000000
FILLER_61_417,VGND,li1,200.1000,179.5200,0.000000
FILLER_61_405,VGND,li1,194.5800,179.5200,0.000000
FILLER_61_393,VGND,li1,189.0600,179.5200,0.000000
FILLER_61_391,VGND,li1,185.6100,179.5200,0.000000
FILLER_61_385,VGND,li1,184.0000,179.5200,0.000000
FILLER_61_373,VGND,li1,179.8600,179.5200,0.000000
FILLER_61_361,VGND,li1,174.3400,179.5200,0.000000
FILLER_61_349,VGND,li1,168.8200,179.5200,0.000000
FILLER_61_337,VGND,li1,163.3000,179.5200,0.000000
FILLER_61_335,VGND,li1,159.8500,179.5200,0.000000
FILLER_61_329,VGND,li1,158.2400,179.5200,0.000000
FILLER_61_317,VGND,li1,154.1000,179.5200,0.000000
FILLER_61_305,VGND,li1,148.5800,179.5200,0.000000
FILLER_61_293,VGND,li1,143.0600,179.5200,0.000000
FILLER_61_281,VGND,li1,137.5400,179.5200,0.000000
FILLER_61_279,VGND,li1,134.0900,179.5200,0.000000
FILLER_61_273,VGND,li1,132.4800,179.5200,0.000000
FILLER_61_261,VGND,li1,128.3400,179.5200,0.000000
FILLER_61_249,VGND,li1,122.8200,179.5200,0.000000
FILLER_61_237,VGND,li1,117.3000,179.5200,0.000000
FILLER_61_225,VGND,li1,111.7800,179.5200,0.000000
FILLER_61_223,VGND,li1,108.3300,179.5200,0.000000
FILLER_61_217,VGND,li1,106.7200,179.5200,0.000000
FILLER_61_205,VGND,li1,102.5800,179.5200,0.000000
FILLER_61_193,VGND,li1,97.0600,179.5200,0.000000
FILLER_61_181,VGND,li1,91.5400,179.5200,0.000000
FILLER_61_169,VGND,li1,86.0200,179.5200,0.000000
FILLER_61_167,VGND,li1,82.5700,179.5200,0.000000
FILLER_61_161,VGND,li1,80.9600,179.5200,0.000000
FILLER_61_149,VGND,li1,76.8200,179.5200,0.000000
FILLER_61_137,VGND,li1,71.3000,179.5200,0.000000
FILLER_61_125,VGND,li1,65.7800,179.5200,0.000000
FILLER_61_113,VGND,li1,60.2600,179.5200,0.000000
FILLER_61_111,VGND,li1,56.8100,179.5200,0.000000
FILLER_61_105,VGND,li1,55.2000,179.5200,0.000000
FILLER_61_93,VGND,li1,51.0600,179.5200,0.000000
FILLER_61_81,VGND,li1,45.5400,179.5200,0.000000
FILLER_61_69,VGND,li1,40.0200,179.5200,0.000000
FILLER_61_57,VGND,li1,34.5000,179.5200,0.000000
FILLER_61_54,VGND,li1,30.8200,179.5200,0.000000
FILLER_61_42,VGND,li1,27.6000,179.5200,0.000000
FILLER_61_30,VGND,li1,22.0800,179.5200,0.000000
FILLER_61_18,VGND,li1,16.5600,179.5200,0.000000
FILLER_61_6,VGND,li1,11.0400,179.5200,0.000000
FILLER_60_657,VGND,li1,309.5800,174.0800,0.000000
FILLER_60_645,VGND,li1,304.9800,174.0800,0.000000
FILLER_60_643,VGND,li1,301.5300,174.0800,0.000000
FILLER_60_637,VGND,li1,299.9200,174.0800,0.000000
FILLER_60_625,VGND,li1,295.7800,174.0800,0.000000
FILLER_60_613,VGND,li1,290.2600,174.0800,0.000000
FILLER_60_601,VGND,li1,284.7400,174.0800,0.000000
FILLER_60_589,VGND,li1,279.2200,174.0800,0.000000
FILLER_60_587,VGND,li1,275.7700,174.0800,0.000000
FILLER_60_581,VGND,li1,274.1600,174.0800,0.000000
FILLER_60_569,VGND,li1,270.0200,174.0800,0.000000
FILLER_60_557,VGND,li1,264.5000,174.0800,0.000000
FILLER_60_545,VGND,li1,258.9800,174.0800,0.000000
FILLER_60_533,VGND,li1,253.4600,174.0800,0.000000
FILLER_60_531,VGND,li1,250.0100,174.0800,0.000000
FILLER_60_525,VGND,li1,248.4000,174.0800,0.000000
FILLER_60_513,VGND,li1,244.2600,174.0800,0.000000
FILLER_60_501,VGND,li1,238.7400,174.0800,0.000000
FILLER_60_489,VGND,li1,233.2200,174.0800,0.000000
FILLER_60_477,VGND,li1,227.7000,174.0800,0.000000
FILLER_60_475,VGND,li1,224.2500,174.0800,0.000000
FILLER_60_469,VGND,li1,222.6400,174.0800,0.000000
FILLER_60_457,VGND,li1,218.5000,174.0800,0.000000
FILLER_60_445,VGND,li1,212.9800,174.0800,0.000000
FILLER_60_433,VGND,li1,207.4600,174.0800,0.000000
FILLER_60_421,VGND,li1,201.9400,174.0800,0.000000
FILLER_60_419,VGND,li1,198.4900,174.0800,0.000000
FILLER_60_413,VGND,li1,196.8800,174.0800,0.000000
FILLER_60_401,VGND,li1,192.7400,174.0800,0.000000
FILLER_60_389,VGND,li1,187.2200,174.0800,0.000000
FILLER_60_377,VGND,li1,181.7000,174.0800,0.000000
FILLER_60_365,VGND,li1,176.1800,174.0800,0.000000
FILLER_60_363,VGND,li1,172.7300,174.0800,0.000000
FILLER_60_357,VGND,li1,171.1200,174.0800,0.000000
FILLER_60_345,VGND,li1,166.9800,174.0800,0.000000
FILLER_60_333,VGND,li1,161.4600,174.0800,0.000000
FILLER_60_321,VGND,li1,155.9400,174.0800,0.000000
FILLER_60_309,VGND,li1,150.4200,174.0800,0.000000
FILLER_60_307,VGND,li1,146.9700,174.0800,0.000000
FILLER_60_301,VGND,li1,145.3600,174.0800,0.000000
FILLER_60_289,VGND,li1,141.2200,174.0800,0.000000
FILLER_60_277,VGND,li1,135.7000,174.0800,0.000000
FILLER_60_265,VGND,li1,130.1800,174.0800,0.000000
FILLER_60_253,VGND,li1,124.6600,174.0800,0.000000
FILLER_60_251,VGND,li1,121.2100,174.0800,0.000000
FILLER_60_245,VGND,li1,119.6000,174.0800,0.000000
FILLER_60_233,VGND,li1,115.4600,174.0800,0.000000
FILLER_60_221,VGND,li1,109.9400,174.0800,0.000000
FILLER_60_209,VGND,li1,104.4200,174.0800,0.000000
FILLER_60_197,VGND,li1,98.9000,174.0800,0.000000
FILLER_60_195,VGND,li1,95.4500,174.0800,0.000000
FILLER_60_189,VGND,li1,93.8400,174.0800,0.000000
FILLER_60_177,VGND,li1,89.7000,174.0800,0.000000
FILLER_60_165,VGND,li1,84.1800,174.0800,0.000000
FILLER_60_153,VGND,li1,78.6600,174.0800,0.000000
FILLER_60_141,VGND,li1,73.1400,174.0800,0.000000
FILLER_60_139,VGND,li1,69.6900,174.0800,0.000000
FILLER_60_133,VGND,li1,68.0800,174.0800,0.000000
FILLER_60_121,VGND,li1,63.9400,174.0800,0.000000
FILLER_60_109,VGND,li1,58.4200,174.0800,0.000000
FILLER_60_97,VGND,li1,52.9000,174.0800,0.000000
FILLER_60_85,VGND,li1,47.3800,174.0800,0.000000
FILLER_60_83,VGND,li1,43.9300,174.0800,0.000000
FILLER_60_77,VGND,li1,42.3200,174.0800,0.000000
FILLER_60_65,VGND,li1,38.1800,174.0800,0.000000
FILLER_60_53,VGND,li1,32.6600,174.0800,0.000000
FILLER_60_41,VGND,li1,27.1400,174.0800,0.000000
FILLER_60_29,VGND,li1,21.6200,174.0800,0.000000
FILLER_60_26,VGND,li1,17.9400,174.0800,0.000000
FILLER_60_18,VGND,li1,15.6400,174.0800,0.000000
FILLER_60_6,VGND,li1,11.0400,174.0800,0.000000
FILLER_59_653,VGND,li1,308.6600,174.0800,0.000000
FILLER_59_641,VGND,li1,303.1400,174.0800,0.000000
FILLER_59_629,VGND,li1,297.6200,174.0800,0.000000
FILLER_59_617,VGND,li1,292.1000,174.0800,0.000000
FILLER_59_615,VGND,li1,288.6500,174.0800,0.000000
FILLER_59_609,VGND,li1,287.0400,174.0800,0.000000
FILLER_59_597,VGND,li1,282.9000,174.0800,0.000000
FILLER_59_585,VGND,li1,277.3800,174.0800,0.000000
FILLER_59_573,VGND,li1,271.8600,174.0800,0.000000
FILLER_59_561,VGND,li1,266.3400,174.0800,0.000000
FILLER_59_559,VGND,li1,262.8900,174.0800,0.000000
FILLER_59_553,VGND,li1,261.2800,174.0800,0.000000
FILLER_59_541,VGND,li1,257.1400,174.0800,0.000000
FILLER_59_529,VGND,li1,251.6200,174.0800,0.000000
FILLER_59_517,VGND,li1,246.1000,174.0800,0.000000
FILLER_59_505,VGND,li1,240.5800,174.0800,0.000000
FILLER_59_503,VGND,li1,237.1300,174.0800,0.000000
FILLER_59_497,VGND,li1,235.5200,174.0800,0.000000
FILLER_59_485,VGND,li1,231.3800,174.0800,0.000000
FILLER_59_473,VGND,li1,225.8600,174.0800,0.000000
FILLER_59_461,VGND,li1,220.3400,174.0800,0.000000
FILLER_59_449,VGND,li1,214.8200,174.0800,0.000000
FILLER_59_447,VGND,li1,211.3700,174.0800,0.000000
FILLER_59_441,VGND,li1,209.7600,174.0800,0.000000
FILLER_59_429,VGND,li1,205.6200,174.0800,0.000000
FILLER_59_417,VGND,li1,200.1000,174.0800,0.000000
FILLER_59_405,VGND,li1,194.5800,174.0800,0.000000
FILLER_59_393,VGND,li1,189.0600,174.0800,0.000000
FILLER_59_391,VGND,li1,185.6100,174.0800,0.000000
FILLER_59_385,VGND,li1,184.0000,174.0800,0.000000
FILLER_59_373,VGND,li1,179.8600,174.0800,0.000000
FILLER_59_361,VGND,li1,174.3400,174.0800,0.000000
FILLER_59_349,VGND,li1,168.8200,174.0800,0.000000
FILLER_59_337,VGND,li1,163.3000,174.0800,0.000000
FILLER_59_335,VGND,li1,159.8500,174.0800,0.000000
FILLER_59_329,VGND,li1,158.2400,174.0800,0.000000
FILLER_59_317,VGND,li1,154.1000,174.0800,0.000000
FILLER_59_305,VGND,li1,148.5800,174.0800,0.000000
FILLER_59_293,VGND,li1,143.0600,174.0800,0.000000
FILLER_59_281,VGND,li1,137.5400,174.0800,0.000000
FILLER_59_279,VGND,li1,134.0900,174.0800,0.000000
FILLER_59_273,VGND,li1,132.4800,174.0800,0.000000
FILLER_59_261,VGND,li1,128.3400,174.0800,0.000000
FILLER_59_249,VGND,li1,122.8200,174.0800,0.000000
FILLER_59_237,VGND,li1,117.3000,174.0800,0.000000
FILLER_59_225,VGND,li1,111.7800,174.0800,0.000000
FILLER_59_223,VGND,li1,108.3300,174.0800,0.000000
FILLER_59_217,VGND,li1,106.7200,174.0800,0.000000
FILLER_59_205,VGND,li1,102.5800,174.0800,0.000000
FILLER_59_193,VGND,li1,97.0600,174.0800,0.000000
FILLER_59_181,VGND,li1,91.5400,174.0800,0.000000
FILLER_59_169,VGND,li1,86.0200,174.0800,0.000000
FILLER_59_167,VGND,li1,82.5700,174.0800,0.000000
FILLER_59_161,VGND,li1,80.9600,174.0800,0.000000
FILLER_59_149,VGND,li1,76.8200,174.0800,0.000000
FILLER_59_137,VGND,li1,71.3000,174.0800,0.000000
FILLER_59_125,VGND,li1,65.7800,174.0800,0.000000
FILLER_59_113,VGND,li1,60.2600,174.0800,0.000000
FILLER_59_111,VGND,li1,56.8100,174.0800,0.000000
FILLER_59_105,VGND,li1,55.2000,174.0800,0.000000
FILLER_59_93,VGND,li1,51.0600,174.0800,0.000000
FILLER_59_81,VGND,li1,45.5400,174.0800,0.000000
FILLER_59_69,VGND,li1,40.0200,174.0800,0.000000
FILLER_59_57,VGND,li1,34.5000,174.0800,0.000000
FILLER_59_54,VGND,li1,30.8200,174.0800,0.000000
FILLER_59_42,VGND,li1,27.6000,174.0800,0.000000
FILLER_59_30,VGND,li1,22.0800,174.0800,0.000000
FILLER_59_18,VGND,li1,16.5600,174.0800,0.000000
FILLER_59_6,VGND,li1,11.0400,174.0800,0.000000
FILLER_58_665,VGND,li1,312.1100,168.6400,0.000000
FILLER_58_657,VGND,li1,309.5800,168.6400,0.000000
FILLER_58_645,VGND,li1,304.9800,168.6400,0.000000
FILLER_58_643,VGND,li1,301.5300,168.6400,0.000000
FILLER_58_637,VGND,li1,299.9200,168.6400,0.000000
FILLER_58_625,VGND,li1,295.7800,168.6400,0.000000
FILLER_58_613,VGND,li1,290.2600,168.6400,0.000000
FILLER_58_601,VGND,li1,284.7400,168.6400,0.000000
FILLER_58_589,VGND,li1,279.2200,168.6400,0.000000
FILLER_58_587,VGND,li1,275.7700,168.6400,0.000000
FILLER_58_581,VGND,li1,274.1600,168.6400,0.000000
FILLER_58_569,VGND,li1,270.0200,168.6400,0.000000
FILLER_58_557,VGND,li1,264.5000,168.6400,0.000000
FILLER_58_545,VGND,li1,258.9800,168.6400,0.000000
FILLER_58_533,VGND,li1,253.4600,168.6400,0.000000
FILLER_58_531,VGND,li1,250.0100,168.6400,0.000000
FILLER_58_525,VGND,li1,248.4000,168.6400,0.000000
FILLER_58_513,VGND,li1,244.2600,168.6400,0.000000
FILLER_58_501,VGND,li1,238.7400,168.6400,0.000000
FILLER_58_489,VGND,li1,233.2200,168.6400,0.000000
FILLER_58_477,VGND,li1,227.7000,168.6400,0.000000
FILLER_58_475,VGND,li1,224.2500,168.6400,0.000000
FILLER_58_469,VGND,li1,222.6400,168.6400,0.000000
FILLER_58_457,VGND,li1,218.5000,168.6400,0.000000
FILLER_58_445,VGND,li1,212.9800,168.6400,0.000000
FILLER_58_433,VGND,li1,207.4600,168.6400,0.000000
FILLER_58_421,VGND,li1,201.9400,168.6400,0.000000
FILLER_58_419,VGND,li1,198.4900,168.6400,0.000000
FILLER_58_413,VGND,li1,196.8800,168.6400,0.000000
FILLER_58_401,VGND,li1,192.7400,168.6400,0.000000
FILLER_58_389,VGND,li1,187.2200,168.6400,0.000000
FILLER_58_377,VGND,li1,181.7000,168.6400,0.000000
FILLER_58_365,VGND,li1,176.1800,168.6400,0.000000
FILLER_58_363,VGND,li1,172.7300,168.6400,0.000000
FILLER_58_357,VGND,li1,171.1200,168.6400,0.000000
FILLER_58_345,VGND,li1,166.9800,168.6400,0.000000
FILLER_58_333,VGND,li1,161.4600,168.6400,0.000000
FILLER_58_321,VGND,li1,155.9400,168.6400,0.000000
FILLER_58_309,VGND,li1,150.4200,168.6400,0.000000
FILLER_58_307,VGND,li1,146.9700,168.6400,0.000000
FILLER_58_301,VGND,li1,145.3600,168.6400,0.000000
FILLER_58_289,VGND,li1,141.2200,168.6400,0.000000
FILLER_58_277,VGND,li1,135.7000,168.6400,0.000000
FILLER_58_265,VGND,li1,130.1800,168.6400,0.000000
FILLER_58_253,VGND,li1,124.6600,168.6400,0.000000
FILLER_58_251,VGND,li1,121.2100,168.6400,0.000000
FILLER_58_245,VGND,li1,119.6000,168.6400,0.000000
FILLER_58_233,VGND,li1,115.4600,168.6400,0.000000
FILLER_58_221,VGND,li1,109.9400,168.6400,0.000000
FILLER_58_209,VGND,li1,104.4200,168.6400,0.000000
FILLER_58_197,VGND,li1,98.9000,168.6400,0.000000
FILLER_58_195,VGND,li1,95.4500,168.6400,0.000000
FILLER_58_189,VGND,li1,93.8400,168.6400,0.000000
FILLER_58_177,VGND,li1,89.7000,168.6400,0.000000
FILLER_58_165,VGND,li1,84.1800,168.6400,0.000000
FILLER_58_153,VGND,li1,78.6600,168.6400,0.000000
FILLER_58_141,VGND,li1,73.1400,168.6400,0.000000
FILLER_58_139,VGND,li1,69.6900,168.6400,0.000000
FILLER_58_133,VGND,li1,68.0800,168.6400,0.000000
FILLER_58_121,VGND,li1,63.9400,168.6400,0.000000
FILLER_58_109,VGND,li1,58.4200,168.6400,0.000000
FILLER_58_97,VGND,li1,52.9000,168.6400,0.000000
FILLER_58_85,VGND,li1,47.3800,168.6400,0.000000
FILLER_58_83,VGND,li1,43.9300,168.6400,0.000000
FILLER_58_77,VGND,li1,42.3200,168.6400,0.000000
FILLER_58_65,VGND,li1,38.1800,168.6400,0.000000
FILLER_58_53,VGND,li1,32.6600,168.6400,0.000000
FILLER_58_41,VGND,li1,27.1400,168.6400,0.000000
FILLER_58_29,VGND,li1,21.6200,168.6400,0.000000
FILLER_58_27,VGND,li1,18.1700,168.6400,0.000000
FILLER_58_15,VGND,li1,15.1800,168.6400,0.000000
FILLER_58_3,VGND,li1,9.6600,168.6400,0.000000
FILLER_57_653,VGND,li1,308.6600,168.6400,0.000000
FILLER_57_641,VGND,li1,303.1400,168.6400,0.000000
FILLER_57_629,VGND,li1,297.6200,168.6400,0.000000
FILLER_57_617,VGND,li1,292.1000,168.6400,0.000000
FILLER_57_615,VGND,li1,288.6500,168.6400,0.000000
FILLER_57_609,VGND,li1,287.0400,168.6400,0.000000
FILLER_57_597,VGND,li1,282.9000,168.6400,0.000000
FILLER_57_585,VGND,li1,277.3800,168.6400,0.000000
FILLER_57_573,VGND,li1,271.8600,168.6400,0.000000
FILLER_57_561,VGND,li1,266.3400,168.6400,0.000000
FILLER_57_559,VGND,li1,262.8900,168.6400,0.000000
FILLER_57_553,VGND,li1,261.2800,168.6400,0.000000
FILLER_57_541,VGND,li1,257.1400,168.6400,0.000000
FILLER_57_529,VGND,li1,251.6200,168.6400,0.000000
FILLER_57_517,VGND,li1,246.1000,168.6400,0.000000
FILLER_57_505,VGND,li1,240.5800,168.6400,0.000000
FILLER_57_503,VGND,li1,237.1300,168.6400,0.000000
FILLER_57_497,VGND,li1,235.5200,168.6400,0.000000
FILLER_57_485,VGND,li1,231.3800,168.6400,0.000000
FILLER_57_473,VGND,li1,225.8600,168.6400,0.000000
FILLER_57_461,VGND,li1,220.3400,168.6400,0.000000
FILLER_57_449,VGND,li1,214.8200,168.6400,0.000000
FILLER_57_447,VGND,li1,211.3700,168.6400,0.000000
FILLER_57_441,VGND,li1,209.7600,168.6400,0.000000
FILLER_57_429,VGND,li1,205.6200,168.6400,0.000000
FILLER_57_417,VGND,li1,200.1000,168.6400,0.000000
FILLER_57_405,VGND,li1,194.5800,168.6400,0.000000
FILLER_57_393,VGND,li1,189.0600,168.6400,0.000000
FILLER_57_391,VGND,li1,185.6100,168.6400,0.000000
FILLER_57_385,VGND,li1,184.0000,168.6400,0.000000
FILLER_57_373,VGND,li1,179.8600,168.6400,0.000000
FILLER_57_361,VGND,li1,174.3400,168.6400,0.000000
FILLER_57_349,VGND,li1,168.8200,168.6400,0.000000
FILLER_57_337,VGND,li1,163.3000,168.6400,0.000000
FILLER_57_335,VGND,li1,159.8500,168.6400,0.000000
FILLER_57_329,VGND,li1,158.2400,168.6400,0.000000
FILLER_57_317,VGND,li1,154.1000,168.6400,0.000000
FILLER_57_305,VGND,li1,148.5800,168.6400,0.000000
FILLER_57_293,VGND,li1,143.0600,168.6400,0.000000
FILLER_57_281,VGND,li1,137.5400,168.6400,0.000000
FILLER_57_279,VGND,li1,134.0900,168.6400,0.000000
FILLER_57_273,VGND,li1,132.4800,168.6400,0.000000
FILLER_57_261,VGND,li1,128.3400,168.6400,0.000000
FILLER_57_249,VGND,li1,122.8200,168.6400,0.000000
FILLER_57_237,VGND,li1,117.3000,168.6400,0.000000
FILLER_57_225,VGND,li1,111.7800,168.6400,0.000000
FILLER_57_223,VGND,li1,108.3300,168.6400,0.000000
FILLER_57_217,VGND,li1,106.7200,168.6400,0.000000
FILLER_57_205,VGND,li1,102.5800,168.6400,0.000000
FILLER_57_193,VGND,li1,97.0600,168.6400,0.000000
FILLER_57_181,VGND,li1,91.5400,168.6400,0.000000
FILLER_57_169,VGND,li1,86.0200,168.6400,0.000000
FILLER_57_167,VGND,li1,82.5700,168.6400,0.000000
FILLER_57_161,VGND,li1,80.9600,168.6400,0.000000
FILLER_57_149,VGND,li1,76.8200,168.6400,0.000000
FILLER_57_137,VGND,li1,71.3000,168.6400,0.000000
FILLER_57_125,VGND,li1,65.7800,168.6400,0.000000
FILLER_57_113,VGND,li1,60.2600,168.6400,0.000000
FILLER_57_111,VGND,li1,56.8100,168.6400,0.000000
FILLER_57_105,VGND,li1,55.2000,168.6400,0.000000
FILLER_57_93,VGND,li1,51.0600,168.6400,0.000000
FILLER_57_81,VGND,li1,45.5400,168.6400,0.000000
FILLER_57_69,VGND,li1,40.0200,168.6400,0.000000
FILLER_57_57,VGND,li1,34.5000,168.6400,0.000000
FILLER_57_54,VGND,li1,30.8200,168.6400,0.000000
FILLER_57_42,VGND,li1,27.6000,168.6400,0.000000
FILLER_57_30,VGND,li1,22.0800,168.6400,0.000000
FILLER_57_18,VGND,li1,16.5600,168.6400,0.000000
FILLER_57_6,VGND,li1,11.0400,168.6400,0.000000
FILLER_56_657,VGND,li1,309.5800,163.2000,0.000000
FILLER_56_645,VGND,li1,304.9800,163.2000,0.000000
FILLER_56_643,VGND,li1,301.5300,163.2000,0.000000
FILLER_56_637,VGND,li1,299.9200,163.2000,0.000000
FILLER_56_625,VGND,li1,295.7800,163.2000,0.000000
FILLER_56_613,VGND,li1,290.2600,163.2000,0.000000
FILLER_56_601,VGND,li1,284.7400,163.2000,0.000000
FILLER_56_589,VGND,li1,279.2200,163.2000,0.000000
FILLER_56_587,VGND,li1,275.7700,163.2000,0.000000
FILLER_56_581,VGND,li1,274.1600,163.2000,0.000000
FILLER_56_569,VGND,li1,270.0200,163.2000,0.000000
FILLER_56_557,VGND,li1,264.5000,163.2000,0.000000
FILLER_56_545,VGND,li1,258.9800,163.2000,0.000000
FILLER_56_533,VGND,li1,253.4600,163.2000,0.000000
FILLER_56_531,VGND,li1,250.0100,163.2000,0.000000
FILLER_56_525,VGND,li1,248.4000,163.2000,0.000000
FILLER_56_513,VGND,li1,244.2600,163.2000,0.000000
FILLER_56_501,VGND,li1,238.7400,163.2000,0.000000
FILLER_56_489,VGND,li1,233.2200,163.2000,0.000000
FILLER_56_477,VGND,li1,227.7000,163.2000,0.000000
FILLER_56_475,VGND,li1,224.2500,163.2000,0.000000
FILLER_56_469,VGND,li1,222.6400,163.2000,0.000000
FILLER_56_457,VGND,li1,218.5000,163.2000,0.000000
FILLER_56_445,VGND,li1,212.9800,163.2000,0.000000
FILLER_56_433,VGND,li1,207.4600,163.2000,0.000000
FILLER_56_421,VGND,li1,201.9400,163.2000,0.000000
FILLER_56_419,VGND,li1,198.4900,163.2000,0.000000
FILLER_56_413,VGND,li1,196.8800,163.2000,0.000000
FILLER_56_401,VGND,li1,192.7400,163.2000,0.000000
FILLER_56_389,VGND,li1,187.2200,163.2000,0.000000
FILLER_56_377,VGND,li1,181.7000,163.2000,0.000000
FILLER_56_365,VGND,li1,176.1800,163.2000,0.000000
FILLER_56_363,VGND,li1,172.7300,163.2000,0.000000
FILLER_56_357,VGND,li1,171.1200,163.2000,0.000000
FILLER_56_345,VGND,li1,166.9800,163.2000,0.000000
FILLER_56_333,VGND,li1,161.4600,163.2000,0.000000
FILLER_56_321,VGND,li1,155.9400,163.2000,0.000000
FILLER_56_309,VGND,li1,150.4200,163.2000,0.000000
FILLER_56_307,VGND,li1,146.9700,163.2000,0.000000
FILLER_56_301,VGND,li1,145.3600,163.2000,0.000000
FILLER_56_289,VGND,li1,141.2200,163.2000,0.000000
FILLER_56_277,VGND,li1,135.7000,163.2000,0.000000
FILLER_56_265,VGND,li1,130.1800,163.2000,0.000000
FILLER_56_253,VGND,li1,124.6600,163.2000,0.000000
FILLER_56_251,VGND,li1,121.2100,163.2000,0.000000
FILLER_56_245,VGND,li1,119.6000,163.2000,0.000000
FILLER_56_233,VGND,li1,115.4600,163.2000,0.000000
FILLER_56_221,VGND,li1,109.9400,163.2000,0.000000
FILLER_56_209,VGND,li1,104.4200,163.2000,0.000000
FILLER_56_197,VGND,li1,98.9000,163.2000,0.000000
FILLER_56_195,VGND,li1,95.4500,163.2000,0.000000
FILLER_56_189,VGND,li1,93.8400,163.2000,0.000000
FILLER_56_177,VGND,li1,89.7000,163.2000,0.000000
FILLER_56_165,VGND,li1,84.1800,163.2000,0.000000
FILLER_56_153,VGND,li1,78.6600,163.2000,0.000000
FILLER_56_141,VGND,li1,73.1400,163.2000,0.000000
FILLER_56_139,VGND,li1,69.6900,163.2000,0.000000
FILLER_56_133,VGND,li1,68.0800,163.2000,0.000000
FILLER_56_121,VGND,li1,63.9400,163.2000,0.000000
FILLER_56_109,VGND,li1,58.4200,163.2000,0.000000
FILLER_56_97,VGND,li1,52.9000,163.2000,0.000000
FILLER_56_85,VGND,li1,47.3800,163.2000,0.000000
FILLER_56_83,VGND,li1,43.9300,163.2000,0.000000
FILLER_56_77,VGND,li1,42.3200,163.2000,0.000000
FILLER_56_65,VGND,li1,38.1800,163.2000,0.000000
FILLER_56_53,VGND,li1,32.6600,163.2000,0.000000
FILLER_56_41,VGND,li1,27.1400,163.2000,0.000000
FILLER_56_29,VGND,li1,21.6200,163.2000,0.000000
FILLER_56_26,VGND,li1,17.9400,163.2000,0.000000
FILLER_56_18,VGND,li1,15.6400,163.2000,0.000000
FILLER_56_6,VGND,li1,11.0400,163.2000,0.000000
FILLER_55_653,VGND,li1,308.6600,163.2000,0.000000
FILLER_55_641,VGND,li1,303.1400,163.2000,0.000000
FILLER_55_629,VGND,li1,297.6200,163.2000,0.000000
FILLER_55_617,VGND,li1,292.1000,163.2000,0.000000
FILLER_55_615,VGND,li1,288.6500,163.2000,0.000000
FILLER_55_609,VGND,li1,287.0400,163.2000,0.000000
FILLER_55_597,VGND,li1,282.9000,163.2000,0.000000
FILLER_55_585,VGND,li1,277.3800,163.2000,0.000000
FILLER_55_573,VGND,li1,271.8600,163.2000,0.000000
FILLER_55_561,VGND,li1,266.3400,163.2000,0.000000
FILLER_55_559,VGND,li1,262.8900,163.2000,0.000000
FILLER_55_553,VGND,li1,261.2800,163.2000,0.000000
FILLER_55_541,VGND,li1,257.1400,163.2000,0.000000
FILLER_55_529,VGND,li1,251.6200,163.2000,0.000000
FILLER_55_517,VGND,li1,246.1000,163.2000,0.000000
FILLER_55_505,VGND,li1,240.5800,163.2000,0.000000
FILLER_55_503,VGND,li1,237.1300,163.2000,0.000000
FILLER_55_497,VGND,li1,235.5200,163.2000,0.000000
FILLER_55_485,VGND,li1,231.3800,163.2000,0.000000
FILLER_55_473,VGND,li1,225.8600,163.2000,0.000000
FILLER_55_461,VGND,li1,220.3400,163.2000,0.000000
FILLER_55_449,VGND,li1,214.8200,163.2000,0.000000
FILLER_55_447,VGND,li1,211.3700,163.2000,0.000000
FILLER_55_441,VGND,li1,209.7600,163.2000,0.000000
FILLER_55_429,VGND,li1,205.6200,163.2000,0.000000
FILLER_55_417,VGND,li1,200.1000,163.2000,0.000000
FILLER_55_405,VGND,li1,194.5800,163.2000,0.000000
FILLER_55_393,VGND,li1,189.0600,163.2000,0.000000
FILLER_55_391,VGND,li1,185.6100,163.2000,0.000000
FILLER_55_385,VGND,li1,184.0000,163.2000,0.000000
FILLER_55_373,VGND,li1,179.8600,163.2000,0.000000
FILLER_55_361,VGND,li1,174.3400,163.2000,0.000000
FILLER_55_349,VGND,li1,168.8200,163.2000,0.000000
FILLER_55_337,VGND,li1,163.3000,163.2000,0.000000
FILLER_55_335,VGND,li1,159.8500,163.2000,0.000000
FILLER_55_329,VGND,li1,158.2400,163.2000,0.000000
FILLER_55_317,VGND,li1,154.1000,163.2000,0.000000
FILLER_55_305,VGND,li1,148.5800,163.2000,0.000000
FILLER_55_293,VGND,li1,143.0600,163.2000,0.000000
FILLER_55_281,VGND,li1,137.5400,163.2000,0.000000
FILLER_55_279,VGND,li1,134.0900,163.2000,0.000000
FILLER_55_273,VGND,li1,132.4800,163.2000,0.000000
FILLER_55_261,VGND,li1,128.3400,163.2000,0.000000
FILLER_55_249,VGND,li1,122.8200,163.2000,0.000000
FILLER_55_237,VGND,li1,117.3000,163.2000,0.000000
FILLER_55_225,VGND,li1,111.7800,163.2000,0.000000
FILLER_55_223,VGND,li1,108.3300,163.2000,0.000000
FILLER_55_217,VGND,li1,106.7200,163.2000,0.000000
FILLER_55_205,VGND,li1,102.5800,163.2000,0.000000
FILLER_55_193,VGND,li1,97.0600,163.2000,0.000000
FILLER_55_181,VGND,li1,91.5400,163.2000,0.000000
FILLER_55_169,VGND,li1,86.0200,163.2000,0.000000
FILLER_55_167,VGND,li1,82.5700,163.2000,0.000000
FILLER_55_161,VGND,li1,80.9600,163.2000,0.000000
FILLER_55_149,VGND,li1,76.8200,163.2000,0.000000
FILLER_55_137,VGND,li1,71.3000,163.2000,0.000000
FILLER_55_125,VGND,li1,65.7800,163.2000,0.000000
FILLER_55_113,VGND,li1,60.2600,163.2000,0.000000
FILLER_55_111,VGND,li1,56.8100,163.2000,0.000000
FILLER_55_105,VGND,li1,55.2000,163.2000,0.000000
FILLER_55_93,VGND,li1,51.0600,163.2000,0.000000
FILLER_55_81,VGND,li1,45.5400,163.2000,0.000000
FILLER_55_69,VGND,li1,40.0200,163.2000,0.000000
FILLER_55_57,VGND,li1,34.5000,163.2000,0.000000
FILLER_55_54,VGND,li1,30.8200,163.2000,0.000000
FILLER_55_42,VGND,li1,27.6000,163.2000,0.000000
FILLER_55_30,VGND,li1,22.0800,163.2000,0.000000
FILLER_55_18,VGND,li1,16.5600,163.2000,0.000000
FILLER_55_6,VGND,li1,11.0400,163.2000,0.000000
FILLER_54_657,VGND,li1,309.5800,157.7600,0.000000
FILLER_54_645,VGND,li1,304.9800,157.7600,0.000000
FILLER_54_643,VGND,li1,301.5300,157.7600,0.000000
FILLER_54_637,VGND,li1,299.9200,157.7600,0.000000
FILLER_54_625,VGND,li1,295.7800,157.7600,0.000000
FILLER_54_613,VGND,li1,290.2600,157.7600,0.000000
FILLER_54_601,VGND,li1,284.7400,157.7600,0.000000
FILLER_54_589,VGND,li1,279.2200,157.7600,0.000000
FILLER_54_587,VGND,li1,275.7700,157.7600,0.000000
FILLER_54_581,VGND,li1,274.1600,157.7600,0.000000
FILLER_54_569,VGND,li1,270.0200,157.7600,0.000000
FILLER_54_557,VGND,li1,264.5000,157.7600,0.000000
FILLER_54_545,VGND,li1,258.9800,157.7600,0.000000
FILLER_54_533,VGND,li1,253.4600,157.7600,0.000000
FILLER_54_531,VGND,li1,250.0100,157.7600,0.000000
FILLER_54_525,VGND,li1,248.4000,157.7600,0.000000
FILLER_54_513,VGND,li1,244.2600,157.7600,0.000000
FILLER_54_501,VGND,li1,238.7400,157.7600,0.000000
FILLER_54_489,VGND,li1,233.2200,157.7600,0.000000
FILLER_54_477,VGND,li1,227.7000,157.7600,0.000000
FILLER_54_475,VGND,li1,224.2500,157.7600,0.000000
FILLER_54_469,VGND,li1,222.6400,157.7600,0.000000
FILLER_54_457,VGND,li1,218.5000,157.7600,0.000000
FILLER_54_445,VGND,li1,212.9800,157.7600,0.000000
FILLER_54_433,VGND,li1,207.4600,157.7600,0.000000
FILLER_54_421,VGND,li1,201.9400,157.7600,0.000000
FILLER_54_419,VGND,li1,198.4900,157.7600,0.000000
FILLER_54_413,VGND,li1,196.8800,157.7600,0.000000
FILLER_54_401,VGND,li1,192.7400,157.7600,0.000000
FILLER_54_389,VGND,li1,187.2200,157.7600,0.000000
FILLER_54_377,VGND,li1,181.7000,157.7600,0.000000
FILLER_54_365,VGND,li1,176.1800,157.7600,0.000000
FILLER_54_363,VGND,li1,172.7300,157.7600,0.000000
FILLER_54_357,VGND,li1,171.1200,157.7600,0.000000
FILLER_54_345,VGND,li1,166.9800,157.7600,0.000000
FILLER_54_333,VGND,li1,161.4600,157.7600,0.000000
FILLER_54_321,VGND,li1,155.9400,157.7600,0.000000
FILLER_54_309,VGND,li1,150.4200,157.7600,0.000000
FILLER_54_307,VGND,li1,146.9700,157.7600,0.000000
FILLER_54_301,VGND,li1,145.3600,157.7600,0.000000
FILLER_54_289,VGND,li1,141.2200,157.7600,0.000000
FILLER_54_277,VGND,li1,135.7000,157.7600,0.000000
FILLER_54_265,VGND,li1,130.1800,157.7600,0.000000
FILLER_54_253,VGND,li1,124.6600,157.7600,0.000000
FILLER_54_251,VGND,li1,121.2100,157.7600,0.000000
FILLER_54_245,VGND,li1,119.6000,157.7600,0.000000
FILLER_54_233,VGND,li1,115.4600,157.7600,0.000000
FILLER_54_221,VGND,li1,109.9400,157.7600,0.000000
FILLER_54_209,VGND,li1,104.4200,157.7600,0.000000
FILLER_54_197,VGND,li1,98.9000,157.7600,0.000000
FILLER_54_195,VGND,li1,95.4500,157.7600,0.000000
FILLER_54_189,VGND,li1,93.8400,157.7600,0.000000
FILLER_54_177,VGND,li1,89.7000,157.7600,0.000000
FILLER_54_165,VGND,li1,84.1800,157.7600,0.000000
FILLER_54_153,VGND,li1,78.6600,157.7600,0.000000
FILLER_54_141,VGND,li1,73.1400,157.7600,0.000000
FILLER_54_139,VGND,li1,69.6900,157.7600,0.000000
FILLER_54_133,VGND,li1,68.0800,157.7600,0.000000
FILLER_54_121,VGND,li1,63.9400,157.7600,0.000000
FILLER_54_109,VGND,li1,58.4200,157.7600,0.000000
FILLER_54_97,VGND,li1,52.9000,157.7600,0.000000
FILLER_54_85,VGND,li1,47.3800,157.7600,0.000000
FILLER_54_83,VGND,li1,43.9300,157.7600,0.000000
FILLER_54_77,VGND,li1,42.3200,157.7600,0.000000
FILLER_54_65,VGND,li1,38.1800,157.7600,0.000000
FILLER_54_53,VGND,li1,32.6600,157.7600,0.000000
FILLER_54_41,VGND,li1,27.1400,157.7600,0.000000
FILLER_54_29,VGND,li1,21.6200,157.7600,0.000000
FILLER_54_26,VGND,li1,17.9400,157.7600,0.000000
FILLER_54_18,VGND,li1,15.6400,157.7600,0.000000
FILLER_54_6,VGND,li1,11.0400,157.7600,0.000000
FILLER_53_665,VGND,li1,312.1100,157.7600,0.000000
FILLER_53_653,VGND,li1,308.6600,157.7600,0.000000
FILLER_53_641,VGND,li1,303.1400,157.7600,0.000000
FILLER_53_629,VGND,li1,297.6200,157.7600,0.000000
FILLER_53_617,VGND,li1,292.1000,157.7600,0.000000
FILLER_53_615,VGND,li1,288.6500,157.7600,0.000000
FILLER_53_609,VGND,li1,287.0400,157.7600,0.000000
FILLER_53_597,VGND,li1,282.9000,157.7600,0.000000
FILLER_53_585,VGND,li1,277.3800,157.7600,0.000000
FILLER_53_573,VGND,li1,271.8600,157.7600,0.000000
FILLER_53_561,VGND,li1,266.3400,157.7600,0.000000
FILLER_53_559,VGND,li1,262.8900,157.7600,0.000000
FILLER_53_553,VGND,li1,261.2800,157.7600,0.000000
FILLER_53_541,VGND,li1,257.1400,157.7600,0.000000
FILLER_53_529,VGND,li1,251.6200,157.7600,0.000000
FILLER_53_517,VGND,li1,246.1000,157.7600,0.000000
FILLER_53_505,VGND,li1,240.5800,157.7600,0.000000
FILLER_53_503,VGND,li1,237.1300,157.7600,0.000000
FILLER_53_497,VGND,li1,235.5200,157.7600,0.000000
FILLER_53_485,VGND,li1,231.3800,157.7600,0.000000
FILLER_53_473,VGND,li1,225.8600,157.7600,0.000000
FILLER_53_461,VGND,li1,220.3400,157.7600,0.000000
FILLER_53_449,VGND,li1,214.8200,157.7600,0.000000
FILLER_53_447,VGND,li1,211.3700,157.7600,0.000000
FILLER_53_441,VGND,li1,209.7600,157.7600,0.000000
FILLER_53_429,VGND,li1,205.6200,157.7600,0.000000
FILLER_53_417,VGND,li1,200.1000,157.7600,0.000000
FILLER_53_405,VGND,li1,194.5800,157.7600,0.000000
FILLER_53_393,VGND,li1,189.0600,157.7600,0.000000
FILLER_53_391,VGND,li1,185.6100,157.7600,0.000000
FILLER_53_385,VGND,li1,184.0000,157.7600,0.000000
FILLER_53_373,VGND,li1,179.8600,157.7600,0.000000
FILLER_53_361,VGND,li1,174.3400,157.7600,0.000000
FILLER_53_349,VGND,li1,168.8200,157.7600,0.000000
FILLER_53_337,VGND,li1,163.3000,157.7600,0.000000
FILLER_53_335,VGND,li1,159.8500,157.7600,0.000000
FILLER_53_329,VGND,li1,158.2400,157.7600,0.000000
FILLER_53_317,VGND,li1,154.1000,157.7600,0.000000
FILLER_53_305,VGND,li1,148.5800,157.7600,0.000000
FILLER_53_293,VGND,li1,143.0600,157.7600,0.000000
FILLER_53_281,VGND,li1,137.5400,157.7600,0.000000
FILLER_53_279,VGND,li1,134.0900,157.7600,0.000000
FILLER_53_273,VGND,li1,132.4800,157.7600,0.000000
FILLER_53_261,VGND,li1,128.3400,157.7600,0.000000
FILLER_53_249,VGND,li1,122.8200,157.7600,0.000000
FILLER_53_237,VGND,li1,117.3000,157.7600,0.000000
FILLER_53_225,VGND,li1,111.7800,157.7600,0.000000
FILLER_53_223,VGND,li1,108.3300,157.7600,0.000000
FILLER_53_217,VGND,li1,106.7200,157.7600,0.000000
FILLER_53_205,VGND,li1,102.5800,157.7600,0.000000
FILLER_53_193,VGND,li1,97.0600,157.7600,0.000000
FILLER_53_181,VGND,li1,91.5400,157.7600,0.000000
FILLER_53_169,VGND,li1,86.0200,157.7600,0.000000
FILLER_53_167,VGND,li1,82.5700,157.7600,0.000000
FILLER_53_161,VGND,li1,80.9600,157.7600,0.000000
FILLER_53_149,VGND,li1,76.8200,157.7600,0.000000
FILLER_53_137,VGND,li1,71.3000,157.7600,0.000000
FILLER_53_125,VGND,li1,65.7800,157.7600,0.000000
FILLER_53_113,VGND,li1,60.2600,157.7600,0.000000
FILLER_53_111,VGND,li1,56.8100,157.7600,0.000000
FILLER_53_105,VGND,li1,55.2000,157.7600,0.000000
FILLER_53_93,VGND,li1,51.0600,157.7600,0.000000
FILLER_53_81,VGND,li1,45.5400,157.7600,0.000000
FILLER_53_69,VGND,li1,40.0200,157.7600,0.000000
FILLER_53_57,VGND,li1,34.5000,157.7600,0.000000
FILLER_53_55,VGND,li1,31.0500,157.7600,0.000000
FILLER_53_51,VGND,li1,29.9000,157.7600,0.000000
FILLER_53_39,VGND,li1,26.2200,157.7600,0.000000
FILLER_53_27,VGND,li1,20.7000,157.7600,0.000000
FILLER_53_15,VGND,li1,15.1800,157.7600,0.000000
FILLER_53_3,VGND,li1,9.6600,157.7600,0.000000
FILLER_52_657,VGND,li1,309.5800,152.3200,0.000000
FILLER_52_645,VGND,li1,304.9800,152.3200,0.000000
FILLER_52_643,VGND,li1,301.5300,152.3200,0.000000
FILLER_52_637,VGND,li1,299.9200,152.3200,0.000000
FILLER_52_625,VGND,li1,295.7800,152.3200,0.000000
FILLER_52_613,VGND,li1,290.2600,152.3200,0.000000
FILLER_52_601,VGND,li1,284.7400,152.3200,0.000000
FILLER_52_589,VGND,li1,279.2200,152.3200,0.000000
FILLER_52_587,VGND,li1,275.7700,152.3200,0.000000
FILLER_52_581,VGND,li1,274.1600,152.3200,0.000000
FILLER_52_569,VGND,li1,270.0200,152.3200,0.000000
FILLER_52_557,VGND,li1,264.5000,152.3200,0.000000
FILLER_52_545,VGND,li1,258.9800,152.3200,0.000000
FILLER_52_533,VGND,li1,253.4600,152.3200,0.000000
FILLER_52_531,VGND,li1,250.0100,152.3200,0.000000
FILLER_52_525,VGND,li1,248.4000,152.3200,0.000000
FILLER_52_513,VGND,li1,244.2600,152.3200,0.000000
FILLER_52_501,VGND,li1,238.7400,152.3200,0.000000
FILLER_52_489,VGND,li1,233.2200,152.3200,0.000000
FILLER_52_477,VGND,li1,227.7000,152.3200,0.000000
FILLER_52_475,VGND,li1,224.2500,152.3200,0.000000
FILLER_52_469,VGND,li1,222.6400,152.3200,0.000000
FILLER_52_457,VGND,li1,218.5000,152.3200,0.000000
FILLER_52_445,VGND,li1,212.9800,152.3200,0.000000
FILLER_52_433,VGND,li1,207.4600,152.3200,0.000000
FILLER_52_421,VGND,li1,201.9400,152.3200,0.000000
FILLER_52_419,VGND,li1,198.4900,152.3200,0.000000
FILLER_52_413,VGND,li1,196.8800,152.3200,0.000000
FILLER_52_401,VGND,li1,192.7400,152.3200,0.000000
FILLER_52_389,VGND,li1,187.2200,152.3200,0.000000
FILLER_52_377,VGND,li1,181.7000,152.3200,0.000000
FILLER_52_365,VGND,li1,176.1800,152.3200,0.000000
FILLER_52_363,VGND,li1,172.7300,152.3200,0.000000
FILLER_52_357,VGND,li1,171.1200,152.3200,0.000000
FILLER_52_345,VGND,li1,166.9800,152.3200,0.000000
FILLER_52_333,VGND,li1,161.4600,152.3200,0.000000
FILLER_52_321,VGND,li1,155.9400,152.3200,0.000000
FILLER_52_309,VGND,li1,150.4200,152.3200,0.000000
FILLER_52_307,VGND,li1,146.9700,152.3200,0.000000
FILLER_52_301,VGND,li1,145.3600,152.3200,0.000000
FILLER_52_289,VGND,li1,141.2200,152.3200,0.000000
FILLER_52_277,VGND,li1,135.7000,152.3200,0.000000
FILLER_52_265,VGND,li1,130.1800,152.3200,0.000000
FILLER_52_253,VGND,li1,124.6600,152.3200,0.000000
FILLER_52_251,VGND,li1,121.2100,152.3200,0.000000
FILLER_52_245,VGND,li1,119.6000,152.3200,0.000000
FILLER_52_233,VGND,li1,115.4600,152.3200,0.000000
FILLER_52_221,VGND,li1,109.9400,152.3200,0.000000
FILLER_52_209,VGND,li1,104.4200,152.3200,0.000000
FILLER_52_197,VGND,li1,98.9000,152.3200,0.000000
FILLER_52_195,VGND,li1,95.4500,152.3200,0.000000
FILLER_52_189,VGND,li1,93.8400,152.3200,0.000000
FILLER_52_177,VGND,li1,89.7000,152.3200,0.000000
FILLER_52_165,VGND,li1,84.1800,152.3200,0.000000
FILLER_52_153,VGND,li1,78.6600,152.3200,0.000000
FILLER_52_141,VGND,li1,73.1400,152.3200,0.000000
FILLER_52_139,VGND,li1,69.6900,152.3200,0.000000
FILLER_52_133,VGND,li1,68.0800,152.3200,0.000000
FILLER_52_121,VGND,li1,63.9400,152.3200,0.000000
FILLER_52_109,VGND,li1,58.4200,152.3200,0.000000
FILLER_52_97,VGND,li1,52.9000,152.3200,0.000000
FILLER_52_85,VGND,li1,47.3800,152.3200,0.000000
FILLER_52_83,VGND,li1,43.9300,152.3200,0.000000
FILLER_52_77,VGND,li1,42.3200,152.3200,0.000000
FILLER_52_65,VGND,li1,38.1800,152.3200,0.000000
FILLER_52_53,VGND,li1,32.6600,152.3200,0.000000
FILLER_52_41,VGND,li1,27.1400,152.3200,0.000000
FILLER_52_29,VGND,li1,21.6200,152.3200,0.000000
FILLER_52_26,VGND,li1,17.9400,152.3200,0.000000
FILLER_52_18,VGND,li1,15.6400,152.3200,0.000000
FILLER_52_6,VGND,li1,11.0400,152.3200,0.000000
FILLER_51_653,VGND,li1,308.6600,152.3200,0.000000
FILLER_51_641,VGND,li1,303.1400,152.3200,0.000000
FILLER_51_629,VGND,li1,297.6200,152.3200,0.000000
FILLER_51_617,VGND,li1,292.1000,152.3200,0.000000
FILLER_51_615,VGND,li1,288.6500,152.3200,0.000000
FILLER_51_609,VGND,li1,287.0400,152.3200,0.000000
FILLER_51_597,VGND,li1,282.9000,152.3200,0.000000
FILLER_51_585,VGND,li1,277.3800,152.3200,0.000000
FILLER_51_573,VGND,li1,271.8600,152.3200,0.000000
FILLER_51_561,VGND,li1,266.3400,152.3200,0.000000
FILLER_51_559,VGND,li1,262.8900,152.3200,0.000000
FILLER_51_553,VGND,li1,261.2800,152.3200,0.000000
FILLER_51_541,VGND,li1,257.1400,152.3200,0.000000
FILLER_51_529,VGND,li1,251.6200,152.3200,0.000000
FILLER_51_517,VGND,li1,246.1000,152.3200,0.000000
FILLER_51_505,VGND,li1,240.5800,152.3200,0.000000
FILLER_51_503,VGND,li1,237.1300,152.3200,0.000000
FILLER_51_497,VGND,li1,235.5200,152.3200,0.000000
FILLER_51_485,VGND,li1,231.3800,152.3200,0.000000
FILLER_51_473,VGND,li1,225.8600,152.3200,0.000000
FILLER_51_461,VGND,li1,220.3400,152.3200,0.000000
FILLER_51_449,VGND,li1,214.8200,152.3200,0.000000
FILLER_51_447,VGND,li1,211.3700,152.3200,0.000000
FILLER_51_441,VGND,li1,209.7600,152.3200,0.000000
FILLER_51_429,VGND,li1,205.6200,152.3200,0.000000
FILLER_51_417,VGND,li1,200.1000,152.3200,0.000000
FILLER_51_405,VGND,li1,194.5800,152.3200,0.000000
FILLER_51_393,VGND,li1,189.0600,152.3200,0.000000
FILLER_51_391,VGND,li1,185.6100,152.3200,0.000000
FILLER_51_385,VGND,li1,184.0000,152.3200,0.000000
FILLER_51_373,VGND,li1,179.8600,152.3200,0.000000
FILLER_51_361,VGND,li1,174.3400,152.3200,0.000000
FILLER_51_349,VGND,li1,168.8200,152.3200,0.000000
FILLER_51_337,VGND,li1,163.3000,152.3200,0.000000
FILLER_51_335,VGND,li1,159.8500,152.3200,0.000000
FILLER_51_329,VGND,li1,158.2400,152.3200,0.000000
FILLER_51_317,VGND,li1,154.1000,152.3200,0.000000
FILLER_51_305,VGND,li1,148.5800,152.3200,0.000000
FILLER_51_293,VGND,li1,143.0600,152.3200,0.000000
FILLER_51_281,VGND,li1,137.5400,152.3200,0.000000
FILLER_51_279,VGND,li1,134.0900,152.3200,0.000000
FILLER_51_273,VGND,li1,132.4800,152.3200,0.000000
FILLER_51_261,VGND,li1,128.3400,152.3200,0.000000
FILLER_51_249,VGND,li1,122.8200,152.3200,0.000000
FILLER_51_237,VGND,li1,117.3000,152.3200,0.000000
FILLER_51_225,VGND,li1,111.7800,152.3200,0.000000
FILLER_51_223,VGND,li1,108.3300,152.3200,0.000000
FILLER_51_217,VGND,li1,106.7200,152.3200,0.000000
FILLER_51_205,VGND,li1,102.5800,152.3200,0.000000
FILLER_51_193,VGND,li1,97.0600,152.3200,0.000000
FILLER_51_181,VGND,li1,91.5400,152.3200,0.000000
FILLER_51_169,VGND,li1,86.0200,152.3200,0.000000
FILLER_51_167,VGND,li1,82.5700,152.3200,0.000000
FILLER_51_161,VGND,li1,80.9600,152.3200,0.000000
FILLER_51_149,VGND,li1,76.8200,152.3200,0.000000
FILLER_51_137,VGND,li1,71.3000,152.3200,0.000000
FILLER_51_125,VGND,li1,65.7800,152.3200,0.000000
FILLER_51_113,VGND,li1,60.2600,152.3200,0.000000
FILLER_51_111,VGND,li1,56.8100,152.3200,0.000000
FILLER_51_105,VGND,li1,55.2000,152.3200,0.000000
FILLER_51_93,VGND,li1,51.0600,152.3200,0.000000
FILLER_51_81,VGND,li1,45.5400,152.3200,0.000000
FILLER_51_69,VGND,li1,40.0200,152.3200,0.000000
FILLER_51_57,VGND,li1,34.5000,152.3200,0.000000
FILLER_51_54,VGND,li1,30.8200,152.3200,0.000000
FILLER_51_42,VGND,li1,27.6000,152.3200,0.000000
FILLER_51_30,VGND,li1,22.0800,152.3200,0.000000
FILLER_51_18,VGND,li1,16.5600,152.3200,0.000000
FILLER_51_6,VGND,li1,11.0400,152.3200,0.000000
FILLER_50_657,VGND,li1,309.5800,146.8800,0.000000
FILLER_50_645,VGND,li1,304.9800,146.8800,0.000000
FILLER_50_643,VGND,li1,301.5300,146.8800,0.000000
FILLER_50_637,VGND,li1,299.9200,146.8800,0.000000
FILLER_50_625,VGND,li1,295.7800,146.8800,0.000000
FILLER_50_613,VGND,li1,290.2600,146.8800,0.000000
FILLER_50_601,VGND,li1,284.7400,146.8800,0.000000
FILLER_50_589,VGND,li1,279.2200,146.8800,0.000000
FILLER_50_587,VGND,li1,275.7700,146.8800,0.000000
FILLER_50_581,VGND,li1,274.1600,146.8800,0.000000
FILLER_50_569,VGND,li1,270.0200,146.8800,0.000000
FILLER_50_557,VGND,li1,264.5000,146.8800,0.000000
FILLER_50_545,VGND,li1,258.9800,146.8800,0.000000
FILLER_50_533,VGND,li1,253.4600,146.8800,0.000000
FILLER_50_531,VGND,li1,250.0100,146.8800,0.000000
FILLER_50_525,VGND,li1,248.4000,146.8800,0.000000
FILLER_50_513,VGND,li1,244.2600,146.8800,0.000000
FILLER_50_501,VGND,li1,238.7400,146.8800,0.000000
FILLER_50_489,VGND,li1,233.2200,146.8800,0.000000
FILLER_50_477,VGND,li1,227.7000,146.8800,0.000000
FILLER_50_475,VGND,li1,224.2500,146.8800,0.000000
FILLER_50_469,VGND,li1,222.6400,146.8800,0.000000
FILLER_50_457,VGND,li1,218.5000,146.8800,0.000000
FILLER_50_445,VGND,li1,212.9800,146.8800,0.000000
FILLER_50_433,VGND,li1,207.4600,146.8800,0.000000
FILLER_50_421,VGND,li1,201.9400,146.8800,0.000000
FILLER_50_419,VGND,li1,198.4900,146.8800,0.000000
FILLER_50_413,VGND,li1,196.8800,146.8800,0.000000
FILLER_50_401,VGND,li1,192.7400,146.8800,0.000000
FILLER_50_389,VGND,li1,187.2200,146.8800,0.000000
FILLER_50_377,VGND,li1,181.7000,146.8800,0.000000
FILLER_50_365,VGND,li1,176.1800,146.8800,0.000000
FILLER_50_363,VGND,li1,172.7300,146.8800,0.000000
FILLER_50_357,VGND,li1,171.1200,146.8800,0.000000
FILLER_50_345,VGND,li1,166.9800,146.8800,0.000000
FILLER_50_333,VGND,li1,161.4600,146.8800,0.000000
FILLER_50_321,VGND,li1,155.9400,146.8800,0.000000
FILLER_50_309,VGND,li1,150.4200,146.8800,0.000000
FILLER_50_307,VGND,li1,146.9700,146.8800,0.000000
FILLER_50_301,VGND,li1,145.3600,146.8800,0.000000
FILLER_50_289,VGND,li1,141.2200,146.8800,0.000000
FILLER_50_277,VGND,li1,135.7000,146.8800,0.000000
FILLER_50_265,VGND,li1,130.1800,146.8800,0.000000
FILLER_50_253,VGND,li1,124.6600,146.8800,0.000000
FILLER_50_251,VGND,li1,121.2100,146.8800,0.000000
FILLER_50_245,VGND,li1,119.6000,146.8800,0.000000
FILLER_50_233,VGND,li1,115.4600,146.8800,0.000000
FILLER_50_221,VGND,li1,109.9400,146.8800,0.000000
FILLER_50_209,VGND,li1,104.4200,146.8800,0.000000
FILLER_50_197,VGND,li1,98.9000,146.8800,0.000000
FILLER_50_195,VGND,li1,95.4500,146.8800,0.000000
FILLER_50_189,VGND,li1,93.8400,146.8800,0.000000
FILLER_50_177,VGND,li1,89.7000,146.8800,0.000000
FILLER_50_165,VGND,li1,84.1800,146.8800,0.000000
FILLER_50_153,VGND,li1,78.6600,146.8800,0.000000
FILLER_50_141,VGND,li1,73.1400,146.8800,0.000000
FILLER_50_139,VGND,li1,69.6900,146.8800,0.000000
FILLER_50_133,VGND,li1,68.0800,146.8800,0.000000
FILLER_50_121,VGND,li1,63.9400,146.8800,0.000000
FILLER_50_109,VGND,li1,58.4200,146.8800,0.000000
FILLER_50_97,VGND,li1,52.9000,146.8800,0.000000
FILLER_50_85,VGND,li1,47.3800,146.8800,0.000000
FILLER_50_83,VGND,li1,43.9300,146.8800,0.000000
FILLER_50_77,VGND,li1,42.3200,146.8800,0.000000
FILLER_50_65,VGND,li1,38.1800,146.8800,0.000000
FILLER_50_53,VGND,li1,32.6600,146.8800,0.000000
FILLER_50_41,VGND,li1,27.1400,146.8800,0.000000
FILLER_50_29,VGND,li1,21.6200,146.8800,0.000000
FILLER_50_26,VGND,li1,17.9400,146.8800,0.000000
FILLER_50_18,VGND,li1,15.6400,146.8800,0.000000
FILLER_50_6,VGND,li1,11.0400,146.8800,0.000000
FILLER_49_653,VGND,li1,308.6600,146.8800,0.000000
FILLER_49_641,VGND,li1,303.1400,146.8800,0.000000
FILLER_49_629,VGND,li1,297.6200,146.8800,0.000000
FILLER_49_617,VGND,li1,292.1000,146.8800,0.000000
FILLER_49_615,VGND,li1,288.6500,146.8800,0.000000
FILLER_49_609,VGND,li1,287.0400,146.8800,0.000000
FILLER_49_597,VGND,li1,282.9000,146.8800,0.000000
FILLER_49_585,VGND,li1,277.3800,146.8800,0.000000
FILLER_49_573,VGND,li1,271.8600,146.8800,0.000000
FILLER_49_561,VGND,li1,266.3400,146.8800,0.000000
FILLER_49_559,VGND,li1,262.8900,146.8800,0.000000
FILLER_49_553,VGND,li1,261.2800,146.8800,0.000000
FILLER_49_541,VGND,li1,257.1400,146.8800,0.000000
FILLER_49_529,VGND,li1,251.6200,146.8800,0.000000
FILLER_49_517,VGND,li1,246.1000,146.8800,0.000000
FILLER_49_505,VGND,li1,240.5800,146.8800,0.000000
FILLER_49_503,VGND,li1,237.1300,146.8800,0.000000
FILLER_49_497,VGND,li1,235.5200,146.8800,0.000000
FILLER_49_485,VGND,li1,231.3800,146.8800,0.000000
FILLER_49_473,VGND,li1,225.8600,146.8800,0.000000
FILLER_49_461,VGND,li1,220.3400,146.8800,0.000000
FILLER_49_449,VGND,li1,214.8200,146.8800,0.000000
FILLER_49_447,VGND,li1,211.3700,146.8800,0.000000
FILLER_49_441,VGND,li1,209.7600,146.8800,0.000000
FILLER_49_429,VGND,li1,205.6200,146.8800,0.000000
FILLER_49_417,VGND,li1,200.1000,146.8800,0.000000
FILLER_49_405,VGND,li1,194.5800,146.8800,0.000000
FILLER_49_393,VGND,li1,189.0600,146.8800,0.000000
FILLER_49_391,VGND,li1,185.6100,146.8800,0.000000
FILLER_49_385,VGND,li1,184.0000,146.8800,0.000000
FILLER_49_373,VGND,li1,179.8600,146.8800,0.000000
FILLER_49_361,VGND,li1,174.3400,146.8800,0.000000
FILLER_49_349,VGND,li1,168.8200,146.8800,0.000000
FILLER_49_337,VGND,li1,163.3000,146.8800,0.000000
FILLER_49_335,VGND,li1,159.8500,146.8800,0.000000
FILLER_49_329,VGND,li1,158.2400,146.8800,0.000000
FILLER_49_317,VGND,li1,154.1000,146.8800,0.000000
FILLER_49_305,VGND,li1,148.5800,146.8800,0.000000
FILLER_49_293,VGND,li1,143.0600,146.8800,0.000000
FILLER_49_281,VGND,li1,137.5400,146.8800,0.000000
FILLER_49_279,VGND,li1,134.0900,146.8800,0.000000
FILLER_49_273,VGND,li1,132.4800,146.8800,0.000000
FILLER_49_261,VGND,li1,128.3400,146.8800,0.000000
FILLER_49_249,VGND,li1,122.8200,146.8800,0.000000
FILLER_49_237,VGND,li1,117.3000,146.8800,0.000000
FILLER_49_225,VGND,li1,111.7800,146.8800,0.000000
FILLER_49_223,VGND,li1,108.3300,146.8800,0.000000
FILLER_49_217,VGND,li1,106.7200,146.8800,0.000000
FILLER_49_205,VGND,li1,102.5800,146.8800,0.000000
FILLER_49_193,VGND,li1,97.0600,146.8800,0.000000
FILLER_49_181,VGND,li1,91.5400,146.8800,0.000000
FILLER_49_169,VGND,li1,86.0200,146.8800,0.000000
FILLER_49_167,VGND,li1,82.5700,146.8800,0.000000
FILLER_49_161,VGND,li1,80.9600,146.8800,0.000000
FILLER_49_149,VGND,li1,76.8200,146.8800,0.000000
FILLER_49_137,VGND,li1,71.3000,146.8800,0.000000
FILLER_49_125,VGND,li1,65.7800,146.8800,0.000000
FILLER_49_113,VGND,li1,60.2600,146.8800,0.000000
FILLER_49_111,VGND,li1,56.8100,146.8800,0.000000
FILLER_49_105,VGND,li1,55.2000,146.8800,0.000000
FILLER_49_93,VGND,li1,51.0600,146.8800,0.000000
FILLER_49_81,VGND,li1,45.5400,146.8800,0.000000
FILLER_49_69,VGND,li1,40.0200,146.8800,0.000000
FILLER_49_57,VGND,li1,34.5000,146.8800,0.000000
FILLER_49_54,VGND,li1,30.8200,146.8800,0.000000
FILLER_49_42,VGND,li1,27.6000,146.8800,0.000000
FILLER_49_30,VGND,li1,22.0800,146.8800,0.000000
FILLER_49_18,VGND,li1,16.5600,146.8800,0.000000
FILLER_49_6,VGND,li1,11.0400,146.8800,0.000000
FILLER_48_665,VGND,li1,312.1100,141.4400,0.000000
FILLER_48_657,VGND,li1,309.5800,141.4400,0.000000
FILLER_48_645,VGND,li1,304.9800,141.4400,0.000000
FILLER_48_643,VGND,li1,301.5300,141.4400,0.000000
FILLER_48_637,VGND,li1,299.9200,141.4400,0.000000
FILLER_48_625,VGND,li1,295.7800,141.4400,0.000000
FILLER_48_613,VGND,li1,290.2600,141.4400,0.000000
FILLER_48_601,VGND,li1,284.7400,141.4400,0.000000
FILLER_48_589,VGND,li1,279.2200,141.4400,0.000000
FILLER_48_587,VGND,li1,275.7700,141.4400,0.000000
FILLER_48_581,VGND,li1,274.1600,141.4400,0.000000
FILLER_48_569,VGND,li1,270.0200,141.4400,0.000000
FILLER_48_557,VGND,li1,264.5000,141.4400,0.000000
FILLER_48_545,VGND,li1,258.9800,141.4400,0.000000
FILLER_48_533,VGND,li1,253.4600,141.4400,0.000000
FILLER_48_531,VGND,li1,250.0100,141.4400,0.000000
FILLER_48_525,VGND,li1,248.4000,141.4400,0.000000
FILLER_48_513,VGND,li1,244.2600,141.4400,0.000000
FILLER_48_501,VGND,li1,238.7400,141.4400,0.000000
FILLER_48_489,VGND,li1,233.2200,141.4400,0.000000
FILLER_48_477,VGND,li1,227.7000,141.4400,0.000000
FILLER_48_475,VGND,li1,224.2500,141.4400,0.000000
FILLER_48_469,VGND,li1,222.6400,141.4400,0.000000
FILLER_48_457,VGND,li1,218.5000,141.4400,0.000000
FILLER_48_445,VGND,li1,212.9800,141.4400,0.000000
FILLER_48_433,VGND,li1,207.4600,141.4400,0.000000
FILLER_48_421,VGND,li1,201.9400,141.4400,0.000000
FILLER_48_419,VGND,li1,198.4900,141.4400,0.000000
FILLER_48_413,VGND,li1,196.8800,141.4400,0.000000
FILLER_48_401,VGND,li1,192.7400,141.4400,0.000000
FILLER_48_389,VGND,li1,187.2200,141.4400,0.000000
FILLER_48_377,VGND,li1,181.7000,141.4400,0.000000
FILLER_48_365,VGND,li1,176.1800,141.4400,0.000000
FILLER_48_363,VGND,li1,172.7300,141.4400,0.000000
FILLER_48_357,VGND,li1,171.1200,141.4400,0.000000
FILLER_48_345,VGND,li1,166.9800,141.4400,0.000000
FILLER_48_333,VGND,li1,161.4600,141.4400,0.000000
FILLER_48_321,VGND,li1,155.9400,141.4400,0.000000
FILLER_48_309,VGND,li1,150.4200,141.4400,0.000000
FILLER_48_307,VGND,li1,146.9700,141.4400,0.000000
FILLER_48_301,VGND,li1,145.3600,141.4400,0.000000
FILLER_48_289,VGND,li1,141.2200,141.4400,0.000000
FILLER_48_277,VGND,li1,135.7000,141.4400,0.000000
FILLER_48_265,VGND,li1,130.1800,141.4400,0.000000
FILLER_48_253,VGND,li1,124.6600,141.4400,0.000000
FILLER_48_251,VGND,li1,121.2100,141.4400,0.000000
FILLER_48_245,VGND,li1,119.6000,141.4400,0.000000
FILLER_48_233,VGND,li1,115.4600,141.4400,0.000000
FILLER_48_221,VGND,li1,109.9400,141.4400,0.000000
FILLER_48_209,VGND,li1,104.4200,141.4400,0.000000
FILLER_48_197,VGND,li1,98.9000,141.4400,0.000000
FILLER_48_195,VGND,li1,95.4500,141.4400,0.000000
FILLER_48_189,VGND,li1,93.8400,141.4400,0.000000
FILLER_48_177,VGND,li1,89.7000,141.4400,0.000000
FILLER_48_165,VGND,li1,84.1800,141.4400,0.000000
FILLER_48_153,VGND,li1,78.6600,141.4400,0.000000
FILLER_48_141,VGND,li1,73.1400,141.4400,0.000000
FILLER_48_139,VGND,li1,69.6900,141.4400,0.000000
FILLER_48_133,VGND,li1,68.0800,141.4400,0.000000
FILLER_48_121,VGND,li1,63.9400,141.4400,0.000000
FILLER_48_109,VGND,li1,58.4200,141.4400,0.000000
FILLER_48_97,VGND,li1,52.9000,141.4400,0.000000
FILLER_48_85,VGND,li1,47.3800,141.4400,0.000000
FILLER_48_83,VGND,li1,43.9300,141.4400,0.000000
FILLER_48_77,VGND,li1,42.3200,141.4400,0.000000
FILLER_48_65,VGND,li1,38.1800,141.4400,0.000000
FILLER_48_53,VGND,li1,32.6600,141.4400,0.000000
FILLER_48_41,VGND,li1,27.1400,141.4400,0.000000
FILLER_48_29,VGND,li1,21.6200,141.4400,0.000000
FILLER_48_27,VGND,li1,18.1700,141.4400,0.000000
FILLER_48_15,VGND,li1,15.1800,141.4400,0.000000
FILLER_48_3,VGND,li1,9.6600,141.4400,0.000000
FILLER_47_653,VGND,li1,308.6600,141.4400,0.000000
FILLER_47_641,VGND,li1,303.1400,141.4400,0.000000
FILLER_47_629,VGND,li1,297.6200,141.4400,0.000000
FILLER_47_617,VGND,li1,292.1000,141.4400,0.000000
FILLER_47_615,VGND,li1,288.6500,141.4400,0.000000
FILLER_47_609,VGND,li1,287.0400,141.4400,0.000000
FILLER_47_597,VGND,li1,282.9000,141.4400,0.000000
FILLER_47_585,VGND,li1,277.3800,141.4400,0.000000
FILLER_47_573,VGND,li1,271.8600,141.4400,0.000000
FILLER_47_561,VGND,li1,266.3400,141.4400,0.000000
FILLER_47_559,VGND,li1,262.8900,141.4400,0.000000
FILLER_47_553,VGND,li1,261.2800,141.4400,0.000000
FILLER_47_541,VGND,li1,257.1400,141.4400,0.000000
FILLER_47_529,VGND,li1,251.6200,141.4400,0.000000
FILLER_47_517,VGND,li1,246.1000,141.4400,0.000000
FILLER_47_505,VGND,li1,240.5800,141.4400,0.000000
FILLER_47_503,VGND,li1,237.1300,141.4400,0.000000
FILLER_47_497,VGND,li1,235.5200,141.4400,0.000000
FILLER_47_485,VGND,li1,231.3800,141.4400,0.000000
FILLER_47_473,VGND,li1,225.8600,141.4400,0.000000
FILLER_47_461,VGND,li1,220.3400,141.4400,0.000000
FILLER_47_449,VGND,li1,214.8200,141.4400,0.000000
FILLER_47_447,VGND,li1,211.3700,141.4400,0.000000
FILLER_47_441,VGND,li1,209.7600,141.4400,0.000000
FILLER_47_429,VGND,li1,205.6200,141.4400,0.000000
FILLER_47_417,VGND,li1,200.1000,141.4400,0.000000
FILLER_47_405,VGND,li1,194.5800,141.4400,0.000000
FILLER_47_393,VGND,li1,189.0600,141.4400,0.000000
FILLER_47_391,VGND,li1,185.6100,141.4400,0.000000
FILLER_47_385,VGND,li1,184.0000,141.4400,0.000000
FILLER_47_373,VGND,li1,179.8600,141.4400,0.000000
FILLER_47_361,VGND,li1,174.3400,141.4400,0.000000
FILLER_47_349,VGND,li1,168.8200,141.4400,0.000000
FILLER_47_337,VGND,li1,163.3000,141.4400,0.000000
FILLER_47_335,VGND,li1,159.8500,141.4400,0.000000
FILLER_47_329,VGND,li1,158.2400,141.4400,0.000000
FILLER_47_317,VGND,li1,154.1000,141.4400,0.000000
FILLER_47_305,VGND,li1,148.5800,141.4400,0.000000
FILLER_47_293,VGND,li1,143.0600,141.4400,0.000000
FILLER_47_281,VGND,li1,137.5400,141.4400,0.000000
FILLER_47_279,VGND,li1,134.0900,141.4400,0.000000
FILLER_47_273,VGND,li1,132.4800,141.4400,0.000000
FILLER_47_261,VGND,li1,128.3400,141.4400,0.000000
FILLER_47_249,VGND,li1,122.8200,141.4400,0.000000
FILLER_47_237,VGND,li1,117.3000,141.4400,0.000000
FILLER_47_225,VGND,li1,111.7800,141.4400,0.000000
FILLER_47_223,VGND,li1,108.3300,141.4400,0.000000
FILLER_47_217,VGND,li1,106.7200,141.4400,0.000000
FILLER_47_205,VGND,li1,102.5800,141.4400,0.000000
FILLER_47_193,VGND,li1,97.0600,141.4400,0.000000
FILLER_47_181,VGND,li1,91.5400,141.4400,0.000000
FILLER_47_169,VGND,li1,86.0200,141.4400,0.000000
FILLER_47_167,VGND,li1,82.5700,141.4400,0.000000
FILLER_47_161,VGND,li1,80.9600,141.4400,0.000000
FILLER_47_149,VGND,li1,76.8200,141.4400,0.000000
FILLER_47_137,VGND,li1,71.3000,141.4400,0.000000
FILLER_47_125,VGND,li1,65.7800,141.4400,0.000000
FILLER_47_113,VGND,li1,60.2600,141.4400,0.000000
FILLER_47_111,VGND,li1,56.8100,141.4400,0.000000
FILLER_47_105,VGND,li1,55.2000,141.4400,0.000000
FILLER_47_93,VGND,li1,51.0600,141.4400,0.000000
FILLER_47_81,VGND,li1,45.5400,141.4400,0.000000
FILLER_47_69,VGND,li1,40.0200,141.4400,0.000000
FILLER_47_57,VGND,li1,34.5000,141.4400,0.000000
FILLER_47_54,VGND,li1,30.8200,141.4400,0.000000
FILLER_47_42,VGND,li1,27.6000,141.4400,0.000000
FILLER_47_30,VGND,li1,22.0800,141.4400,0.000000
FILLER_47_18,VGND,li1,16.5600,141.4400,0.000000
FILLER_47_6,VGND,li1,11.0400,141.4400,0.000000
FILLER_46_657,VGND,li1,309.5800,136.0000,0.000000
FILLER_46_645,VGND,li1,304.9800,136.0000,0.000000
FILLER_46_643,VGND,li1,301.5300,136.0000,0.000000
FILLER_46_637,VGND,li1,299.9200,136.0000,0.000000
FILLER_46_625,VGND,li1,295.7800,136.0000,0.000000
FILLER_46_613,VGND,li1,290.2600,136.0000,0.000000
FILLER_46_601,VGND,li1,284.7400,136.0000,0.000000
FILLER_46_589,VGND,li1,279.2200,136.0000,0.000000
FILLER_46_587,VGND,li1,275.7700,136.0000,0.000000
FILLER_46_581,VGND,li1,274.1600,136.0000,0.000000
FILLER_46_569,VGND,li1,270.0200,136.0000,0.000000
FILLER_46_557,VGND,li1,264.5000,136.0000,0.000000
FILLER_46_545,VGND,li1,258.9800,136.0000,0.000000
FILLER_46_533,VGND,li1,253.4600,136.0000,0.000000
FILLER_46_531,VGND,li1,250.0100,136.0000,0.000000
FILLER_46_525,VGND,li1,248.4000,136.0000,0.000000
FILLER_46_513,VGND,li1,244.2600,136.0000,0.000000
FILLER_46_501,VGND,li1,238.7400,136.0000,0.000000
FILLER_46_489,VGND,li1,233.2200,136.0000,0.000000
FILLER_46_477,VGND,li1,227.7000,136.0000,0.000000
FILLER_46_475,VGND,li1,224.2500,136.0000,0.000000
FILLER_46_469,VGND,li1,222.6400,136.0000,0.000000
FILLER_46_457,VGND,li1,218.5000,136.0000,0.000000
FILLER_46_445,VGND,li1,212.9800,136.0000,0.000000
FILLER_46_433,VGND,li1,207.4600,136.0000,0.000000
FILLER_46_421,VGND,li1,201.9400,136.0000,0.000000
FILLER_46_419,VGND,li1,198.4900,136.0000,0.000000
FILLER_46_413,VGND,li1,196.8800,136.0000,0.000000
FILLER_46_401,VGND,li1,192.7400,136.0000,0.000000
FILLER_46_389,VGND,li1,187.2200,136.0000,0.000000
FILLER_46_377,VGND,li1,181.7000,136.0000,0.000000
FILLER_46_365,VGND,li1,176.1800,136.0000,0.000000
FILLER_46_363,VGND,li1,172.7300,136.0000,0.000000
FILLER_46_357,VGND,li1,171.1200,136.0000,0.000000
FILLER_46_345,VGND,li1,166.9800,136.0000,0.000000
FILLER_46_333,VGND,li1,161.4600,136.0000,0.000000
FILLER_46_321,VGND,li1,155.9400,136.0000,0.000000
FILLER_46_309,VGND,li1,150.4200,136.0000,0.000000
FILLER_46_307,VGND,li1,146.9700,136.0000,0.000000
FILLER_46_301,VGND,li1,145.3600,136.0000,0.000000
FILLER_46_289,VGND,li1,141.2200,136.0000,0.000000
FILLER_46_277,VGND,li1,135.7000,136.0000,0.000000
FILLER_46_265,VGND,li1,130.1800,136.0000,0.000000
FILLER_46_253,VGND,li1,124.6600,136.0000,0.000000
FILLER_46_251,VGND,li1,121.2100,136.0000,0.000000
FILLER_46_245,VGND,li1,119.6000,136.0000,0.000000
FILLER_46_233,VGND,li1,115.4600,136.0000,0.000000
FILLER_46_221,VGND,li1,109.9400,136.0000,0.000000
FILLER_46_209,VGND,li1,104.4200,136.0000,0.000000
FILLER_46_197,VGND,li1,98.9000,136.0000,0.000000
FILLER_46_195,VGND,li1,95.4500,136.0000,0.000000
FILLER_46_189,VGND,li1,93.8400,136.0000,0.000000
FILLER_46_177,VGND,li1,89.7000,136.0000,0.000000
FILLER_46_165,VGND,li1,84.1800,136.0000,0.000000
FILLER_46_153,VGND,li1,78.6600,136.0000,0.000000
FILLER_46_141,VGND,li1,73.1400,136.0000,0.000000
FILLER_46_139,VGND,li1,69.6900,136.0000,0.000000
FILLER_46_133,VGND,li1,68.0800,136.0000,0.000000
FILLER_46_121,VGND,li1,63.9400,136.0000,0.000000
FILLER_46_109,VGND,li1,58.4200,136.0000,0.000000
FILLER_46_97,VGND,li1,52.9000,136.0000,0.000000
FILLER_46_85,VGND,li1,47.3800,136.0000,0.000000
FILLER_46_83,VGND,li1,43.9300,136.0000,0.000000
FILLER_46_77,VGND,li1,42.3200,136.0000,0.000000
FILLER_46_65,VGND,li1,38.1800,136.0000,0.000000
FILLER_46_53,VGND,li1,32.6600,136.0000,0.000000
FILLER_46_41,VGND,li1,27.1400,136.0000,0.000000
FILLER_46_29,VGND,li1,21.6200,136.0000,0.000000
FILLER_46_27,VGND,li1,18.1700,136.0000,0.000000
FILLER_46_15,VGND,li1,15.1800,136.0000,0.000000
FILLER_46_3,VGND,li1,9.6600,136.0000,0.000000
FILLER_45_653,VGND,li1,308.6600,136.0000,0.000000
FILLER_45_641,VGND,li1,303.1400,136.0000,0.000000
FILLER_45_629,VGND,li1,297.6200,136.0000,0.000000
FILLER_45_617,VGND,li1,292.1000,136.0000,0.000000
FILLER_45_615,VGND,li1,288.6500,136.0000,0.000000
FILLER_45_609,VGND,li1,287.0400,136.0000,0.000000
FILLER_45_597,VGND,li1,282.9000,136.0000,0.000000
FILLER_45_585,VGND,li1,277.3800,136.0000,0.000000
FILLER_45_573,VGND,li1,271.8600,136.0000,0.000000
FILLER_45_561,VGND,li1,266.3400,136.0000,0.000000
FILLER_45_559,VGND,li1,262.8900,136.0000,0.000000
FILLER_45_553,VGND,li1,261.2800,136.0000,0.000000
FILLER_45_541,VGND,li1,257.1400,136.0000,0.000000
FILLER_45_529,VGND,li1,251.6200,136.0000,0.000000
FILLER_45_517,VGND,li1,246.1000,136.0000,0.000000
FILLER_45_505,VGND,li1,240.5800,136.0000,0.000000
FILLER_45_503,VGND,li1,237.1300,136.0000,0.000000
FILLER_45_497,VGND,li1,235.5200,136.0000,0.000000
FILLER_45_485,VGND,li1,231.3800,136.0000,0.000000
FILLER_45_473,VGND,li1,225.8600,136.0000,0.000000
FILLER_45_461,VGND,li1,220.3400,136.0000,0.000000
FILLER_45_449,VGND,li1,214.8200,136.0000,0.000000
FILLER_45_447,VGND,li1,211.3700,136.0000,0.000000
FILLER_45_441,VGND,li1,209.7600,136.0000,0.000000
FILLER_45_429,VGND,li1,205.6200,136.0000,0.000000
FILLER_45_417,VGND,li1,200.1000,136.0000,0.000000
FILLER_45_405,VGND,li1,194.5800,136.0000,0.000000
FILLER_45_393,VGND,li1,189.0600,136.0000,0.000000
FILLER_45_391,VGND,li1,185.6100,136.0000,0.000000
FILLER_45_385,VGND,li1,184.0000,136.0000,0.000000
FILLER_45_373,VGND,li1,179.8600,136.0000,0.000000
FILLER_45_361,VGND,li1,174.3400,136.0000,0.000000
FILLER_45_349,VGND,li1,168.8200,136.0000,0.000000
FILLER_45_337,VGND,li1,163.3000,136.0000,0.000000
FILLER_45_335,VGND,li1,159.8500,136.0000,0.000000
FILLER_45_329,VGND,li1,158.2400,136.0000,0.000000
FILLER_45_317,VGND,li1,154.1000,136.0000,0.000000
FILLER_45_305,VGND,li1,148.5800,136.0000,0.000000
FILLER_45_293,VGND,li1,143.0600,136.0000,0.000000
FILLER_45_281,VGND,li1,137.5400,136.0000,0.000000
FILLER_45_279,VGND,li1,134.0900,136.0000,0.000000
FILLER_45_273,VGND,li1,132.4800,136.0000,0.000000
FILLER_45_261,VGND,li1,128.3400,136.0000,0.000000
FILLER_45_249,VGND,li1,122.8200,136.0000,0.000000
FILLER_45_237,VGND,li1,117.3000,136.0000,0.000000
FILLER_45_225,VGND,li1,111.7800,136.0000,0.000000
FILLER_45_223,VGND,li1,108.3300,136.0000,0.000000
FILLER_45_217,VGND,li1,106.7200,136.0000,0.000000
FILLER_45_205,VGND,li1,102.5800,136.0000,0.000000
FILLER_45_193,VGND,li1,97.0600,136.0000,0.000000
FILLER_45_181,VGND,li1,91.5400,136.0000,0.000000
FILLER_45_169,VGND,li1,86.0200,136.0000,0.000000
FILLER_45_167,VGND,li1,82.5700,136.0000,0.000000
FILLER_45_161,VGND,li1,80.9600,136.0000,0.000000
FILLER_45_149,VGND,li1,76.8200,136.0000,0.000000
FILLER_45_137,VGND,li1,71.3000,136.0000,0.000000
FILLER_45_125,VGND,li1,65.7800,136.0000,0.000000
FILLER_45_113,VGND,li1,60.2600,136.0000,0.000000
FILLER_45_111,VGND,li1,56.8100,136.0000,0.000000
FILLER_45_105,VGND,li1,55.2000,136.0000,0.000000
FILLER_45_93,VGND,li1,51.0600,136.0000,0.000000
FILLER_45_81,VGND,li1,45.5400,136.0000,0.000000
FILLER_45_69,VGND,li1,40.0200,136.0000,0.000000
FILLER_45_57,VGND,li1,34.5000,136.0000,0.000000
FILLER_45_55,VGND,li1,31.0500,136.0000,0.000000
FILLER_45_51,VGND,li1,29.9000,136.0000,0.000000
FILLER_45_39,VGND,li1,26.2200,136.0000,0.000000
FILLER_45_27,VGND,li1,20.7000,136.0000,0.000000
FILLER_45_15,VGND,li1,15.1800,136.0000,0.000000
FILLER_45_3,VGND,li1,9.6600,136.0000,0.000000
FILLER_44_657,VGND,li1,309.5800,130.5600,0.000000
FILLER_44_645,VGND,li1,304.9800,130.5600,0.000000
FILLER_44_643,VGND,li1,301.5300,130.5600,0.000000
FILLER_44_637,VGND,li1,299.9200,130.5600,0.000000
FILLER_44_625,VGND,li1,295.7800,130.5600,0.000000
FILLER_44_613,VGND,li1,290.2600,130.5600,0.000000
FILLER_44_601,VGND,li1,284.7400,130.5600,0.000000
FILLER_44_589,VGND,li1,279.2200,130.5600,0.000000
FILLER_44_587,VGND,li1,275.7700,130.5600,0.000000
FILLER_44_581,VGND,li1,274.1600,130.5600,0.000000
FILLER_44_569,VGND,li1,270.0200,130.5600,0.000000
FILLER_44_557,VGND,li1,264.5000,130.5600,0.000000
FILLER_44_545,VGND,li1,258.9800,130.5600,0.000000
FILLER_44_533,VGND,li1,253.4600,130.5600,0.000000
FILLER_44_531,VGND,li1,250.0100,130.5600,0.000000
FILLER_44_525,VGND,li1,248.4000,130.5600,0.000000
FILLER_44_513,VGND,li1,244.2600,130.5600,0.000000
FILLER_44_501,VGND,li1,238.7400,130.5600,0.000000
FILLER_44_489,VGND,li1,233.2200,130.5600,0.000000
FILLER_44_477,VGND,li1,227.7000,130.5600,0.000000
FILLER_44_475,VGND,li1,224.2500,130.5600,0.000000
FILLER_44_469,VGND,li1,222.6400,130.5600,0.000000
FILLER_44_457,VGND,li1,218.5000,130.5600,0.000000
FILLER_44_445,VGND,li1,212.9800,130.5600,0.000000
FILLER_44_433,VGND,li1,207.4600,130.5600,0.000000
FILLER_44_421,VGND,li1,201.9400,130.5600,0.000000
FILLER_44_419,VGND,li1,198.4900,130.5600,0.000000
FILLER_44_413,VGND,li1,196.8800,130.5600,0.000000
FILLER_44_401,VGND,li1,192.7400,130.5600,0.000000
FILLER_44_389,VGND,li1,187.2200,130.5600,0.000000
FILLER_44_377,VGND,li1,181.7000,130.5600,0.000000
FILLER_44_365,VGND,li1,176.1800,130.5600,0.000000
FILLER_44_363,VGND,li1,172.7300,130.5600,0.000000
FILLER_44_357,VGND,li1,171.1200,130.5600,0.000000
FILLER_44_345,VGND,li1,166.9800,130.5600,0.000000
FILLER_44_333,VGND,li1,161.4600,130.5600,0.000000
FILLER_44_321,VGND,li1,155.9400,130.5600,0.000000
FILLER_44_309,VGND,li1,150.4200,130.5600,0.000000
FILLER_44_307,VGND,li1,146.9700,130.5600,0.000000
FILLER_44_301,VGND,li1,145.3600,130.5600,0.000000
FILLER_44_289,VGND,li1,141.2200,130.5600,0.000000
FILLER_44_277,VGND,li1,135.7000,130.5600,0.000000
FILLER_44_265,VGND,li1,130.1800,130.5600,0.000000
FILLER_44_253,VGND,li1,124.6600,130.5600,0.000000
FILLER_44_251,VGND,li1,121.2100,130.5600,0.000000
FILLER_44_245,VGND,li1,119.6000,130.5600,0.000000
FILLER_44_233,VGND,li1,115.4600,130.5600,0.000000
FILLER_44_221,VGND,li1,109.9400,130.5600,0.000000
FILLER_44_209,VGND,li1,104.4200,130.5600,0.000000
FILLER_44_197,VGND,li1,98.9000,130.5600,0.000000
FILLER_44_195,VGND,li1,95.4500,130.5600,0.000000
FILLER_44_189,VGND,li1,93.8400,130.5600,0.000000
FILLER_44_177,VGND,li1,89.7000,130.5600,0.000000
FILLER_44_165,VGND,li1,84.1800,130.5600,0.000000
FILLER_44_153,VGND,li1,78.6600,130.5600,0.000000
FILLER_44_141,VGND,li1,73.1400,130.5600,0.000000
FILLER_44_139,VGND,li1,69.6900,130.5600,0.000000
FILLER_44_133,VGND,li1,68.0800,130.5600,0.000000
FILLER_44_121,VGND,li1,63.9400,130.5600,0.000000
FILLER_44_109,VGND,li1,58.4200,130.5600,0.000000
FILLER_44_97,VGND,li1,52.9000,130.5600,0.000000
FILLER_44_85,VGND,li1,47.3800,130.5600,0.000000
FILLER_44_83,VGND,li1,43.9300,130.5600,0.000000
FILLER_44_77,VGND,li1,42.3200,130.5600,0.000000
FILLER_44_65,VGND,li1,38.1800,130.5600,0.000000
FILLER_44_53,VGND,li1,32.6600,130.5600,0.000000
FILLER_44_41,VGND,li1,27.1400,130.5600,0.000000
FILLER_44_29,VGND,li1,21.6200,130.5600,0.000000
FILLER_44_27,VGND,li1,18.1700,130.5600,0.000000
FILLER_44_15,VGND,li1,15.1800,130.5600,0.000000
FILLER_44_3,VGND,li1,9.6600,130.5600,0.000000
FILLER_43_665,VGND,li1,312.1100,130.5600,0.000000
FILLER_43_653,VGND,li1,308.6600,130.5600,0.000000
FILLER_43_641,VGND,li1,303.1400,130.5600,0.000000
FILLER_43_629,VGND,li1,297.6200,130.5600,0.000000
FILLER_43_617,VGND,li1,292.1000,130.5600,0.000000
FILLER_43_615,VGND,li1,288.6500,130.5600,0.000000
FILLER_43_609,VGND,li1,287.0400,130.5600,0.000000
FILLER_43_597,VGND,li1,282.9000,130.5600,0.000000
FILLER_43_585,VGND,li1,277.3800,130.5600,0.000000
FILLER_43_573,VGND,li1,271.8600,130.5600,0.000000
FILLER_43_561,VGND,li1,266.3400,130.5600,0.000000
FILLER_43_559,VGND,li1,262.8900,130.5600,0.000000
FILLER_43_553,VGND,li1,261.2800,130.5600,0.000000
FILLER_43_541,VGND,li1,257.1400,130.5600,0.000000
FILLER_43_529,VGND,li1,251.6200,130.5600,0.000000
FILLER_43_517,VGND,li1,246.1000,130.5600,0.000000
FILLER_43_505,VGND,li1,240.5800,130.5600,0.000000
FILLER_43_503,VGND,li1,237.1300,130.5600,0.000000
FILLER_43_497,VGND,li1,235.5200,130.5600,0.000000
FILLER_43_485,VGND,li1,231.3800,130.5600,0.000000
FILLER_43_473,VGND,li1,225.8600,130.5600,0.000000
FILLER_43_461,VGND,li1,220.3400,130.5600,0.000000
FILLER_43_449,VGND,li1,214.8200,130.5600,0.000000
FILLER_43_447,VGND,li1,211.3700,130.5600,0.000000
FILLER_43_441,VGND,li1,209.7600,130.5600,0.000000
FILLER_43_429,VGND,li1,205.6200,130.5600,0.000000
FILLER_43_417,VGND,li1,200.1000,130.5600,0.000000
FILLER_43_405,VGND,li1,194.5800,130.5600,0.000000
FILLER_43_393,VGND,li1,189.0600,130.5600,0.000000
FILLER_43_391,VGND,li1,185.6100,130.5600,0.000000
FILLER_43_385,VGND,li1,184.0000,130.5600,0.000000
FILLER_43_373,VGND,li1,179.8600,130.5600,0.000000
FILLER_43_361,VGND,li1,174.3400,130.5600,0.000000
FILLER_43_349,VGND,li1,168.8200,130.5600,0.000000
FILLER_43_337,VGND,li1,163.3000,130.5600,0.000000
FILLER_43_335,VGND,li1,159.8500,130.5600,0.000000
FILLER_43_329,VGND,li1,158.2400,130.5600,0.000000
FILLER_43_317,VGND,li1,154.1000,130.5600,0.000000
FILLER_43_305,VGND,li1,148.5800,130.5600,0.000000
FILLER_43_293,VGND,li1,143.0600,130.5600,0.000000
FILLER_43_281,VGND,li1,137.5400,130.5600,0.000000
FILLER_43_279,VGND,li1,134.0900,130.5600,0.000000
FILLER_43_273,VGND,li1,132.4800,130.5600,0.000000
FILLER_43_261,VGND,li1,128.3400,130.5600,0.000000
FILLER_43_249,VGND,li1,122.8200,130.5600,0.000000
FILLER_43_237,VGND,li1,117.3000,130.5600,0.000000
FILLER_43_225,VGND,li1,111.7800,130.5600,0.000000
FILLER_43_223,VGND,li1,108.3300,130.5600,0.000000
FILLER_43_217,VGND,li1,106.7200,130.5600,0.000000
FILLER_43_205,VGND,li1,102.5800,130.5600,0.000000
FILLER_43_193,VGND,li1,97.0600,130.5600,0.000000
FILLER_43_181,VGND,li1,91.5400,130.5600,0.000000
FILLER_43_169,VGND,li1,86.0200,130.5600,0.000000
FILLER_43_167,VGND,li1,82.5700,130.5600,0.000000
FILLER_43_161,VGND,li1,80.9600,130.5600,0.000000
FILLER_43_149,VGND,li1,76.8200,130.5600,0.000000
FILLER_43_137,VGND,li1,71.3000,130.5600,0.000000
FILLER_43_125,VGND,li1,65.7800,130.5600,0.000000
FILLER_43_113,VGND,li1,60.2600,130.5600,0.000000
FILLER_43_111,VGND,li1,56.8100,130.5600,0.000000
FILLER_43_105,VGND,li1,55.2000,130.5600,0.000000
FILLER_43_93,VGND,li1,51.0600,130.5600,0.000000
FILLER_43_81,VGND,li1,45.5400,130.5600,0.000000
FILLER_43_69,VGND,li1,40.0200,130.5600,0.000000
FILLER_43_57,VGND,li1,34.5000,130.5600,0.000000
FILLER_43_55,VGND,li1,31.0500,130.5600,0.000000
FILLER_43_51,VGND,li1,29.9000,130.5600,0.000000
FILLER_43_39,VGND,li1,26.2200,130.5600,0.000000
FILLER_43_27,VGND,li1,20.7000,130.5600,0.000000
FILLER_43_15,VGND,li1,15.1800,130.5600,0.000000
FILLER_43_3,VGND,li1,9.6600,130.5600,0.000000
FILLER_42_657,VGND,li1,309.5800,125.1200,0.000000
FILLER_42_645,VGND,li1,304.9800,125.1200,0.000000
FILLER_42_643,VGND,li1,301.5300,125.1200,0.000000
FILLER_42_637,VGND,li1,299.9200,125.1200,0.000000
FILLER_42_625,VGND,li1,295.7800,125.1200,0.000000
FILLER_42_613,VGND,li1,290.2600,125.1200,0.000000
FILLER_42_601,VGND,li1,284.7400,125.1200,0.000000
FILLER_42_589,VGND,li1,279.2200,125.1200,0.000000
FILLER_42_587,VGND,li1,275.7700,125.1200,0.000000
FILLER_42_581,VGND,li1,274.1600,125.1200,0.000000
FILLER_42_569,VGND,li1,270.0200,125.1200,0.000000
FILLER_42_557,VGND,li1,264.5000,125.1200,0.000000
FILLER_42_545,VGND,li1,258.9800,125.1200,0.000000
FILLER_42_533,VGND,li1,253.4600,125.1200,0.000000
FILLER_42_531,VGND,li1,250.0100,125.1200,0.000000
FILLER_42_525,VGND,li1,248.4000,125.1200,0.000000
FILLER_42_513,VGND,li1,244.2600,125.1200,0.000000
FILLER_42_501,VGND,li1,238.7400,125.1200,0.000000
FILLER_42_489,VGND,li1,233.2200,125.1200,0.000000
FILLER_42_477,VGND,li1,227.7000,125.1200,0.000000
FILLER_42_475,VGND,li1,224.2500,125.1200,0.000000
FILLER_42_469,VGND,li1,222.6400,125.1200,0.000000
FILLER_42_457,VGND,li1,218.5000,125.1200,0.000000
FILLER_42_445,VGND,li1,212.9800,125.1200,0.000000
FILLER_42_433,VGND,li1,207.4600,125.1200,0.000000
FILLER_42_421,VGND,li1,201.9400,125.1200,0.000000
FILLER_42_419,VGND,li1,198.4900,125.1200,0.000000
FILLER_42_413,VGND,li1,196.8800,125.1200,0.000000
FILLER_42_401,VGND,li1,192.7400,125.1200,0.000000
FILLER_42_389,VGND,li1,187.2200,125.1200,0.000000
FILLER_42_377,VGND,li1,181.7000,125.1200,0.000000
FILLER_42_365,VGND,li1,176.1800,125.1200,0.000000
FILLER_42_363,VGND,li1,172.7300,125.1200,0.000000
FILLER_42_357,VGND,li1,171.1200,125.1200,0.000000
FILLER_42_345,VGND,li1,166.9800,125.1200,0.000000
FILLER_42_333,VGND,li1,161.4600,125.1200,0.000000
FILLER_42_321,VGND,li1,155.9400,125.1200,0.000000
FILLER_42_309,VGND,li1,150.4200,125.1200,0.000000
FILLER_42_307,VGND,li1,146.9700,125.1200,0.000000
FILLER_42_301,VGND,li1,145.3600,125.1200,0.000000
FILLER_42_289,VGND,li1,141.2200,125.1200,0.000000
FILLER_42_277,VGND,li1,135.7000,125.1200,0.000000
FILLER_42_265,VGND,li1,130.1800,125.1200,0.000000
FILLER_42_253,VGND,li1,124.6600,125.1200,0.000000
FILLER_42_251,VGND,li1,121.2100,125.1200,0.000000
FILLER_42_245,VGND,li1,119.6000,125.1200,0.000000
FILLER_42_233,VGND,li1,115.4600,125.1200,0.000000
FILLER_42_221,VGND,li1,109.9400,125.1200,0.000000
FILLER_42_209,VGND,li1,104.4200,125.1200,0.000000
FILLER_42_197,VGND,li1,98.9000,125.1200,0.000000
FILLER_42_195,VGND,li1,95.4500,125.1200,0.000000
FILLER_42_189,VGND,li1,93.8400,125.1200,0.000000
FILLER_42_177,VGND,li1,89.7000,125.1200,0.000000
FILLER_42_165,VGND,li1,84.1800,125.1200,0.000000
FILLER_42_153,VGND,li1,78.6600,125.1200,0.000000
FILLER_42_141,VGND,li1,73.1400,125.1200,0.000000
FILLER_42_139,VGND,li1,69.6900,125.1200,0.000000
FILLER_42_133,VGND,li1,68.0800,125.1200,0.000000
FILLER_42_121,VGND,li1,63.9400,125.1200,0.000000
FILLER_42_109,VGND,li1,58.4200,125.1200,0.000000
FILLER_42_97,VGND,li1,52.9000,125.1200,0.000000
FILLER_42_85,VGND,li1,47.3800,125.1200,0.000000
FILLER_42_83,VGND,li1,43.9300,125.1200,0.000000
FILLER_42_77,VGND,li1,42.3200,125.1200,0.000000
FILLER_42_65,VGND,li1,38.1800,125.1200,0.000000
FILLER_42_53,VGND,li1,32.6600,125.1200,0.000000
FILLER_42_41,VGND,li1,27.1400,125.1200,0.000000
FILLER_42_29,VGND,li1,21.6200,125.1200,0.000000
FILLER_42_27,VGND,li1,18.1700,125.1200,0.000000
FILLER_42_15,VGND,li1,15.1800,125.1200,0.000000
FILLER_42_3,VGND,li1,9.6600,125.1200,0.000000
FILLER_41_653,VGND,li1,308.6600,125.1200,0.000000
FILLER_41_641,VGND,li1,303.1400,125.1200,0.000000
FILLER_41_629,VGND,li1,297.6200,125.1200,0.000000
FILLER_41_617,VGND,li1,292.1000,125.1200,0.000000
FILLER_41_615,VGND,li1,288.6500,125.1200,0.000000
FILLER_41_609,VGND,li1,287.0400,125.1200,0.000000
FILLER_41_597,VGND,li1,282.9000,125.1200,0.000000
FILLER_41_585,VGND,li1,277.3800,125.1200,0.000000
FILLER_41_573,VGND,li1,271.8600,125.1200,0.000000
FILLER_41_561,VGND,li1,266.3400,125.1200,0.000000
FILLER_41_559,VGND,li1,262.8900,125.1200,0.000000
FILLER_41_553,VGND,li1,261.2800,125.1200,0.000000
FILLER_41_541,VGND,li1,257.1400,125.1200,0.000000
FILLER_41_529,VGND,li1,251.6200,125.1200,0.000000
FILLER_41_517,VGND,li1,246.1000,125.1200,0.000000
FILLER_41_505,VGND,li1,240.5800,125.1200,0.000000
FILLER_41_503,VGND,li1,237.1300,125.1200,0.000000
FILLER_41_497,VGND,li1,235.5200,125.1200,0.000000
FILLER_41_485,VGND,li1,231.3800,125.1200,0.000000
FILLER_41_473,VGND,li1,225.8600,125.1200,0.000000
FILLER_41_461,VGND,li1,220.3400,125.1200,0.000000
FILLER_41_449,VGND,li1,214.8200,125.1200,0.000000
FILLER_41_447,VGND,li1,211.3700,125.1200,0.000000
FILLER_41_441,VGND,li1,209.7600,125.1200,0.000000
FILLER_41_429,VGND,li1,205.6200,125.1200,0.000000
FILLER_41_417,VGND,li1,200.1000,125.1200,0.000000
FILLER_41_405,VGND,li1,194.5800,125.1200,0.000000
FILLER_41_393,VGND,li1,189.0600,125.1200,0.000000
FILLER_41_391,VGND,li1,185.6100,125.1200,0.000000
FILLER_41_385,VGND,li1,184.0000,125.1200,0.000000
FILLER_41_373,VGND,li1,179.8600,125.1200,0.000000
FILLER_41_361,VGND,li1,174.3400,125.1200,0.000000
FILLER_41_349,VGND,li1,168.8200,125.1200,0.000000
FILLER_41_337,VGND,li1,163.3000,125.1200,0.000000
FILLER_41_335,VGND,li1,159.8500,125.1200,0.000000
FILLER_41_329,VGND,li1,158.2400,125.1200,0.000000
FILLER_41_317,VGND,li1,154.1000,125.1200,0.000000
FILLER_41_305,VGND,li1,148.5800,125.1200,0.000000
FILLER_41_293,VGND,li1,143.0600,125.1200,0.000000
FILLER_41_281,VGND,li1,137.5400,125.1200,0.000000
FILLER_41_279,VGND,li1,134.0900,125.1200,0.000000
FILLER_41_273,VGND,li1,132.4800,125.1200,0.000000
FILLER_41_261,VGND,li1,128.3400,125.1200,0.000000
FILLER_41_249,VGND,li1,122.8200,125.1200,0.000000
FILLER_41_237,VGND,li1,117.3000,125.1200,0.000000
FILLER_41_225,VGND,li1,111.7800,125.1200,0.000000
FILLER_41_223,VGND,li1,108.3300,125.1200,0.000000
FILLER_41_217,VGND,li1,106.7200,125.1200,0.000000
FILLER_41_205,VGND,li1,102.5800,125.1200,0.000000
FILLER_41_193,VGND,li1,97.0600,125.1200,0.000000
FILLER_41_181,VGND,li1,91.5400,125.1200,0.000000
FILLER_41_169,VGND,li1,86.0200,125.1200,0.000000
FILLER_41_167,VGND,li1,82.5700,125.1200,0.000000
FILLER_41_161,VGND,li1,80.9600,125.1200,0.000000
FILLER_41_149,VGND,li1,76.8200,125.1200,0.000000
FILLER_41_137,VGND,li1,71.3000,125.1200,0.000000
FILLER_41_125,VGND,li1,65.7800,125.1200,0.000000
FILLER_41_113,VGND,li1,60.2600,125.1200,0.000000
FILLER_41_111,VGND,li1,56.8100,125.1200,0.000000
FILLER_41_105,VGND,li1,55.2000,125.1200,0.000000
FILLER_41_93,VGND,li1,51.0600,125.1200,0.000000
FILLER_41_81,VGND,li1,45.5400,125.1200,0.000000
FILLER_41_69,VGND,li1,40.0200,125.1200,0.000000
FILLER_41_57,VGND,li1,34.5000,125.1200,0.000000
FILLER_41_55,VGND,li1,31.0500,125.1200,0.000000
FILLER_41_51,VGND,li1,29.9000,125.1200,0.000000
FILLER_41_39,VGND,li1,26.2200,125.1200,0.000000
FILLER_41_27,VGND,li1,20.7000,125.1200,0.000000
FILLER_41_15,VGND,li1,15.1800,125.1200,0.000000
FILLER_41_3,VGND,li1,9.6600,125.1200,0.000000
FILLER_40_657,VGND,li1,309.5800,119.6800,0.000000
FILLER_40_645,VGND,li1,304.9800,119.6800,0.000000
FILLER_40_643,VGND,li1,301.5300,119.6800,0.000000
FILLER_40_637,VGND,li1,299.9200,119.6800,0.000000
FILLER_40_625,VGND,li1,295.7800,119.6800,0.000000
FILLER_40_613,VGND,li1,290.2600,119.6800,0.000000
FILLER_40_601,VGND,li1,284.7400,119.6800,0.000000
FILLER_40_589,VGND,li1,279.2200,119.6800,0.000000
FILLER_40_587,VGND,li1,275.7700,119.6800,0.000000
FILLER_40_581,VGND,li1,274.1600,119.6800,0.000000
FILLER_40_569,VGND,li1,270.0200,119.6800,0.000000
FILLER_40_557,VGND,li1,264.5000,119.6800,0.000000
FILLER_40_545,VGND,li1,258.9800,119.6800,0.000000
FILLER_40_533,VGND,li1,253.4600,119.6800,0.000000
FILLER_40_531,VGND,li1,250.0100,119.6800,0.000000
FILLER_40_525,VGND,li1,248.4000,119.6800,0.000000
FILLER_40_513,VGND,li1,244.2600,119.6800,0.000000
FILLER_40_501,VGND,li1,238.7400,119.6800,0.000000
FILLER_40_489,VGND,li1,233.2200,119.6800,0.000000
FILLER_40_477,VGND,li1,227.7000,119.6800,0.000000
FILLER_40_475,VGND,li1,224.2500,119.6800,0.000000
FILLER_40_469,VGND,li1,222.6400,119.6800,0.000000
FILLER_40_457,VGND,li1,218.5000,119.6800,0.000000
FILLER_40_445,VGND,li1,212.9800,119.6800,0.000000
FILLER_40_433,VGND,li1,207.4600,119.6800,0.000000
FILLER_40_421,VGND,li1,201.9400,119.6800,0.000000
FILLER_40_419,VGND,li1,198.4900,119.6800,0.000000
FILLER_40_413,VGND,li1,196.8800,119.6800,0.000000
FILLER_40_401,VGND,li1,192.7400,119.6800,0.000000
FILLER_40_389,VGND,li1,187.2200,119.6800,0.000000
FILLER_40_377,VGND,li1,181.7000,119.6800,0.000000
FILLER_40_365,VGND,li1,176.1800,119.6800,0.000000
FILLER_40_363,VGND,li1,172.7300,119.6800,0.000000
FILLER_40_357,VGND,li1,171.1200,119.6800,0.000000
FILLER_40_345,VGND,li1,166.9800,119.6800,0.000000
FILLER_40_333,VGND,li1,161.4600,119.6800,0.000000
FILLER_40_321,VGND,li1,155.9400,119.6800,0.000000
FILLER_40_309,VGND,li1,150.4200,119.6800,0.000000
FILLER_40_307,VGND,li1,146.9700,119.6800,0.000000
FILLER_40_301,VGND,li1,145.3600,119.6800,0.000000
FILLER_40_289,VGND,li1,141.2200,119.6800,0.000000
FILLER_40_277,VGND,li1,135.7000,119.6800,0.000000
FILLER_40_265,VGND,li1,130.1800,119.6800,0.000000
FILLER_40_253,VGND,li1,124.6600,119.6800,0.000000
FILLER_40_251,VGND,li1,121.2100,119.6800,0.000000
FILLER_40_245,VGND,li1,119.6000,119.6800,0.000000
FILLER_40_233,VGND,li1,115.4600,119.6800,0.000000
FILLER_40_221,VGND,li1,109.9400,119.6800,0.000000
FILLER_40_209,VGND,li1,104.4200,119.6800,0.000000
FILLER_40_197,VGND,li1,98.9000,119.6800,0.000000
FILLER_40_195,VGND,li1,95.4500,119.6800,0.000000
FILLER_40_189,VGND,li1,93.8400,119.6800,0.000000
FILLER_40_177,VGND,li1,89.7000,119.6800,0.000000
FILLER_40_165,VGND,li1,84.1800,119.6800,0.000000
FILLER_40_153,VGND,li1,78.6600,119.6800,0.000000
FILLER_40_141,VGND,li1,73.1400,119.6800,0.000000
FILLER_40_139,VGND,li1,69.6900,119.6800,0.000000
FILLER_40_133,VGND,li1,68.0800,119.6800,0.000000
FILLER_40_121,VGND,li1,63.9400,119.6800,0.000000
FILLER_40_109,VGND,li1,58.4200,119.6800,0.000000
FILLER_40_97,VGND,li1,52.9000,119.6800,0.000000
FILLER_40_85,VGND,li1,47.3800,119.6800,0.000000
FILLER_40_83,VGND,li1,43.9300,119.6800,0.000000
FILLER_40_77,VGND,li1,42.3200,119.6800,0.000000
FILLER_40_65,VGND,li1,38.1800,119.6800,0.000000
FILLER_40_53,VGND,li1,32.6600,119.6800,0.000000
FILLER_40_41,VGND,li1,27.1400,119.6800,0.000000
FILLER_40_29,VGND,li1,21.6200,119.6800,0.000000
FILLER_40_27,VGND,li1,18.1700,119.6800,0.000000
FILLER_40_15,VGND,li1,15.1800,119.6800,0.000000
FILLER_40_3,VGND,li1,9.6600,119.6800,0.000000
FILLER_39_665,VGND,li1,312.1100,119.6800,0.000000
FILLER_39_653,VGND,li1,308.6600,119.6800,0.000000
FILLER_39_641,VGND,li1,303.1400,119.6800,0.000000
FILLER_39_629,VGND,li1,297.6200,119.6800,0.000000
FILLER_39_617,VGND,li1,292.1000,119.6800,0.000000
FILLER_39_615,VGND,li1,288.6500,119.6800,0.000000
FILLER_39_609,VGND,li1,287.0400,119.6800,0.000000
FILLER_39_597,VGND,li1,282.9000,119.6800,0.000000
FILLER_39_585,VGND,li1,277.3800,119.6800,0.000000
FILLER_39_573,VGND,li1,271.8600,119.6800,0.000000
FILLER_39_561,VGND,li1,266.3400,119.6800,0.000000
FILLER_39_559,VGND,li1,262.8900,119.6800,0.000000
FILLER_39_553,VGND,li1,261.2800,119.6800,0.000000
FILLER_39_541,VGND,li1,257.1400,119.6800,0.000000
FILLER_39_529,VGND,li1,251.6200,119.6800,0.000000
FILLER_39_517,VGND,li1,246.1000,119.6800,0.000000
FILLER_39_505,VGND,li1,240.5800,119.6800,0.000000
FILLER_39_503,VGND,li1,237.1300,119.6800,0.000000
FILLER_39_497,VGND,li1,235.5200,119.6800,0.000000
FILLER_39_485,VGND,li1,231.3800,119.6800,0.000000
FILLER_39_473,VGND,li1,225.8600,119.6800,0.000000
FILLER_39_461,VGND,li1,220.3400,119.6800,0.000000
FILLER_39_449,VGND,li1,214.8200,119.6800,0.000000
FILLER_39_447,VGND,li1,211.3700,119.6800,0.000000
FILLER_39_441,VGND,li1,209.7600,119.6800,0.000000
FILLER_39_429,VGND,li1,205.6200,119.6800,0.000000
FILLER_39_417,VGND,li1,200.1000,119.6800,0.000000
FILLER_39_405,VGND,li1,194.5800,119.6800,0.000000
FILLER_39_393,VGND,li1,189.0600,119.6800,0.000000
FILLER_39_391,VGND,li1,185.6100,119.6800,0.000000
FILLER_39_385,VGND,li1,184.0000,119.6800,0.000000
FILLER_39_373,VGND,li1,179.8600,119.6800,0.000000
FILLER_39_361,VGND,li1,174.3400,119.6800,0.000000
FILLER_39_349,VGND,li1,168.8200,119.6800,0.000000
FILLER_39_337,VGND,li1,163.3000,119.6800,0.000000
FILLER_39_335,VGND,li1,159.8500,119.6800,0.000000
FILLER_39_329,VGND,li1,158.2400,119.6800,0.000000
FILLER_39_317,VGND,li1,154.1000,119.6800,0.000000
FILLER_39_305,VGND,li1,148.5800,119.6800,0.000000
FILLER_39_293,VGND,li1,143.0600,119.6800,0.000000
FILLER_39_281,VGND,li1,137.5400,119.6800,0.000000
FILLER_39_279,VGND,li1,134.0900,119.6800,0.000000
FILLER_39_273,VGND,li1,132.4800,119.6800,0.000000
FILLER_39_261,VGND,li1,128.3400,119.6800,0.000000
FILLER_39_249,VGND,li1,122.8200,119.6800,0.000000
FILLER_39_237,VGND,li1,117.3000,119.6800,0.000000
FILLER_39_225,VGND,li1,111.7800,119.6800,0.000000
FILLER_39_223,VGND,li1,108.3300,119.6800,0.000000
FILLER_39_217,VGND,li1,106.7200,119.6800,0.000000
FILLER_39_205,VGND,li1,102.5800,119.6800,0.000000
FILLER_39_193,VGND,li1,97.0600,119.6800,0.000000
FILLER_39_181,VGND,li1,91.5400,119.6800,0.000000
FILLER_39_169,VGND,li1,86.0200,119.6800,0.000000
FILLER_39_167,VGND,li1,82.5700,119.6800,0.000000
FILLER_39_161,VGND,li1,80.9600,119.6800,0.000000
FILLER_39_149,VGND,li1,76.8200,119.6800,0.000000
FILLER_39_137,VGND,li1,71.3000,119.6800,0.000000
FILLER_39_125,VGND,li1,65.7800,119.6800,0.000000
FILLER_39_113,VGND,li1,60.2600,119.6800,0.000000
FILLER_39_111,VGND,li1,56.8100,119.6800,0.000000
FILLER_39_105,VGND,li1,55.2000,119.6800,0.000000
FILLER_39_93,VGND,li1,51.0600,119.6800,0.000000
FILLER_39_81,VGND,li1,45.5400,119.6800,0.000000
FILLER_39_69,VGND,li1,40.0200,119.6800,0.000000
FILLER_39_57,VGND,li1,34.5000,119.6800,0.000000
FILLER_39_55,VGND,li1,31.0500,119.6800,0.000000
FILLER_39_51,VGND,li1,29.9000,119.6800,0.000000
FILLER_39_39,VGND,li1,26.2200,119.6800,0.000000
FILLER_39_27,VGND,li1,20.7000,119.6800,0.000000
FILLER_39_15,VGND,li1,15.1800,119.6800,0.000000
FILLER_39_3,VGND,li1,9.6600,119.6800,0.000000
FILLER_38_665,VGND,li1,312.1100,114.2400,0.000000
FILLER_38_657,VGND,li1,309.5800,114.2400,0.000000
FILLER_38_645,VGND,li1,304.9800,114.2400,0.000000
FILLER_38_643,VGND,li1,301.5300,114.2400,0.000000
FILLER_38_637,VGND,li1,299.9200,114.2400,0.000000
FILLER_38_625,VGND,li1,295.7800,114.2400,0.000000
FILLER_38_613,VGND,li1,290.2600,114.2400,0.000000
FILLER_38_601,VGND,li1,284.7400,114.2400,0.000000
FILLER_38_589,VGND,li1,279.2200,114.2400,0.000000
FILLER_38_587,VGND,li1,275.7700,114.2400,0.000000
FILLER_38_581,VGND,li1,274.1600,114.2400,0.000000
FILLER_38_569,VGND,li1,270.0200,114.2400,0.000000
FILLER_38_557,VGND,li1,264.5000,114.2400,0.000000
FILLER_38_545,VGND,li1,258.9800,114.2400,0.000000
FILLER_38_533,VGND,li1,253.4600,114.2400,0.000000
FILLER_38_531,VGND,li1,250.0100,114.2400,0.000000
FILLER_38_525,VGND,li1,248.4000,114.2400,0.000000
FILLER_38_513,VGND,li1,244.2600,114.2400,0.000000
FILLER_38_501,VGND,li1,238.7400,114.2400,0.000000
FILLER_38_489,VGND,li1,233.2200,114.2400,0.000000
FILLER_38_477,VGND,li1,227.7000,114.2400,0.000000
FILLER_38_475,VGND,li1,224.2500,114.2400,0.000000
FILLER_38_469,VGND,li1,222.6400,114.2400,0.000000
FILLER_38_457,VGND,li1,218.5000,114.2400,0.000000
FILLER_38_445,VGND,li1,212.9800,114.2400,0.000000
FILLER_38_433,VGND,li1,207.4600,114.2400,0.000000
FILLER_38_421,VGND,li1,201.9400,114.2400,0.000000
FILLER_38_419,VGND,li1,198.4900,114.2400,0.000000
FILLER_38_413,VGND,li1,196.8800,114.2400,0.000000
FILLER_38_401,VGND,li1,192.7400,114.2400,0.000000
FILLER_38_389,VGND,li1,187.2200,114.2400,0.000000
FILLER_38_377,VGND,li1,181.7000,114.2400,0.000000
FILLER_38_365,VGND,li1,176.1800,114.2400,0.000000
FILLER_38_363,VGND,li1,172.7300,114.2400,0.000000
FILLER_38_357,VGND,li1,171.1200,114.2400,0.000000
FILLER_38_345,VGND,li1,166.9800,114.2400,0.000000
FILLER_38_333,VGND,li1,161.4600,114.2400,0.000000
FILLER_38_321,VGND,li1,155.9400,114.2400,0.000000
FILLER_38_309,VGND,li1,150.4200,114.2400,0.000000
FILLER_38_307,VGND,li1,146.9700,114.2400,0.000000
FILLER_38_301,VGND,li1,145.3600,114.2400,0.000000
FILLER_38_289,VGND,li1,141.2200,114.2400,0.000000
FILLER_38_277,VGND,li1,135.7000,114.2400,0.000000
FILLER_38_265,VGND,li1,130.1800,114.2400,0.000000
FILLER_38_253,VGND,li1,124.6600,114.2400,0.000000
FILLER_38_251,VGND,li1,121.2100,114.2400,0.000000
FILLER_38_245,VGND,li1,119.6000,114.2400,0.000000
FILLER_38_233,VGND,li1,115.4600,114.2400,0.000000
FILLER_38_221,VGND,li1,109.9400,114.2400,0.000000
FILLER_38_209,VGND,li1,104.4200,114.2400,0.000000
FILLER_38_197,VGND,li1,98.9000,114.2400,0.000000
FILLER_38_195,VGND,li1,95.4500,114.2400,0.000000
FILLER_38_189,VGND,li1,93.8400,114.2400,0.000000
FILLER_38_177,VGND,li1,89.7000,114.2400,0.000000
FILLER_38_165,VGND,li1,84.1800,114.2400,0.000000
FILLER_38_153,VGND,li1,78.6600,114.2400,0.000000
FILLER_38_141,VGND,li1,73.1400,114.2400,0.000000
FILLER_38_139,VGND,li1,69.6900,114.2400,0.000000
FILLER_38_133,VGND,li1,68.0800,114.2400,0.000000
FILLER_38_121,VGND,li1,63.9400,114.2400,0.000000
FILLER_38_109,VGND,li1,58.4200,114.2400,0.000000
FILLER_38_97,VGND,li1,52.9000,114.2400,0.000000
FILLER_38_85,VGND,li1,47.3800,114.2400,0.000000
FILLER_38_83,VGND,li1,43.9300,114.2400,0.000000
FILLER_38_77,VGND,li1,42.3200,114.2400,0.000000
FILLER_38_65,VGND,li1,38.1800,114.2400,0.000000
FILLER_38_53,VGND,li1,32.6600,114.2400,0.000000
FILLER_38_41,VGND,li1,27.1400,114.2400,0.000000
FILLER_38_29,VGND,li1,21.6200,114.2400,0.000000
FILLER_38_27,VGND,li1,18.1700,114.2400,0.000000
FILLER_38_15,VGND,li1,15.1800,114.2400,0.000000
FILLER_38_3,VGND,li1,9.6600,114.2400,0.000000
FILLER_37_665,VGND,li1,312.1100,114.2400,0.000000
FILLER_37_653,VGND,li1,308.6600,114.2400,0.000000
FILLER_37_641,VGND,li1,303.1400,114.2400,0.000000
FILLER_37_629,VGND,li1,297.6200,114.2400,0.000000
FILLER_37_617,VGND,li1,292.1000,114.2400,0.000000
FILLER_37_615,VGND,li1,288.6500,114.2400,0.000000
FILLER_37_609,VGND,li1,287.0400,114.2400,0.000000
FILLER_37_597,VGND,li1,282.9000,114.2400,0.000000
FILLER_37_585,VGND,li1,277.3800,114.2400,0.000000
FILLER_37_573,VGND,li1,271.8600,114.2400,0.000000
FILLER_37_561,VGND,li1,266.3400,114.2400,0.000000
FILLER_37_559,VGND,li1,262.8900,114.2400,0.000000
FILLER_37_553,VGND,li1,261.2800,114.2400,0.000000
FILLER_37_541,VGND,li1,257.1400,114.2400,0.000000
FILLER_37_529,VGND,li1,251.6200,114.2400,0.000000
FILLER_37_517,VGND,li1,246.1000,114.2400,0.000000
FILLER_37_505,VGND,li1,240.5800,114.2400,0.000000
FILLER_37_503,VGND,li1,237.1300,114.2400,0.000000
FILLER_37_497,VGND,li1,235.5200,114.2400,0.000000
FILLER_37_485,VGND,li1,231.3800,114.2400,0.000000
FILLER_37_473,VGND,li1,225.8600,114.2400,0.000000
FILLER_37_461,VGND,li1,220.3400,114.2400,0.000000
FILLER_37_449,VGND,li1,214.8200,114.2400,0.000000
FILLER_37_447,VGND,li1,211.3700,114.2400,0.000000
FILLER_37_441,VGND,li1,209.7600,114.2400,0.000000
FILLER_37_429,VGND,li1,205.6200,114.2400,0.000000
FILLER_37_417,VGND,li1,200.1000,114.2400,0.000000
FILLER_37_405,VGND,li1,194.5800,114.2400,0.000000
FILLER_37_393,VGND,li1,189.0600,114.2400,0.000000
FILLER_37_391,VGND,li1,185.6100,114.2400,0.000000
FILLER_37_385,VGND,li1,184.0000,114.2400,0.000000
FILLER_37_373,VGND,li1,179.8600,114.2400,0.000000
FILLER_37_361,VGND,li1,174.3400,114.2400,0.000000
FILLER_37_349,VGND,li1,168.8200,114.2400,0.000000
FILLER_37_337,VGND,li1,163.3000,114.2400,0.000000
FILLER_37_335,VGND,li1,159.8500,114.2400,0.000000
FILLER_37_329,VGND,li1,158.2400,114.2400,0.000000
FILLER_37_317,VGND,li1,154.1000,114.2400,0.000000
FILLER_37_305,VGND,li1,148.5800,114.2400,0.000000
FILLER_37_293,VGND,li1,143.0600,114.2400,0.000000
FILLER_37_281,VGND,li1,137.5400,114.2400,0.000000
FILLER_37_279,VGND,li1,134.0900,114.2400,0.000000
FILLER_37_273,VGND,li1,132.4800,114.2400,0.000000
FILLER_37_261,VGND,li1,128.3400,114.2400,0.000000
FILLER_37_249,VGND,li1,122.8200,114.2400,0.000000
FILLER_37_237,VGND,li1,117.3000,114.2400,0.000000
FILLER_37_225,VGND,li1,111.7800,114.2400,0.000000
FILLER_37_223,VGND,li1,108.3300,114.2400,0.000000
FILLER_37_217,VGND,li1,106.7200,114.2400,0.000000
FILLER_37_205,VGND,li1,102.5800,114.2400,0.000000
FILLER_37_193,VGND,li1,97.0600,114.2400,0.000000
FILLER_37_181,VGND,li1,91.5400,114.2400,0.000000
FILLER_37_169,VGND,li1,86.0200,114.2400,0.000000
FILLER_37_167,VGND,li1,82.5700,114.2400,0.000000
FILLER_37_161,VGND,li1,80.9600,114.2400,0.000000
FILLER_37_149,VGND,li1,76.8200,114.2400,0.000000
FILLER_37_137,VGND,li1,71.3000,114.2400,0.000000
FILLER_37_125,VGND,li1,65.7800,114.2400,0.000000
FILLER_37_113,VGND,li1,60.2600,114.2400,0.000000
FILLER_37_111,VGND,li1,56.8100,114.2400,0.000000
FILLER_37_105,VGND,li1,55.2000,114.2400,0.000000
FILLER_37_93,VGND,li1,51.0600,114.2400,0.000000
FILLER_37_81,VGND,li1,45.5400,114.2400,0.000000
FILLER_37_69,VGND,li1,40.0200,114.2400,0.000000
FILLER_37_57,VGND,li1,34.5000,114.2400,0.000000
FILLER_37_55,VGND,li1,31.0500,114.2400,0.000000
FILLER_37_51,VGND,li1,29.9000,114.2400,0.000000
FILLER_37_39,VGND,li1,26.2200,114.2400,0.000000
FILLER_37_27,VGND,li1,20.7000,114.2400,0.000000
FILLER_37_15,VGND,li1,15.1800,114.2400,0.000000
FILLER_37_3,VGND,li1,9.6600,114.2400,0.000000
FILLER_36_665,VGND,li1,312.1100,108.8000,0.000000
FILLER_36_657,VGND,li1,309.5800,108.8000,0.000000
FILLER_36_645,VGND,li1,304.9800,108.8000,0.000000
FILLER_36_643,VGND,li1,301.5300,108.8000,0.000000
FILLER_36_637,VGND,li1,299.9200,108.8000,0.000000
FILLER_36_625,VGND,li1,295.7800,108.8000,0.000000
FILLER_36_613,VGND,li1,290.2600,108.8000,0.000000
FILLER_36_601,VGND,li1,284.7400,108.8000,0.000000
FILLER_36_589,VGND,li1,279.2200,108.8000,0.000000
FILLER_36_587,VGND,li1,275.7700,108.8000,0.000000
FILLER_36_581,VGND,li1,274.1600,108.8000,0.000000
FILLER_36_569,VGND,li1,270.0200,108.8000,0.000000
FILLER_36_557,VGND,li1,264.5000,108.8000,0.000000
FILLER_36_545,VGND,li1,258.9800,108.8000,0.000000
FILLER_36_533,VGND,li1,253.4600,108.8000,0.000000
FILLER_36_531,VGND,li1,250.0100,108.8000,0.000000
FILLER_36_525,VGND,li1,248.4000,108.8000,0.000000
FILLER_36_513,VGND,li1,244.2600,108.8000,0.000000
FILLER_36_501,VGND,li1,238.7400,108.8000,0.000000
FILLER_36_489,VGND,li1,233.2200,108.8000,0.000000
FILLER_36_477,VGND,li1,227.7000,108.8000,0.000000
FILLER_36_475,VGND,li1,224.2500,108.8000,0.000000
FILLER_36_469,VGND,li1,222.6400,108.8000,0.000000
FILLER_36_457,VGND,li1,218.5000,108.8000,0.000000
FILLER_36_445,VGND,li1,212.9800,108.8000,0.000000
FILLER_36_433,VGND,li1,207.4600,108.8000,0.000000
FILLER_36_421,VGND,li1,201.9400,108.8000,0.000000
FILLER_36_419,VGND,li1,198.4900,108.8000,0.000000
FILLER_36_413,VGND,li1,196.8800,108.8000,0.000000
FILLER_36_401,VGND,li1,192.7400,108.8000,0.000000
FILLER_36_389,VGND,li1,187.2200,108.8000,0.000000
FILLER_36_377,VGND,li1,181.7000,108.8000,0.000000
FILLER_36_365,VGND,li1,176.1800,108.8000,0.000000
FILLER_36_363,VGND,li1,172.7300,108.8000,0.000000
FILLER_36_357,VGND,li1,171.1200,108.8000,0.000000
FILLER_36_345,VGND,li1,166.9800,108.8000,0.000000
FILLER_36_333,VGND,li1,161.4600,108.8000,0.000000
FILLER_36_321,VGND,li1,155.9400,108.8000,0.000000
FILLER_36_309,VGND,li1,150.4200,108.8000,0.000000
FILLER_36_307,VGND,li1,146.9700,108.8000,0.000000
FILLER_36_301,VGND,li1,145.3600,108.8000,0.000000
FILLER_36_289,VGND,li1,141.2200,108.8000,0.000000
FILLER_36_277,VGND,li1,135.7000,108.8000,0.000000
FILLER_36_265,VGND,li1,130.1800,108.8000,0.000000
FILLER_36_253,VGND,li1,124.6600,108.8000,0.000000
FILLER_36_251,VGND,li1,121.2100,108.8000,0.000000
FILLER_36_245,VGND,li1,119.6000,108.8000,0.000000
FILLER_36_233,VGND,li1,115.4600,108.8000,0.000000
FILLER_36_221,VGND,li1,109.9400,108.8000,0.000000
FILLER_36_209,VGND,li1,104.4200,108.8000,0.000000
FILLER_36_197,VGND,li1,98.9000,108.8000,0.000000
FILLER_36_195,VGND,li1,95.4500,108.8000,0.000000
FILLER_36_189,VGND,li1,93.8400,108.8000,0.000000
FILLER_36_177,VGND,li1,89.7000,108.8000,0.000000
FILLER_36_165,VGND,li1,84.1800,108.8000,0.000000
FILLER_36_153,VGND,li1,78.6600,108.8000,0.000000
FILLER_36_141,VGND,li1,73.1400,108.8000,0.000000
FILLER_36_139,VGND,li1,69.6900,108.8000,0.000000
FILLER_36_133,VGND,li1,68.0800,108.8000,0.000000
FILLER_36_121,VGND,li1,63.9400,108.8000,0.000000
FILLER_36_109,VGND,li1,58.4200,108.8000,0.000000
FILLER_36_97,VGND,li1,52.9000,108.8000,0.000000
FILLER_36_85,VGND,li1,47.3800,108.8000,0.000000
FILLER_36_83,VGND,li1,43.9300,108.8000,0.000000
FILLER_36_77,VGND,li1,42.3200,108.8000,0.000000
FILLER_36_65,VGND,li1,38.1800,108.8000,0.000000
FILLER_36_53,VGND,li1,32.6600,108.8000,0.000000
FILLER_36_41,VGND,li1,27.1400,108.8000,0.000000
FILLER_36_29,VGND,li1,21.6200,108.8000,0.000000
FILLER_36_27,VGND,li1,18.1700,108.8000,0.000000
FILLER_36_15,VGND,li1,15.1800,108.8000,0.000000
FILLER_36_3,VGND,li1,9.6600,108.8000,0.000000
FILLER_35_665,VGND,li1,312.1100,108.8000,0.000000
FILLER_35_653,VGND,li1,308.6600,108.8000,0.000000
FILLER_35_641,VGND,li1,303.1400,108.8000,0.000000
FILLER_35_629,VGND,li1,297.6200,108.8000,0.000000
FILLER_35_617,VGND,li1,292.1000,108.8000,0.000000
FILLER_35_615,VGND,li1,288.6500,108.8000,0.000000
FILLER_35_609,VGND,li1,287.0400,108.8000,0.000000
FILLER_35_597,VGND,li1,282.9000,108.8000,0.000000
FILLER_35_585,VGND,li1,277.3800,108.8000,0.000000
FILLER_35_573,VGND,li1,271.8600,108.8000,0.000000
FILLER_35_561,VGND,li1,266.3400,108.8000,0.000000
FILLER_35_559,VGND,li1,262.8900,108.8000,0.000000
FILLER_35_553,VGND,li1,261.2800,108.8000,0.000000
FILLER_35_541,VGND,li1,257.1400,108.8000,0.000000
FILLER_35_529,VGND,li1,251.6200,108.8000,0.000000
FILLER_35_517,VGND,li1,246.1000,108.8000,0.000000
FILLER_35_505,VGND,li1,240.5800,108.8000,0.000000
FILLER_35_503,VGND,li1,237.1300,108.8000,0.000000
FILLER_35_497,VGND,li1,235.5200,108.8000,0.000000
FILLER_35_485,VGND,li1,231.3800,108.8000,0.000000
FILLER_35_473,VGND,li1,225.8600,108.8000,0.000000
FILLER_35_461,VGND,li1,220.3400,108.8000,0.000000
FILLER_35_449,VGND,li1,214.8200,108.8000,0.000000
FILLER_35_447,VGND,li1,211.3700,108.8000,0.000000
FILLER_35_441,VGND,li1,209.7600,108.8000,0.000000
FILLER_35_429,VGND,li1,205.6200,108.8000,0.000000
FILLER_35_417,VGND,li1,200.1000,108.8000,0.000000
FILLER_35_405,VGND,li1,194.5800,108.8000,0.000000
FILLER_35_393,VGND,li1,189.0600,108.8000,0.000000
FILLER_35_391,VGND,li1,185.6100,108.8000,0.000000
FILLER_35_385,VGND,li1,184.0000,108.8000,0.000000
FILLER_35_373,VGND,li1,179.8600,108.8000,0.000000
FILLER_35_361,VGND,li1,174.3400,108.8000,0.000000
FILLER_35_349,VGND,li1,168.8200,108.8000,0.000000
FILLER_35_337,VGND,li1,163.3000,108.8000,0.000000
FILLER_35_335,VGND,li1,159.8500,108.8000,0.000000
FILLER_35_329,VGND,li1,158.2400,108.8000,0.000000
FILLER_35_317,VGND,li1,154.1000,108.8000,0.000000
FILLER_35_305,VGND,li1,148.5800,108.8000,0.000000
FILLER_35_293,VGND,li1,143.0600,108.8000,0.000000
FILLER_35_281,VGND,li1,137.5400,108.8000,0.000000
FILLER_35_279,VGND,li1,134.0900,108.8000,0.000000
FILLER_35_273,VGND,li1,132.4800,108.8000,0.000000
FILLER_35_261,VGND,li1,128.3400,108.8000,0.000000
FILLER_35_249,VGND,li1,122.8200,108.8000,0.000000
FILLER_35_237,VGND,li1,117.3000,108.8000,0.000000
FILLER_35_225,VGND,li1,111.7800,108.8000,0.000000
FILLER_35_223,VGND,li1,108.3300,108.8000,0.000000
FILLER_35_217,VGND,li1,106.7200,108.8000,0.000000
FILLER_35_205,VGND,li1,102.5800,108.8000,0.000000
FILLER_35_193,VGND,li1,97.0600,108.8000,0.000000
FILLER_35_181,VGND,li1,91.5400,108.8000,0.000000
FILLER_35_169,VGND,li1,86.0200,108.8000,0.000000
FILLER_35_167,VGND,li1,82.5700,108.8000,0.000000
FILLER_35_161,VGND,li1,80.9600,108.8000,0.000000
FILLER_35_149,VGND,li1,76.8200,108.8000,0.000000
FILLER_35_137,VGND,li1,71.3000,108.8000,0.000000
FILLER_35_125,VGND,li1,65.7800,108.8000,0.000000
FILLER_35_113,VGND,li1,60.2600,108.8000,0.000000
FILLER_35_111,VGND,li1,56.8100,108.8000,0.000000
FILLER_35_105,VGND,li1,55.2000,108.8000,0.000000
FILLER_35_93,VGND,li1,51.0600,108.8000,0.000000
FILLER_35_81,VGND,li1,45.5400,108.8000,0.000000
FILLER_35_69,VGND,li1,40.0200,108.8000,0.000000
FILLER_35_57,VGND,li1,34.5000,108.8000,0.000000
FILLER_35_55,VGND,li1,31.0500,108.8000,0.000000
FILLER_35_51,VGND,li1,29.9000,108.8000,0.000000
FILLER_35_39,VGND,li1,26.2200,108.8000,0.000000
FILLER_35_27,VGND,li1,20.7000,108.8000,0.000000
FILLER_35_15,VGND,li1,15.1800,108.8000,0.000000
FILLER_35_3,VGND,li1,9.6600,108.8000,0.000000
FILLER_34_665,VGND,li1,312.1100,103.3600,0.000000
FILLER_34_657,VGND,li1,309.5800,103.3600,0.000000
FILLER_34_645,VGND,li1,304.9800,103.3600,0.000000
FILLER_34_643,VGND,li1,301.5300,103.3600,0.000000
FILLER_34_637,VGND,li1,299.9200,103.3600,0.000000
FILLER_34_625,VGND,li1,295.7800,103.3600,0.000000
FILLER_34_613,VGND,li1,290.2600,103.3600,0.000000
FILLER_34_601,VGND,li1,284.7400,103.3600,0.000000
FILLER_34_589,VGND,li1,279.2200,103.3600,0.000000
FILLER_34_587,VGND,li1,275.7700,103.3600,0.000000
FILLER_34_581,VGND,li1,274.1600,103.3600,0.000000
FILLER_34_569,VGND,li1,270.0200,103.3600,0.000000
FILLER_34_557,VGND,li1,264.5000,103.3600,0.000000
FILLER_34_545,VGND,li1,258.9800,103.3600,0.000000
FILLER_34_533,VGND,li1,253.4600,103.3600,0.000000
FILLER_34_531,VGND,li1,250.0100,103.3600,0.000000
FILLER_34_525,VGND,li1,248.4000,103.3600,0.000000
FILLER_34_513,VGND,li1,244.2600,103.3600,0.000000
FILLER_34_501,VGND,li1,238.7400,103.3600,0.000000
FILLER_34_489,VGND,li1,233.2200,103.3600,0.000000
FILLER_34_477,VGND,li1,227.7000,103.3600,0.000000
FILLER_34_475,VGND,li1,224.2500,103.3600,0.000000
FILLER_34_469,VGND,li1,222.6400,103.3600,0.000000
FILLER_34_457,VGND,li1,218.5000,103.3600,0.000000
FILLER_34_445,VGND,li1,212.9800,103.3600,0.000000
FILLER_34_433,VGND,li1,207.4600,103.3600,0.000000
FILLER_34_421,VGND,li1,201.9400,103.3600,0.000000
FILLER_34_419,VGND,li1,198.4900,103.3600,0.000000
FILLER_34_413,VGND,li1,196.8800,103.3600,0.000000
FILLER_34_401,VGND,li1,192.7400,103.3600,0.000000
FILLER_34_389,VGND,li1,187.2200,103.3600,0.000000
FILLER_34_377,VGND,li1,181.7000,103.3600,0.000000
FILLER_34_365,VGND,li1,176.1800,103.3600,0.000000
FILLER_34_363,VGND,li1,172.7300,103.3600,0.000000
FILLER_34_357,VGND,li1,171.1200,103.3600,0.000000
FILLER_34_345,VGND,li1,166.9800,103.3600,0.000000
FILLER_34_333,VGND,li1,161.4600,103.3600,0.000000
FILLER_34_321,VGND,li1,155.9400,103.3600,0.000000
FILLER_34_309,VGND,li1,150.4200,103.3600,0.000000
FILLER_34_307,VGND,li1,146.9700,103.3600,0.000000
FILLER_34_301,VGND,li1,145.3600,103.3600,0.000000
FILLER_34_289,VGND,li1,141.2200,103.3600,0.000000
FILLER_34_277,VGND,li1,135.7000,103.3600,0.000000
FILLER_34_265,VGND,li1,130.1800,103.3600,0.000000
FILLER_34_253,VGND,li1,124.6600,103.3600,0.000000
FILLER_34_251,VGND,li1,121.2100,103.3600,0.000000
FILLER_34_245,VGND,li1,119.6000,103.3600,0.000000
FILLER_34_233,VGND,li1,115.4600,103.3600,0.000000
FILLER_34_221,VGND,li1,109.9400,103.3600,0.000000
FILLER_34_209,VGND,li1,104.4200,103.3600,0.000000
FILLER_34_197,VGND,li1,98.9000,103.3600,0.000000
FILLER_34_195,VGND,li1,95.4500,103.3600,0.000000
FILLER_34_189,VGND,li1,93.8400,103.3600,0.000000
FILLER_34_177,VGND,li1,89.7000,103.3600,0.000000
FILLER_34_165,VGND,li1,84.1800,103.3600,0.000000
FILLER_34_153,VGND,li1,78.6600,103.3600,0.000000
FILLER_34_141,VGND,li1,73.1400,103.3600,0.000000
FILLER_34_139,VGND,li1,69.6900,103.3600,0.000000
FILLER_34_133,VGND,li1,68.0800,103.3600,0.000000
FILLER_34_121,VGND,li1,63.9400,103.3600,0.000000
FILLER_34_109,VGND,li1,58.4200,103.3600,0.000000
FILLER_34_97,VGND,li1,52.9000,103.3600,0.000000
FILLER_34_85,VGND,li1,47.3800,103.3600,0.000000
FILLER_34_83,VGND,li1,43.9300,103.3600,0.000000
FILLER_34_77,VGND,li1,42.3200,103.3600,0.000000
FILLER_34_65,VGND,li1,38.1800,103.3600,0.000000
FILLER_34_53,VGND,li1,32.6600,103.3600,0.000000
FILLER_34_41,VGND,li1,27.1400,103.3600,0.000000
FILLER_34_29,VGND,li1,21.6200,103.3600,0.000000
FILLER_34_27,VGND,li1,18.1700,103.3600,0.000000
FILLER_34_15,VGND,li1,15.1800,103.3600,0.000000
FILLER_34_3,VGND,li1,9.6600,103.3600,0.000000
FILLER_33_665,VGND,li1,312.1100,103.3600,0.000000
FILLER_33_653,VGND,li1,308.6600,103.3600,0.000000
FILLER_33_641,VGND,li1,303.1400,103.3600,0.000000
FILLER_33_629,VGND,li1,297.6200,103.3600,0.000000
FILLER_33_617,VGND,li1,292.1000,103.3600,0.000000
FILLER_33_615,VGND,li1,288.6500,103.3600,0.000000
FILLER_33_609,VGND,li1,287.0400,103.3600,0.000000
FILLER_33_597,VGND,li1,282.9000,103.3600,0.000000
FILLER_33_585,VGND,li1,277.3800,103.3600,0.000000
FILLER_33_573,VGND,li1,271.8600,103.3600,0.000000
FILLER_33_561,VGND,li1,266.3400,103.3600,0.000000
FILLER_33_559,VGND,li1,262.8900,103.3600,0.000000
FILLER_33_553,VGND,li1,261.2800,103.3600,0.000000
FILLER_33_541,VGND,li1,257.1400,103.3600,0.000000
FILLER_33_529,VGND,li1,251.6200,103.3600,0.000000
FILLER_33_517,VGND,li1,246.1000,103.3600,0.000000
FILLER_33_505,VGND,li1,240.5800,103.3600,0.000000
FILLER_33_503,VGND,li1,237.1300,103.3600,0.000000
FILLER_33_497,VGND,li1,235.5200,103.3600,0.000000
FILLER_33_485,VGND,li1,231.3800,103.3600,0.000000
FILLER_33_473,VGND,li1,225.8600,103.3600,0.000000
FILLER_33_461,VGND,li1,220.3400,103.3600,0.000000
FILLER_33_449,VGND,li1,214.8200,103.3600,0.000000
FILLER_33_447,VGND,li1,211.3700,103.3600,0.000000
FILLER_33_441,VGND,li1,209.7600,103.3600,0.000000
FILLER_33_429,VGND,li1,205.6200,103.3600,0.000000
FILLER_33_417,VGND,li1,200.1000,103.3600,0.000000
FILLER_33_405,VGND,li1,194.5800,103.3600,0.000000
FILLER_33_393,VGND,li1,189.0600,103.3600,0.000000
FILLER_33_391,VGND,li1,185.6100,103.3600,0.000000
FILLER_33_385,VGND,li1,184.0000,103.3600,0.000000
FILLER_33_373,VGND,li1,179.8600,103.3600,0.000000
FILLER_33_361,VGND,li1,174.3400,103.3600,0.000000
FILLER_33_349,VGND,li1,168.8200,103.3600,0.000000
FILLER_33_337,VGND,li1,163.3000,103.3600,0.000000
FILLER_33_335,VGND,li1,159.8500,103.3600,0.000000
FILLER_33_329,VGND,li1,158.2400,103.3600,0.000000
FILLER_33_317,VGND,li1,154.1000,103.3600,0.000000
FILLER_33_305,VGND,li1,148.5800,103.3600,0.000000
FILLER_33_293,VGND,li1,143.0600,103.3600,0.000000
FILLER_33_281,VGND,li1,137.5400,103.3600,0.000000
FILLER_33_279,VGND,li1,134.0900,103.3600,0.000000
FILLER_33_273,VGND,li1,132.4800,103.3600,0.000000
FILLER_33_261,VGND,li1,128.3400,103.3600,0.000000
FILLER_33_249,VGND,li1,122.8200,103.3600,0.000000
FILLER_33_237,VGND,li1,117.3000,103.3600,0.000000
FILLER_33_225,VGND,li1,111.7800,103.3600,0.000000
FILLER_33_223,VGND,li1,108.3300,103.3600,0.000000
FILLER_33_217,VGND,li1,106.7200,103.3600,0.000000
FILLER_33_205,VGND,li1,102.5800,103.3600,0.000000
FILLER_33_193,VGND,li1,97.0600,103.3600,0.000000
FILLER_33_181,VGND,li1,91.5400,103.3600,0.000000
FILLER_33_169,VGND,li1,86.0200,103.3600,0.000000
FILLER_33_167,VGND,li1,82.5700,103.3600,0.000000
FILLER_33_161,VGND,li1,80.9600,103.3600,0.000000
FILLER_33_149,VGND,li1,76.8200,103.3600,0.000000
FILLER_33_137,VGND,li1,71.3000,103.3600,0.000000
FILLER_33_125,VGND,li1,65.7800,103.3600,0.000000
FILLER_33_113,VGND,li1,60.2600,103.3600,0.000000
FILLER_33_111,VGND,li1,56.8100,103.3600,0.000000
FILLER_33_105,VGND,li1,55.2000,103.3600,0.000000
FILLER_33_93,VGND,li1,51.0600,103.3600,0.000000
FILLER_33_81,VGND,li1,45.5400,103.3600,0.000000
FILLER_33_69,VGND,li1,40.0200,103.3600,0.000000
FILLER_33_57,VGND,li1,34.5000,103.3600,0.000000
FILLER_33_55,VGND,li1,31.0500,103.3600,0.000000
FILLER_33_51,VGND,li1,29.9000,103.3600,0.000000
FILLER_33_39,VGND,li1,26.2200,103.3600,0.000000
FILLER_33_27,VGND,li1,20.7000,103.3600,0.000000
FILLER_33_15,VGND,li1,15.1800,103.3600,0.000000
FILLER_33_3,VGND,li1,9.6600,103.3600,0.000000
FILLER_32_665,VGND,li1,312.1100,97.9200,0.000000
FILLER_32_657,VGND,li1,309.5800,97.9200,0.000000
FILLER_32_645,VGND,li1,304.9800,97.9200,0.000000
FILLER_32_643,VGND,li1,301.5300,97.9200,0.000000
FILLER_32_637,VGND,li1,299.9200,97.9200,0.000000
FILLER_32_625,VGND,li1,295.7800,97.9200,0.000000
FILLER_32_613,VGND,li1,290.2600,97.9200,0.000000
FILLER_32_601,VGND,li1,284.7400,97.9200,0.000000
FILLER_32_589,VGND,li1,279.2200,97.9200,0.000000
FILLER_32_587,VGND,li1,275.7700,97.9200,0.000000
FILLER_32_581,VGND,li1,274.1600,97.9200,0.000000
FILLER_32_569,VGND,li1,270.0200,97.9200,0.000000
FILLER_32_557,VGND,li1,264.5000,97.9200,0.000000
FILLER_32_545,VGND,li1,258.9800,97.9200,0.000000
FILLER_32_533,VGND,li1,253.4600,97.9200,0.000000
FILLER_32_531,VGND,li1,250.0100,97.9200,0.000000
FILLER_32_525,VGND,li1,248.4000,97.9200,0.000000
FILLER_32_513,VGND,li1,244.2600,97.9200,0.000000
FILLER_32_501,VGND,li1,238.7400,97.9200,0.000000
FILLER_32_489,VGND,li1,233.2200,97.9200,0.000000
FILLER_32_477,VGND,li1,227.7000,97.9200,0.000000
FILLER_32_475,VGND,li1,224.2500,97.9200,0.000000
FILLER_32_469,VGND,li1,222.6400,97.9200,0.000000
FILLER_32_457,VGND,li1,218.5000,97.9200,0.000000
FILLER_32_445,VGND,li1,212.9800,97.9200,0.000000
FILLER_32_433,VGND,li1,207.4600,97.9200,0.000000
FILLER_32_421,VGND,li1,201.9400,97.9200,0.000000
FILLER_32_419,VGND,li1,198.4900,97.9200,0.000000
FILLER_32_413,VGND,li1,196.8800,97.9200,0.000000
FILLER_32_401,VGND,li1,192.7400,97.9200,0.000000
FILLER_32_389,VGND,li1,187.2200,97.9200,0.000000
FILLER_32_377,VGND,li1,181.7000,97.9200,0.000000
FILLER_32_365,VGND,li1,176.1800,97.9200,0.000000
FILLER_32_363,VGND,li1,172.7300,97.9200,0.000000
FILLER_32_357,VGND,li1,171.1200,97.9200,0.000000
FILLER_32_345,VGND,li1,166.9800,97.9200,0.000000
FILLER_32_333,VGND,li1,161.4600,97.9200,0.000000
FILLER_32_321,VGND,li1,155.9400,97.9200,0.000000
FILLER_32_309,VGND,li1,150.4200,97.9200,0.000000
FILLER_32_307,VGND,li1,146.9700,97.9200,0.000000
FILLER_32_301,VGND,li1,145.3600,97.9200,0.000000
FILLER_32_289,VGND,li1,141.2200,97.9200,0.000000
FILLER_32_277,VGND,li1,135.7000,97.9200,0.000000
FILLER_32_265,VGND,li1,130.1800,97.9200,0.000000
FILLER_32_253,VGND,li1,124.6600,97.9200,0.000000
FILLER_32_251,VGND,li1,121.2100,97.9200,0.000000
FILLER_32_245,VGND,li1,119.6000,97.9200,0.000000
FILLER_32_233,VGND,li1,115.4600,97.9200,0.000000
FILLER_32_221,VGND,li1,109.9400,97.9200,0.000000
FILLER_32_209,VGND,li1,104.4200,97.9200,0.000000
FILLER_32_197,VGND,li1,98.9000,97.9200,0.000000
FILLER_32_195,VGND,li1,95.4500,97.9200,0.000000
FILLER_32_189,VGND,li1,93.8400,97.9200,0.000000
FILLER_32_177,VGND,li1,89.7000,97.9200,0.000000
FILLER_32_165,VGND,li1,84.1800,97.9200,0.000000
FILLER_32_153,VGND,li1,78.6600,97.9200,0.000000
FILLER_32_141,VGND,li1,73.1400,97.9200,0.000000
FILLER_32_139,VGND,li1,69.6900,97.9200,0.000000
FILLER_32_133,VGND,li1,68.0800,97.9200,0.000000
FILLER_32_121,VGND,li1,63.9400,97.9200,0.000000
FILLER_32_109,VGND,li1,58.4200,97.9200,0.000000
FILLER_32_97,VGND,li1,52.9000,97.9200,0.000000
FILLER_32_85,VGND,li1,47.3800,97.9200,0.000000
FILLER_32_83,VGND,li1,43.9300,97.9200,0.000000
FILLER_32_77,VGND,li1,42.3200,97.9200,0.000000
FILLER_32_65,VGND,li1,38.1800,97.9200,0.000000
FILLER_32_53,VGND,li1,32.6600,97.9200,0.000000
FILLER_32_41,VGND,li1,27.1400,97.9200,0.000000
FILLER_32_29,VGND,li1,21.6200,97.9200,0.000000
FILLER_32_27,VGND,li1,18.1700,97.9200,0.000000
FILLER_32_15,VGND,li1,15.1800,97.9200,0.000000
FILLER_32_3,VGND,li1,9.6600,97.9200,0.000000
FILLER_31_665,VGND,li1,312.1100,97.9200,0.000000
FILLER_31_653,VGND,li1,308.6600,97.9200,0.000000
FILLER_31_641,VGND,li1,303.1400,97.9200,0.000000
FILLER_31_629,VGND,li1,297.6200,97.9200,0.000000
FILLER_31_617,VGND,li1,292.1000,97.9200,0.000000
FILLER_31_615,VGND,li1,288.6500,97.9200,0.000000
FILLER_31_609,VGND,li1,287.0400,97.9200,0.000000
FILLER_31_597,VGND,li1,282.9000,97.9200,0.000000
FILLER_31_585,VGND,li1,277.3800,97.9200,0.000000
FILLER_31_573,VGND,li1,271.8600,97.9200,0.000000
FILLER_31_561,VGND,li1,266.3400,97.9200,0.000000
FILLER_31_559,VGND,li1,262.8900,97.9200,0.000000
FILLER_31_553,VGND,li1,261.2800,97.9200,0.000000
FILLER_31_541,VGND,li1,257.1400,97.9200,0.000000
FILLER_31_529,VGND,li1,251.6200,97.9200,0.000000
FILLER_31_517,VGND,li1,246.1000,97.9200,0.000000
FILLER_31_505,VGND,li1,240.5800,97.9200,0.000000
FILLER_31_503,VGND,li1,237.1300,97.9200,0.000000
FILLER_31_497,VGND,li1,235.5200,97.9200,0.000000
FILLER_31_485,VGND,li1,231.3800,97.9200,0.000000
FILLER_31_473,VGND,li1,225.8600,97.9200,0.000000
FILLER_31_461,VGND,li1,220.3400,97.9200,0.000000
FILLER_31_449,VGND,li1,214.8200,97.9200,0.000000
FILLER_31_447,VGND,li1,211.3700,97.9200,0.000000
FILLER_31_441,VGND,li1,209.7600,97.9200,0.000000
FILLER_31_429,VGND,li1,205.6200,97.9200,0.000000
FILLER_31_417,VGND,li1,200.1000,97.9200,0.000000
FILLER_31_405,VGND,li1,194.5800,97.9200,0.000000
FILLER_31_393,VGND,li1,189.0600,97.9200,0.000000
FILLER_31_391,VGND,li1,185.6100,97.9200,0.000000
FILLER_31_385,VGND,li1,184.0000,97.9200,0.000000
FILLER_31_373,VGND,li1,179.8600,97.9200,0.000000
FILLER_31_361,VGND,li1,174.3400,97.9200,0.000000
FILLER_31_349,VGND,li1,168.8200,97.9200,0.000000
FILLER_31_337,VGND,li1,163.3000,97.9200,0.000000
FILLER_31_335,VGND,li1,159.8500,97.9200,0.000000
FILLER_31_329,VGND,li1,158.2400,97.9200,0.000000
FILLER_31_317,VGND,li1,154.1000,97.9200,0.000000
FILLER_31_305,VGND,li1,148.5800,97.9200,0.000000
FILLER_31_293,VGND,li1,143.0600,97.9200,0.000000
FILLER_31_281,VGND,li1,137.5400,97.9200,0.000000
FILLER_31_279,VGND,li1,134.0900,97.9200,0.000000
FILLER_31_273,VGND,li1,132.4800,97.9200,0.000000
FILLER_31_261,VGND,li1,128.3400,97.9200,0.000000
FILLER_31_249,VGND,li1,122.8200,97.9200,0.000000
FILLER_31_237,VGND,li1,117.3000,97.9200,0.000000
FILLER_31_225,VGND,li1,111.7800,97.9200,0.000000
FILLER_31_223,VGND,li1,108.3300,97.9200,0.000000
FILLER_31_217,VGND,li1,106.7200,97.9200,0.000000
FILLER_31_205,VGND,li1,102.5800,97.9200,0.000000
FILLER_31_193,VGND,li1,97.0600,97.9200,0.000000
FILLER_31_181,VGND,li1,91.5400,97.9200,0.000000
FILLER_31_169,VGND,li1,86.0200,97.9200,0.000000
FILLER_31_167,VGND,li1,82.5700,97.9200,0.000000
FILLER_31_161,VGND,li1,80.9600,97.9200,0.000000
FILLER_31_149,VGND,li1,76.8200,97.9200,0.000000
FILLER_31_137,VGND,li1,71.3000,97.9200,0.000000
FILLER_31_125,VGND,li1,65.7800,97.9200,0.000000
FILLER_31_113,VGND,li1,60.2600,97.9200,0.000000
FILLER_31_111,VGND,li1,56.8100,97.9200,0.000000
FILLER_31_105,VGND,li1,55.2000,97.9200,0.000000
FILLER_31_93,VGND,li1,51.0600,97.9200,0.000000
FILLER_31_81,VGND,li1,45.5400,97.9200,0.000000
FILLER_31_69,VGND,li1,40.0200,97.9200,0.000000
FILLER_31_57,VGND,li1,34.5000,97.9200,0.000000
FILLER_31_55,VGND,li1,31.0500,97.9200,0.000000
FILLER_31_51,VGND,li1,29.9000,97.9200,0.000000
FILLER_31_39,VGND,li1,26.2200,97.9200,0.000000
FILLER_31_27,VGND,li1,20.7000,97.9200,0.000000
FILLER_31_15,VGND,li1,15.1800,97.9200,0.000000
FILLER_31_3,VGND,li1,9.6600,97.9200,0.000000
FILLER_30_665,VGND,li1,312.1100,92.4800,0.000000
FILLER_30_657,VGND,li1,309.5800,92.4800,0.000000
FILLER_30_645,VGND,li1,304.9800,92.4800,0.000000
FILLER_30_643,VGND,li1,301.5300,92.4800,0.000000
FILLER_30_637,VGND,li1,299.9200,92.4800,0.000000
FILLER_30_625,VGND,li1,295.7800,92.4800,0.000000
FILLER_30_613,VGND,li1,290.2600,92.4800,0.000000
FILLER_30_601,VGND,li1,284.7400,92.4800,0.000000
FILLER_30_589,VGND,li1,279.2200,92.4800,0.000000
FILLER_30_587,VGND,li1,275.7700,92.4800,0.000000
FILLER_30_581,VGND,li1,274.1600,92.4800,0.000000
FILLER_30_569,VGND,li1,270.0200,92.4800,0.000000
FILLER_30_557,VGND,li1,264.5000,92.4800,0.000000
FILLER_30_545,VGND,li1,258.9800,92.4800,0.000000
FILLER_30_533,VGND,li1,253.4600,92.4800,0.000000
FILLER_30_531,VGND,li1,250.0100,92.4800,0.000000
FILLER_30_525,VGND,li1,248.4000,92.4800,0.000000
FILLER_30_513,VGND,li1,244.2600,92.4800,0.000000
FILLER_30_501,VGND,li1,238.7400,92.4800,0.000000
FILLER_30_489,VGND,li1,233.2200,92.4800,0.000000
FILLER_30_477,VGND,li1,227.7000,92.4800,0.000000
FILLER_30_475,VGND,li1,224.2500,92.4800,0.000000
FILLER_30_469,VGND,li1,222.6400,92.4800,0.000000
FILLER_30_457,VGND,li1,218.5000,92.4800,0.000000
FILLER_30_445,VGND,li1,212.9800,92.4800,0.000000
FILLER_30_433,VGND,li1,207.4600,92.4800,0.000000
FILLER_30_421,VGND,li1,201.9400,92.4800,0.000000
FILLER_30_419,VGND,li1,198.4900,92.4800,0.000000
FILLER_30_413,VGND,li1,196.8800,92.4800,0.000000
FILLER_30_401,VGND,li1,192.7400,92.4800,0.000000
FILLER_30_389,VGND,li1,187.2200,92.4800,0.000000
FILLER_30_377,VGND,li1,181.7000,92.4800,0.000000
FILLER_30_365,VGND,li1,176.1800,92.4800,0.000000
FILLER_30_363,VGND,li1,172.7300,92.4800,0.000000
FILLER_30_357,VGND,li1,171.1200,92.4800,0.000000
FILLER_30_345,VGND,li1,166.9800,92.4800,0.000000
FILLER_30_333,VGND,li1,161.4600,92.4800,0.000000
FILLER_30_321,VGND,li1,155.9400,92.4800,0.000000
FILLER_30_309,VGND,li1,150.4200,92.4800,0.000000
FILLER_30_307,VGND,li1,146.9700,92.4800,0.000000
FILLER_30_301,VGND,li1,145.3600,92.4800,0.000000
FILLER_30_289,VGND,li1,141.2200,92.4800,0.000000
FILLER_30_277,VGND,li1,135.7000,92.4800,0.000000
FILLER_30_265,VGND,li1,130.1800,92.4800,0.000000
FILLER_30_253,VGND,li1,124.6600,92.4800,0.000000
FILLER_30_251,VGND,li1,121.2100,92.4800,0.000000
FILLER_30_245,VGND,li1,119.6000,92.4800,0.000000
FILLER_30_233,VGND,li1,115.4600,92.4800,0.000000
FILLER_30_221,VGND,li1,109.9400,92.4800,0.000000
FILLER_30_209,VGND,li1,104.4200,92.4800,0.000000
FILLER_30_197,VGND,li1,98.9000,92.4800,0.000000
FILLER_30_195,VGND,li1,95.4500,92.4800,0.000000
FILLER_30_189,VGND,li1,93.8400,92.4800,0.000000
FILLER_30_177,VGND,li1,89.7000,92.4800,0.000000
FILLER_30_165,VGND,li1,84.1800,92.4800,0.000000
FILLER_30_153,VGND,li1,78.6600,92.4800,0.000000
FILLER_30_141,VGND,li1,73.1400,92.4800,0.000000
FILLER_30_139,VGND,li1,69.6900,92.4800,0.000000
FILLER_30_133,VGND,li1,68.0800,92.4800,0.000000
FILLER_30_121,VGND,li1,63.9400,92.4800,0.000000
FILLER_30_109,VGND,li1,58.4200,92.4800,0.000000
FILLER_30_97,VGND,li1,52.9000,92.4800,0.000000
FILLER_30_85,VGND,li1,47.3800,92.4800,0.000000
FILLER_30_83,VGND,li1,43.9300,92.4800,0.000000
FILLER_30_77,VGND,li1,42.3200,92.4800,0.000000
FILLER_30_65,VGND,li1,38.1800,92.4800,0.000000
FILLER_30_53,VGND,li1,32.6600,92.4800,0.000000
FILLER_30_41,VGND,li1,27.1400,92.4800,0.000000
FILLER_30_29,VGND,li1,21.6200,92.4800,0.000000
FILLER_30_27,VGND,li1,18.1700,92.4800,0.000000
FILLER_30_15,VGND,li1,15.1800,92.4800,0.000000
FILLER_30_3,VGND,li1,9.6600,92.4800,0.000000
FILLER_29_665,VGND,li1,312.1100,92.4800,0.000000
FILLER_29_653,VGND,li1,308.6600,92.4800,0.000000
FILLER_29_641,VGND,li1,303.1400,92.4800,0.000000
FILLER_29_629,VGND,li1,297.6200,92.4800,0.000000
FILLER_29_617,VGND,li1,292.1000,92.4800,0.000000
FILLER_29_615,VGND,li1,288.6500,92.4800,0.000000
FILLER_29_609,VGND,li1,287.0400,92.4800,0.000000
FILLER_29_597,VGND,li1,282.9000,92.4800,0.000000
FILLER_29_585,VGND,li1,277.3800,92.4800,0.000000
FILLER_29_573,VGND,li1,271.8600,92.4800,0.000000
FILLER_29_561,VGND,li1,266.3400,92.4800,0.000000
FILLER_29_559,VGND,li1,262.8900,92.4800,0.000000
FILLER_29_553,VGND,li1,261.2800,92.4800,0.000000
FILLER_29_541,VGND,li1,257.1400,92.4800,0.000000
FILLER_29_529,VGND,li1,251.6200,92.4800,0.000000
FILLER_29_517,VGND,li1,246.1000,92.4800,0.000000
FILLER_29_505,VGND,li1,240.5800,92.4800,0.000000
FILLER_29_503,VGND,li1,237.1300,92.4800,0.000000
FILLER_29_497,VGND,li1,235.5200,92.4800,0.000000
FILLER_29_485,VGND,li1,231.3800,92.4800,0.000000
FILLER_29_473,VGND,li1,225.8600,92.4800,0.000000
FILLER_29_461,VGND,li1,220.3400,92.4800,0.000000
FILLER_29_449,VGND,li1,214.8200,92.4800,0.000000
FILLER_29_447,VGND,li1,211.3700,92.4800,0.000000
FILLER_29_441,VGND,li1,209.7600,92.4800,0.000000
FILLER_29_429,VGND,li1,205.6200,92.4800,0.000000
FILLER_29_417,VGND,li1,200.1000,92.4800,0.000000
FILLER_29_405,VGND,li1,194.5800,92.4800,0.000000
FILLER_29_393,VGND,li1,189.0600,92.4800,0.000000
FILLER_29_391,VGND,li1,185.6100,92.4800,0.000000
FILLER_29_385,VGND,li1,184.0000,92.4800,0.000000
FILLER_29_373,VGND,li1,179.8600,92.4800,0.000000
FILLER_29_361,VGND,li1,174.3400,92.4800,0.000000
FILLER_29_349,VGND,li1,168.8200,92.4800,0.000000
FILLER_29_337,VGND,li1,163.3000,92.4800,0.000000
FILLER_29_335,VGND,li1,159.8500,92.4800,0.000000
FILLER_29_329,VGND,li1,158.2400,92.4800,0.000000
FILLER_29_317,VGND,li1,154.1000,92.4800,0.000000
FILLER_29_305,VGND,li1,148.5800,92.4800,0.000000
FILLER_29_293,VGND,li1,143.0600,92.4800,0.000000
FILLER_29_281,VGND,li1,137.5400,92.4800,0.000000
FILLER_29_279,VGND,li1,134.0900,92.4800,0.000000
FILLER_29_273,VGND,li1,132.4800,92.4800,0.000000
FILLER_29_261,VGND,li1,128.3400,92.4800,0.000000
FILLER_29_249,VGND,li1,122.8200,92.4800,0.000000
FILLER_29_237,VGND,li1,117.3000,92.4800,0.000000
FILLER_29_225,VGND,li1,111.7800,92.4800,0.000000
FILLER_29_223,VGND,li1,108.3300,92.4800,0.000000
FILLER_29_217,VGND,li1,106.7200,92.4800,0.000000
FILLER_29_205,VGND,li1,102.5800,92.4800,0.000000
FILLER_29_193,VGND,li1,97.0600,92.4800,0.000000
FILLER_29_181,VGND,li1,91.5400,92.4800,0.000000
FILLER_29_169,VGND,li1,86.0200,92.4800,0.000000
FILLER_29_167,VGND,li1,82.5700,92.4800,0.000000
FILLER_29_161,VGND,li1,80.9600,92.4800,0.000000
FILLER_29_149,VGND,li1,76.8200,92.4800,0.000000
FILLER_29_137,VGND,li1,71.3000,92.4800,0.000000
FILLER_29_125,VGND,li1,65.7800,92.4800,0.000000
FILLER_29_113,VGND,li1,60.2600,92.4800,0.000000
FILLER_29_111,VGND,li1,56.8100,92.4800,0.000000
FILLER_29_105,VGND,li1,55.2000,92.4800,0.000000
FILLER_29_93,VGND,li1,51.0600,92.4800,0.000000
FILLER_29_81,VGND,li1,45.5400,92.4800,0.000000
FILLER_29_69,VGND,li1,40.0200,92.4800,0.000000
FILLER_29_57,VGND,li1,34.5000,92.4800,0.000000
FILLER_29_55,VGND,li1,31.0500,92.4800,0.000000
FILLER_29_51,VGND,li1,29.9000,92.4800,0.000000
FILLER_29_39,VGND,li1,26.2200,92.4800,0.000000
FILLER_29_27,VGND,li1,20.7000,92.4800,0.000000
FILLER_29_15,VGND,li1,15.1800,92.4800,0.000000
FILLER_29_3,VGND,li1,9.6600,92.4800,0.000000
FILLER_28_665,VGND,li1,312.1100,87.0400,0.000000
FILLER_28_657,VGND,li1,309.5800,87.0400,0.000000
FILLER_28_645,VGND,li1,304.9800,87.0400,0.000000
FILLER_28_643,VGND,li1,301.5300,87.0400,0.000000
FILLER_28_637,VGND,li1,299.9200,87.0400,0.000000
FILLER_28_625,VGND,li1,295.7800,87.0400,0.000000
FILLER_28_613,VGND,li1,290.2600,87.0400,0.000000
FILLER_28_601,VGND,li1,284.7400,87.0400,0.000000
FILLER_28_589,VGND,li1,279.2200,87.0400,0.000000
FILLER_28_587,VGND,li1,275.7700,87.0400,0.000000
FILLER_28_581,VGND,li1,274.1600,87.0400,0.000000
FILLER_28_569,VGND,li1,270.0200,87.0400,0.000000
FILLER_28_557,VGND,li1,264.5000,87.0400,0.000000
FILLER_28_545,VGND,li1,258.9800,87.0400,0.000000
FILLER_28_533,VGND,li1,253.4600,87.0400,0.000000
FILLER_28_531,VGND,li1,250.0100,87.0400,0.000000
FILLER_28_525,VGND,li1,248.4000,87.0400,0.000000
FILLER_28_513,VGND,li1,244.2600,87.0400,0.000000
FILLER_28_501,VGND,li1,238.7400,87.0400,0.000000
FILLER_28_489,VGND,li1,233.2200,87.0400,0.000000
FILLER_28_477,VGND,li1,227.7000,87.0400,0.000000
FILLER_28_475,VGND,li1,224.2500,87.0400,0.000000
FILLER_28_469,VGND,li1,222.6400,87.0400,0.000000
FILLER_28_457,VGND,li1,218.5000,87.0400,0.000000
FILLER_28_445,VGND,li1,212.9800,87.0400,0.000000
FILLER_28_433,VGND,li1,207.4600,87.0400,0.000000
FILLER_28_421,VGND,li1,201.9400,87.0400,0.000000
FILLER_28_419,VGND,li1,198.4900,87.0400,0.000000
FILLER_28_413,VGND,li1,196.8800,87.0400,0.000000
FILLER_28_401,VGND,li1,192.7400,87.0400,0.000000
FILLER_28_389,VGND,li1,187.2200,87.0400,0.000000
FILLER_28_377,VGND,li1,181.7000,87.0400,0.000000
FILLER_28_365,VGND,li1,176.1800,87.0400,0.000000
FILLER_28_363,VGND,li1,172.7300,87.0400,0.000000
FILLER_28_357,VGND,li1,171.1200,87.0400,0.000000
FILLER_28_345,VGND,li1,166.9800,87.0400,0.000000
FILLER_28_333,VGND,li1,161.4600,87.0400,0.000000
FILLER_28_321,VGND,li1,155.9400,87.0400,0.000000
FILLER_28_309,VGND,li1,150.4200,87.0400,0.000000
FILLER_28_307,VGND,li1,146.9700,87.0400,0.000000
FILLER_28_301,VGND,li1,145.3600,87.0400,0.000000
FILLER_28_289,VGND,li1,141.2200,87.0400,0.000000
FILLER_28_277,VGND,li1,135.7000,87.0400,0.000000
FILLER_28_265,VGND,li1,130.1800,87.0400,0.000000
FILLER_28_253,VGND,li1,124.6600,87.0400,0.000000
FILLER_28_251,VGND,li1,121.2100,87.0400,0.000000
FILLER_28_245,VGND,li1,119.6000,87.0400,0.000000
FILLER_28_233,VGND,li1,115.4600,87.0400,0.000000
FILLER_28_221,VGND,li1,109.9400,87.0400,0.000000
FILLER_28_209,VGND,li1,104.4200,87.0400,0.000000
FILLER_28_197,VGND,li1,98.9000,87.0400,0.000000
FILLER_28_195,VGND,li1,95.4500,87.0400,0.000000
FILLER_28_189,VGND,li1,93.8400,87.0400,0.000000
FILLER_28_177,VGND,li1,89.7000,87.0400,0.000000
FILLER_28_165,VGND,li1,84.1800,87.0400,0.000000
FILLER_28_153,VGND,li1,78.6600,87.0400,0.000000
FILLER_28_141,VGND,li1,73.1400,87.0400,0.000000
FILLER_28_139,VGND,li1,69.6900,87.0400,0.000000
FILLER_28_133,VGND,li1,68.0800,87.0400,0.000000
FILLER_28_121,VGND,li1,63.9400,87.0400,0.000000
FILLER_28_109,VGND,li1,58.4200,87.0400,0.000000
FILLER_28_97,VGND,li1,52.9000,87.0400,0.000000
FILLER_28_85,VGND,li1,47.3800,87.0400,0.000000
FILLER_28_83,VGND,li1,43.9300,87.0400,0.000000
FILLER_28_77,VGND,li1,42.3200,87.0400,0.000000
FILLER_28_65,VGND,li1,38.1800,87.0400,0.000000
FILLER_28_53,VGND,li1,32.6600,87.0400,0.000000
FILLER_28_41,VGND,li1,27.1400,87.0400,0.000000
FILLER_28_29,VGND,li1,21.6200,87.0400,0.000000
FILLER_28_27,VGND,li1,18.1700,87.0400,0.000000
FILLER_28_15,VGND,li1,15.1800,87.0400,0.000000
FILLER_28_3,VGND,li1,9.6600,87.0400,0.000000
FILLER_27_665,VGND,li1,312.1100,87.0400,0.000000
FILLER_27_653,VGND,li1,308.6600,87.0400,0.000000
FILLER_27_641,VGND,li1,303.1400,87.0400,0.000000
FILLER_27_629,VGND,li1,297.6200,87.0400,0.000000
FILLER_27_617,VGND,li1,292.1000,87.0400,0.000000
FILLER_27_615,VGND,li1,288.6500,87.0400,0.000000
FILLER_27_609,VGND,li1,287.0400,87.0400,0.000000
FILLER_27_597,VGND,li1,282.9000,87.0400,0.000000
FILLER_27_585,VGND,li1,277.3800,87.0400,0.000000
FILLER_27_573,VGND,li1,271.8600,87.0400,0.000000
FILLER_27_561,VGND,li1,266.3400,87.0400,0.000000
FILLER_27_559,VGND,li1,262.8900,87.0400,0.000000
FILLER_27_553,VGND,li1,261.2800,87.0400,0.000000
FILLER_27_541,VGND,li1,257.1400,87.0400,0.000000
FILLER_27_529,VGND,li1,251.6200,87.0400,0.000000
FILLER_27_517,VGND,li1,246.1000,87.0400,0.000000
FILLER_27_505,VGND,li1,240.5800,87.0400,0.000000
FILLER_27_503,VGND,li1,237.1300,87.0400,0.000000
FILLER_27_497,VGND,li1,235.5200,87.0400,0.000000
FILLER_27_485,VGND,li1,231.3800,87.0400,0.000000
FILLER_27_473,VGND,li1,225.8600,87.0400,0.000000
FILLER_27_461,VGND,li1,220.3400,87.0400,0.000000
FILLER_27_449,VGND,li1,214.8200,87.0400,0.000000
FILLER_27_447,VGND,li1,211.3700,87.0400,0.000000
FILLER_27_441,VGND,li1,209.7600,87.0400,0.000000
FILLER_27_429,VGND,li1,205.6200,87.0400,0.000000
FILLER_27_417,VGND,li1,200.1000,87.0400,0.000000
FILLER_27_405,VGND,li1,194.5800,87.0400,0.000000
FILLER_27_393,VGND,li1,189.0600,87.0400,0.000000
FILLER_27_391,VGND,li1,185.6100,87.0400,0.000000
FILLER_27_385,VGND,li1,184.0000,87.0400,0.000000
FILLER_27_373,VGND,li1,179.8600,87.0400,0.000000
FILLER_27_361,VGND,li1,174.3400,87.0400,0.000000
FILLER_27_349,VGND,li1,168.8200,87.0400,0.000000
FILLER_27_337,VGND,li1,163.3000,87.0400,0.000000
FILLER_27_335,VGND,li1,159.8500,87.0400,0.000000
FILLER_27_329,VGND,li1,158.2400,87.0400,0.000000
FILLER_27_317,VGND,li1,154.1000,87.0400,0.000000
FILLER_27_305,VGND,li1,148.5800,87.0400,0.000000
FILLER_27_293,VGND,li1,143.0600,87.0400,0.000000
FILLER_27_281,VGND,li1,137.5400,87.0400,0.000000
FILLER_27_279,VGND,li1,134.0900,87.0400,0.000000
FILLER_27_273,VGND,li1,132.4800,87.0400,0.000000
FILLER_27_261,VGND,li1,128.3400,87.0400,0.000000
FILLER_27_249,VGND,li1,122.8200,87.0400,0.000000
FILLER_27_237,VGND,li1,117.3000,87.0400,0.000000
FILLER_27_225,VGND,li1,111.7800,87.0400,0.000000
FILLER_27_223,VGND,li1,108.3300,87.0400,0.000000
FILLER_27_217,VGND,li1,106.7200,87.0400,0.000000
FILLER_27_205,VGND,li1,102.5800,87.0400,0.000000
FILLER_27_193,VGND,li1,97.0600,87.0400,0.000000
FILLER_27_181,VGND,li1,91.5400,87.0400,0.000000
FILLER_27_169,VGND,li1,86.0200,87.0400,0.000000
FILLER_27_167,VGND,li1,82.5700,87.0400,0.000000
FILLER_27_161,VGND,li1,80.9600,87.0400,0.000000
FILLER_27_149,VGND,li1,76.8200,87.0400,0.000000
FILLER_27_137,VGND,li1,71.3000,87.0400,0.000000
FILLER_27_125,VGND,li1,65.7800,87.0400,0.000000
FILLER_27_113,VGND,li1,60.2600,87.0400,0.000000
FILLER_27_111,VGND,li1,56.8100,87.0400,0.000000
FILLER_27_105,VGND,li1,55.2000,87.0400,0.000000
FILLER_27_93,VGND,li1,51.0600,87.0400,0.000000
FILLER_27_81,VGND,li1,45.5400,87.0400,0.000000
FILLER_27_69,VGND,li1,40.0200,87.0400,0.000000
FILLER_27_57,VGND,li1,34.5000,87.0400,0.000000
FILLER_27_55,VGND,li1,31.0500,87.0400,0.000000
FILLER_27_51,VGND,li1,29.9000,87.0400,0.000000
FILLER_27_39,VGND,li1,26.2200,87.0400,0.000000
FILLER_27_27,VGND,li1,20.7000,87.0400,0.000000
FILLER_27_15,VGND,li1,15.1800,87.0400,0.000000
FILLER_27_3,VGND,li1,9.6600,87.0400,0.000000
FILLER_26_665,VGND,li1,312.1100,81.6000,0.000000
FILLER_26_657,VGND,li1,309.5800,81.6000,0.000000
FILLER_26_645,VGND,li1,304.9800,81.6000,0.000000
FILLER_26_643,VGND,li1,301.5300,81.6000,0.000000
FILLER_26_637,VGND,li1,299.9200,81.6000,0.000000
FILLER_26_625,VGND,li1,295.7800,81.6000,0.000000
FILLER_26_613,VGND,li1,290.2600,81.6000,0.000000
FILLER_26_601,VGND,li1,284.7400,81.6000,0.000000
FILLER_26_589,VGND,li1,279.2200,81.6000,0.000000
FILLER_26_587,VGND,li1,275.7700,81.6000,0.000000
FILLER_26_581,VGND,li1,274.1600,81.6000,0.000000
FILLER_26_569,VGND,li1,270.0200,81.6000,0.000000
FILLER_26_557,VGND,li1,264.5000,81.6000,0.000000
FILLER_26_545,VGND,li1,258.9800,81.6000,0.000000
FILLER_26_533,VGND,li1,253.4600,81.6000,0.000000
FILLER_26_531,VGND,li1,250.0100,81.6000,0.000000
FILLER_26_525,VGND,li1,248.4000,81.6000,0.000000
FILLER_26_513,VGND,li1,244.2600,81.6000,0.000000
FILLER_26_501,VGND,li1,238.7400,81.6000,0.000000
FILLER_26_489,VGND,li1,233.2200,81.6000,0.000000
FILLER_26_477,VGND,li1,227.7000,81.6000,0.000000
FILLER_26_475,VGND,li1,224.2500,81.6000,0.000000
FILLER_26_469,VGND,li1,222.6400,81.6000,0.000000
FILLER_26_457,VGND,li1,218.5000,81.6000,0.000000
FILLER_26_445,VGND,li1,212.9800,81.6000,0.000000
FILLER_26_433,VGND,li1,207.4600,81.6000,0.000000
FILLER_26_421,VGND,li1,201.9400,81.6000,0.000000
FILLER_26_419,VGND,li1,198.4900,81.6000,0.000000
FILLER_26_413,VGND,li1,196.8800,81.6000,0.000000
FILLER_26_401,VGND,li1,192.7400,81.6000,0.000000
FILLER_26_389,VGND,li1,187.2200,81.6000,0.000000
FILLER_26_377,VGND,li1,181.7000,81.6000,0.000000
FILLER_26_365,VGND,li1,176.1800,81.6000,0.000000
FILLER_26_363,VGND,li1,172.7300,81.6000,0.000000
FILLER_26_357,VGND,li1,171.1200,81.6000,0.000000
FILLER_26_345,VGND,li1,166.9800,81.6000,0.000000
FILLER_26_333,VGND,li1,161.4600,81.6000,0.000000
FILLER_26_321,VGND,li1,155.9400,81.6000,0.000000
FILLER_26_309,VGND,li1,150.4200,81.6000,0.000000
FILLER_26_307,VGND,li1,146.9700,81.6000,0.000000
FILLER_26_301,VGND,li1,145.3600,81.6000,0.000000
FILLER_26_289,VGND,li1,141.2200,81.6000,0.000000
FILLER_26_277,VGND,li1,135.7000,81.6000,0.000000
FILLER_26_265,VGND,li1,130.1800,81.6000,0.000000
FILLER_26_253,VGND,li1,124.6600,81.6000,0.000000
FILLER_26_251,VGND,li1,121.2100,81.6000,0.000000
FILLER_26_245,VGND,li1,119.6000,81.6000,0.000000
FILLER_26_233,VGND,li1,115.4600,81.6000,0.000000
FILLER_26_221,VGND,li1,109.9400,81.6000,0.000000
FILLER_26_209,VGND,li1,104.4200,81.6000,0.000000
FILLER_26_197,VGND,li1,98.9000,81.6000,0.000000
FILLER_26_195,VGND,li1,95.4500,81.6000,0.000000
FILLER_26_189,VGND,li1,93.8400,81.6000,0.000000
FILLER_26_177,VGND,li1,89.7000,81.6000,0.000000
FILLER_26_165,VGND,li1,84.1800,81.6000,0.000000
FILLER_26_153,VGND,li1,78.6600,81.6000,0.000000
FILLER_26_141,VGND,li1,73.1400,81.6000,0.000000
FILLER_26_139,VGND,li1,69.6900,81.6000,0.000000
FILLER_26_133,VGND,li1,68.0800,81.6000,0.000000
FILLER_26_121,VGND,li1,63.9400,81.6000,0.000000
FILLER_26_109,VGND,li1,58.4200,81.6000,0.000000
FILLER_26_97,VGND,li1,52.9000,81.6000,0.000000
FILLER_26_85,VGND,li1,47.3800,81.6000,0.000000
FILLER_26_83,VGND,li1,43.9300,81.6000,0.000000
FILLER_26_77,VGND,li1,42.3200,81.6000,0.000000
FILLER_26_65,VGND,li1,38.1800,81.6000,0.000000
FILLER_26_53,VGND,li1,32.6600,81.6000,0.000000
FILLER_26_41,VGND,li1,27.1400,81.6000,0.000000
FILLER_26_29,VGND,li1,21.6200,81.6000,0.000000
FILLER_26_27,VGND,li1,18.1700,81.6000,0.000000
FILLER_26_15,VGND,li1,15.1800,81.6000,0.000000
FILLER_26_3,VGND,li1,9.6600,81.6000,0.000000
FILLER_25_665,VGND,li1,312.1100,81.6000,0.000000
FILLER_25_653,VGND,li1,308.6600,81.6000,0.000000
FILLER_25_641,VGND,li1,303.1400,81.6000,0.000000
FILLER_25_629,VGND,li1,297.6200,81.6000,0.000000
FILLER_25_617,VGND,li1,292.1000,81.6000,0.000000
FILLER_25_615,VGND,li1,288.6500,81.6000,0.000000
FILLER_25_609,VGND,li1,287.0400,81.6000,0.000000
FILLER_25_597,VGND,li1,282.9000,81.6000,0.000000
FILLER_25_585,VGND,li1,277.3800,81.6000,0.000000
FILLER_25_573,VGND,li1,271.8600,81.6000,0.000000
FILLER_25_561,VGND,li1,266.3400,81.6000,0.000000
FILLER_25_559,VGND,li1,262.8900,81.6000,0.000000
FILLER_25_553,VGND,li1,261.2800,81.6000,0.000000
FILLER_25_541,VGND,li1,257.1400,81.6000,0.000000
FILLER_25_529,VGND,li1,251.6200,81.6000,0.000000
FILLER_25_517,VGND,li1,246.1000,81.6000,0.000000
FILLER_25_505,VGND,li1,240.5800,81.6000,0.000000
FILLER_25_503,VGND,li1,237.1300,81.6000,0.000000
FILLER_25_497,VGND,li1,235.5200,81.6000,0.000000
FILLER_25_485,VGND,li1,231.3800,81.6000,0.000000
FILLER_25_473,VGND,li1,225.8600,81.6000,0.000000
FILLER_25_461,VGND,li1,220.3400,81.6000,0.000000
FILLER_25_449,VGND,li1,214.8200,81.6000,0.000000
FILLER_25_447,VGND,li1,211.3700,81.6000,0.000000
FILLER_25_441,VGND,li1,209.7600,81.6000,0.000000
FILLER_25_429,VGND,li1,205.6200,81.6000,0.000000
FILLER_25_417,VGND,li1,200.1000,81.6000,0.000000
FILLER_25_405,VGND,li1,194.5800,81.6000,0.000000
FILLER_25_393,VGND,li1,189.0600,81.6000,0.000000
FILLER_25_391,VGND,li1,185.6100,81.6000,0.000000
FILLER_25_385,VGND,li1,184.0000,81.6000,0.000000
FILLER_25_373,VGND,li1,179.8600,81.6000,0.000000
FILLER_25_361,VGND,li1,174.3400,81.6000,0.000000
FILLER_25_349,VGND,li1,168.8200,81.6000,0.000000
FILLER_25_337,VGND,li1,163.3000,81.6000,0.000000
FILLER_25_335,VGND,li1,159.8500,81.6000,0.000000
FILLER_25_329,VGND,li1,158.2400,81.6000,0.000000
FILLER_25_317,VGND,li1,154.1000,81.6000,0.000000
FILLER_25_305,VGND,li1,148.5800,81.6000,0.000000
FILLER_25_293,VGND,li1,143.0600,81.6000,0.000000
FILLER_25_281,VGND,li1,137.5400,81.6000,0.000000
FILLER_25_279,VGND,li1,134.0900,81.6000,0.000000
FILLER_25_273,VGND,li1,132.4800,81.6000,0.000000
FILLER_25_261,VGND,li1,128.3400,81.6000,0.000000
FILLER_25_249,VGND,li1,122.8200,81.6000,0.000000
FILLER_25_237,VGND,li1,117.3000,81.6000,0.000000
FILLER_25_225,VGND,li1,111.7800,81.6000,0.000000
FILLER_25_223,VGND,li1,108.3300,81.6000,0.000000
FILLER_25_217,VGND,li1,106.7200,81.6000,0.000000
FILLER_25_205,VGND,li1,102.5800,81.6000,0.000000
FILLER_25_193,VGND,li1,97.0600,81.6000,0.000000
FILLER_25_181,VGND,li1,91.5400,81.6000,0.000000
FILLER_25_169,VGND,li1,86.0200,81.6000,0.000000
FILLER_25_167,VGND,li1,82.5700,81.6000,0.000000
FILLER_25_161,VGND,li1,80.9600,81.6000,0.000000
FILLER_25_149,VGND,li1,76.8200,81.6000,0.000000
FILLER_25_137,VGND,li1,71.3000,81.6000,0.000000
FILLER_25_125,VGND,li1,65.7800,81.6000,0.000000
FILLER_25_113,VGND,li1,60.2600,81.6000,0.000000
FILLER_25_111,VGND,li1,56.8100,81.6000,0.000000
FILLER_25_105,VGND,li1,55.2000,81.6000,0.000000
FILLER_25_93,VGND,li1,51.0600,81.6000,0.000000
FILLER_25_81,VGND,li1,45.5400,81.6000,0.000000
FILLER_25_69,VGND,li1,40.0200,81.6000,0.000000
FILLER_25_57,VGND,li1,34.5000,81.6000,0.000000
FILLER_25_55,VGND,li1,31.0500,81.6000,0.000000
FILLER_25_51,VGND,li1,29.9000,81.6000,0.000000
FILLER_25_39,VGND,li1,26.2200,81.6000,0.000000
FILLER_25_27,VGND,li1,20.7000,81.6000,0.000000
FILLER_25_15,VGND,li1,15.1800,81.6000,0.000000
FILLER_25_3,VGND,li1,9.6600,81.6000,0.000000
FILLER_24_665,VGND,li1,312.1100,76.1600,0.000000
FILLER_24_657,VGND,li1,309.5800,76.1600,0.000000
FILLER_24_645,VGND,li1,304.9800,76.1600,0.000000
FILLER_24_643,VGND,li1,301.5300,76.1600,0.000000
FILLER_24_637,VGND,li1,299.9200,76.1600,0.000000
FILLER_24_625,VGND,li1,295.7800,76.1600,0.000000
FILLER_24_613,VGND,li1,290.2600,76.1600,0.000000
FILLER_24_601,VGND,li1,284.7400,76.1600,0.000000
FILLER_24_589,VGND,li1,279.2200,76.1600,0.000000
FILLER_24_587,VGND,li1,275.7700,76.1600,0.000000
FILLER_24_581,VGND,li1,274.1600,76.1600,0.000000
FILLER_24_569,VGND,li1,270.0200,76.1600,0.000000
FILLER_24_557,VGND,li1,264.5000,76.1600,0.000000
FILLER_24_545,VGND,li1,258.9800,76.1600,0.000000
FILLER_24_533,VGND,li1,253.4600,76.1600,0.000000
FILLER_24_531,VGND,li1,250.0100,76.1600,0.000000
FILLER_24_525,VGND,li1,248.4000,76.1600,0.000000
FILLER_24_513,VGND,li1,244.2600,76.1600,0.000000
FILLER_24_501,VGND,li1,238.7400,76.1600,0.000000
FILLER_24_489,VGND,li1,233.2200,76.1600,0.000000
FILLER_24_477,VGND,li1,227.7000,76.1600,0.000000
FILLER_24_475,VGND,li1,224.2500,76.1600,0.000000
FILLER_24_469,VGND,li1,222.6400,76.1600,0.000000
FILLER_24_457,VGND,li1,218.5000,76.1600,0.000000
FILLER_24_445,VGND,li1,212.9800,76.1600,0.000000
FILLER_24_433,VGND,li1,207.4600,76.1600,0.000000
FILLER_24_421,VGND,li1,201.9400,76.1600,0.000000
FILLER_24_419,VGND,li1,198.4900,76.1600,0.000000
FILLER_24_413,VGND,li1,196.8800,76.1600,0.000000
FILLER_24_401,VGND,li1,192.7400,76.1600,0.000000
FILLER_24_389,VGND,li1,187.2200,76.1600,0.000000
FILLER_24_377,VGND,li1,181.7000,76.1600,0.000000
FILLER_24_365,VGND,li1,176.1800,76.1600,0.000000
FILLER_24_363,VGND,li1,172.7300,76.1600,0.000000
FILLER_24_357,VGND,li1,171.1200,76.1600,0.000000
FILLER_24_345,VGND,li1,166.9800,76.1600,0.000000
FILLER_24_333,VGND,li1,161.4600,76.1600,0.000000
FILLER_24_321,VGND,li1,155.9400,76.1600,0.000000
FILLER_24_309,VGND,li1,150.4200,76.1600,0.000000
FILLER_24_307,VGND,li1,146.9700,76.1600,0.000000
FILLER_24_301,VGND,li1,145.3600,76.1600,0.000000
FILLER_24_289,VGND,li1,141.2200,76.1600,0.000000
FILLER_24_277,VGND,li1,135.7000,76.1600,0.000000
FILLER_24_265,VGND,li1,130.1800,76.1600,0.000000
FILLER_24_253,VGND,li1,124.6600,76.1600,0.000000
FILLER_24_251,VGND,li1,121.2100,76.1600,0.000000
FILLER_24_245,VGND,li1,119.6000,76.1600,0.000000
FILLER_24_233,VGND,li1,115.4600,76.1600,0.000000
FILLER_24_221,VGND,li1,109.9400,76.1600,0.000000
FILLER_24_209,VGND,li1,104.4200,76.1600,0.000000
FILLER_24_197,VGND,li1,98.9000,76.1600,0.000000
FILLER_24_195,VGND,li1,95.4500,76.1600,0.000000
FILLER_24_189,VGND,li1,93.8400,76.1600,0.000000
FILLER_24_177,VGND,li1,89.7000,76.1600,0.000000
FILLER_24_165,VGND,li1,84.1800,76.1600,0.000000
FILLER_24_153,VGND,li1,78.6600,76.1600,0.000000
FILLER_24_141,VGND,li1,73.1400,76.1600,0.000000
FILLER_24_139,VGND,li1,69.6900,76.1600,0.000000
FILLER_24_133,VGND,li1,68.0800,76.1600,0.000000
FILLER_24_121,VGND,li1,63.9400,76.1600,0.000000
FILLER_24_109,VGND,li1,58.4200,76.1600,0.000000
FILLER_24_97,VGND,li1,52.9000,76.1600,0.000000
FILLER_24_85,VGND,li1,47.3800,76.1600,0.000000
FILLER_24_83,VGND,li1,43.9300,76.1600,0.000000
FILLER_24_77,VGND,li1,42.3200,76.1600,0.000000
FILLER_24_65,VGND,li1,38.1800,76.1600,0.000000
FILLER_24_53,VGND,li1,32.6600,76.1600,0.000000
FILLER_24_41,VGND,li1,27.1400,76.1600,0.000000
FILLER_24_29,VGND,li1,21.6200,76.1600,0.000000
FILLER_24_27,VGND,li1,18.1700,76.1600,0.000000
FILLER_24_15,VGND,li1,15.1800,76.1600,0.000000
FILLER_24_3,VGND,li1,9.6600,76.1600,0.000000
FILLER_23_665,VGND,li1,312.1100,76.1600,0.000000
FILLER_23_653,VGND,li1,308.6600,76.1600,0.000000
FILLER_23_641,VGND,li1,303.1400,76.1600,0.000000
FILLER_23_629,VGND,li1,297.6200,76.1600,0.000000
FILLER_23_617,VGND,li1,292.1000,76.1600,0.000000
FILLER_23_615,VGND,li1,288.6500,76.1600,0.000000
FILLER_23_609,VGND,li1,287.0400,76.1600,0.000000
FILLER_23_597,VGND,li1,282.9000,76.1600,0.000000
FILLER_23_585,VGND,li1,277.3800,76.1600,0.000000
FILLER_23_573,VGND,li1,271.8600,76.1600,0.000000
FILLER_23_561,VGND,li1,266.3400,76.1600,0.000000
FILLER_23_559,VGND,li1,262.8900,76.1600,0.000000
FILLER_23_553,VGND,li1,261.2800,76.1600,0.000000
FILLER_23_541,VGND,li1,257.1400,76.1600,0.000000
FILLER_23_529,VGND,li1,251.6200,76.1600,0.000000
FILLER_23_517,VGND,li1,246.1000,76.1600,0.000000
FILLER_23_505,VGND,li1,240.5800,76.1600,0.000000
FILLER_23_503,VGND,li1,237.1300,76.1600,0.000000
FILLER_23_497,VGND,li1,235.5200,76.1600,0.000000
FILLER_23_485,VGND,li1,231.3800,76.1600,0.000000
FILLER_23_473,VGND,li1,225.8600,76.1600,0.000000
FILLER_23_461,VGND,li1,220.3400,76.1600,0.000000
FILLER_23_449,VGND,li1,214.8200,76.1600,0.000000
FILLER_23_447,VGND,li1,211.3700,76.1600,0.000000
FILLER_23_441,VGND,li1,209.7600,76.1600,0.000000
FILLER_23_429,VGND,li1,205.6200,76.1600,0.000000
FILLER_23_417,VGND,li1,200.1000,76.1600,0.000000
FILLER_23_405,VGND,li1,194.5800,76.1600,0.000000
FILLER_23_393,VGND,li1,189.0600,76.1600,0.000000
FILLER_23_391,VGND,li1,185.6100,76.1600,0.000000
FILLER_23_385,VGND,li1,184.0000,76.1600,0.000000
FILLER_23_373,VGND,li1,179.8600,76.1600,0.000000
FILLER_23_361,VGND,li1,174.3400,76.1600,0.000000
FILLER_23_349,VGND,li1,168.8200,76.1600,0.000000
FILLER_23_337,VGND,li1,163.3000,76.1600,0.000000
FILLER_23_335,VGND,li1,159.8500,76.1600,0.000000
FILLER_23_329,VGND,li1,158.2400,76.1600,0.000000
FILLER_23_317,VGND,li1,154.1000,76.1600,0.000000
FILLER_23_305,VGND,li1,148.5800,76.1600,0.000000
FILLER_23_293,VGND,li1,143.0600,76.1600,0.000000
FILLER_23_281,VGND,li1,137.5400,76.1600,0.000000
FILLER_23_279,VGND,li1,134.0900,76.1600,0.000000
FILLER_23_273,VGND,li1,132.4800,76.1600,0.000000
FILLER_23_261,VGND,li1,128.3400,76.1600,0.000000
FILLER_23_249,VGND,li1,122.8200,76.1600,0.000000
FILLER_23_237,VGND,li1,117.3000,76.1600,0.000000
FILLER_23_225,VGND,li1,111.7800,76.1600,0.000000
FILLER_23_223,VGND,li1,108.3300,76.1600,0.000000
FILLER_23_217,VGND,li1,106.7200,76.1600,0.000000
FILLER_23_205,VGND,li1,102.5800,76.1600,0.000000
FILLER_23_193,VGND,li1,97.0600,76.1600,0.000000
FILLER_23_181,VGND,li1,91.5400,76.1600,0.000000
FILLER_23_169,VGND,li1,86.0200,76.1600,0.000000
FILLER_23_167,VGND,li1,82.5700,76.1600,0.000000
FILLER_23_161,VGND,li1,80.9600,76.1600,0.000000
FILLER_23_149,VGND,li1,76.8200,76.1600,0.000000
FILLER_23_137,VGND,li1,71.3000,76.1600,0.000000
FILLER_23_125,VGND,li1,65.7800,76.1600,0.000000
FILLER_23_113,VGND,li1,60.2600,76.1600,0.000000
FILLER_23_111,VGND,li1,56.8100,76.1600,0.000000
FILLER_23_105,VGND,li1,55.2000,76.1600,0.000000
FILLER_23_93,VGND,li1,51.0600,76.1600,0.000000
FILLER_23_81,VGND,li1,45.5400,76.1600,0.000000
FILLER_23_69,VGND,li1,40.0200,76.1600,0.000000
FILLER_23_57,VGND,li1,34.5000,76.1600,0.000000
FILLER_23_55,VGND,li1,31.0500,76.1600,0.000000
FILLER_23_51,VGND,li1,29.9000,76.1600,0.000000
FILLER_23_39,VGND,li1,26.2200,76.1600,0.000000
FILLER_23_27,VGND,li1,20.7000,76.1600,0.000000
FILLER_23_15,VGND,li1,15.1800,76.1600,0.000000
FILLER_23_3,VGND,li1,9.6600,76.1600,0.000000
FILLER_22_665,VGND,li1,312.1100,70.7200,0.000000
FILLER_22_657,VGND,li1,309.5800,70.7200,0.000000
FILLER_22_645,VGND,li1,304.9800,70.7200,0.000000
FILLER_22_643,VGND,li1,301.5300,70.7200,0.000000
FILLER_22_637,VGND,li1,299.9200,70.7200,0.000000
FILLER_22_625,VGND,li1,295.7800,70.7200,0.000000
FILLER_22_613,VGND,li1,290.2600,70.7200,0.000000
FILLER_22_601,VGND,li1,284.7400,70.7200,0.000000
FILLER_22_589,VGND,li1,279.2200,70.7200,0.000000
FILLER_22_587,VGND,li1,275.7700,70.7200,0.000000
FILLER_22_581,VGND,li1,274.1600,70.7200,0.000000
FILLER_22_569,VGND,li1,270.0200,70.7200,0.000000
FILLER_22_557,VGND,li1,264.5000,70.7200,0.000000
FILLER_22_545,VGND,li1,258.9800,70.7200,0.000000
FILLER_22_533,VGND,li1,253.4600,70.7200,0.000000
FILLER_22_531,VGND,li1,250.0100,70.7200,0.000000
FILLER_22_525,VGND,li1,248.4000,70.7200,0.000000
FILLER_22_513,VGND,li1,244.2600,70.7200,0.000000
FILLER_22_501,VGND,li1,238.7400,70.7200,0.000000
FILLER_22_489,VGND,li1,233.2200,70.7200,0.000000
FILLER_22_477,VGND,li1,227.7000,70.7200,0.000000
FILLER_22_475,VGND,li1,224.2500,70.7200,0.000000
FILLER_22_469,VGND,li1,222.6400,70.7200,0.000000
FILLER_22_457,VGND,li1,218.5000,70.7200,0.000000
FILLER_22_445,VGND,li1,212.9800,70.7200,0.000000
FILLER_22_433,VGND,li1,207.4600,70.7200,0.000000
FILLER_22_421,VGND,li1,201.9400,70.7200,0.000000
FILLER_22_419,VGND,li1,198.4900,70.7200,0.000000
FILLER_22_413,VGND,li1,196.8800,70.7200,0.000000
FILLER_22_401,VGND,li1,192.7400,70.7200,0.000000
FILLER_22_389,VGND,li1,187.2200,70.7200,0.000000
FILLER_22_377,VGND,li1,181.7000,70.7200,0.000000
FILLER_22_365,VGND,li1,176.1800,70.7200,0.000000
FILLER_22_363,VGND,li1,172.7300,70.7200,0.000000
FILLER_22_357,VGND,li1,171.1200,70.7200,0.000000
FILLER_22_345,VGND,li1,166.9800,70.7200,0.000000
FILLER_22_333,VGND,li1,161.4600,70.7200,0.000000
FILLER_22_321,VGND,li1,155.9400,70.7200,0.000000
FILLER_22_309,VGND,li1,150.4200,70.7200,0.000000
FILLER_22_307,VGND,li1,146.9700,70.7200,0.000000
FILLER_22_301,VGND,li1,145.3600,70.7200,0.000000
FILLER_22_289,VGND,li1,141.2200,70.7200,0.000000
FILLER_22_277,VGND,li1,135.7000,70.7200,0.000000
FILLER_22_265,VGND,li1,130.1800,70.7200,0.000000
FILLER_22_253,VGND,li1,124.6600,70.7200,0.000000
FILLER_22_251,VGND,li1,121.2100,70.7200,0.000000
FILLER_22_245,VGND,li1,119.6000,70.7200,0.000000
FILLER_22_233,VGND,li1,115.4600,70.7200,0.000000
FILLER_22_221,VGND,li1,109.9400,70.7200,0.000000
FILLER_22_209,VGND,li1,104.4200,70.7200,0.000000
FILLER_22_197,VGND,li1,98.9000,70.7200,0.000000
FILLER_22_195,VGND,li1,95.4500,70.7200,0.000000
FILLER_22_189,VGND,li1,93.8400,70.7200,0.000000
FILLER_22_177,VGND,li1,89.7000,70.7200,0.000000
FILLER_22_165,VGND,li1,84.1800,70.7200,0.000000
FILLER_22_153,VGND,li1,78.6600,70.7200,0.000000
FILLER_22_141,VGND,li1,73.1400,70.7200,0.000000
FILLER_22_139,VGND,li1,69.6900,70.7200,0.000000
FILLER_22_133,VGND,li1,68.0800,70.7200,0.000000
FILLER_22_121,VGND,li1,63.9400,70.7200,0.000000
FILLER_22_109,VGND,li1,58.4200,70.7200,0.000000
FILLER_22_97,VGND,li1,52.9000,70.7200,0.000000
FILLER_22_85,VGND,li1,47.3800,70.7200,0.000000
FILLER_22_83,VGND,li1,43.9300,70.7200,0.000000
FILLER_22_77,VGND,li1,42.3200,70.7200,0.000000
FILLER_22_65,VGND,li1,38.1800,70.7200,0.000000
FILLER_22_53,VGND,li1,32.6600,70.7200,0.000000
FILLER_22_41,VGND,li1,27.1400,70.7200,0.000000
FILLER_22_29,VGND,li1,21.6200,70.7200,0.000000
FILLER_22_27,VGND,li1,18.1700,70.7200,0.000000
FILLER_22_15,VGND,li1,15.1800,70.7200,0.000000
FILLER_22_3,VGND,li1,9.6600,70.7200,0.000000
FILLER_21_665,VGND,li1,312.1100,70.7200,0.000000
FILLER_21_653,VGND,li1,308.6600,70.7200,0.000000
FILLER_21_641,VGND,li1,303.1400,70.7200,0.000000
FILLER_21_629,VGND,li1,297.6200,70.7200,0.000000
FILLER_21_617,VGND,li1,292.1000,70.7200,0.000000
FILLER_21_615,VGND,li1,288.6500,70.7200,0.000000
FILLER_21_609,VGND,li1,287.0400,70.7200,0.000000
FILLER_21_597,VGND,li1,282.9000,70.7200,0.000000
FILLER_21_585,VGND,li1,277.3800,70.7200,0.000000
FILLER_21_573,VGND,li1,271.8600,70.7200,0.000000
FILLER_21_561,VGND,li1,266.3400,70.7200,0.000000
FILLER_21_559,VGND,li1,262.8900,70.7200,0.000000
FILLER_21_553,VGND,li1,261.2800,70.7200,0.000000
FILLER_21_541,VGND,li1,257.1400,70.7200,0.000000
FILLER_21_529,VGND,li1,251.6200,70.7200,0.000000
FILLER_21_517,VGND,li1,246.1000,70.7200,0.000000
FILLER_21_505,VGND,li1,240.5800,70.7200,0.000000
FILLER_21_503,VGND,li1,237.1300,70.7200,0.000000
FILLER_21_497,VGND,li1,235.5200,70.7200,0.000000
FILLER_21_485,VGND,li1,231.3800,70.7200,0.000000
FILLER_21_473,VGND,li1,225.8600,70.7200,0.000000
FILLER_21_461,VGND,li1,220.3400,70.7200,0.000000
FILLER_21_449,VGND,li1,214.8200,70.7200,0.000000
FILLER_21_447,VGND,li1,211.3700,70.7200,0.000000
FILLER_21_441,VGND,li1,209.7600,70.7200,0.000000
FILLER_21_429,VGND,li1,205.6200,70.7200,0.000000
FILLER_21_417,VGND,li1,200.1000,70.7200,0.000000
FILLER_21_405,VGND,li1,194.5800,70.7200,0.000000
FILLER_21_393,VGND,li1,189.0600,70.7200,0.000000
FILLER_21_391,VGND,li1,185.6100,70.7200,0.000000
FILLER_21_385,VGND,li1,184.0000,70.7200,0.000000
FILLER_21_373,VGND,li1,179.8600,70.7200,0.000000
FILLER_21_361,VGND,li1,174.3400,70.7200,0.000000
FILLER_21_349,VGND,li1,168.8200,70.7200,0.000000
FILLER_21_337,VGND,li1,163.3000,70.7200,0.000000
FILLER_21_335,VGND,li1,159.8500,70.7200,0.000000
FILLER_21_329,VGND,li1,158.2400,70.7200,0.000000
FILLER_21_317,VGND,li1,154.1000,70.7200,0.000000
FILLER_21_305,VGND,li1,148.5800,70.7200,0.000000
FILLER_21_293,VGND,li1,143.0600,70.7200,0.000000
FILLER_21_281,VGND,li1,137.5400,70.7200,0.000000
FILLER_21_279,VGND,li1,134.0900,70.7200,0.000000
FILLER_21_273,VGND,li1,132.4800,70.7200,0.000000
FILLER_21_261,VGND,li1,128.3400,70.7200,0.000000
FILLER_21_249,VGND,li1,122.8200,70.7200,0.000000
FILLER_21_237,VGND,li1,117.3000,70.7200,0.000000
FILLER_21_225,VGND,li1,111.7800,70.7200,0.000000
FILLER_21_223,VGND,li1,108.3300,70.7200,0.000000
FILLER_21_217,VGND,li1,106.7200,70.7200,0.000000
FILLER_21_205,VGND,li1,102.5800,70.7200,0.000000
FILLER_21_193,VGND,li1,97.0600,70.7200,0.000000
FILLER_21_181,VGND,li1,91.5400,70.7200,0.000000
FILLER_21_169,VGND,li1,86.0200,70.7200,0.000000
FILLER_21_167,VGND,li1,82.5700,70.7200,0.000000
FILLER_21_161,VGND,li1,80.9600,70.7200,0.000000
FILLER_21_149,VGND,li1,76.8200,70.7200,0.000000
FILLER_21_137,VGND,li1,71.3000,70.7200,0.000000
FILLER_21_125,VGND,li1,65.7800,70.7200,0.000000
FILLER_21_113,VGND,li1,60.2600,70.7200,0.000000
FILLER_21_111,VGND,li1,56.8100,70.7200,0.000000
FILLER_21_105,VGND,li1,55.2000,70.7200,0.000000
FILLER_21_93,VGND,li1,51.0600,70.7200,0.000000
FILLER_21_81,VGND,li1,45.5400,70.7200,0.000000
FILLER_21_69,VGND,li1,40.0200,70.7200,0.000000
FILLER_21_57,VGND,li1,34.5000,70.7200,0.000000
FILLER_21_55,VGND,li1,31.0500,70.7200,0.000000
FILLER_21_51,VGND,li1,29.9000,70.7200,0.000000
FILLER_21_39,VGND,li1,26.2200,70.7200,0.000000
FILLER_21_27,VGND,li1,20.7000,70.7200,0.000000
FILLER_21_15,VGND,li1,15.1800,70.7200,0.000000
FILLER_21_3,VGND,li1,9.6600,70.7200,0.000000
FILLER_20_665,VGND,li1,312.1100,65.2800,0.000000
FILLER_20_657,VGND,li1,309.5800,65.2800,0.000000
FILLER_20_645,VGND,li1,304.9800,65.2800,0.000000
FILLER_20_643,VGND,li1,301.5300,65.2800,0.000000
FILLER_20_637,VGND,li1,299.9200,65.2800,0.000000
FILLER_20_625,VGND,li1,295.7800,65.2800,0.000000
FILLER_20_613,VGND,li1,290.2600,65.2800,0.000000
FILLER_20_601,VGND,li1,284.7400,65.2800,0.000000
FILLER_20_589,VGND,li1,279.2200,65.2800,0.000000
FILLER_20_587,VGND,li1,275.7700,65.2800,0.000000
FILLER_20_581,VGND,li1,274.1600,65.2800,0.000000
FILLER_20_569,VGND,li1,270.0200,65.2800,0.000000
FILLER_20_557,VGND,li1,264.5000,65.2800,0.000000
FILLER_20_545,VGND,li1,258.9800,65.2800,0.000000
FILLER_20_533,VGND,li1,253.4600,65.2800,0.000000
FILLER_20_531,VGND,li1,250.0100,65.2800,0.000000
FILLER_20_525,VGND,li1,248.4000,65.2800,0.000000
FILLER_20_513,VGND,li1,244.2600,65.2800,0.000000
FILLER_20_501,VGND,li1,238.7400,65.2800,0.000000
FILLER_20_489,VGND,li1,233.2200,65.2800,0.000000
FILLER_20_477,VGND,li1,227.7000,65.2800,0.000000
FILLER_20_475,VGND,li1,224.2500,65.2800,0.000000
FILLER_20_469,VGND,li1,222.6400,65.2800,0.000000
FILLER_20_457,VGND,li1,218.5000,65.2800,0.000000
FILLER_20_445,VGND,li1,212.9800,65.2800,0.000000
FILLER_20_433,VGND,li1,207.4600,65.2800,0.000000
FILLER_20_421,VGND,li1,201.9400,65.2800,0.000000
FILLER_20_419,VGND,li1,198.4900,65.2800,0.000000
FILLER_20_413,VGND,li1,196.8800,65.2800,0.000000
FILLER_20_401,VGND,li1,192.7400,65.2800,0.000000
FILLER_20_389,VGND,li1,187.2200,65.2800,0.000000
FILLER_20_377,VGND,li1,181.7000,65.2800,0.000000
FILLER_20_365,VGND,li1,176.1800,65.2800,0.000000
FILLER_20_363,VGND,li1,172.7300,65.2800,0.000000
FILLER_20_357,VGND,li1,171.1200,65.2800,0.000000
FILLER_20_345,VGND,li1,166.9800,65.2800,0.000000
FILLER_20_333,VGND,li1,161.4600,65.2800,0.000000
FILLER_20_321,VGND,li1,155.9400,65.2800,0.000000
FILLER_20_309,VGND,li1,150.4200,65.2800,0.000000
FILLER_20_307,VGND,li1,146.9700,65.2800,0.000000
FILLER_20_301,VGND,li1,145.3600,65.2800,0.000000
FILLER_20_289,VGND,li1,141.2200,65.2800,0.000000
FILLER_20_277,VGND,li1,135.7000,65.2800,0.000000
FILLER_20_265,VGND,li1,130.1800,65.2800,0.000000
FILLER_20_253,VGND,li1,124.6600,65.2800,0.000000
FILLER_20_251,VGND,li1,121.2100,65.2800,0.000000
FILLER_20_245,VGND,li1,119.6000,65.2800,0.000000
FILLER_20_233,VGND,li1,115.4600,65.2800,0.000000
FILLER_20_221,VGND,li1,109.9400,65.2800,0.000000
FILLER_20_209,VGND,li1,104.4200,65.2800,0.000000
FILLER_20_197,VGND,li1,98.9000,65.2800,0.000000
FILLER_20_195,VGND,li1,95.4500,65.2800,0.000000
FILLER_20_189,VGND,li1,93.8400,65.2800,0.000000
FILLER_20_177,VGND,li1,89.7000,65.2800,0.000000
FILLER_20_165,VGND,li1,84.1800,65.2800,0.000000
FILLER_20_153,VGND,li1,78.6600,65.2800,0.000000
FILLER_20_141,VGND,li1,73.1400,65.2800,0.000000
FILLER_20_139,VGND,li1,69.6900,65.2800,0.000000
FILLER_20_133,VGND,li1,68.0800,65.2800,0.000000
FILLER_20_121,VGND,li1,63.9400,65.2800,0.000000
FILLER_20_109,VGND,li1,58.4200,65.2800,0.000000
FILLER_20_97,VGND,li1,52.9000,65.2800,0.000000
FILLER_20_85,VGND,li1,47.3800,65.2800,0.000000
FILLER_20_83,VGND,li1,43.9300,65.2800,0.000000
FILLER_20_77,VGND,li1,42.3200,65.2800,0.000000
FILLER_20_65,VGND,li1,38.1800,65.2800,0.000000
FILLER_20_53,VGND,li1,32.6600,65.2800,0.000000
FILLER_20_41,VGND,li1,27.1400,65.2800,0.000000
FILLER_20_29,VGND,li1,21.6200,65.2800,0.000000
FILLER_20_27,VGND,li1,18.1700,65.2800,0.000000
FILLER_20_15,VGND,li1,15.1800,65.2800,0.000000
FILLER_20_3,VGND,li1,9.6600,65.2800,0.000000
FILLER_19_665,VGND,li1,312.1100,65.2800,0.000000
FILLER_19_653,VGND,li1,308.6600,65.2800,0.000000
FILLER_19_641,VGND,li1,303.1400,65.2800,0.000000
FILLER_19_629,VGND,li1,297.6200,65.2800,0.000000
FILLER_19_617,VGND,li1,292.1000,65.2800,0.000000
FILLER_19_615,VGND,li1,288.6500,65.2800,0.000000
FILLER_19_609,VGND,li1,287.0400,65.2800,0.000000
FILLER_19_597,VGND,li1,282.9000,65.2800,0.000000
FILLER_19_585,VGND,li1,277.3800,65.2800,0.000000
FILLER_19_573,VGND,li1,271.8600,65.2800,0.000000
FILLER_19_561,VGND,li1,266.3400,65.2800,0.000000
FILLER_19_559,VGND,li1,262.8900,65.2800,0.000000
FILLER_19_553,VGND,li1,261.2800,65.2800,0.000000
FILLER_19_541,VGND,li1,257.1400,65.2800,0.000000
FILLER_19_529,VGND,li1,251.6200,65.2800,0.000000
FILLER_19_517,VGND,li1,246.1000,65.2800,0.000000
FILLER_19_505,VGND,li1,240.5800,65.2800,0.000000
FILLER_19_503,VGND,li1,237.1300,65.2800,0.000000
FILLER_19_497,VGND,li1,235.5200,65.2800,0.000000
FILLER_19_485,VGND,li1,231.3800,65.2800,0.000000
FILLER_19_473,VGND,li1,225.8600,65.2800,0.000000
FILLER_19_461,VGND,li1,220.3400,65.2800,0.000000
FILLER_19_449,VGND,li1,214.8200,65.2800,0.000000
FILLER_19_447,VGND,li1,211.3700,65.2800,0.000000
FILLER_19_441,VGND,li1,209.7600,65.2800,0.000000
FILLER_19_429,VGND,li1,205.6200,65.2800,0.000000
FILLER_19_417,VGND,li1,200.1000,65.2800,0.000000
FILLER_19_405,VGND,li1,194.5800,65.2800,0.000000
FILLER_19_393,VGND,li1,189.0600,65.2800,0.000000
FILLER_19_391,VGND,li1,185.6100,65.2800,0.000000
FILLER_19_385,VGND,li1,184.0000,65.2800,0.000000
FILLER_19_373,VGND,li1,179.8600,65.2800,0.000000
FILLER_19_361,VGND,li1,174.3400,65.2800,0.000000
FILLER_19_349,VGND,li1,168.8200,65.2800,0.000000
FILLER_19_337,VGND,li1,163.3000,65.2800,0.000000
FILLER_19_335,VGND,li1,159.8500,65.2800,0.000000
FILLER_19_329,VGND,li1,158.2400,65.2800,0.000000
FILLER_19_317,VGND,li1,154.1000,65.2800,0.000000
FILLER_19_305,VGND,li1,148.5800,65.2800,0.000000
FILLER_19_293,VGND,li1,143.0600,65.2800,0.000000
FILLER_19_281,VGND,li1,137.5400,65.2800,0.000000
FILLER_19_279,VGND,li1,134.0900,65.2800,0.000000
FILLER_19_273,VGND,li1,132.4800,65.2800,0.000000
FILLER_19_261,VGND,li1,128.3400,65.2800,0.000000
FILLER_19_249,VGND,li1,122.8200,65.2800,0.000000
FILLER_19_237,VGND,li1,117.3000,65.2800,0.000000
FILLER_19_225,VGND,li1,111.7800,65.2800,0.000000
FILLER_19_223,VGND,li1,108.3300,65.2800,0.000000
FILLER_19_217,VGND,li1,106.7200,65.2800,0.000000
FILLER_19_205,VGND,li1,102.5800,65.2800,0.000000
FILLER_19_193,VGND,li1,97.0600,65.2800,0.000000
FILLER_19_181,VGND,li1,91.5400,65.2800,0.000000
FILLER_19_169,VGND,li1,86.0200,65.2800,0.000000
FILLER_19_167,VGND,li1,82.5700,65.2800,0.000000
FILLER_19_161,VGND,li1,80.9600,65.2800,0.000000
FILLER_19_149,VGND,li1,76.8200,65.2800,0.000000
FILLER_19_137,VGND,li1,71.3000,65.2800,0.000000
FILLER_19_125,VGND,li1,65.7800,65.2800,0.000000
FILLER_19_113,VGND,li1,60.2600,65.2800,0.000000
FILLER_19_111,VGND,li1,56.8100,65.2800,0.000000
FILLER_19_105,VGND,li1,55.2000,65.2800,0.000000
FILLER_19_93,VGND,li1,51.0600,65.2800,0.000000
FILLER_19_81,VGND,li1,45.5400,65.2800,0.000000
FILLER_19_69,VGND,li1,40.0200,65.2800,0.000000
FILLER_19_57,VGND,li1,34.5000,65.2800,0.000000
FILLER_19_55,VGND,li1,31.0500,65.2800,0.000000
FILLER_19_51,VGND,li1,29.9000,65.2800,0.000000
FILLER_19_39,VGND,li1,26.2200,65.2800,0.000000
FILLER_19_27,VGND,li1,20.7000,65.2800,0.000000
FILLER_19_15,VGND,li1,15.1800,65.2800,0.000000
FILLER_19_3,VGND,li1,9.6600,65.2800,0.000000
FILLER_18_665,VGND,li1,312.1100,59.8400,0.000000
FILLER_18_657,VGND,li1,309.5800,59.8400,0.000000
FILLER_18_645,VGND,li1,304.9800,59.8400,0.000000
FILLER_18_643,VGND,li1,301.5300,59.8400,0.000000
FILLER_18_637,VGND,li1,299.9200,59.8400,0.000000
FILLER_18_625,VGND,li1,295.7800,59.8400,0.000000
FILLER_18_613,VGND,li1,290.2600,59.8400,0.000000
FILLER_18_601,VGND,li1,284.7400,59.8400,0.000000
FILLER_18_589,VGND,li1,279.2200,59.8400,0.000000
FILLER_18_587,VGND,li1,275.7700,59.8400,0.000000
FILLER_18_581,VGND,li1,274.1600,59.8400,0.000000
FILLER_18_569,VGND,li1,270.0200,59.8400,0.000000
FILLER_18_557,VGND,li1,264.5000,59.8400,0.000000
FILLER_18_545,VGND,li1,258.9800,59.8400,0.000000
FILLER_18_533,VGND,li1,253.4600,59.8400,0.000000
FILLER_18_531,VGND,li1,250.0100,59.8400,0.000000
FILLER_18_525,VGND,li1,248.4000,59.8400,0.000000
FILLER_18_513,VGND,li1,244.2600,59.8400,0.000000
FILLER_18_501,VGND,li1,238.7400,59.8400,0.000000
FILLER_18_489,VGND,li1,233.2200,59.8400,0.000000
FILLER_18_477,VGND,li1,227.7000,59.8400,0.000000
FILLER_18_475,VGND,li1,224.2500,59.8400,0.000000
FILLER_18_469,VGND,li1,222.6400,59.8400,0.000000
FILLER_18_457,VGND,li1,218.5000,59.8400,0.000000
FILLER_18_445,VGND,li1,212.9800,59.8400,0.000000
FILLER_18_433,VGND,li1,207.4600,59.8400,0.000000
FILLER_18_421,VGND,li1,201.9400,59.8400,0.000000
FILLER_18_419,VGND,li1,198.4900,59.8400,0.000000
FILLER_18_413,VGND,li1,196.8800,59.8400,0.000000
FILLER_18_401,VGND,li1,192.7400,59.8400,0.000000
FILLER_18_389,VGND,li1,187.2200,59.8400,0.000000
FILLER_18_377,VGND,li1,181.7000,59.8400,0.000000
FILLER_18_365,VGND,li1,176.1800,59.8400,0.000000
FILLER_18_363,VGND,li1,172.7300,59.8400,0.000000
FILLER_18_357,VGND,li1,171.1200,59.8400,0.000000
FILLER_18_345,VGND,li1,166.9800,59.8400,0.000000
FILLER_18_333,VGND,li1,161.4600,59.8400,0.000000
FILLER_18_321,VGND,li1,155.9400,59.8400,0.000000
FILLER_18_309,VGND,li1,150.4200,59.8400,0.000000
FILLER_18_307,VGND,li1,146.9700,59.8400,0.000000
FILLER_18_301,VGND,li1,145.3600,59.8400,0.000000
FILLER_18_289,VGND,li1,141.2200,59.8400,0.000000
FILLER_18_277,VGND,li1,135.7000,59.8400,0.000000
FILLER_18_265,VGND,li1,130.1800,59.8400,0.000000
FILLER_18_253,VGND,li1,124.6600,59.8400,0.000000
FILLER_18_251,VGND,li1,121.2100,59.8400,0.000000
FILLER_18_245,VGND,li1,119.6000,59.8400,0.000000
FILLER_18_233,VGND,li1,115.4600,59.8400,0.000000
FILLER_18_221,VGND,li1,109.9400,59.8400,0.000000
FILLER_18_209,VGND,li1,104.4200,59.8400,0.000000
FILLER_18_197,VGND,li1,98.9000,59.8400,0.000000
FILLER_18_195,VGND,li1,95.4500,59.8400,0.000000
FILLER_18_189,VGND,li1,93.8400,59.8400,0.000000
FILLER_18_177,VGND,li1,89.7000,59.8400,0.000000
FILLER_18_165,VGND,li1,84.1800,59.8400,0.000000
FILLER_18_153,VGND,li1,78.6600,59.8400,0.000000
FILLER_18_141,VGND,li1,73.1400,59.8400,0.000000
FILLER_18_139,VGND,li1,69.6900,59.8400,0.000000
FILLER_18_133,VGND,li1,68.0800,59.8400,0.000000
FILLER_18_121,VGND,li1,63.9400,59.8400,0.000000
FILLER_18_109,VGND,li1,58.4200,59.8400,0.000000
FILLER_18_97,VGND,li1,52.9000,59.8400,0.000000
FILLER_18_85,VGND,li1,47.3800,59.8400,0.000000
FILLER_18_83,VGND,li1,43.9300,59.8400,0.000000
FILLER_18_77,VGND,li1,42.3200,59.8400,0.000000
FILLER_18_65,VGND,li1,38.1800,59.8400,0.000000
FILLER_18_53,VGND,li1,32.6600,59.8400,0.000000
FILLER_18_41,VGND,li1,27.1400,59.8400,0.000000
FILLER_18_29,VGND,li1,21.6200,59.8400,0.000000
FILLER_18_27,VGND,li1,18.1700,59.8400,0.000000
FILLER_18_15,VGND,li1,15.1800,59.8400,0.000000
FILLER_18_3,VGND,li1,9.6600,59.8400,0.000000
FILLER_17_665,VGND,li1,312.1100,59.8400,0.000000
FILLER_17_653,VGND,li1,308.6600,59.8400,0.000000
FILLER_17_641,VGND,li1,303.1400,59.8400,0.000000
FILLER_17_629,VGND,li1,297.6200,59.8400,0.000000
FILLER_17_617,VGND,li1,292.1000,59.8400,0.000000
FILLER_17_615,VGND,li1,288.6500,59.8400,0.000000
FILLER_17_609,VGND,li1,287.0400,59.8400,0.000000
FILLER_17_597,VGND,li1,282.9000,59.8400,0.000000
FILLER_17_585,VGND,li1,277.3800,59.8400,0.000000
FILLER_17_573,VGND,li1,271.8600,59.8400,0.000000
FILLER_17_561,VGND,li1,266.3400,59.8400,0.000000
FILLER_17_559,VGND,li1,262.8900,59.8400,0.000000
FILLER_17_553,VGND,li1,261.2800,59.8400,0.000000
FILLER_17_541,VGND,li1,257.1400,59.8400,0.000000
FILLER_17_529,VGND,li1,251.6200,59.8400,0.000000
FILLER_17_517,VGND,li1,246.1000,59.8400,0.000000
FILLER_17_505,VGND,li1,240.5800,59.8400,0.000000
FILLER_17_503,VGND,li1,237.1300,59.8400,0.000000
FILLER_17_497,VGND,li1,235.5200,59.8400,0.000000
FILLER_17_485,VGND,li1,231.3800,59.8400,0.000000
FILLER_17_473,VGND,li1,225.8600,59.8400,0.000000
FILLER_17_461,VGND,li1,220.3400,59.8400,0.000000
FILLER_17_449,VGND,li1,214.8200,59.8400,0.000000
FILLER_17_447,VGND,li1,211.3700,59.8400,0.000000
FILLER_17_441,VGND,li1,209.7600,59.8400,0.000000
FILLER_17_429,VGND,li1,205.6200,59.8400,0.000000
FILLER_17_417,VGND,li1,200.1000,59.8400,0.000000
FILLER_17_405,VGND,li1,194.5800,59.8400,0.000000
FILLER_17_393,VGND,li1,189.0600,59.8400,0.000000
FILLER_17_391,VGND,li1,185.6100,59.8400,0.000000
FILLER_17_385,VGND,li1,184.0000,59.8400,0.000000
FILLER_17_373,VGND,li1,179.8600,59.8400,0.000000
FILLER_17_361,VGND,li1,174.3400,59.8400,0.000000
FILLER_17_349,VGND,li1,168.8200,59.8400,0.000000
FILLER_17_337,VGND,li1,163.3000,59.8400,0.000000
FILLER_17_335,VGND,li1,159.8500,59.8400,0.000000
FILLER_17_329,VGND,li1,158.2400,59.8400,0.000000
FILLER_17_317,VGND,li1,154.1000,59.8400,0.000000
FILLER_17_305,VGND,li1,148.5800,59.8400,0.000000
FILLER_17_293,VGND,li1,143.0600,59.8400,0.000000
FILLER_17_281,VGND,li1,137.5400,59.8400,0.000000
FILLER_17_279,VGND,li1,134.0900,59.8400,0.000000
FILLER_17_273,VGND,li1,132.4800,59.8400,0.000000
FILLER_17_261,VGND,li1,128.3400,59.8400,0.000000
FILLER_17_249,VGND,li1,122.8200,59.8400,0.000000
FILLER_17_237,VGND,li1,117.3000,59.8400,0.000000
FILLER_17_225,VGND,li1,111.7800,59.8400,0.000000
FILLER_17_223,VGND,li1,108.3300,59.8400,0.000000
FILLER_17_217,VGND,li1,106.7200,59.8400,0.000000
FILLER_17_205,VGND,li1,102.5800,59.8400,0.000000
FILLER_17_193,VGND,li1,97.0600,59.8400,0.000000
FILLER_17_181,VGND,li1,91.5400,59.8400,0.000000
FILLER_17_169,VGND,li1,86.0200,59.8400,0.000000
FILLER_17_167,VGND,li1,82.5700,59.8400,0.000000
FILLER_17_161,VGND,li1,80.9600,59.8400,0.000000
FILLER_17_149,VGND,li1,76.8200,59.8400,0.000000
FILLER_17_137,VGND,li1,71.3000,59.8400,0.000000
FILLER_17_125,VGND,li1,65.7800,59.8400,0.000000
FILLER_17_113,VGND,li1,60.2600,59.8400,0.000000
FILLER_17_111,VGND,li1,56.8100,59.8400,0.000000
FILLER_17_105,VGND,li1,55.2000,59.8400,0.000000
FILLER_17_93,VGND,li1,51.0600,59.8400,0.000000
FILLER_17_81,VGND,li1,45.5400,59.8400,0.000000
FILLER_17_69,VGND,li1,40.0200,59.8400,0.000000
FILLER_17_57,VGND,li1,34.5000,59.8400,0.000000
FILLER_17_55,VGND,li1,31.0500,59.8400,0.000000
FILLER_17_51,VGND,li1,29.9000,59.8400,0.000000
FILLER_17_39,VGND,li1,26.2200,59.8400,0.000000
FILLER_17_27,VGND,li1,20.7000,59.8400,0.000000
FILLER_17_15,VGND,li1,15.1800,59.8400,0.000000
FILLER_17_3,VGND,li1,9.6600,59.8400,0.000000
FILLER_16_665,VGND,li1,312.1100,54.4000,0.000000
FILLER_16_657,VGND,li1,309.5800,54.4000,0.000000
FILLER_16_645,VGND,li1,304.9800,54.4000,0.000000
FILLER_16_643,VGND,li1,301.5300,54.4000,0.000000
FILLER_16_637,VGND,li1,299.9200,54.4000,0.000000
FILLER_16_625,VGND,li1,295.7800,54.4000,0.000000
FILLER_16_613,VGND,li1,290.2600,54.4000,0.000000
FILLER_16_601,VGND,li1,284.7400,54.4000,0.000000
FILLER_16_589,VGND,li1,279.2200,54.4000,0.000000
FILLER_16_587,VGND,li1,275.7700,54.4000,0.000000
FILLER_16_581,VGND,li1,274.1600,54.4000,0.000000
FILLER_16_569,VGND,li1,270.0200,54.4000,0.000000
FILLER_16_557,VGND,li1,264.5000,54.4000,0.000000
FILLER_16_545,VGND,li1,258.9800,54.4000,0.000000
FILLER_16_533,VGND,li1,253.4600,54.4000,0.000000
FILLER_16_531,VGND,li1,250.0100,54.4000,0.000000
FILLER_16_525,VGND,li1,248.4000,54.4000,0.000000
FILLER_16_513,VGND,li1,244.2600,54.4000,0.000000
FILLER_16_501,VGND,li1,238.7400,54.4000,0.000000
FILLER_16_489,VGND,li1,233.2200,54.4000,0.000000
FILLER_16_477,VGND,li1,227.7000,54.4000,0.000000
FILLER_16_475,VGND,li1,224.2500,54.4000,0.000000
FILLER_16_469,VGND,li1,222.6400,54.4000,0.000000
FILLER_16_457,VGND,li1,218.5000,54.4000,0.000000
FILLER_16_445,VGND,li1,212.9800,54.4000,0.000000
FILLER_16_433,VGND,li1,207.4600,54.4000,0.000000
FILLER_16_421,VGND,li1,201.9400,54.4000,0.000000
FILLER_16_419,VGND,li1,198.4900,54.4000,0.000000
FILLER_16_413,VGND,li1,196.8800,54.4000,0.000000
FILLER_16_401,VGND,li1,192.7400,54.4000,0.000000
FILLER_16_389,VGND,li1,187.2200,54.4000,0.000000
FILLER_16_377,VGND,li1,181.7000,54.4000,0.000000
FILLER_16_365,VGND,li1,176.1800,54.4000,0.000000
FILLER_16_363,VGND,li1,172.7300,54.4000,0.000000
FILLER_16_357,VGND,li1,171.1200,54.4000,0.000000
FILLER_16_345,VGND,li1,166.9800,54.4000,0.000000
FILLER_16_333,VGND,li1,161.4600,54.4000,0.000000
FILLER_16_321,VGND,li1,155.9400,54.4000,0.000000
FILLER_16_309,VGND,li1,150.4200,54.4000,0.000000
FILLER_16_307,VGND,li1,146.9700,54.4000,0.000000
FILLER_16_301,VGND,li1,145.3600,54.4000,0.000000
FILLER_16_289,VGND,li1,141.2200,54.4000,0.000000
FILLER_16_277,VGND,li1,135.7000,54.4000,0.000000
FILLER_16_265,VGND,li1,130.1800,54.4000,0.000000
FILLER_16_253,VGND,li1,124.6600,54.4000,0.000000
FILLER_16_251,VGND,li1,121.2100,54.4000,0.000000
FILLER_16_245,VGND,li1,119.6000,54.4000,0.000000
FILLER_16_233,VGND,li1,115.4600,54.4000,0.000000
FILLER_16_221,VGND,li1,109.9400,54.4000,0.000000
FILLER_16_209,VGND,li1,104.4200,54.4000,0.000000
FILLER_16_197,VGND,li1,98.9000,54.4000,0.000000
FILLER_16_195,VGND,li1,95.4500,54.4000,0.000000
FILLER_16_189,VGND,li1,93.8400,54.4000,0.000000
FILLER_16_177,VGND,li1,89.7000,54.4000,0.000000
FILLER_16_165,VGND,li1,84.1800,54.4000,0.000000
FILLER_16_153,VGND,li1,78.6600,54.4000,0.000000
FILLER_16_141,VGND,li1,73.1400,54.4000,0.000000
FILLER_16_139,VGND,li1,69.6900,54.4000,0.000000
FILLER_16_133,VGND,li1,68.0800,54.4000,0.000000
FILLER_16_121,VGND,li1,63.9400,54.4000,0.000000
FILLER_16_109,VGND,li1,58.4200,54.4000,0.000000
FILLER_16_97,VGND,li1,52.9000,54.4000,0.000000
FILLER_16_85,VGND,li1,47.3800,54.4000,0.000000
FILLER_16_83,VGND,li1,43.9300,54.4000,0.000000
FILLER_16_77,VGND,li1,42.3200,54.4000,0.000000
FILLER_16_65,VGND,li1,38.1800,54.4000,0.000000
FILLER_16_53,VGND,li1,32.6600,54.4000,0.000000
FILLER_16_41,VGND,li1,27.1400,54.4000,0.000000
FILLER_16_29,VGND,li1,21.6200,54.4000,0.000000
FILLER_16_27,VGND,li1,18.1700,54.4000,0.000000
FILLER_16_15,VGND,li1,15.1800,54.4000,0.000000
FILLER_16_3,VGND,li1,9.6600,54.4000,0.000000
FILLER_15_665,VGND,li1,312.1100,54.4000,0.000000
FILLER_15_653,VGND,li1,308.6600,54.4000,0.000000
FILLER_15_641,VGND,li1,303.1400,54.4000,0.000000
FILLER_15_629,VGND,li1,297.6200,54.4000,0.000000
FILLER_15_617,VGND,li1,292.1000,54.4000,0.000000
FILLER_15_615,VGND,li1,288.6500,54.4000,0.000000
FILLER_15_609,VGND,li1,287.0400,54.4000,0.000000
FILLER_15_597,VGND,li1,282.9000,54.4000,0.000000
FILLER_15_585,VGND,li1,277.3800,54.4000,0.000000
FILLER_15_573,VGND,li1,271.8600,54.4000,0.000000
FILLER_15_561,VGND,li1,266.3400,54.4000,0.000000
FILLER_15_559,VGND,li1,262.8900,54.4000,0.000000
FILLER_15_553,VGND,li1,261.2800,54.4000,0.000000
FILLER_15_541,VGND,li1,257.1400,54.4000,0.000000
FILLER_15_529,VGND,li1,251.6200,54.4000,0.000000
FILLER_15_517,VGND,li1,246.1000,54.4000,0.000000
FILLER_15_505,VGND,li1,240.5800,54.4000,0.000000
FILLER_15_503,VGND,li1,237.1300,54.4000,0.000000
FILLER_15_497,VGND,li1,235.5200,54.4000,0.000000
FILLER_15_485,VGND,li1,231.3800,54.4000,0.000000
FILLER_15_473,VGND,li1,225.8600,54.4000,0.000000
FILLER_15_461,VGND,li1,220.3400,54.4000,0.000000
FILLER_15_449,VGND,li1,214.8200,54.4000,0.000000
FILLER_15_447,VGND,li1,211.3700,54.4000,0.000000
FILLER_15_441,VGND,li1,209.7600,54.4000,0.000000
FILLER_15_429,VGND,li1,205.6200,54.4000,0.000000
FILLER_15_417,VGND,li1,200.1000,54.4000,0.000000
FILLER_15_405,VGND,li1,194.5800,54.4000,0.000000
FILLER_15_393,VGND,li1,189.0600,54.4000,0.000000
FILLER_15_391,VGND,li1,185.6100,54.4000,0.000000
FILLER_15_385,VGND,li1,184.0000,54.4000,0.000000
FILLER_15_373,VGND,li1,179.8600,54.4000,0.000000
FILLER_15_361,VGND,li1,174.3400,54.4000,0.000000
FILLER_15_349,VGND,li1,168.8200,54.4000,0.000000
FILLER_15_337,VGND,li1,163.3000,54.4000,0.000000
FILLER_15_335,VGND,li1,159.8500,54.4000,0.000000
FILLER_15_329,VGND,li1,158.2400,54.4000,0.000000
FILLER_15_317,VGND,li1,154.1000,54.4000,0.000000
FILLER_15_305,VGND,li1,148.5800,54.4000,0.000000
FILLER_15_293,VGND,li1,143.0600,54.4000,0.000000
FILLER_15_281,VGND,li1,137.5400,54.4000,0.000000
FILLER_15_279,VGND,li1,134.0900,54.4000,0.000000
FILLER_15_273,VGND,li1,132.4800,54.4000,0.000000
FILLER_15_261,VGND,li1,128.3400,54.4000,0.000000
FILLER_15_249,VGND,li1,122.8200,54.4000,0.000000
FILLER_15_237,VGND,li1,117.3000,54.4000,0.000000
FILLER_15_225,VGND,li1,111.7800,54.4000,0.000000
FILLER_15_223,VGND,li1,108.3300,54.4000,0.000000
FILLER_15_217,VGND,li1,106.7200,54.4000,0.000000
FILLER_15_205,VGND,li1,102.5800,54.4000,0.000000
FILLER_15_193,VGND,li1,97.0600,54.4000,0.000000
FILLER_15_181,VGND,li1,91.5400,54.4000,0.000000
FILLER_15_169,VGND,li1,86.0200,54.4000,0.000000
FILLER_15_167,VGND,li1,82.5700,54.4000,0.000000
FILLER_15_161,VGND,li1,80.9600,54.4000,0.000000
FILLER_15_149,VGND,li1,76.8200,54.4000,0.000000
FILLER_15_137,VGND,li1,71.3000,54.4000,0.000000
FILLER_15_125,VGND,li1,65.7800,54.4000,0.000000
FILLER_15_113,VGND,li1,60.2600,54.4000,0.000000
FILLER_15_111,VGND,li1,56.8100,54.4000,0.000000
FILLER_15_105,VGND,li1,55.2000,54.4000,0.000000
FILLER_15_93,VGND,li1,51.0600,54.4000,0.000000
FILLER_15_81,VGND,li1,45.5400,54.4000,0.000000
FILLER_15_69,VGND,li1,40.0200,54.4000,0.000000
FILLER_15_57,VGND,li1,34.5000,54.4000,0.000000
FILLER_15_55,VGND,li1,31.0500,54.4000,0.000000
FILLER_15_51,VGND,li1,29.9000,54.4000,0.000000
FILLER_15_39,VGND,li1,26.2200,54.4000,0.000000
FILLER_15_27,VGND,li1,20.7000,54.4000,0.000000
FILLER_15_15,VGND,li1,15.1800,54.4000,0.000000
FILLER_15_3,VGND,li1,9.6600,54.4000,0.000000
FILLER_14_665,VGND,li1,312.1100,48.9600,0.000000
FILLER_14_657,VGND,li1,309.5800,48.9600,0.000000
FILLER_14_645,VGND,li1,304.9800,48.9600,0.000000
FILLER_14_643,VGND,li1,301.5300,48.9600,0.000000
FILLER_14_637,VGND,li1,299.9200,48.9600,0.000000
FILLER_14_625,VGND,li1,295.7800,48.9600,0.000000
FILLER_14_613,VGND,li1,290.2600,48.9600,0.000000
FILLER_14_601,VGND,li1,284.7400,48.9600,0.000000
FILLER_14_589,VGND,li1,279.2200,48.9600,0.000000
FILLER_14_587,VGND,li1,275.7700,48.9600,0.000000
FILLER_14_581,VGND,li1,274.1600,48.9600,0.000000
FILLER_14_569,VGND,li1,270.0200,48.9600,0.000000
FILLER_14_557,VGND,li1,264.5000,48.9600,0.000000
FILLER_14_545,VGND,li1,258.9800,48.9600,0.000000
FILLER_14_533,VGND,li1,253.4600,48.9600,0.000000
FILLER_14_531,VGND,li1,250.0100,48.9600,0.000000
FILLER_14_525,VGND,li1,248.4000,48.9600,0.000000
FILLER_14_513,VGND,li1,244.2600,48.9600,0.000000
FILLER_14_501,VGND,li1,238.7400,48.9600,0.000000
FILLER_14_489,VGND,li1,233.2200,48.9600,0.000000
FILLER_14_477,VGND,li1,227.7000,48.9600,0.000000
FILLER_14_475,VGND,li1,224.2500,48.9600,0.000000
FILLER_14_469,VGND,li1,222.6400,48.9600,0.000000
FILLER_14_457,VGND,li1,218.5000,48.9600,0.000000
FILLER_14_445,VGND,li1,212.9800,48.9600,0.000000
FILLER_14_433,VGND,li1,207.4600,48.9600,0.000000
FILLER_14_421,VGND,li1,201.9400,48.9600,0.000000
FILLER_14_419,VGND,li1,198.4900,48.9600,0.000000
FILLER_14_413,VGND,li1,196.8800,48.9600,0.000000
FILLER_14_401,VGND,li1,192.7400,48.9600,0.000000
FILLER_14_389,VGND,li1,187.2200,48.9600,0.000000
FILLER_14_377,VGND,li1,181.7000,48.9600,0.000000
FILLER_14_365,VGND,li1,176.1800,48.9600,0.000000
FILLER_14_363,VGND,li1,172.7300,48.9600,0.000000
FILLER_14_357,VGND,li1,171.1200,48.9600,0.000000
FILLER_14_345,VGND,li1,166.9800,48.9600,0.000000
FILLER_14_333,VGND,li1,161.4600,48.9600,0.000000
FILLER_14_321,VGND,li1,155.9400,48.9600,0.000000
FILLER_14_309,VGND,li1,150.4200,48.9600,0.000000
FILLER_14_307,VGND,li1,146.9700,48.9600,0.000000
FILLER_14_301,VGND,li1,145.3600,48.9600,0.000000
FILLER_14_289,VGND,li1,141.2200,48.9600,0.000000
FILLER_14_277,VGND,li1,135.7000,48.9600,0.000000
FILLER_14_265,VGND,li1,130.1800,48.9600,0.000000
FILLER_14_253,VGND,li1,124.6600,48.9600,0.000000
FILLER_14_251,VGND,li1,121.2100,48.9600,0.000000
FILLER_14_245,VGND,li1,119.6000,48.9600,0.000000
FILLER_14_233,VGND,li1,115.4600,48.9600,0.000000
FILLER_14_221,VGND,li1,109.9400,48.9600,0.000000
FILLER_14_209,VGND,li1,104.4200,48.9600,0.000000
FILLER_14_197,VGND,li1,98.9000,48.9600,0.000000
FILLER_14_195,VGND,li1,95.4500,48.9600,0.000000
FILLER_14_189,VGND,li1,93.8400,48.9600,0.000000
FILLER_14_177,VGND,li1,89.7000,48.9600,0.000000
FILLER_14_165,VGND,li1,84.1800,48.9600,0.000000
FILLER_14_153,VGND,li1,78.6600,48.9600,0.000000
FILLER_14_141,VGND,li1,73.1400,48.9600,0.000000
FILLER_14_139,VGND,li1,69.6900,48.9600,0.000000
FILLER_14_133,VGND,li1,68.0800,48.9600,0.000000
FILLER_14_121,VGND,li1,63.9400,48.9600,0.000000
FILLER_14_109,VGND,li1,58.4200,48.9600,0.000000
FILLER_14_97,VGND,li1,52.9000,48.9600,0.000000
FILLER_14_85,VGND,li1,47.3800,48.9600,0.000000
FILLER_14_83,VGND,li1,43.9300,48.9600,0.000000
FILLER_14_77,VGND,li1,42.3200,48.9600,0.000000
FILLER_14_65,VGND,li1,38.1800,48.9600,0.000000
FILLER_14_53,VGND,li1,32.6600,48.9600,0.000000
FILLER_14_41,VGND,li1,27.1400,48.9600,0.000000
FILLER_14_29,VGND,li1,21.6200,48.9600,0.000000
FILLER_14_27,VGND,li1,18.1700,48.9600,0.000000
FILLER_14_15,VGND,li1,15.1800,48.9600,0.000000
FILLER_14_3,VGND,li1,9.6600,48.9600,0.000000
FILLER_13_665,VGND,li1,312.1100,48.9600,0.000000
FILLER_13_653,VGND,li1,308.6600,48.9600,0.000000
FILLER_13_641,VGND,li1,303.1400,48.9600,0.000000
FILLER_13_629,VGND,li1,297.6200,48.9600,0.000000
FILLER_13_617,VGND,li1,292.1000,48.9600,0.000000
FILLER_13_615,VGND,li1,288.6500,48.9600,0.000000
FILLER_13_609,VGND,li1,287.0400,48.9600,0.000000
FILLER_13_597,VGND,li1,282.9000,48.9600,0.000000
FILLER_13_585,VGND,li1,277.3800,48.9600,0.000000
FILLER_13_573,VGND,li1,271.8600,48.9600,0.000000
FILLER_13_561,VGND,li1,266.3400,48.9600,0.000000
FILLER_13_559,VGND,li1,262.8900,48.9600,0.000000
FILLER_13_553,VGND,li1,261.2800,48.9600,0.000000
FILLER_13_541,VGND,li1,257.1400,48.9600,0.000000
FILLER_13_529,VGND,li1,251.6200,48.9600,0.000000
FILLER_13_517,VGND,li1,246.1000,48.9600,0.000000
FILLER_13_505,VGND,li1,240.5800,48.9600,0.000000
FILLER_13_503,VGND,li1,237.1300,48.9600,0.000000
FILLER_13_497,VGND,li1,235.5200,48.9600,0.000000
FILLER_13_485,VGND,li1,231.3800,48.9600,0.000000
FILLER_13_473,VGND,li1,225.8600,48.9600,0.000000
FILLER_13_461,VGND,li1,220.3400,48.9600,0.000000
FILLER_13_449,VGND,li1,214.8200,48.9600,0.000000
FILLER_13_447,VGND,li1,211.3700,48.9600,0.000000
FILLER_13_441,VGND,li1,209.7600,48.9600,0.000000
FILLER_13_429,VGND,li1,205.6200,48.9600,0.000000
FILLER_13_417,VGND,li1,200.1000,48.9600,0.000000
FILLER_13_405,VGND,li1,194.5800,48.9600,0.000000
FILLER_13_393,VGND,li1,189.0600,48.9600,0.000000
FILLER_13_391,VGND,li1,185.6100,48.9600,0.000000
FILLER_13_385,VGND,li1,184.0000,48.9600,0.000000
FILLER_13_373,VGND,li1,179.8600,48.9600,0.000000
FILLER_13_361,VGND,li1,174.3400,48.9600,0.000000
FILLER_13_349,VGND,li1,168.8200,48.9600,0.000000
FILLER_13_337,VGND,li1,163.3000,48.9600,0.000000
FILLER_13_335,VGND,li1,159.8500,48.9600,0.000000
FILLER_13_329,VGND,li1,158.2400,48.9600,0.000000
FILLER_13_317,VGND,li1,154.1000,48.9600,0.000000
FILLER_13_305,VGND,li1,148.5800,48.9600,0.000000
FILLER_13_293,VGND,li1,143.0600,48.9600,0.000000
FILLER_13_281,VGND,li1,137.5400,48.9600,0.000000
FILLER_13_279,VGND,li1,134.0900,48.9600,0.000000
FILLER_13_273,VGND,li1,132.4800,48.9600,0.000000
FILLER_13_261,VGND,li1,128.3400,48.9600,0.000000
FILLER_13_249,VGND,li1,122.8200,48.9600,0.000000
FILLER_13_237,VGND,li1,117.3000,48.9600,0.000000
FILLER_13_225,VGND,li1,111.7800,48.9600,0.000000
FILLER_13_223,VGND,li1,108.3300,48.9600,0.000000
FILLER_13_217,VGND,li1,106.7200,48.9600,0.000000
FILLER_13_205,VGND,li1,102.5800,48.9600,0.000000
FILLER_13_193,VGND,li1,97.0600,48.9600,0.000000
FILLER_13_181,VGND,li1,91.5400,48.9600,0.000000
FILLER_13_169,VGND,li1,86.0200,48.9600,0.000000
FILLER_13_167,VGND,li1,82.5700,48.9600,0.000000
FILLER_13_161,VGND,li1,80.9600,48.9600,0.000000
FILLER_13_149,VGND,li1,76.8200,48.9600,0.000000
FILLER_13_137,VGND,li1,71.3000,48.9600,0.000000
FILLER_13_125,VGND,li1,65.7800,48.9600,0.000000
FILLER_13_113,VGND,li1,60.2600,48.9600,0.000000
FILLER_13_111,VGND,li1,56.8100,48.9600,0.000000
FILLER_13_105,VGND,li1,55.2000,48.9600,0.000000
FILLER_13_93,VGND,li1,51.0600,48.9600,0.000000
FILLER_13_81,VGND,li1,45.5400,48.9600,0.000000
FILLER_13_69,VGND,li1,40.0200,48.9600,0.000000
FILLER_13_57,VGND,li1,34.5000,48.9600,0.000000
FILLER_13_55,VGND,li1,31.0500,48.9600,0.000000
FILLER_13_51,VGND,li1,29.9000,48.9600,0.000000
FILLER_13_39,VGND,li1,26.2200,48.9600,0.000000
FILLER_13_27,VGND,li1,20.7000,48.9600,0.000000
FILLER_13_15,VGND,li1,15.1800,48.9600,0.000000
FILLER_13_3,VGND,li1,9.6600,48.9600,0.000000
FILLER_12_665,VGND,li1,312.1100,43.5200,0.000000
FILLER_12_657,VGND,li1,309.5800,43.5200,0.000000
FILLER_12_645,VGND,li1,304.9800,43.5200,0.000000
FILLER_12_643,VGND,li1,301.5300,43.5200,0.000000
FILLER_12_637,VGND,li1,299.9200,43.5200,0.000000
FILLER_12_625,VGND,li1,295.7800,43.5200,0.000000
FILLER_12_613,VGND,li1,290.2600,43.5200,0.000000
FILLER_12_601,VGND,li1,284.7400,43.5200,0.000000
FILLER_12_589,VGND,li1,279.2200,43.5200,0.000000
FILLER_12_587,VGND,li1,275.7700,43.5200,0.000000
FILLER_12_581,VGND,li1,274.1600,43.5200,0.000000
FILLER_12_569,VGND,li1,270.0200,43.5200,0.000000
FILLER_12_557,VGND,li1,264.5000,43.5200,0.000000
FILLER_12_545,VGND,li1,258.9800,43.5200,0.000000
FILLER_12_533,VGND,li1,253.4600,43.5200,0.000000
FILLER_12_531,VGND,li1,250.0100,43.5200,0.000000
FILLER_12_525,VGND,li1,248.4000,43.5200,0.000000
FILLER_12_513,VGND,li1,244.2600,43.5200,0.000000
FILLER_12_501,VGND,li1,238.7400,43.5200,0.000000
FILLER_12_489,VGND,li1,233.2200,43.5200,0.000000
FILLER_12_477,VGND,li1,227.7000,43.5200,0.000000
FILLER_12_475,VGND,li1,224.2500,43.5200,0.000000
FILLER_12_469,VGND,li1,222.6400,43.5200,0.000000
FILLER_12_457,VGND,li1,218.5000,43.5200,0.000000
FILLER_12_445,VGND,li1,212.9800,43.5200,0.000000
FILLER_12_433,VGND,li1,207.4600,43.5200,0.000000
FILLER_12_421,VGND,li1,201.9400,43.5200,0.000000
FILLER_12_419,VGND,li1,198.4900,43.5200,0.000000
FILLER_12_413,VGND,li1,196.8800,43.5200,0.000000
FILLER_12_401,VGND,li1,192.7400,43.5200,0.000000
FILLER_12_389,VGND,li1,187.2200,43.5200,0.000000
FILLER_12_377,VGND,li1,181.7000,43.5200,0.000000
FILLER_12_365,VGND,li1,176.1800,43.5200,0.000000
FILLER_12_363,VGND,li1,172.7300,43.5200,0.000000
FILLER_12_357,VGND,li1,171.1200,43.5200,0.000000
FILLER_12_345,VGND,li1,166.9800,43.5200,0.000000
FILLER_12_333,VGND,li1,161.4600,43.5200,0.000000
FILLER_12_321,VGND,li1,155.9400,43.5200,0.000000
FILLER_12_309,VGND,li1,150.4200,43.5200,0.000000
FILLER_12_307,VGND,li1,146.9700,43.5200,0.000000
FILLER_12_301,VGND,li1,145.3600,43.5200,0.000000
FILLER_12_289,VGND,li1,141.2200,43.5200,0.000000
FILLER_12_277,VGND,li1,135.7000,43.5200,0.000000
FILLER_12_265,VGND,li1,130.1800,43.5200,0.000000
FILLER_12_253,VGND,li1,124.6600,43.5200,0.000000
FILLER_12_251,VGND,li1,121.2100,43.5200,0.000000
FILLER_12_245,VGND,li1,119.6000,43.5200,0.000000
FILLER_12_233,VGND,li1,115.4600,43.5200,0.000000
FILLER_12_221,VGND,li1,109.9400,43.5200,0.000000
FILLER_12_209,VGND,li1,104.4200,43.5200,0.000000
FILLER_12_197,VGND,li1,98.9000,43.5200,0.000000
FILLER_12_195,VGND,li1,95.4500,43.5200,0.000000
FILLER_12_189,VGND,li1,93.8400,43.5200,0.000000
FILLER_12_177,VGND,li1,89.7000,43.5200,0.000000
FILLER_12_165,VGND,li1,84.1800,43.5200,0.000000
FILLER_12_153,VGND,li1,78.6600,43.5200,0.000000
FILLER_12_141,VGND,li1,73.1400,43.5200,0.000000
FILLER_12_139,VGND,li1,69.6900,43.5200,0.000000
FILLER_12_133,VGND,li1,68.0800,43.5200,0.000000
FILLER_12_121,VGND,li1,63.9400,43.5200,0.000000
FILLER_12_109,VGND,li1,58.4200,43.5200,0.000000
FILLER_12_97,VGND,li1,52.9000,43.5200,0.000000
FILLER_12_85,VGND,li1,47.3800,43.5200,0.000000
FILLER_12_83,VGND,li1,43.9300,43.5200,0.000000
FILLER_12_77,VGND,li1,42.3200,43.5200,0.000000
FILLER_12_65,VGND,li1,38.1800,43.5200,0.000000
FILLER_12_53,VGND,li1,32.6600,43.5200,0.000000
FILLER_12_41,VGND,li1,27.1400,43.5200,0.000000
FILLER_12_29,VGND,li1,21.6200,43.5200,0.000000
FILLER_12_27,VGND,li1,18.1700,43.5200,0.000000
FILLER_12_15,VGND,li1,15.1800,43.5200,0.000000
FILLER_12_3,VGND,li1,9.6600,43.5200,0.000000
FILLER_11_665,VGND,li1,312.1100,43.5200,0.000000
FILLER_11_653,VGND,li1,308.6600,43.5200,0.000000
FILLER_11_641,VGND,li1,303.1400,43.5200,0.000000
FILLER_11_629,VGND,li1,297.6200,43.5200,0.000000
FILLER_11_617,VGND,li1,292.1000,43.5200,0.000000
FILLER_11_615,VGND,li1,288.6500,43.5200,0.000000
FILLER_11_609,VGND,li1,287.0400,43.5200,0.000000
FILLER_11_597,VGND,li1,282.9000,43.5200,0.000000
FILLER_11_585,VGND,li1,277.3800,43.5200,0.000000
FILLER_11_573,VGND,li1,271.8600,43.5200,0.000000
FILLER_11_561,VGND,li1,266.3400,43.5200,0.000000
FILLER_11_559,VGND,li1,262.8900,43.5200,0.000000
FILLER_11_553,VGND,li1,261.2800,43.5200,0.000000
FILLER_11_541,VGND,li1,257.1400,43.5200,0.000000
FILLER_11_529,VGND,li1,251.6200,43.5200,0.000000
FILLER_11_517,VGND,li1,246.1000,43.5200,0.000000
FILLER_11_505,VGND,li1,240.5800,43.5200,0.000000
FILLER_11_503,VGND,li1,237.1300,43.5200,0.000000
FILLER_11_497,VGND,li1,235.5200,43.5200,0.000000
FILLER_11_485,VGND,li1,231.3800,43.5200,0.000000
FILLER_11_473,VGND,li1,225.8600,43.5200,0.000000
FILLER_11_461,VGND,li1,220.3400,43.5200,0.000000
FILLER_11_449,VGND,li1,214.8200,43.5200,0.000000
FILLER_11_447,VGND,li1,211.3700,43.5200,0.000000
FILLER_11_441,VGND,li1,209.7600,43.5200,0.000000
FILLER_11_429,VGND,li1,205.6200,43.5200,0.000000
FILLER_11_417,VGND,li1,200.1000,43.5200,0.000000
FILLER_11_405,VGND,li1,194.5800,43.5200,0.000000
FILLER_11_393,VGND,li1,189.0600,43.5200,0.000000
FILLER_11_391,VGND,li1,185.6100,43.5200,0.000000
FILLER_11_385,VGND,li1,184.0000,43.5200,0.000000
FILLER_11_373,VGND,li1,179.8600,43.5200,0.000000
FILLER_11_361,VGND,li1,174.3400,43.5200,0.000000
FILLER_11_349,VGND,li1,168.8200,43.5200,0.000000
FILLER_11_337,VGND,li1,163.3000,43.5200,0.000000
FILLER_11_335,VGND,li1,159.8500,43.5200,0.000000
FILLER_11_329,VGND,li1,158.2400,43.5200,0.000000
FILLER_11_317,VGND,li1,154.1000,43.5200,0.000000
FILLER_11_305,VGND,li1,148.5800,43.5200,0.000000
FILLER_11_293,VGND,li1,143.0600,43.5200,0.000000
FILLER_11_281,VGND,li1,137.5400,43.5200,0.000000
FILLER_11_279,VGND,li1,134.0900,43.5200,0.000000
FILLER_11_273,VGND,li1,132.4800,43.5200,0.000000
FILLER_11_261,VGND,li1,128.3400,43.5200,0.000000
FILLER_11_249,VGND,li1,122.8200,43.5200,0.000000
FILLER_11_237,VGND,li1,117.3000,43.5200,0.000000
FILLER_11_225,VGND,li1,111.7800,43.5200,0.000000
FILLER_11_223,VGND,li1,108.3300,43.5200,0.000000
FILLER_11_217,VGND,li1,106.7200,43.5200,0.000000
FILLER_11_205,VGND,li1,102.5800,43.5200,0.000000
FILLER_11_193,VGND,li1,97.0600,43.5200,0.000000
FILLER_11_181,VGND,li1,91.5400,43.5200,0.000000
FILLER_11_169,VGND,li1,86.0200,43.5200,0.000000
FILLER_11_167,VGND,li1,82.5700,43.5200,0.000000
FILLER_11_161,VGND,li1,80.9600,43.5200,0.000000
FILLER_11_149,VGND,li1,76.8200,43.5200,0.000000
FILLER_11_137,VGND,li1,71.3000,43.5200,0.000000
FILLER_11_125,VGND,li1,65.7800,43.5200,0.000000
FILLER_11_113,VGND,li1,60.2600,43.5200,0.000000
FILLER_11_111,VGND,li1,56.8100,43.5200,0.000000
FILLER_11_105,VGND,li1,55.2000,43.5200,0.000000
FILLER_11_93,VGND,li1,51.0600,43.5200,0.000000
FILLER_11_81,VGND,li1,45.5400,43.5200,0.000000
FILLER_11_69,VGND,li1,40.0200,43.5200,0.000000
FILLER_11_57,VGND,li1,34.5000,43.5200,0.000000
FILLER_11_55,VGND,li1,31.0500,43.5200,0.000000
FILLER_11_51,VGND,li1,29.9000,43.5200,0.000000
FILLER_11_39,VGND,li1,26.2200,43.5200,0.000000
FILLER_11_27,VGND,li1,20.7000,43.5200,0.000000
FILLER_11_15,VGND,li1,15.1800,43.5200,0.000000
FILLER_11_3,VGND,li1,9.6600,43.5200,0.000000
FILLER_10_665,VGND,li1,312.1100,38.0800,0.000000
FILLER_10_657,VGND,li1,309.5800,38.0800,0.000000
FILLER_10_645,VGND,li1,304.9800,38.0800,0.000000
FILLER_10_643,VGND,li1,301.5300,38.0800,0.000000
FILLER_10_637,VGND,li1,299.9200,38.0800,0.000000
FILLER_10_625,VGND,li1,295.7800,38.0800,0.000000
FILLER_10_613,VGND,li1,290.2600,38.0800,0.000000
FILLER_10_601,VGND,li1,284.7400,38.0800,0.000000
FILLER_10_589,VGND,li1,279.2200,38.0800,0.000000
FILLER_10_587,VGND,li1,275.7700,38.0800,0.000000
FILLER_10_581,VGND,li1,274.1600,38.0800,0.000000
FILLER_10_569,VGND,li1,270.0200,38.0800,0.000000
FILLER_10_557,VGND,li1,264.5000,38.0800,0.000000
FILLER_10_545,VGND,li1,258.9800,38.0800,0.000000
FILLER_10_533,VGND,li1,253.4600,38.0800,0.000000
FILLER_10_531,VGND,li1,250.0100,38.0800,0.000000
FILLER_10_525,VGND,li1,248.4000,38.0800,0.000000
FILLER_10_513,VGND,li1,244.2600,38.0800,0.000000
FILLER_10_501,VGND,li1,238.7400,38.0800,0.000000
FILLER_10_489,VGND,li1,233.2200,38.0800,0.000000
FILLER_10_477,VGND,li1,227.7000,38.0800,0.000000
FILLER_10_475,VGND,li1,224.2500,38.0800,0.000000
FILLER_10_469,VGND,li1,222.6400,38.0800,0.000000
FILLER_10_457,VGND,li1,218.5000,38.0800,0.000000
FILLER_10_445,VGND,li1,212.9800,38.0800,0.000000
FILLER_10_433,VGND,li1,207.4600,38.0800,0.000000
FILLER_10_421,VGND,li1,201.9400,38.0800,0.000000
FILLER_10_419,VGND,li1,198.4900,38.0800,0.000000
FILLER_10_413,VGND,li1,196.8800,38.0800,0.000000
FILLER_10_401,VGND,li1,192.7400,38.0800,0.000000
FILLER_10_389,VGND,li1,187.2200,38.0800,0.000000
FILLER_10_377,VGND,li1,181.7000,38.0800,0.000000
FILLER_10_365,VGND,li1,176.1800,38.0800,0.000000
FILLER_10_363,VGND,li1,172.7300,38.0800,0.000000
FILLER_10_357,VGND,li1,171.1200,38.0800,0.000000
FILLER_10_345,VGND,li1,166.9800,38.0800,0.000000
FILLER_10_333,VGND,li1,161.4600,38.0800,0.000000
FILLER_10_321,VGND,li1,155.9400,38.0800,0.000000
FILLER_10_309,VGND,li1,150.4200,38.0800,0.000000
FILLER_10_307,VGND,li1,146.9700,38.0800,0.000000
FILLER_10_301,VGND,li1,145.3600,38.0800,0.000000
FILLER_10_289,VGND,li1,141.2200,38.0800,0.000000
FILLER_10_277,VGND,li1,135.7000,38.0800,0.000000
FILLER_10_265,VGND,li1,130.1800,38.0800,0.000000
FILLER_10_253,VGND,li1,124.6600,38.0800,0.000000
FILLER_10_251,VGND,li1,121.2100,38.0800,0.000000
FILLER_10_245,VGND,li1,119.6000,38.0800,0.000000
FILLER_10_233,VGND,li1,115.4600,38.0800,0.000000
FILLER_10_221,VGND,li1,109.9400,38.0800,0.000000
FILLER_10_209,VGND,li1,104.4200,38.0800,0.000000
FILLER_10_197,VGND,li1,98.9000,38.0800,0.000000
FILLER_10_195,VGND,li1,95.4500,38.0800,0.000000
FILLER_10_189,VGND,li1,93.8400,38.0800,0.000000
FILLER_10_177,VGND,li1,89.7000,38.0800,0.000000
FILLER_10_165,VGND,li1,84.1800,38.0800,0.000000
FILLER_10_153,VGND,li1,78.6600,38.0800,0.000000
FILLER_10_141,VGND,li1,73.1400,38.0800,0.000000
FILLER_10_139,VGND,li1,69.6900,38.0800,0.000000
FILLER_10_133,VGND,li1,68.0800,38.0800,0.000000
FILLER_10_121,VGND,li1,63.9400,38.0800,0.000000
FILLER_10_109,VGND,li1,58.4200,38.0800,0.000000
FILLER_10_97,VGND,li1,52.9000,38.0800,0.000000
FILLER_10_85,VGND,li1,47.3800,38.0800,0.000000
FILLER_10_83,VGND,li1,43.9300,38.0800,0.000000
FILLER_10_77,VGND,li1,42.3200,38.0800,0.000000
FILLER_10_65,VGND,li1,38.1800,38.0800,0.000000
FILLER_10_53,VGND,li1,32.6600,38.0800,0.000000
FILLER_10_41,VGND,li1,27.1400,38.0800,0.000000
FILLER_10_29,VGND,li1,21.6200,38.0800,0.000000
FILLER_10_27,VGND,li1,18.1700,38.0800,0.000000
FILLER_10_15,VGND,li1,15.1800,38.0800,0.000000
FILLER_10_3,VGND,li1,9.6600,38.0800,0.000000
FILLER_9_665,VGND,li1,312.1100,38.0800,0.000000
FILLER_9_653,VGND,li1,308.6600,38.0800,0.000000
FILLER_9_641,VGND,li1,303.1400,38.0800,0.000000
FILLER_9_629,VGND,li1,297.6200,38.0800,0.000000
FILLER_9_617,VGND,li1,292.1000,38.0800,0.000000
FILLER_9_615,VGND,li1,288.6500,38.0800,0.000000
FILLER_9_609,VGND,li1,287.0400,38.0800,0.000000
FILLER_9_597,VGND,li1,282.9000,38.0800,0.000000
FILLER_9_585,VGND,li1,277.3800,38.0800,0.000000
FILLER_9_573,VGND,li1,271.8600,38.0800,0.000000
FILLER_9_561,VGND,li1,266.3400,38.0800,0.000000
FILLER_9_559,VGND,li1,262.8900,38.0800,0.000000
FILLER_9_553,VGND,li1,261.2800,38.0800,0.000000
FILLER_9_541,VGND,li1,257.1400,38.0800,0.000000
FILLER_9_529,VGND,li1,251.6200,38.0800,0.000000
FILLER_9_517,VGND,li1,246.1000,38.0800,0.000000
FILLER_9_505,VGND,li1,240.5800,38.0800,0.000000
FILLER_9_503,VGND,li1,237.1300,38.0800,0.000000
FILLER_9_497,VGND,li1,235.5200,38.0800,0.000000
FILLER_9_485,VGND,li1,231.3800,38.0800,0.000000
FILLER_9_473,VGND,li1,225.8600,38.0800,0.000000
FILLER_9_461,VGND,li1,220.3400,38.0800,0.000000
FILLER_9_449,VGND,li1,214.8200,38.0800,0.000000
FILLER_9_447,VGND,li1,211.3700,38.0800,0.000000
FILLER_9_441,VGND,li1,209.7600,38.0800,0.000000
FILLER_9_429,VGND,li1,205.6200,38.0800,0.000000
FILLER_9_417,VGND,li1,200.1000,38.0800,0.000000
FILLER_9_405,VGND,li1,194.5800,38.0800,0.000000
FILLER_9_393,VGND,li1,189.0600,38.0800,0.000000
FILLER_9_391,VGND,li1,185.6100,38.0800,0.000000
FILLER_9_385,VGND,li1,184.0000,38.0800,0.000000
FILLER_9_373,VGND,li1,179.8600,38.0800,0.000000
FILLER_9_361,VGND,li1,174.3400,38.0800,0.000000
FILLER_9_349,VGND,li1,168.8200,38.0800,0.000000
FILLER_9_337,VGND,li1,163.3000,38.0800,0.000000
FILLER_9_335,VGND,li1,159.8500,38.0800,0.000000
FILLER_9_329,VGND,li1,158.2400,38.0800,0.000000
FILLER_9_317,VGND,li1,154.1000,38.0800,0.000000
FILLER_9_305,VGND,li1,148.5800,38.0800,0.000000
FILLER_9_293,VGND,li1,143.0600,38.0800,0.000000
FILLER_9_281,VGND,li1,137.5400,38.0800,0.000000
FILLER_9_279,VGND,li1,134.0900,38.0800,0.000000
FILLER_9_273,VGND,li1,132.4800,38.0800,0.000000
FILLER_9_261,VGND,li1,128.3400,38.0800,0.000000
FILLER_9_249,VGND,li1,122.8200,38.0800,0.000000
FILLER_9_237,VGND,li1,117.3000,38.0800,0.000000
FILLER_9_225,VGND,li1,111.7800,38.0800,0.000000
FILLER_9_223,VGND,li1,108.3300,38.0800,0.000000
FILLER_9_217,VGND,li1,106.7200,38.0800,0.000000
FILLER_9_205,VGND,li1,102.5800,38.0800,0.000000
FILLER_9_193,VGND,li1,97.0600,38.0800,0.000000
FILLER_9_181,VGND,li1,91.5400,38.0800,0.000000
FILLER_9_169,VGND,li1,86.0200,38.0800,0.000000
FILLER_9_167,VGND,li1,82.5700,38.0800,0.000000
FILLER_9_161,VGND,li1,80.9600,38.0800,0.000000
FILLER_9_149,VGND,li1,76.8200,38.0800,0.000000
FILLER_9_137,VGND,li1,71.3000,38.0800,0.000000
FILLER_9_125,VGND,li1,65.7800,38.0800,0.000000
FILLER_9_113,VGND,li1,60.2600,38.0800,0.000000
FILLER_9_111,VGND,li1,56.8100,38.0800,0.000000
FILLER_9_105,VGND,li1,55.2000,38.0800,0.000000
FILLER_9_93,VGND,li1,51.0600,38.0800,0.000000
FILLER_9_81,VGND,li1,45.5400,38.0800,0.000000
FILLER_9_69,VGND,li1,40.0200,38.0800,0.000000
FILLER_9_57,VGND,li1,34.5000,38.0800,0.000000
FILLER_9_55,VGND,li1,31.0500,38.0800,0.000000
FILLER_9_51,VGND,li1,29.9000,38.0800,0.000000
FILLER_9_39,VGND,li1,26.2200,38.0800,0.000000
FILLER_9_27,VGND,li1,20.7000,38.0800,0.000000
FILLER_9_15,VGND,li1,15.1800,38.0800,0.000000
FILLER_9_3,VGND,li1,9.6600,38.0800,0.000000
FILLER_8_665,VGND,li1,312.1100,32.6400,0.000000
FILLER_8_657,VGND,li1,309.5800,32.6400,0.000000
FILLER_8_645,VGND,li1,304.9800,32.6400,0.000000
FILLER_8_643,VGND,li1,301.5300,32.6400,0.000000
FILLER_8_637,VGND,li1,299.9200,32.6400,0.000000
FILLER_8_625,VGND,li1,295.7800,32.6400,0.000000
FILLER_8_613,VGND,li1,290.2600,32.6400,0.000000
FILLER_8_601,VGND,li1,284.7400,32.6400,0.000000
FILLER_8_589,VGND,li1,279.2200,32.6400,0.000000
FILLER_8_587,VGND,li1,275.7700,32.6400,0.000000
FILLER_8_581,VGND,li1,274.1600,32.6400,0.000000
FILLER_8_569,VGND,li1,270.0200,32.6400,0.000000
FILLER_8_557,VGND,li1,264.5000,32.6400,0.000000
FILLER_8_545,VGND,li1,258.9800,32.6400,0.000000
FILLER_8_533,VGND,li1,253.4600,32.6400,0.000000
FILLER_8_531,VGND,li1,250.0100,32.6400,0.000000
FILLER_8_525,VGND,li1,248.4000,32.6400,0.000000
FILLER_8_513,VGND,li1,244.2600,32.6400,0.000000
FILLER_8_501,VGND,li1,238.7400,32.6400,0.000000
FILLER_8_489,VGND,li1,233.2200,32.6400,0.000000
FILLER_8_477,VGND,li1,227.7000,32.6400,0.000000
FILLER_8_475,VGND,li1,224.2500,32.6400,0.000000
FILLER_8_469,VGND,li1,222.6400,32.6400,0.000000
FILLER_8_457,VGND,li1,218.5000,32.6400,0.000000
FILLER_8_445,VGND,li1,212.9800,32.6400,0.000000
FILLER_8_433,VGND,li1,207.4600,32.6400,0.000000
FILLER_8_421,VGND,li1,201.9400,32.6400,0.000000
FILLER_8_419,VGND,li1,198.4900,32.6400,0.000000
FILLER_8_413,VGND,li1,196.8800,32.6400,0.000000
FILLER_8_401,VGND,li1,192.7400,32.6400,0.000000
FILLER_8_389,VGND,li1,187.2200,32.6400,0.000000
FILLER_8_377,VGND,li1,181.7000,32.6400,0.000000
FILLER_8_365,VGND,li1,176.1800,32.6400,0.000000
FILLER_8_363,VGND,li1,172.7300,32.6400,0.000000
FILLER_8_357,VGND,li1,171.1200,32.6400,0.000000
FILLER_8_345,VGND,li1,166.9800,32.6400,0.000000
FILLER_8_333,VGND,li1,161.4600,32.6400,0.000000
FILLER_8_321,VGND,li1,155.9400,32.6400,0.000000
FILLER_8_309,VGND,li1,150.4200,32.6400,0.000000
FILLER_8_307,VGND,li1,146.9700,32.6400,0.000000
FILLER_8_301,VGND,li1,145.3600,32.6400,0.000000
FILLER_8_289,VGND,li1,141.2200,32.6400,0.000000
FILLER_8_277,VGND,li1,135.7000,32.6400,0.000000
FILLER_8_265,VGND,li1,130.1800,32.6400,0.000000
FILLER_8_253,VGND,li1,124.6600,32.6400,0.000000
FILLER_8_251,VGND,li1,121.2100,32.6400,0.000000
FILLER_8_245,VGND,li1,119.6000,32.6400,0.000000
FILLER_8_233,VGND,li1,115.4600,32.6400,0.000000
FILLER_8_221,VGND,li1,109.9400,32.6400,0.000000
FILLER_8_209,VGND,li1,104.4200,32.6400,0.000000
FILLER_8_197,VGND,li1,98.9000,32.6400,0.000000
FILLER_8_195,VGND,li1,95.4500,32.6400,0.000000
FILLER_8_189,VGND,li1,93.8400,32.6400,0.000000
FILLER_8_177,VGND,li1,89.7000,32.6400,0.000000
FILLER_8_165,VGND,li1,84.1800,32.6400,0.000000
FILLER_8_153,VGND,li1,78.6600,32.6400,0.000000
FILLER_8_141,VGND,li1,73.1400,32.6400,0.000000
FILLER_8_139,VGND,li1,69.6900,32.6400,0.000000
FILLER_8_133,VGND,li1,68.0800,32.6400,0.000000
FILLER_8_121,VGND,li1,63.9400,32.6400,0.000000
FILLER_8_109,VGND,li1,58.4200,32.6400,0.000000
FILLER_8_97,VGND,li1,52.9000,32.6400,0.000000
FILLER_8_85,VGND,li1,47.3800,32.6400,0.000000
FILLER_8_83,VGND,li1,43.9300,32.6400,0.000000
FILLER_8_77,VGND,li1,42.3200,32.6400,0.000000
FILLER_8_65,VGND,li1,38.1800,32.6400,0.000000
FILLER_8_53,VGND,li1,32.6600,32.6400,0.000000
FILLER_8_41,VGND,li1,27.1400,32.6400,0.000000
FILLER_8_29,VGND,li1,21.6200,32.6400,0.000000
FILLER_8_27,VGND,li1,18.1700,32.6400,0.000000
FILLER_8_15,VGND,li1,15.1800,32.6400,0.000000
FILLER_8_3,VGND,li1,9.6600,32.6400,0.000000
FILLER_7_665,VGND,li1,312.1100,32.6400,0.000000
FILLER_7_653,VGND,li1,308.6600,32.6400,0.000000
FILLER_7_641,VGND,li1,303.1400,32.6400,0.000000
FILLER_7_629,VGND,li1,297.6200,32.6400,0.000000
FILLER_7_617,VGND,li1,292.1000,32.6400,0.000000
FILLER_7_615,VGND,li1,288.6500,32.6400,0.000000
FILLER_7_609,VGND,li1,287.0400,32.6400,0.000000
FILLER_7_597,VGND,li1,282.9000,32.6400,0.000000
FILLER_7_585,VGND,li1,277.3800,32.6400,0.000000
FILLER_7_573,VGND,li1,271.8600,32.6400,0.000000
FILLER_7_561,VGND,li1,266.3400,32.6400,0.000000
FILLER_7_559,VGND,li1,262.8900,32.6400,0.000000
FILLER_7_553,VGND,li1,261.2800,32.6400,0.000000
FILLER_7_541,VGND,li1,257.1400,32.6400,0.000000
FILLER_7_529,VGND,li1,251.6200,32.6400,0.000000
FILLER_7_517,VGND,li1,246.1000,32.6400,0.000000
FILLER_7_505,VGND,li1,240.5800,32.6400,0.000000
FILLER_7_503,VGND,li1,237.1300,32.6400,0.000000
FILLER_7_497,VGND,li1,235.5200,32.6400,0.000000
FILLER_7_485,VGND,li1,231.3800,32.6400,0.000000
FILLER_7_473,VGND,li1,225.8600,32.6400,0.000000
FILLER_7_461,VGND,li1,220.3400,32.6400,0.000000
FILLER_7_449,VGND,li1,214.8200,32.6400,0.000000
FILLER_7_447,VGND,li1,211.3700,32.6400,0.000000
FILLER_7_441,VGND,li1,209.7600,32.6400,0.000000
FILLER_7_429,VGND,li1,205.6200,32.6400,0.000000
FILLER_7_417,VGND,li1,200.1000,32.6400,0.000000
FILLER_7_405,VGND,li1,194.5800,32.6400,0.000000
FILLER_7_393,VGND,li1,189.0600,32.6400,0.000000
FILLER_7_391,VGND,li1,185.6100,32.6400,0.000000
FILLER_7_385,VGND,li1,184.0000,32.6400,0.000000
FILLER_7_373,VGND,li1,179.8600,32.6400,0.000000
FILLER_7_361,VGND,li1,174.3400,32.6400,0.000000
FILLER_7_349,VGND,li1,168.8200,32.6400,0.000000
FILLER_7_337,VGND,li1,163.3000,32.6400,0.000000
FILLER_7_335,VGND,li1,159.8500,32.6400,0.000000
FILLER_7_329,VGND,li1,158.2400,32.6400,0.000000
FILLER_7_317,VGND,li1,154.1000,32.6400,0.000000
FILLER_7_305,VGND,li1,148.5800,32.6400,0.000000
FILLER_7_293,VGND,li1,143.0600,32.6400,0.000000
FILLER_7_281,VGND,li1,137.5400,32.6400,0.000000
FILLER_7_279,VGND,li1,134.0900,32.6400,0.000000
FILLER_7_273,VGND,li1,132.4800,32.6400,0.000000
FILLER_7_261,VGND,li1,128.3400,32.6400,0.000000
FILLER_7_249,VGND,li1,122.8200,32.6400,0.000000
FILLER_7_237,VGND,li1,117.3000,32.6400,0.000000
FILLER_7_225,VGND,li1,111.7800,32.6400,0.000000
FILLER_7_223,VGND,li1,108.3300,32.6400,0.000000
FILLER_7_217,VGND,li1,106.7200,32.6400,0.000000
FILLER_7_205,VGND,li1,102.5800,32.6400,0.000000
FILLER_7_193,VGND,li1,97.0600,32.6400,0.000000
FILLER_7_181,VGND,li1,91.5400,32.6400,0.000000
FILLER_7_169,VGND,li1,86.0200,32.6400,0.000000
FILLER_7_167,VGND,li1,82.5700,32.6400,0.000000
FILLER_7_161,VGND,li1,80.9600,32.6400,0.000000
FILLER_7_149,VGND,li1,76.8200,32.6400,0.000000
FILLER_7_137,VGND,li1,71.3000,32.6400,0.000000
FILLER_7_125,VGND,li1,65.7800,32.6400,0.000000
FILLER_7_113,VGND,li1,60.2600,32.6400,0.000000
FILLER_7_111,VGND,li1,56.8100,32.6400,0.000000
FILLER_7_105,VGND,li1,55.2000,32.6400,0.000000
FILLER_7_93,VGND,li1,51.0600,32.6400,0.000000
FILLER_7_81,VGND,li1,45.5400,32.6400,0.000000
FILLER_7_69,VGND,li1,40.0200,32.6400,0.000000
FILLER_7_57,VGND,li1,34.5000,32.6400,0.000000
FILLER_7_55,VGND,li1,31.0500,32.6400,0.000000
FILLER_7_51,VGND,li1,29.9000,32.6400,0.000000
FILLER_7_39,VGND,li1,26.2200,32.6400,0.000000
FILLER_7_27,VGND,li1,20.7000,32.6400,0.000000
FILLER_7_15,VGND,li1,15.1800,32.6400,0.000000
FILLER_7_3,VGND,li1,9.6600,32.6400,0.000000
FILLER_6_665,VGND,li1,312.1100,27.2000,0.000000
FILLER_6_657,VGND,li1,309.5800,27.2000,0.000000
FILLER_6_645,VGND,li1,304.9800,27.2000,0.000000
FILLER_6_643,VGND,li1,301.5300,27.2000,0.000000
FILLER_6_637,VGND,li1,299.9200,27.2000,0.000000
FILLER_6_625,VGND,li1,295.7800,27.2000,0.000000
FILLER_6_613,VGND,li1,290.2600,27.2000,0.000000
FILLER_6_601,VGND,li1,284.7400,27.2000,0.000000
FILLER_6_589,VGND,li1,279.2200,27.2000,0.000000
FILLER_6_587,VGND,li1,275.7700,27.2000,0.000000
FILLER_6_581,VGND,li1,274.1600,27.2000,0.000000
FILLER_6_569,VGND,li1,270.0200,27.2000,0.000000
FILLER_6_557,VGND,li1,264.5000,27.2000,0.000000
FILLER_6_545,VGND,li1,258.9800,27.2000,0.000000
FILLER_6_533,VGND,li1,253.4600,27.2000,0.000000
FILLER_6_531,VGND,li1,250.0100,27.2000,0.000000
FILLER_6_525,VGND,li1,248.4000,27.2000,0.000000
FILLER_6_513,VGND,li1,244.2600,27.2000,0.000000
FILLER_6_501,VGND,li1,238.7400,27.2000,0.000000
FILLER_6_489,VGND,li1,233.2200,27.2000,0.000000
FILLER_6_477,VGND,li1,227.7000,27.2000,0.000000
FILLER_6_475,VGND,li1,224.2500,27.2000,0.000000
FILLER_6_469,VGND,li1,222.6400,27.2000,0.000000
FILLER_6_457,VGND,li1,218.5000,27.2000,0.000000
FILLER_6_445,VGND,li1,212.9800,27.2000,0.000000
FILLER_6_433,VGND,li1,207.4600,27.2000,0.000000
FILLER_6_421,VGND,li1,201.9400,27.2000,0.000000
FILLER_6_419,VGND,li1,198.4900,27.2000,0.000000
FILLER_6_413,VGND,li1,196.8800,27.2000,0.000000
FILLER_6_401,VGND,li1,192.7400,27.2000,0.000000
FILLER_6_389,VGND,li1,187.2200,27.2000,0.000000
FILLER_6_377,VGND,li1,181.7000,27.2000,0.000000
FILLER_6_365,VGND,li1,176.1800,27.2000,0.000000
FILLER_6_363,VGND,li1,172.7300,27.2000,0.000000
FILLER_6_357,VGND,li1,171.1200,27.2000,0.000000
FILLER_6_345,VGND,li1,166.9800,27.2000,0.000000
FILLER_6_333,VGND,li1,161.4600,27.2000,0.000000
FILLER_6_321,VGND,li1,155.9400,27.2000,0.000000
FILLER_6_309,VGND,li1,150.4200,27.2000,0.000000
FILLER_6_307,VGND,li1,146.9700,27.2000,0.000000
FILLER_6_301,VGND,li1,145.3600,27.2000,0.000000
FILLER_6_289,VGND,li1,141.2200,27.2000,0.000000
FILLER_6_277,VGND,li1,135.7000,27.2000,0.000000
FILLER_6_265,VGND,li1,130.1800,27.2000,0.000000
FILLER_6_253,VGND,li1,124.6600,27.2000,0.000000
FILLER_6_251,VGND,li1,121.2100,27.2000,0.000000
FILLER_6_245,VGND,li1,119.6000,27.2000,0.000000
FILLER_6_233,VGND,li1,115.4600,27.2000,0.000000
FILLER_6_221,VGND,li1,109.9400,27.2000,0.000000
FILLER_6_209,VGND,li1,104.4200,27.2000,0.000000
FILLER_6_197,VGND,li1,98.9000,27.2000,0.000000
FILLER_6_195,VGND,li1,95.4500,27.2000,0.000000
FILLER_6_189,VGND,li1,93.8400,27.2000,0.000000
FILLER_6_177,VGND,li1,89.7000,27.2000,0.000000
FILLER_6_165,VGND,li1,84.1800,27.2000,0.000000
FILLER_6_153,VGND,li1,78.6600,27.2000,0.000000
FILLER_6_141,VGND,li1,73.1400,27.2000,0.000000
FILLER_6_139,VGND,li1,69.6900,27.2000,0.000000
FILLER_6_133,VGND,li1,68.0800,27.2000,0.000000
FILLER_6_121,VGND,li1,63.9400,27.2000,0.000000
FILLER_6_109,VGND,li1,58.4200,27.2000,0.000000
FILLER_6_97,VGND,li1,52.9000,27.2000,0.000000
FILLER_6_85,VGND,li1,47.3800,27.2000,0.000000
FILLER_6_83,VGND,li1,43.9300,27.2000,0.000000
FILLER_6_77,VGND,li1,42.3200,27.2000,0.000000
FILLER_6_65,VGND,li1,38.1800,27.2000,0.000000
FILLER_6_53,VGND,li1,32.6600,27.2000,0.000000
FILLER_6_41,VGND,li1,27.1400,27.2000,0.000000
FILLER_6_29,VGND,li1,21.6200,27.2000,0.000000
FILLER_6_27,VGND,li1,18.1700,27.2000,0.000000
FILLER_6_15,VGND,li1,15.1800,27.2000,0.000000
FILLER_6_3,VGND,li1,9.6600,27.2000,0.000000
FILLER_5_665,VGND,li1,312.1100,27.2000,0.000000
FILLER_5_653,VGND,li1,308.6600,27.2000,0.000000
FILLER_5_641,VGND,li1,303.1400,27.2000,0.000000
FILLER_5_629,VGND,li1,297.6200,27.2000,0.000000
FILLER_5_617,VGND,li1,292.1000,27.2000,0.000000
FILLER_5_615,VGND,li1,288.6500,27.2000,0.000000
FILLER_5_609,VGND,li1,287.0400,27.2000,0.000000
FILLER_5_597,VGND,li1,282.9000,27.2000,0.000000
FILLER_5_585,VGND,li1,277.3800,27.2000,0.000000
FILLER_5_573,VGND,li1,271.8600,27.2000,0.000000
FILLER_5_561,VGND,li1,266.3400,27.2000,0.000000
FILLER_5_559,VGND,li1,262.8900,27.2000,0.000000
FILLER_5_553,VGND,li1,261.2800,27.2000,0.000000
FILLER_5_541,VGND,li1,257.1400,27.2000,0.000000
FILLER_5_529,VGND,li1,251.6200,27.2000,0.000000
FILLER_5_517,VGND,li1,246.1000,27.2000,0.000000
FILLER_5_505,VGND,li1,240.5800,27.2000,0.000000
FILLER_5_503,VGND,li1,237.1300,27.2000,0.000000
FILLER_5_497,VGND,li1,235.5200,27.2000,0.000000
FILLER_5_485,VGND,li1,231.3800,27.2000,0.000000
FILLER_5_473,VGND,li1,225.8600,27.2000,0.000000
FILLER_5_461,VGND,li1,220.3400,27.2000,0.000000
FILLER_5_449,VGND,li1,214.8200,27.2000,0.000000
FILLER_5_447,VGND,li1,211.3700,27.2000,0.000000
FILLER_5_441,VGND,li1,209.7600,27.2000,0.000000
FILLER_5_429,VGND,li1,205.6200,27.2000,0.000000
FILLER_5_417,VGND,li1,200.1000,27.2000,0.000000
FILLER_5_405,VGND,li1,194.5800,27.2000,0.000000
FILLER_5_393,VGND,li1,189.0600,27.2000,0.000000
FILLER_5_391,VGND,li1,185.6100,27.2000,0.000000
FILLER_5_385,VGND,li1,184.0000,27.2000,0.000000
FILLER_5_373,VGND,li1,179.8600,27.2000,0.000000
FILLER_5_361,VGND,li1,174.3400,27.2000,0.000000
FILLER_5_349,VGND,li1,168.8200,27.2000,0.000000
FILLER_5_337,VGND,li1,163.3000,27.2000,0.000000
FILLER_5_335,VGND,li1,159.8500,27.2000,0.000000
FILLER_5_329,VGND,li1,158.2400,27.2000,0.000000
FILLER_5_317,VGND,li1,154.1000,27.2000,0.000000
FILLER_5_305,VGND,li1,148.5800,27.2000,0.000000
FILLER_5_293,VGND,li1,143.0600,27.2000,0.000000
FILLER_5_281,VGND,li1,137.5400,27.2000,0.000000
FILLER_5_279,VGND,li1,134.0900,27.2000,0.000000
FILLER_5_273,VGND,li1,132.4800,27.2000,0.000000
FILLER_5_261,VGND,li1,128.3400,27.2000,0.000000
FILLER_5_249,VGND,li1,122.8200,27.2000,0.000000
FILLER_5_237,VGND,li1,117.3000,27.2000,0.000000
FILLER_5_225,VGND,li1,111.7800,27.2000,0.000000
FILLER_5_223,VGND,li1,108.3300,27.2000,0.000000
FILLER_5_217,VGND,li1,106.7200,27.2000,0.000000
FILLER_5_205,VGND,li1,102.5800,27.2000,0.000000
FILLER_5_193,VGND,li1,97.0600,27.2000,0.000000
FILLER_5_181,VGND,li1,91.5400,27.2000,0.000000
FILLER_5_169,VGND,li1,86.0200,27.2000,0.000000
FILLER_5_167,VGND,li1,82.5700,27.2000,0.000000
FILLER_5_161,VGND,li1,80.9600,27.2000,0.000000
FILLER_5_149,VGND,li1,76.8200,27.2000,0.000000
FILLER_5_137,VGND,li1,71.3000,27.2000,0.000000
FILLER_5_125,VGND,li1,65.7800,27.2000,0.000000
FILLER_5_113,VGND,li1,60.2600,27.2000,0.000000
FILLER_5_111,VGND,li1,56.8100,27.2000,0.000000
FILLER_5_105,VGND,li1,55.2000,27.2000,0.000000
FILLER_5_93,VGND,li1,51.0600,27.2000,0.000000
FILLER_5_81,VGND,li1,45.5400,27.2000,0.000000
FILLER_5_69,VGND,li1,40.0200,27.2000,0.000000
FILLER_5_57,VGND,li1,34.5000,27.2000,0.000000
FILLER_5_55,VGND,li1,31.0500,27.2000,0.000000
FILLER_5_51,VGND,li1,29.9000,27.2000,0.000000
FILLER_5_39,VGND,li1,26.2200,27.2000,0.000000
FILLER_5_27,VGND,li1,20.7000,27.2000,0.000000
FILLER_5_15,VGND,li1,15.1800,27.2000,0.000000
FILLER_5_3,VGND,li1,9.6600,27.2000,0.000000
FILLER_4_665,VGND,li1,312.1100,21.7600,0.000000
FILLER_4_657,VGND,li1,309.5800,21.7600,0.000000
FILLER_4_645,VGND,li1,304.9800,21.7600,0.000000
FILLER_4_643,VGND,li1,301.5300,21.7600,0.000000
FILLER_4_637,VGND,li1,299.9200,21.7600,0.000000
FILLER_4_625,VGND,li1,295.7800,21.7600,0.000000
FILLER_4_613,VGND,li1,290.2600,21.7600,0.000000
FILLER_4_601,VGND,li1,284.7400,21.7600,0.000000
FILLER_4_589,VGND,li1,279.2200,21.7600,0.000000
FILLER_4_587,VGND,li1,275.7700,21.7600,0.000000
FILLER_4_581,VGND,li1,274.1600,21.7600,0.000000
FILLER_4_569,VGND,li1,270.0200,21.7600,0.000000
FILLER_4_557,VGND,li1,264.5000,21.7600,0.000000
FILLER_4_545,VGND,li1,258.9800,21.7600,0.000000
FILLER_4_533,VGND,li1,253.4600,21.7600,0.000000
FILLER_4_531,VGND,li1,250.0100,21.7600,0.000000
FILLER_4_525,VGND,li1,248.4000,21.7600,0.000000
FILLER_4_513,VGND,li1,244.2600,21.7600,0.000000
FILLER_4_501,VGND,li1,238.7400,21.7600,0.000000
FILLER_4_489,VGND,li1,233.2200,21.7600,0.000000
FILLER_4_477,VGND,li1,227.7000,21.7600,0.000000
FILLER_4_475,VGND,li1,224.2500,21.7600,0.000000
FILLER_4_469,VGND,li1,222.6400,21.7600,0.000000
FILLER_4_457,VGND,li1,218.5000,21.7600,0.000000
FILLER_4_445,VGND,li1,212.9800,21.7600,0.000000
FILLER_4_433,VGND,li1,207.4600,21.7600,0.000000
FILLER_4_421,VGND,li1,201.9400,21.7600,0.000000
FILLER_4_419,VGND,li1,198.4900,21.7600,0.000000
FILLER_4_413,VGND,li1,196.8800,21.7600,0.000000
FILLER_4_401,VGND,li1,192.7400,21.7600,0.000000
FILLER_4_389,VGND,li1,187.2200,21.7600,0.000000
FILLER_4_377,VGND,li1,181.7000,21.7600,0.000000
FILLER_4_365,VGND,li1,176.1800,21.7600,0.000000
FILLER_4_363,VGND,li1,172.7300,21.7600,0.000000
FILLER_4_357,VGND,li1,171.1200,21.7600,0.000000
FILLER_4_345,VGND,li1,166.9800,21.7600,0.000000
FILLER_4_333,VGND,li1,161.4600,21.7600,0.000000
FILLER_4_321,VGND,li1,155.9400,21.7600,0.000000
FILLER_4_309,VGND,li1,150.4200,21.7600,0.000000
FILLER_4_307,VGND,li1,146.9700,21.7600,0.000000
FILLER_4_301,VGND,li1,145.3600,21.7600,0.000000
FILLER_4_289,VGND,li1,141.2200,21.7600,0.000000
FILLER_4_277,VGND,li1,135.7000,21.7600,0.000000
FILLER_4_265,VGND,li1,130.1800,21.7600,0.000000
FILLER_4_253,VGND,li1,124.6600,21.7600,0.000000
FILLER_4_251,VGND,li1,121.2100,21.7600,0.000000
FILLER_4_245,VGND,li1,119.6000,21.7600,0.000000
FILLER_4_233,VGND,li1,115.4600,21.7600,0.000000
FILLER_4_221,VGND,li1,109.9400,21.7600,0.000000
FILLER_4_209,VGND,li1,104.4200,21.7600,0.000000
FILLER_4_197,VGND,li1,98.9000,21.7600,0.000000
FILLER_4_195,VGND,li1,95.4500,21.7600,0.000000
FILLER_4_189,VGND,li1,93.8400,21.7600,0.000000
FILLER_4_177,VGND,li1,89.7000,21.7600,0.000000
FILLER_4_165,VGND,li1,84.1800,21.7600,0.000000
FILLER_4_153,VGND,li1,78.6600,21.7600,0.000000
FILLER_4_141,VGND,li1,73.1400,21.7600,0.000000
FILLER_4_139,VGND,li1,69.6900,21.7600,0.000000
FILLER_4_133,VGND,li1,68.0800,21.7600,0.000000
FILLER_4_121,VGND,li1,63.9400,21.7600,0.000000
FILLER_4_109,VGND,li1,58.4200,21.7600,0.000000
FILLER_4_97,VGND,li1,52.9000,21.7600,0.000000
FILLER_4_85,VGND,li1,47.3800,21.7600,0.000000
FILLER_4_83,VGND,li1,43.9300,21.7600,0.000000
FILLER_4_77,VGND,li1,42.3200,21.7600,0.000000
FILLER_4_65,VGND,li1,38.1800,21.7600,0.000000
FILLER_4_53,VGND,li1,32.6600,21.7600,0.000000
FILLER_4_41,VGND,li1,27.1400,21.7600,0.000000
FILLER_4_29,VGND,li1,21.6200,21.7600,0.000000
FILLER_4_27,VGND,li1,18.1700,21.7600,0.000000
FILLER_4_15,VGND,li1,15.1800,21.7600,0.000000
FILLER_4_3,VGND,li1,9.6600,21.7600,0.000000
FILLER_3_665,VGND,li1,312.1100,21.7600,0.000000
FILLER_3_653,VGND,li1,308.6600,21.7600,0.000000
FILLER_3_641,VGND,li1,303.1400,21.7600,0.000000
FILLER_3_629,VGND,li1,297.6200,21.7600,0.000000
FILLER_3_617,VGND,li1,292.1000,21.7600,0.000000
FILLER_3_615,VGND,li1,288.6500,21.7600,0.000000
FILLER_3_609,VGND,li1,287.0400,21.7600,0.000000
FILLER_3_597,VGND,li1,282.9000,21.7600,0.000000
FILLER_3_585,VGND,li1,277.3800,21.7600,0.000000
FILLER_3_573,VGND,li1,271.8600,21.7600,0.000000
FILLER_3_561,VGND,li1,266.3400,21.7600,0.000000
FILLER_3_559,VGND,li1,262.8900,21.7600,0.000000
FILLER_3_553,VGND,li1,261.2800,21.7600,0.000000
FILLER_3_541,VGND,li1,257.1400,21.7600,0.000000
FILLER_3_529,VGND,li1,251.6200,21.7600,0.000000
FILLER_3_517,VGND,li1,246.1000,21.7600,0.000000
FILLER_3_505,VGND,li1,240.5800,21.7600,0.000000
FILLER_3_503,VGND,li1,237.1300,21.7600,0.000000
FILLER_3_497,VGND,li1,235.5200,21.7600,0.000000
FILLER_3_485,VGND,li1,231.3800,21.7600,0.000000
FILLER_3_473,VGND,li1,225.8600,21.7600,0.000000
FILLER_3_461,VGND,li1,220.3400,21.7600,0.000000
FILLER_3_449,VGND,li1,214.8200,21.7600,0.000000
FILLER_3_447,VGND,li1,211.3700,21.7600,0.000000
FILLER_3_441,VGND,li1,209.7600,21.7600,0.000000
FILLER_3_429,VGND,li1,205.6200,21.7600,0.000000
FILLER_3_417,VGND,li1,200.1000,21.7600,0.000000
FILLER_3_405,VGND,li1,194.5800,21.7600,0.000000
FILLER_3_393,VGND,li1,189.0600,21.7600,0.000000
FILLER_3_391,VGND,li1,185.6100,21.7600,0.000000
FILLER_3_385,VGND,li1,184.0000,21.7600,0.000000
FILLER_3_373,VGND,li1,179.8600,21.7600,0.000000
FILLER_3_361,VGND,li1,174.3400,21.7600,0.000000
FILLER_3_349,VGND,li1,168.8200,21.7600,0.000000
FILLER_3_337,VGND,li1,163.3000,21.7600,0.000000
FILLER_3_335,VGND,li1,159.8500,21.7600,0.000000
FILLER_3_329,VGND,li1,158.2400,21.7600,0.000000
FILLER_3_317,VGND,li1,154.1000,21.7600,0.000000
FILLER_3_305,VGND,li1,148.5800,21.7600,0.000000
FILLER_3_293,VGND,li1,143.0600,21.7600,0.000000
FILLER_3_281,VGND,li1,137.5400,21.7600,0.000000
FILLER_3_279,VGND,li1,134.0900,21.7600,0.000000
FILLER_3_273,VGND,li1,132.4800,21.7600,0.000000
FILLER_3_261,VGND,li1,128.3400,21.7600,0.000000
FILLER_3_249,VGND,li1,122.8200,21.7600,0.000000
FILLER_3_237,VGND,li1,117.3000,21.7600,0.000000
FILLER_3_225,VGND,li1,111.7800,21.7600,0.000000
FILLER_3_223,VGND,li1,108.3300,21.7600,0.000000
FILLER_3_217,VGND,li1,106.7200,21.7600,0.000000
FILLER_3_205,VGND,li1,102.5800,21.7600,0.000000
FILLER_3_193,VGND,li1,97.0600,21.7600,0.000000
FILLER_3_181,VGND,li1,91.5400,21.7600,0.000000
FILLER_3_169,VGND,li1,86.0200,21.7600,0.000000
FILLER_3_167,VGND,li1,82.5700,21.7600,0.000000
FILLER_3_161,VGND,li1,80.9600,21.7600,0.000000
FILLER_3_149,VGND,li1,76.8200,21.7600,0.000000
FILLER_3_137,VGND,li1,71.3000,21.7600,0.000000
FILLER_3_125,VGND,li1,65.7800,21.7600,0.000000
FILLER_3_113,VGND,li1,60.2600,21.7600,0.000000
FILLER_3_111,VGND,li1,56.8100,21.7600,0.000000
FILLER_3_105,VGND,li1,55.2000,21.7600,0.000000
FILLER_3_93,VGND,li1,51.0600,21.7600,0.000000
FILLER_3_81,VGND,li1,45.5400,21.7600,0.000000
FILLER_3_69,VGND,li1,40.0200,21.7600,0.000000
FILLER_3_57,VGND,li1,34.5000,21.7600,0.000000
FILLER_3_55,VGND,li1,31.0500,21.7600,0.000000
FILLER_3_51,VGND,li1,29.9000,21.7600,0.000000
FILLER_3_39,VGND,li1,26.2200,21.7600,0.000000
FILLER_3_27,VGND,li1,20.7000,21.7600,0.000000
FILLER_3_15,VGND,li1,15.1800,21.7600,0.000000
FILLER_3_3,VGND,li1,9.6600,21.7600,0.000000
FILLER_2_665,VGND,li1,312.1100,16.3200,0.000000
FILLER_2_657,VGND,li1,309.5800,16.3200,0.000000
FILLER_2_645,VGND,li1,304.9800,16.3200,0.000000
FILLER_2_643,VGND,li1,301.5300,16.3200,0.000000
FILLER_2_637,VGND,li1,299.9200,16.3200,0.000000
FILLER_2_625,VGND,li1,295.7800,16.3200,0.000000
FILLER_2_613,VGND,li1,290.2600,16.3200,0.000000
FILLER_2_601,VGND,li1,284.7400,16.3200,0.000000
FILLER_2_589,VGND,li1,279.2200,16.3200,0.000000
FILLER_2_587,VGND,li1,275.7700,16.3200,0.000000
FILLER_2_581,VGND,li1,274.1600,16.3200,0.000000
FILLER_2_569,VGND,li1,270.0200,16.3200,0.000000
FILLER_2_557,VGND,li1,264.5000,16.3200,0.000000
FILLER_2_545,VGND,li1,258.9800,16.3200,0.000000
FILLER_2_533,VGND,li1,253.4600,16.3200,0.000000
FILLER_2_531,VGND,li1,250.0100,16.3200,0.000000
FILLER_2_525,VGND,li1,248.4000,16.3200,0.000000
FILLER_2_513,VGND,li1,244.2600,16.3200,0.000000
FILLER_2_501,VGND,li1,238.7400,16.3200,0.000000
FILLER_2_489,VGND,li1,233.2200,16.3200,0.000000
FILLER_2_477,VGND,li1,227.7000,16.3200,0.000000
FILLER_2_475,VGND,li1,224.2500,16.3200,0.000000
FILLER_2_469,VGND,li1,222.6400,16.3200,0.000000
FILLER_2_457,VGND,li1,218.5000,16.3200,0.000000
FILLER_2_445,VGND,li1,212.9800,16.3200,0.000000
FILLER_2_433,VGND,li1,207.4600,16.3200,0.000000
FILLER_2_421,VGND,li1,201.9400,16.3200,0.000000
FILLER_2_419,VGND,li1,198.4900,16.3200,0.000000
FILLER_2_413,VGND,li1,196.8800,16.3200,0.000000
FILLER_2_401,VGND,li1,192.7400,16.3200,0.000000
FILLER_2_389,VGND,li1,187.2200,16.3200,0.000000
FILLER_2_377,VGND,li1,181.7000,16.3200,0.000000
FILLER_2_365,VGND,li1,176.1800,16.3200,0.000000
FILLER_2_363,VGND,li1,172.7300,16.3200,0.000000
FILLER_2_357,VGND,li1,171.1200,16.3200,0.000000
FILLER_2_345,VGND,li1,166.9800,16.3200,0.000000
FILLER_2_333,VGND,li1,161.4600,16.3200,0.000000
FILLER_2_321,VGND,li1,155.9400,16.3200,0.000000
FILLER_2_309,VGND,li1,150.4200,16.3200,0.000000
FILLER_2_307,VGND,li1,146.9700,16.3200,0.000000
FILLER_2_301,VGND,li1,145.3600,16.3200,0.000000
FILLER_2_289,VGND,li1,141.2200,16.3200,0.000000
FILLER_2_277,VGND,li1,135.7000,16.3200,0.000000
FILLER_2_265,VGND,li1,130.1800,16.3200,0.000000
FILLER_2_253,VGND,li1,124.6600,16.3200,0.000000
FILLER_2_251,VGND,li1,121.2100,16.3200,0.000000
FILLER_2_245,VGND,li1,119.6000,16.3200,0.000000
FILLER_2_233,VGND,li1,115.4600,16.3200,0.000000
FILLER_2_221,VGND,li1,109.9400,16.3200,0.000000
FILLER_2_209,VGND,li1,104.4200,16.3200,0.000000
FILLER_2_197,VGND,li1,98.9000,16.3200,0.000000
FILLER_2_195,VGND,li1,95.4500,16.3200,0.000000
FILLER_2_189,VGND,li1,93.8400,16.3200,0.000000
FILLER_2_177,VGND,li1,89.7000,16.3200,0.000000
FILLER_2_165,VGND,li1,84.1800,16.3200,0.000000
FILLER_2_153,VGND,li1,78.6600,16.3200,0.000000
FILLER_2_141,VGND,li1,73.1400,16.3200,0.000000
FILLER_2_139,VGND,li1,69.6900,16.3200,0.000000
FILLER_2_133,VGND,li1,68.0800,16.3200,0.000000
FILLER_2_121,VGND,li1,63.9400,16.3200,0.000000
FILLER_2_109,VGND,li1,58.4200,16.3200,0.000000
FILLER_2_97,VGND,li1,52.9000,16.3200,0.000000
FILLER_2_85,VGND,li1,47.3800,16.3200,0.000000
FILLER_2_83,VGND,li1,43.9300,16.3200,0.000000
FILLER_2_77,VGND,li1,42.3200,16.3200,0.000000
FILLER_2_65,VGND,li1,38.1800,16.3200,0.000000
FILLER_2_53,VGND,li1,32.6600,16.3200,0.000000
FILLER_2_41,VGND,li1,27.1400,16.3200,0.000000
FILLER_2_29,VGND,li1,21.6200,16.3200,0.000000
FILLER_2_27,VGND,li1,18.1700,16.3200,0.000000
FILLER_2_15,VGND,li1,15.1800,16.3200,0.000000
FILLER_2_3,VGND,li1,9.6600,16.3200,0.000000
FILLER_1_665,VGND,li1,312.1100,16.3200,0.000000
FILLER_1_653,VGND,li1,308.6600,16.3200,0.000000
FILLER_1_641,VGND,li1,303.1400,16.3200,0.000000
FILLER_1_629,VGND,li1,297.6200,16.3200,0.000000
FILLER_1_617,VGND,li1,292.1000,16.3200,0.000000
FILLER_1_615,VGND,li1,288.6500,16.3200,0.000000
FILLER_1_609,VGND,li1,287.0400,16.3200,0.000000
FILLER_1_597,VGND,li1,282.9000,16.3200,0.000000
FILLER_1_585,VGND,li1,277.3800,16.3200,0.000000
FILLER_1_573,VGND,li1,271.8600,16.3200,0.000000
FILLER_1_561,VGND,li1,266.3400,16.3200,0.000000
FILLER_1_559,VGND,li1,262.8900,16.3200,0.000000
FILLER_1_553,VGND,li1,261.2800,16.3200,0.000000
FILLER_1_541,VGND,li1,257.1400,16.3200,0.000000
FILLER_1_529,VGND,li1,251.6200,16.3200,0.000000
FILLER_1_517,VGND,li1,246.1000,16.3200,0.000000
FILLER_1_505,VGND,li1,240.5800,16.3200,0.000000
FILLER_1_503,VGND,li1,237.1300,16.3200,0.000000
FILLER_1_497,VGND,li1,235.5200,16.3200,0.000000
FILLER_1_485,VGND,li1,231.3800,16.3200,0.000000
FILLER_1_473,VGND,li1,225.8600,16.3200,0.000000
FILLER_1_461,VGND,li1,220.3400,16.3200,0.000000
FILLER_1_449,VGND,li1,214.8200,16.3200,0.000000
FILLER_1_447,VGND,li1,211.3700,16.3200,0.000000
FILLER_1_441,VGND,li1,209.7600,16.3200,0.000000
FILLER_1_429,VGND,li1,205.6200,16.3200,0.000000
FILLER_1_417,VGND,li1,200.1000,16.3200,0.000000
FILLER_1_405,VGND,li1,194.5800,16.3200,0.000000
FILLER_1_393,VGND,li1,189.0600,16.3200,0.000000
FILLER_1_391,VGND,li1,185.6100,16.3200,0.000000
FILLER_1_385,VGND,li1,184.0000,16.3200,0.000000
FILLER_1_373,VGND,li1,179.8600,16.3200,0.000000
FILLER_1_361,VGND,li1,174.3400,16.3200,0.000000
FILLER_1_349,VGND,li1,168.8200,16.3200,0.000000
FILLER_1_337,VGND,li1,163.3000,16.3200,0.000000
FILLER_1_335,VGND,li1,159.8500,16.3200,0.000000
FILLER_1_329,VGND,li1,158.2400,16.3200,0.000000
FILLER_1_317,VGND,li1,154.1000,16.3200,0.000000
FILLER_1_305,VGND,li1,148.5800,16.3200,0.000000
FILLER_1_293,VGND,li1,143.0600,16.3200,0.000000
FILLER_1_281,VGND,li1,137.5400,16.3200,0.000000
FILLER_1_279,VGND,li1,134.0900,16.3200,0.000000
FILLER_1_273,VGND,li1,132.4800,16.3200,0.000000
FILLER_1_261,VGND,li1,128.3400,16.3200,0.000000
FILLER_1_249,VGND,li1,122.8200,16.3200,0.000000
FILLER_1_237,VGND,li1,117.3000,16.3200,0.000000
FILLER_1_225,VGND,li1,111.7800,16.3200,0.000000
FILLER_1_223,VGND,li1,108.3300,16.3200,0.000000
FILLER_1_217,VGND,li1,106.7200,16.3200,0.000000
FILLER_1_205,VGND,li1,102.5800,16.3200,0.000000
FILLER_1_193,VGND,li1,97.0600,16.3200,0.000000
FILLER_1_181,VGND,li1,91.5400,16.3200,0.000000
FILLER_1_169,VGND,li1,86.0200,16.3200,0.000000
FILLER_1_167,VGND,li1,82.5700,16.3200,0.000000
FILLER_1_161,VGND,li1,80.9600,16.3200,0.000000
FILLER_1_149,VGND,li1,76.8200,16.3200,0.000000
FILLER_1_137,VGND,li1,71.3000,16.3200,0.000000
FILLER_1_125,VGND,li1,65.7800,16.3200,0.000000
FILLER_1_113,VGND,li1,60.2600,16.3200,0.000000
FILLER_1_111,VGND,li1,56.8100,16.3200,0.000000
FILLER_1_105,VGND,li1,55.2000,16.3200,0.000000
FILLER_1_93,VGND,li1,51.0600,16.3200,0.000000
FILLER_1_81,VGND,li1,45.5400,16.3200,0.000000
FILLER_1_69,VGND,li1,40.0200,16.3200,0.000000
FILLER_1_57,VGND,li1,34.5000,16.3200,0.000000
FILLER_1_55,VGND,li1,31.0500,16.3200,0.000000
FILLER_1_51,VGND,li1,29.9000,16.3200,0.000000
FILLER_1_39,VGND,li1,26.2200,16.3200,0.000000
FILLER_1_27,VGND,li1,20.7000,16.3200,0.000000
FILLER_1_15,VGND,li1,15.1800,16.3200,0.000000
FILLER_1_3,VGND,li1,9.6600,16.3200,0.000000
FILLER_0_665,VGND,li1,312.1100,10.8800,0.000000
FILLER_0_657,VGND,li1,309.5800,10.8800,0.000000
FILLER_0_645,VGND,li1,304.9800,10.8800,0.000000
FILLER_0_641,VGND,li1,301.0700,10.8800,0.000000
FILLER_0_629,VGND,li1,297.6200,10.8800,0.000000
FILLER_0_617,VGND,li1,292.1000,10.8800,0.000000
FILLER_0_613,VGND,li1,288.1900,10.8800,0.000000
FILLER_0_601,VGND,li1,284.7400,10.8800,0.000000
FILLER_0_589,VGND,li1,279.2200,10.8800,0.000000
FILLER_0_585,VGND,li1,275.3100,10.8800,0.000000
FILLER_0_573,VGND,li1,271.8600,10.8800,0.000000
FILLER_0_561,VGND,li1,266.3400,10.8800,0.000000
FILLER_0_557,VGND,li1,262.4300,10.8800,0.000000
FILLER_0_545,VGND,li1,258.9800,10.8800,0.000000
FILLER_0_533,VGND,li1,253.4600,10.8800,0.000000
FILLER_0_529,VGND,li1,249.5500,10.8800,0.000000
FILLER_0_517,VGND,li1,246.1000,10.8800,0.000000
FILLER_0_505,VGND,li1,240.5800,10.8800,0.000000
FILLER_0_501,VGND,li1,236.6700,10.8800,0.000000
FILLER_0_489,VGND,li1,233.2200,10.8800,0.000000
FILLER_0_477,VGND,li1,227.7000,10.8800,0.000000
FILLER_0_473,VGND,li1,223.7900,10.8800,0.000000
FILLER_0_461,VGND,li1,220.3400,10.8800,0.000000
FILLER_0_449,VGND,li1,214.8200,10.8800,0.000000
FILLER_0_445,VGND,li1,210.9100,10.8800,0.000000
FILLER_0_433,VGND,li1,207.4600,10.8800,0.000000
FILLER_0_421,VGND,li1,201.9400,10.8800,0.000000
FILLER_0_417,VGND,li1,198.0300,10.8800,0.000000
FILLER_0_405,VGND,li1,194.5800,10.8800,0.000000
FILLER_0_393,VGND,li1,189.0600,10.8800,0.000000
FILLER_0_389,VGND,li1,185.1500,10.8800,0.000000
FILLER_0_377,VGND,li1,181.7000,10.8800,0.000000
FILLER_0_365,VGND,li1,176.1800,10.8800,0.000000
FILLER_0_356,VGND,li1,171.1200,10.8800,0.000000
FILLER_0_349,VGND,li1,166.9800,10.8800,0.000000
FILLER_0_342,VGND,li1,163.7600,10.8800,0.000000
FILLER_0_337,VGND,li1,161.0000,10.8800,0.000000
FILLER_0_335,VGND,li1,159.8500,10.8800,0.000000
FILLER_0_328,VGND,li1,157.3200,10.8800,0.000000
FILLER_0_321,VGND,li1,154.1000,10.8800,0.000000
FILLER_0_314,VGND,li1,150.8800,10.8800,0.000000
FILLER_0_309,VGND,li1,148.1200,10.8800,0.000000
FILLER_0_305,VGND,li1,146.5100,10.8800,0.000000
FILLER_0_293,VGND,li1,143.0600,10.8800,0.000000
FILLER_0_281,VGND,li1,137.5400,10.8800,0.000000
FILLER_0_277,VGND,li1,133.6300,10.8800,0.000000
FILLER_0_265,VGND,li1,130.1800,10.8800,0.000000
FILLER_0_253,VGND,li1,124.6600,10.8800,0.000000
FILLER_0_249,VGND,li1,120.7500,10.8800,0.000000
FILLER_0_237,VGND,li1,117.3000,10.8800,0.000000
FILLER_0_225,VGND,li1,111.7800,10.8800,0.000000
FILLER_0_221,VGND,li1,107.8700,10.8800,0.000000
FILLER_0_209,VGND,li1,104.4200,10.8800,0.000000
FILLER_0_197,VGND,li1,98.9000,10.8800,0.000000
FILLER_0_193,VGND,li1,94.9900,10.8800,0.000000
FILLER_0_181,VGND,li1,91.5400,10.8800,0.000000
FILLER_0_169,VGND,li1,86.0200,10.8800,0.000000
FILLER_0_165,VGND,li1,82.1100,10.8800,0.000000
FILLER_0_153,VGND,li1,78.6600,10.8800,0.000000
FILLER_0_141,VGND,li1,73.1400,10.8800,0.000000
FILLER_0_137,VGND,li1,69.2300,10.8800,0.000000
FILLER_0_125,VGND,li1,65.7800,10.8800,0.000000
FILLER_0_113,VGND,li1,60.2600,10.8800,0.000000
FILLER_0_109,VGND,li1,56.3500,10.8800,0.000000
FILLER_0_97,VGND,li1,52.9000,10.8800,0.000000
FILLER_0_85,VGND,li1,47.3800,10.8800,0.000000
FILLER_0_81,VGND,li1,43.4700,10.8800,0.000000
FILLER_0_69,VGND,li1,40.0200,10.8800,0.000000
FILLER_0_57,VGND,li1,34.5000,10.8800,0.000000
FILLER_0_53,VGND,li1,30.5900,10.8800,0.000000
FILLER_0_41,VGND,li1,27.1400,10.8800,0.000000
FILLER_0_29,VGND,li1,21.6200,10.8800,0.000000
FILLER_0_27,VGND,li1,18.1700,10.8800,0.000000
FILLER_0_15,VGND,li1,15.1800,10.8800,0.000000
FILLER_0_3,VGND,li1,9.6600,10.8800,0.000000
clkbuf_1_1__f_clk,VGND,li1,168.3600,304.6400,0.000232
clkbuf_1_0__f_clk,VGND,li1,142.6000,304.6400,0.000333
clkbuf_0_clk,VGND,li1,155.4800,304.6400,0.000320
soc_top_3,VGND,li1,7.5900,163.2000,0.000000
output2,VGND,li1,158.9300,304.6400,0.000307
output1,VGND,li1,150.1900,304.6400,0.000334
soc_top_80,VGND,li1,7.5900,146.8800,0.000000
soc_top_79,VGND,li1,7.5900,174.0800,0.000000
soc_top_78,VGND,li1,107.4100,304.6400,0.000240
soc_top_77,VGND,li1,7.5900,179.5200,0.000000
soc_top_76,VGND,li1,312.1100,119.6800,0.000000
soc_top_75,VGND,li1,213.6700,304.6400,0.000106
soc_top_74,VGND,li1,168.5900,10.8800,0.000000
soc_top_73,VGND,li1,113.8500,304.6400,0.000261
soc_top_72,VGND,li1,312.1100,157.7600,0.000000
soc_top_71,VGND,li1,7.5900,163.2000,0.000000
soc_top_70,VGND,li1,7.5900,184.9600,0.000000
soc_top_69,VGND,li1,174.1100,304.6400,0.000156
soc_top_68,VGND,li1,165.3700,10.8800,0.000000
soc_top_67,VGND,li1,7.5900,152.3200,0.000000
soc_top_66,VGND,li1,312.1100,195.8400,0.000000
soc_top_65,VGND,li1,312.1100,146.8800,0.000000
soc_top_64,VGND,li1,148.8100,304.6400,0.000333
soc_top_63,VGND,li1,187.9100,304.6400,0.000106
soc_top_62,VGND,li1,200.7900,304.6400,0.000106
soc_top_61,VGND,li1,7.5900,157.7600,0.000000
soc_top_60,VGND,li1,7.5900,179.5200,0.000000
soc_top_59,VGND,li1,312.1100,179.5200,0.000000
soc_top_58,VGND,li1,312.1100,125.1200,0.000000
soc_top_57,VGND,li1,110.6300,304.6400,0.000252
soc_top_56,VGND,li1,312.1100,152.3200,0.000000
soc_top_55,VGND,li1,155.7100,10.8800,0.000000
soc_top_54,VGND,li1,152.4900,10.8800,0.000000
soc_top_53,VGND,li1,146.0500,304.6400,0.000333
soc_top_52,VGND,li1,158.9300,10.8800,0.000000
soc_top_51,VGND,li1,120.2900,304.6400,0.000278
soc_top_50,VGND,li1,207.2300,304.6400,0.000106
soc_top_49,VGND,li1,7.5900,152.3200,0.000000
soc_top_48,VGND,li1,312.1100,163.2000,0.000000
soc_top_47,VGND,li1,312.1100,179.5200,0.000000
soc_top_46,VGND,li1,312.1100,136.0000,0.000000
soc_top_45,VGND,li1,210.4500,304.6400,0.000106
soc_top_44,VGND,li1,194.3500,304.6400,0.000106
soc_top_43,VGND,li1,181.4700,304.6400,0.000106
soc_top_42,VGND,li1,312.1100,184.9600,0.000000
soc_top_41,VGND,li1,312.1100,152.3200,0.000000
soc_top_40,VGND,li1,197.5700,304.6400,0.000106
soc_top_39,VGND,li1,312.1100,174.0800,0.000000
soc_top_38,VGND,li1,149.2700,10.8800,0.000000
soc_top_37,VGND,li1,312.1100,146.8800,0.000000
soc_top_36,VGND,li1,137.3100,304.6400,0.000319
soc_top_35,VGND,li1,162.1500,10.8800,0.000000
soc_top_34,VGND,li1,312.1100,136.0000,0.000000
soc_top_33,VGND,li1,117.0700,304.6400,0.000269
soc_top_32,VGND,li1,129.9500,304.6400,0.000299
soc_top_31,VGND,li1,312.1100,174.0800,0.000000
soc_top_30,VGND,li1,204.0100,304.6400,0.000106
soc_top_29,VGND,li1,312.1100,190.4000,0.000000
soc_top_28,VGND,li1,191.1300,304.6400,0.000106
soc_top_27,VGND,li1,168.5900,304.6400,0.000232
soc_top_26,VGND,li1,126.7300,304.6400,0.000291
soc_top_25,VGND,li1,312.1100,141.4400,0.000000
soc_top_24,VGND,li1,7.5900,174.0800,0.000000
soc_top_23,VGND,li1,123.5100,304.6400,0.000283
soc_top_22,VGND,li1,163.0700,304.6400,0.000274
soc_top_21,VGND,li1,7.5900,168.6400,0.000000
soc_top_20,VGND,li1,312.1100,130.5600,0.000000
soc_top_19,VGND,li1,133.1700,304.6400,0.000308
soc_top_18,VGND,li1,7.5900,146.8800,0.000000
soc_top_17,VGND,li1,7.5900,141.4400,0.000000
soc_top_16,VGND,li1,312.1100,168.6400,0.000000
soc_top_15,VGND,li1,178.2500,304.6400,0.000126
soc_top_14,VGND,li1,312.1100,201.2800,0.000000
soc_top_13,VGND,li1,312.1100,125.1200,0.000000
soc_top_12,VGND,li1,142.8300,304.6400,0.000333
soc_top_11,VGND,li1,175.4900,304.6400,0.000156
soc_top_10,VGND,li1,184.6900,304.6400,0.000106
soc_top_9,VGND,li1,312.1100,163.2000,0.000000
soc_top_8,VGND,li1,312.1100,190.4000,0.000000
soc_top_7,VGND,li1,135.9300,304.6400,0.000319
soc_top_6,VGND,li1,216.8900,304.6400,0.000106
soc_top_5,VGND,li1,161.6900,304.6400,0.000274
soc_top_4,VGND,li1,156.1700,304.6400,0.000320
TAP_TAPCELL_ROW_108_1493,VGND,li1,301.9900,304.9310,0.000106
TAP_TAPCELL_ROW_108_1492,VGND,li1,289.1100,304.9310,0.000106
TAP_TAPCELL_ROW_108_1491,VGND,li1,276.2300,304.9310,0.000106
TAP_TAPCELL_ROW_108_1490,VGND,li1,263.3500,304.9310,0.000106
TAP_TAPCELL_ROW_108_1489,VGND,li1,250.4700,304.9310,0.000106
TAP_TAPCELL_ROW_108_1488,VGND,li1,237.5900,304.9310,0.000106
TAP_TAPCELL_ROW_108_1487,VGND,li1,224.7100,304.9310,0.000106
TAP_TAPCELL_ROW_108_1486,VGND,li1,211.8300,304.9310,0.000106
TAP_TAPCELL_ROW_108_1485,VGND,li1,198.9500,304.9310,0.000106
TAP_TAPCELL_ROW_108_1484,VGND,li1,186.0700,304.9310,0.000106
TAP_TAPCELL_ROW_108_1483,VGND,li1,173.1900,304.9310,0.000178
TAP_TAPCELL_ROW_108_1482,VGND,li1,160.3100,304.9310,0.000289
TAP_TAPCELL_ROW_108_1481,VGND,li1,147.4300,304.9310,0.000333
TAP_TAPCELL_ROW_108_1480,VGND,li1,134.5500,304.9310,0.000314
TAP_TAPCELL_ROW_108_1479,VGND,li1,121.6700,304.9310,0.000278
TAP_TAPCELL_ROW_108_1478,VGND,li1,108.7900,304.9310,0.000246
TAP_TAPCELL_ROW_108_1477,VGND,li1,95.9100,304.9310,0.000211
TAP_TAPCELL_ROW_108_1476,VGND,li1,83.0300,304.9310,0.000179
TAP_TAPCELL_ROW_108_1475,VGND,li1,70.1500,304.9310,0.000143
TAP_TAPCELL_ROW_108_1474,VGND,li1,57.2700,304.9310,0.000111
TAP_TAPCELL_ROW_108_1473,VGND,li1,44.3900,304.9310,0.000075
TAP_TAPCELL_ROW_108_1472,VGND,li1,31.5100,304.9310,0.000039
TAP_TAPCELL_ROW_108_1471,VGND,li1,18.6300,304.9310,0.000026
TAP_TAPCELL_ROW_107_1470,VGND,li1,289.1100,304.3480,0.000106
TAP_TAPCELL_ROW_107_1469,VGND,li1,263.3500,304.3480,0.000106
TAP_TAPCELL_ROW_107_1468,VGND,li1,237.5900,304.3480,0.000106
TAP_TAPCELL_ROW_107_1467,VGND,li1,211.8300,304.3480,0.000106
TAP_TAPCELL_ROW_107_1466,VGND,li1,186.0700,304.3480,0.000106
TAP_TAPCELL_ROW_107_1465,VGND,li1,160.3100,304.3480,0.000289
TAP_TAPCELL_ROW_107_1464,VGND,li1,134.5500,304.3480,0.000314
TAP_TAPCELL_ROW_107_1463,VGND,li1,108.7900,304.3480,0.000246
TAP_TAPCELL_ROW_107_1462,VGND,li1,83.0300,304.3480,0.000179
TAP_TAPCELL_ROW_107_1461,VGND,li1,57.2700,304.3480,0.000111
TAP_TAPCELL_ROW_107_1460,VGND,li1,31.5100,304.3480,0.000039
TAP_TAPCELL_ROW_106_1459,VGND,li1,301.9900,299.4910,0.000000
TAP_TAPCELL_ROW_106_1458,VGND,li1,276.2300,299.4910,0.000000
TAP_TAPCELL_ROW_106_1457,VGND,li1,250.4700,299.4910,0.000000
TAP_TAPCELL_ROW_106_1456,VGND,li1,224.7100,299.4910,0.000000
TAP_TAPCELL_ROW_106_1455,VGND,li1,198.9500,299.4910,0.000000
TAP_TAPCELL_ROW_106_1454,VGND,li1,173.1900,299.4910,0.000000
TAP_TAPCELL_ROW_106_1453,VGND,li1,147.4300,299.4910,0.000000
TAP_TAPCELL_ROW_106_1452,VGND,li1,121.6700,299.4910,0.000000
TAP_TAPCELL_ROW_106_1451,VGND,li1,95.9100,299.4910,0.000000
TAP_TAPCELL_ROW_106_1450,VGND,li1,70.1500,299.4910,0.000000
TAP_TAPCELL_ROW_106_1449,VGND,li1,44.3900,299.4910,0.000000
TAP_TAPCELL_ROW_106_1448,VGND,li1,18.6300,299.4910,0.000000
TAP_TAPCELL_ROW_105_1447,VGND,li1,289.1100,298.9080,0.000000
TAP_TAPCELL_ROW_105_1446,VGND,li1,263.3500,298.9080,0.000000
TAP_TAPCELL_ROW_105_1445,VGND,li1,237.5900,298.9080,0.000000
TAP_TAPCELL_ROW_105_1444,VGND,li1,211.8300,298.9080,0.000000
TAP_TAPCELL_ROW_105_1443,VGND,li1,186.0700,298.9080,0.000000
TAP_TAPCELL_ROW_105_1442,VGND,li1,160.3100,298.9080,0.000000
TAP_TAPCELL_ROW_105_1441,VGND,li1,134.5500,298.9080,0.000000
TAP_TAPCELL_ROW_105_1440,VGND,li1,108.7900,298.9080,0.000000
TAP_TAPCELL_ROW_105_1439,VGND,li1,83.0300,298.9080,0.000000
TAP_TAPCELL_ROW_105_1438,VGND,li1,57.2700,298.9080,0.000000
TAP_TAPCELL_ROW_105_1437,VGND,li1,31.5100,298.9080,0.000000
TAP_TAPCELL_ROW_104_1436,VGND,li1,301.9900,294.0510,0.000000
TAP_TAPCELL_ROW_104_1435,VGND,li1,276.2300,294.0510,0.000000
TAP_TAPCELL_ROW_104_1434,VGND,li1,250.4700,294.0510,0.000000
TAP_TAPCELL_ROW_104_1433,VGND,li1,224.7100,294.0510,0.000000
TAP_TAPCELL_ROW_104_1432,VGND,li1,198.9500,294.0510,0.000000
TAP_TAPCELL_ROW_104_1431,VGND,li1,173.1900,294.0510,0.000000
TAP_TAPCELL_ROW_104_1430,VGND,li1,147.4300,294.0510,0.000000
TAP_TAPCELL_ROW_104_1429,VGND,li1,121.6700,294.0510,0.000000
TAP_TAPCELL_ROW_104_1428,VGND,li1,95.9100,294.0510,0.000000
TAP_TAPCELL_ROW_104_1427,VGND,li1,70.1500,294.0510,0.000000
TAP_TAPCELL_ROW_104_1426,VGND,li1,44.3900,294.0510,0.000000
TAP_TAPCELL_ROW_104_1425,VGND,li1,18.6300,294.0510,0.000000
TAP_TAPCELL_ROW_103_1424,VGND,li1,289.1100,293.4680,0.000000
TAP_TAPCELL_ROW_103_1423,VGND,li1,263.3500,293.4680,0.000000
TAP_TAPCELL_ROW_103_1422,VGND,li1,237.5900,293.4680,0.000000
TAP_TAPCELL_ROW_103_1421,VGND,li1,211.8300,293.4680,0.000000
TAP_TAPCELL_ROW_103_1420,VGND,li1,186.0700,293.4680,0.000000
TAP_TAPCELL_ROW_103_1419,VGND,li1,160.3100,293.4680,0.000000
TAP_TAPCELL_ROW_103_1418,VGND,li1,134.5500,293.4680,0.000000
TAP_TAPCELL_ROW_103_1417,VGND,li1,108.7900,293.4680,0.000000
TAP_TAPCELL_ROW_103_1416,VGND,li1,83.0300,293.4680,0.000000
TAP_TAPCELL_ROW_103_1415,VGND,li1,57.2700,293.4680,0.000000
TAP_TAPCELL_ROW_103_1414,VGND,li1,31.5100,293.4680,0.000000
TAP_TAPCELL_ROW_102_1413,VGND,li1,301.9900,288.6110,0.000000
TAP_TAPCELL_ROW_102_1412,VGND,li1,276.2300,288.6110,0.000000
TAP_TAPCELL_ROW_102_1411,VGND,li1,250.4700,288.6110,0.000000
TAP_TAPCELL_ROW_102_1410,VGND,li1,224.7100,288.6110,0.000000
TAP_TAPCELL_ROW_102_1409,VGND,li1,198.9500,288.6110,0.000000
TAP_TAPCELL_ROW_102_1408,VGND,li1,173.1900,288.6110,0.000000
TAP_TAPCELL_ROW_102_1407,VGND,li1,147.4300,288.6110,0.000000
TAP_TAPCELL_ROW_102_1406,VGND,li1,121.6700,288.6110,0.000000
TAP_TAPCELL_ROW_102_1405,VGND,li1,95.9100,288.6110,0.000000
TAP_TAPCELL_ROW_102_1404,VGND,li1,70.1500,288.6110,0.000000
TAP_TAPCELL_ROW_102_1403,VGND,li1,44.3900,288.6110,0.000000
TAP_TAPCELL_ROW_102_1402,VGND,li1,18.6300,288.6110,0.000000
TAP_TAPCELL_ROW_101_1401,VGND,li1,289.1100,288.0280,0.000000
TAP_TAPCELL_ROW_101_1400,VGND,li1,263.3500,288.0280,0.000000
TAP_TAPCELL_ROW_101_1399,VGND,li1,237.5900,288.0280,0.000000
TAP_TAPCELL_ROW_101_1398,VGND,li1,211.8300,288.0280,0.000000
TAP_TAPCELL_ROW_101_1397,VGND,li1,186.0700,288.0280,0.000000
TAP_TAPCELL_ROW_101_1396,VGND,li1,160.3100,288.0280,0.000000
TAP_TAPCELL_ROW_101_1395,VGND,li1,134.5500,288.0280,0.000000
TAP_TAPCELL_ROW_101_1394,VGND,li1,108.7900,288.0280,0.000000
TAP_TAPCELL_ROW_101_1393,VGND,li1,83.0300,288.0280,0.000000
TAP_TAPCELL_ROW_101_1392,VGND,li1,57.2700,288.0280,0.000000
TAP_TAPCELL_ROW_101_1391,VGND,li1,31.5100,288.0280,0.000000
TAP_TAPCELL_ROW_100_1390,VGND,li1,301.9900,283.1710,0.000000
TAP_TAPCELL_ROW_100_1389,VGND,li1,276.2300,283.1710,0.000000
TAP_TAPCELL_ROW_100_1388,VGND,li1,250.4700,283.1710,0.000000
TAP_TAPCELL_ROW_100_1387,VGND,li1,224.7100,283.1710,0.000000
TAP_TAPCELL_ROW_100_1386,VGND,li1,198.9500,283.1710,0.000000
TAP_TAPCELL_ROW_100_1385,VGND,li1,173.1900,283.1710,0.000000
TAP_TAPCELL_ROW_100_1384,VGND,li1,147.4300,283.1710,0.000000
TAP_TAPCELL_ROW_100_1383,VGND,li1,121.6700,283.1710,0.000000
TAP_TAPCELL_ROW_100_1382,VGND,li1,95.9100,283.1710,0.000000
TAP_TAPCELL_ROW_100_1381,VGND,li1,70.1500,283.1710,0.000000
TAP_TAPCELL_ROW_100_1380,VGND,li1,44.3900,283.1710,0.000000
TAP_TAPCELL_ROW_100_1379,VGND,li1,18.6300,283.1710,0.000000
TAP_TAPCELL_ROW_99_1378,VGND,li1,289.1100,282.5880,0.000000
TAP_TAPCELL_ROW_99_1377,VGND,li1,263.3500,282.5880,0.000000
TAP_TAPCELL_ROW_99_1376,VGND,li1,237.5900,282.5880,0.000000
TAP_TAPCELL_ROW_99_1375,VGND,li1,211.8300,282.5880,0.000000
TAP_TAPCELL_ROW_99_1374,VGND,li1,186.0700,282.5880,0.000000
TAP_TAPCELL_ROW_99_1373,VGND,li1,160.3100,282.5880,0.000000
TAP_TAPCELL_ROW_99_1372,VGND,li1,134.5500,282.5880,0.000000
TAP_TAPCELL_ROW_99_1371,VGND,li1,108.7900,282.5880,0.000000
TAP_TAPCELL_ROW_99_1370,VGND,li1,83.0300,282.5880,0.000000
TAP_TAPCELL_ROW_99_1369,VGND,li1,57.2700,282.5880,0.000000
TAP_TAPCELL_ROW_99_1368,VGND,li1,31.5100,282.5880,0.000000
TAP_TAPCELL_ROW_98_1367,VGND,li1,301.9900,277.7310,0.000000
TAP_TAPCELL_ROW_98_1366,VGND,li1,276.2300,277.7310,0.000000
TAP_TAPCELL_ROW_98_1365,VGND,li1,250.4700,277.7310,0.000000
TAP_TAPCELL_ROW_98_1364,VGND,li1,224.7100,277.7310,0.000000
TAP_TAPCELL_ROW_98_1363,VGND,li1,198.9500,277.7310,0.000000
TAP_TAPCELL_ROW_98_1362,VGND,li1,173.1900,277.7310,0.000000
TAP_TAPCELL_ROW_98_1361,VGND,li1,147.4300,277.7310,0.000000
TAP_TAPCELL_ROW_98_1360,VGND,li1,121.6700,277.7310,0.000000
TAP_TAPCELL_ROW_98_1359,VGND,li1,95.9100,277.7310,0.000000
TAP_TAPCELL_ROW_98_1358,VGND,li1,70.1500,277.7310,0.000000
TAP_TAPCELL_ROW_98_1357,VGND,li1,44.3900,277.7310,0.000000
TAP_TAPCELL_ROW_98_1356,VGND,li1,18.6300,277.7310,0.000000
TAP_TAPCELL_ROW_97_1355,VGND,li1,289.1100,277.1480,0.000000
TAP_TAPCELL_ROW_97_1354,VGND,li1,263.3500,277.1480,0.000000
TAP_TAPCELL_ROW_97_1353,VGND,li1,237.5900,277.1480,0.000000
TAP_TAPCELL_ROW_97_1352,VGND,li1,211.8300,277.1480,0.000000
TAP_TAPCELL_ROW_97_1351,VGND,li1,186.0700,277.1480,0.000000
TAP_TAPCELL_ROW_97_1350,VGND,li1,160.3100,277.1480,0.000000
TAP_TAPCELL_ROW_97_1349,VGND,li1,134.5500,277.1480,0.000000
TAP_TAPCELL_ROW_97_1348,VGND,li1,108.7900,277.1480,0.000000
TAP_TAPCELL_ROW_97_1347,VGND,li1,83.0300,277.1480,0.000000
TAP_TAPCELL_ROW_97_1346,VGND,li1,57.2700,277.1480,0.000000
TAP_TAPCELL_ROW_97_1345,VGND,li1,31.5100,277.1480,0.000000
TAP_TAPCELL_ROW_96_1344,VGND,li1,301.9900,272.2910,0.000000
TAP_TAPCELL_ROW_96_1343,VGND,li1,276.2300,272.2910,0.000000
TAP_TAPCELL_ROW_96_1342,VGND,li1,250.4700,272.2910,0.000000
TAP_TAPCELL_ROW_96_1341,VGND,li1,224.7100,272.2910,0.000000
TAP_TAPCELL_ROW_96_1340,VGND,li1,198.9500,272.2910,0.000000
TAP_TAPCELL_ROW_96_1339,VGND,li1,173.1900,272.2910,0.000000
TAP_TAPCELL_ROW_96_1338,VGND,li1,147.4300,272.2910,0.000000
TAP_TAPCELL_ROW_96_1337,VGND,li1,121.6700,272.2910,0.000000
TAP_TAPCELL_ROW_96_1336,VGND,li1,95.9100,272.2910,0.000000
TAP_TAPCELL_ROW_96_1335,VGND,li1,70.1500,272.2910,0.000000
TAP_TAPCELL_ROW_96_1334,VGND,li1,44.3900,272.2910,0.000000
TAP_TAPCELL_ROW_96_1333,VGND,li1,18.6300,272.2910,0.000000
TAP_TAPCELL_ROW_95_1332,VGND,li1,289.1100,271.7080,0.000000
TAP_TAPCELL_ROW_95_1331,VGND,li1,263.3500,271.7080,0.000000
TAP_TAPCELL_ROW_95_1330,VGND,li1,237.5900,271.7080,0.000000
TAP_TAPCELL_ROW_95_1329,VGND,li1,211.8300,271.7080,0.000000
TAP_TAPCELL_ROW_95_1328,VGND,li1,186.0700,271.7080,0.000000
TAP_TAPCELL_ROW_95_1327,VGND,li1,160.3100,271.7080,0.000000
TAP_TAPCELL_ROW_95_1326,VGND,li1,134.5500,271.7080,0.000000
TAP_TAPCELL_ROW_95_1325,VGND,li1,108.7900,271.7080,0.000000
TAP_TAPCELL_ROW_95_1324,VGND,li1,83.0300,271.7080,0.000000
TAP_TAPCELL_ROW_95_1323,VGND,li1,57.2700,271.7080,0.000000
TAP_TAPCELL_ROW_95_1322,VGND,li1,31.5100,271.7080,0.000000
TAP_TAPCELL_ROW_94_1321,VGND,li1,301.9900,266.8510,0.000000
TAP_TAPCELL_ROW_94_1320,VGND,li1,276.2300,266.8510,0.000000
TAP_TAPCELL_ROW_94_1319,VGND,li1,250.4700,266.8510,0.000000
TAP_TAPCELL_ROW_94_1318,VGND,li1,224.7100,266.8510,0.000000
TAP_TAPCELL_ROW_94_1317,VGND,li1,198.9500,266.8510,0.000000
TAP_TAPCELL_ROW_94_1316,VGND,li1,173.1900,266.8510,0.000000
TAP_TAPCELL_ROW_94_1315,VGND,li1,147.4300,266.8510,0.000000
TAP_TAPCELL_ROW_94_1314,VGND,li1,121.6700,266.8510,0.000000
TAP_TAPCELL_ROW_94_1313,VGND,li1,95.9100,266.8510,0.000000
TAP_TAPCELL_ROW_94_1312,VGND,li1,70.1500,266.8510,0.000000
TAP_TAPCELL_ROW_94_1311,VGND,li1,44.3900,266.8510,0.000000
TAP_TAPCELL_ROW_94_1310,VGND,li1,18.6300,266.8510,0.000000
TAP_TAPCELL_ROW_93_1309,VGND,li1,289.1100,266.2680,0.000000
TAP_TAPCELL_ROW_93_1308,VGND,li1,263.3500,266.2680,0.000000
TAP_TAPCELL_ROW_93_1307,VGND,li1,237.5900,266.2680,0.000000
TAP_TAPCELL_ROW_93_1306,VGND,li1,211.8300,266.2680,0.000000
TAP_TAPCELL_ROW_93_1305,VGND,li1,186.0700,266.2680,0.000000
TAP_TAPCELL_ROW_93_1304,VGND,li1,160.3100,266.2680,0.000000
TAP_TAPCELL_ROW_93_1303,VGND,li1,134.5500,266.2680,0.000000
TAP_TAPCELL_ROW_93_1302,VGND,li1,108.7900,266.2680,0.000000
TAP_TAPCELL_ROW_93_1301,VGND,li1,83.0300,266.2680,0.000000
TAP_TAPCELL_ROW_93_1300,VGND,li1,57.2700,266.2680,0.000000
TAP_TAPCELL_ROW_93_1299,VGND,li1,31.5100,266.2680,0.000000
TAP_TAPCELL_ROW_92_1298,VGND,li1,301.9900,261.4110,0.000000
TAP_TAPCELL_ROW_92_1297,VGND,li1,276.2300,261.4110,0.000000
TAP_TAPCELL_ROW_92_1296,VGND,li1,250.4700,261.4110,0.000000
TAP_TAPCELL_ROW_92_1295,VGND,li1,224.7100,261.4110,0.000000
TAP_TAPCELL_ROW_92_1294,VGND,li1,198.9500,261.4110,0.000000
TAP_TAPCELL_ROW_92_1293,VGND,li1,173.1900,261.4110,0.000000
TAP_TAPCELL_ROW_92_1292,VGND,li1,147.4300,261.4110,0.000000
TAP_TAPCELL_ROW_92_1291,VGND,li1,121.6700,261.4110,0.000000
TAP_TAPCELL_ROW_92_1290,VGND,li1,95.9100,261.4110,0.000000
TAP_TAPCELL_ROW_92_1289,VGND,li1,70.1500,261.4110,0.000000
TAP_TAPCELL_ROW_92_1288,VGND,li1,44.3900,261.4110,0.000000
TAP_TAPCELL_ROW_92_1287,VGND,li1,18.6300,261.4110,0.000000
TAP_TAPCELL_ROW_91_1286,VGND,li1,289.1100,260.8280,0.000000
TAP_TAPCELL_ROW_91_1285,VGND,li1,263.3500,260.8280,0.000000
TAP_TAPCELL_ROW_91_1284,VGND,li1,237.5900,260.8280,0.000000
TAP_TAPCELL_ROW_91_1283,VGND,li1,211.8300,260.8280,0.000000
TAP_TAPCELL_ROW_91_1282,VGND,li1,186.0700,260.8280,0.000000
TAP_TAPCELL_ROW_91_1281,VGND,li1,160.3100,260.8280,0.000000
TAP_TAPCELL_ROW_91_1280,VGND,li1,134.5500,260.8280,0.000000
TAP_TAPCELL_ROW_91_1279,VGND,li1,108.7900,260.8280,0.000000
TAP_TAPCELL_ROW_91_1278,VGND,li1,83.0300,260.8280,0.000000
TAP_TAPCELL_ROW_91_1277,VGND,li1,57.2700,260.8280,0.000000
TAP_TAPCELL_ROW_91_1276,VGND,li1,31.5100,260.8280,0.000000
TAP_TAPCELL_ROW_90_1275,VGND,li1,301.9900,255.9710,0.000000
TAP_TAPCELL_ROW_90_1274,VGND,li1,276.2300,255.9710,0.000000
TAP_TAPCELL_ROW_90_1273,VGND,li1,250.4700,255.9710,0.000000
TAP_TAPCELL_ROW_90_1272,VGND,li1,224.7100,255.9710,0.000000
TAP_TAPCELL_ROW_90_1271,VGND,li1,198.9500,255.9710,0.000000
TAP_TAPCELL_ROW_90_1270,VGND,li1,173.1900,255.9710,0.000000
TAP_TAPCELL_ROW_90_1269,VGND,li1,147.4300,255.9710,0.000000
TAP_TAPCELL_ROW_90_1268,VGND,li1,121.6700,255.9710,0.000000
TAP_TAPCELL_ROW_90_1267,VGND,li1,95.9100,255.9710,0.000000
TAP_TAPCELL_ROW_90_1266,VGND,li1,70.1500,255.9710,0.000000
TAP_TAPCELL_ROW_90_1265,VGND,li1,44.3900,255.9710,0.000000
TAP_TAPCELL_ROW_90_1264,VGND,li1,18.6300,255.9710,0.000000
TAP_TAPCELL_ROW_89_1263,VGND,li1,289.1100,255.3880,0.000000
TAP_TAPCELL_ROW_89_1262,VGND,li1,263.3500,255.3880,0.000000
TAP_TAPCELL_ROW_89_1261,VGND,li1,237.5900,255.3880,0.000000
TAP_TAPCELL_ROW_89_1260,VGND,li1,211.8300,255.3880,0.000000
TAP_TAPCELL_ROW_89_1259,VGND,li1,186.0700,255.3880,0.000000
TAP_TAPCELL_ROW_89_1258,VGND,li1,160.3100,255.3880,0.000000
TAP_TAPCELL_ROW_89_1257,VGND,li1,134.5500,255.3880,0.000000
TAP_TAPCELL_ROW_89_1256,VGND,li1,108.7900,255.3880,0.000000
TAP_TAPCELL_ROW_89_1255,VGND,li1,83.0300,255.3880,0.000000
TAP_TAPCELL_ROW_89_1254,VGND,li1,57.2700,255.3880,0.000000
TAP_TAPCELL_ROW_89_1253,VGND,li1,31.5100,255.3880,0.000000
TAP_TAPCELL_ROW_88_1252,VGND,li1,301.9900,250.5310,0.000000
TAP_TAPCELL_ROW_88_1251,VGND,li1,276.2300,250.5310,0.000000
TAP_TAPCELL_ROW_88_1250,VGND,li1,250.4700,250.5310,0.000000
TAP_TAPCELL_ROW_88_1249,VGND,li1,224.7100,250.5310,0.000000
TAP_TAPCELL_ROW_88_1248,VGND,li1,198.9500,250.5310,0.000000
TAP_TAPCELL_ROW_88_1247,VGND,li1,173.1900,250.5310,0.000000
TAP_TAPCELL_ROW_88_1246,VGND,li1,147.4300,250.5310,0.000000
TAP_TAPCELL_ROW_88_1245,VGND,li1,121.6700,250.5310,0.000000
TAP_TAPCELL_ROW_88_1244,VGND,li1,95.9100,250.5310,0.000000
TAP_TAPCELL_ROW_88_1243,VGND,li1,70.1500,250.5310,0.000000
TAP_TAPCELL_ROW_88_1242,VGND,li1,44.3900,250.5310,0.000000
TAP_TAPCELL_ROW_88_1241,VGND,li1,18.6300,250.5310,0.000000
TAP_TAPCELL_ROW_87_1240,VGND,li1,289.1100,249.9480,0.000000
TAP_TAPCELL_ROW_87_1239,VGND,li1,263.3500,249.9480,0.000000
TAP_TAPCELL_ROW_87_1238,VGND,li1,237.5900,249.9480,0.000000
TAP_TAPCELL_ROW_87_1237,VGND,li1,211.8300,249.9480,0.000000
TAP_TAPCELL_ROW_87_1236,VGND,li1,186.0700,249.9480,0.000000
TAP_TAPCELL_ROW_87_1235,VGND,li1,160.3100,249.9480,0.000000
TAP_TAPCELL_ROW_87_1234,VGND,li1,134.5500,249.9480,0.000000
TAP_TAPCELL_ROW_87_1233,VGND,li1,108.7900,249.9480,0.000000
TAP_TAPCELL_ROW_87_1232,VGND,li1,83.0300,249.9480,0.000000
TAP_TAPCELL_ROW_87_1231,VGND,li1,57.2700,249.9480,0.000000
TAP_TAPCELL_ROW_87_1230,VGND,li1,31.5100,249.9480,0.000000
TAP_TAPCELL_ROW_86_1229,VGND,li1,301.9900,245.0910,0.000000
TAP_TAPCELL_ROW_86_1228,VGND,li1,276.2300,245.0910,0.000000
TAP_TAPCELL_ROW_86_1227,VGND,li1,250.4700,245.0910,0.000000
TAP_TAPCELL_ROW_86_1226,VGND,li1,224.7100,245.0910,0.000000
TAP_TAPCELL_ROW_86_1225,VGND,li1,198.9500,245.0910,0.000000
TAP_TAPCELL_ROW_86_1224,VGND,li1,173.1900,245.0910,0.000000
TAP_TAPCELL_ROW_86_1223,VGND,li1,147.4300,245.0910,0.000000
TAP_TAPCELL_ROW_86_1222,VGND,li1,121.6700,245.0910,0.000000
TAP_TAPCELL_ROW_86_1221,VGND,li1,95.9100,245.0910,0.000000
TAP_TAPCELL_ROW_86_1220,VGND,li1,70.1500,245.0910,0.000000
TAP_TAPCELL_ROW_86_1219,VGND,li1,44.3900,245.0910,0.000000
TAP_TAPCELL_ROW_86_1218,VGND,li1,18.6300,245.0910,0.000000
TAP_TAPCELL_ROW_85_1217,VGND,li1,289.1100,244.5080,0.000000
TAP_TAPCELL_ROW_85_1216,VGND,li1,263.3500,244.5080,0.000000
TAP_TAPCELL_ROW_85_1215,VGND,li1,237.5900,244.5080,0.000000
TAP_TAPCELL_ROW_85_1214,VGND,li1,211.8300,244.5080,0.000000
TAP_TAPCELL_ROW_85_1213,VGND,li1,186.0700,244.5080,0.000000
TAP_TAPCELL_ROW_85_1212,VGND,li1,160.3100,244.5080,0.000000
TAP_TAPCELL_ROW_85_1211,VGND,li1,134.5500,244.5080,0.000000
TAP_TAPCELL_ROW_85_1210,VGND,li1,108.7900,244.5080,0.000000
TAP_TAPCELL_ROW_85_1209,VGND,li1,83.0300,244.5080,0.000000
TAP_TAPCELL_ROW_85_1208,VGND,li1,57.2700,244.5080,0.000000
TAP_TAPCELL_ROW_85_1207,VGND,li1,31.5100,244.5080,0.000000
TAP_TAPCELL_ROW_84_1206,VGND,li1,301.9900,239.6510,0.000000
TAP_TAPCELL_ROW_84_1205,VGND,li1,276.2300,239.6510,0.000000
TAP_TAPCELL_ROW_84_1204,VGND,li1,250.4700,239.6510,0.000000
TAP_TAPCELL_ROW_84_1203,VGND,li1,224.7100,239.6510,0.000000
TAP_TAPCELL_ROW_84_1202,VGND,li1,198.9500,239.6510,0.000000
TAP_TAPCELL_ROW_84_1201,VGND,li1,173.1900,239.6510,0.000000
TAP_TAPCELL_ROW_84_1200,VGND,li1,147.4300,239.6510,0.000000
TAP_TAPCELL_ROW_84_1199,VGND,li1,121.6700,239.6510,0.000000
TAP_TAPCELL_ROW_84_1198,VGND,li1,95.9100,239.6510,0.000000
TAP_TAPCELL_ROW_84_1197,VGND,li1,70.1500,239.6510,0.000000
TAP_TAPCELL_ROW_84_1196,VGND,li1,44.3900,239.6510,0.000000
TAP_TAPCELL_ROW_84_1195,VGND,li1,18.6300,239.6510,0.000000
TAP_TAPCELL_ROW_83_1194,VGND,li1,289.1100,239.0680,0.000000
TAP_TAPCELL_ROW_83_1193,VGND,li1,263.3500,239.0680,0.000000
TAP_TAPCELL_ROW_83_1192,VGND,li1,237.5900,239.0680,0.000000
TAP_TAPCELL_ROW_83_1191,VGND,li1,211.8300,239.0680,0.000000
TAP_TAPCELL_ROW_83_1190,VGND,li1,186.0700,239.0680,0.000000
TAP_TAPCELL_ROW_83_1189,VGND,li1,160.3100,239.0680,0.000000
TAP_TAPCELL_ROW_83_1188,VGND,li1,134.5500,239.0680,0.000000
TAP_TAPCELL_ROW_83_1187,VGND,li1,108.7900,239.0680,0.000000
TAP_TAPCELL_ROW_83_1186,VGND,li1,83.0300,239.0680,0.000000
TAP_TAPCELL_ROW_83_1185,VGND,li1,57.2700,239.0680,0.000000
TAP_TAPCELL_ROW_83_1184,VGND,li1,31.5100,239.0680,0.000000
TAP_TAPCELL_ROW_82_1183,VGND,li1,301.9900,234.2110,0.000000
TAP_TAPCELL_ROW_82_1182,VGND,li1,276.2300,234.2110,0.000000
TAP_TAPCELL_ROW_82_1181,VGND,li1,250.4700,234.2110,0.000000
TAP_TAPCELL_ROW_82_1180,VGND,li1,224.7100,234.2110,0.000000
TAP_TAPCELL_ROW_82_1179,VGND,li1,198.9500,234.2110,0.000000
TAP_TAPCELL_ROW_82_1178,VGND,li1,173.1900,234.2110,0.000000
TAP_TAPCELL_ROW_82_1177,VGND,li1,147.4300,234.2110,0.000000
TAP_TAPCELL_ROW_82_1176,VGND,li1,121.6700,234.2110,0.000000
TAP_TAPCELL_ROW_82_1175,VGND,li1,95.9100,234.2110,0.000000
TAP_TAPCELL_ROW_82_1174,VGND,li1,70.1500,234.2110,0.000000
TAP_TAPCELL_ROW_82_1173,VGND,li1,44.3900,234.2110,0.000000
TAP_TAPCELL_ROW_82_1172,VGND,li1,18.6300,234.2110,0.000000
TAP_TAPCELL_ROW_81_1171,VGND,li1,289.1100,233.6280,0.000000
TAP_TAPCELL_ROW_81_1170,VGND,li1,263.3500,233.6280,0.000000
TAP_TAPCELL_ROW_81_1169,VGND,li1,237.5900,233.6280,0.000000
TAP_TAPCELL_ROW_81_1168,VGND,li1,211.8300,233.6280,0.000000
TAP_TAPCELL_ROW_81_1167,VGND,li1,186.0700,233.6280,0.000000
TAP_TAPCELL_ROW_81_1166,VGND,li1,160.3100,233.6280,0.000000
TAP_TAPCELL_ROW_81_1165,VGND,li1,134.5500,233.6280,0.000000
TAP_TAPCELL_ROW_81_1164,VGND,li1,108.7900,233.6280,0.000000
TAP_TAPCELL_ROW_81_1163,VGND,li1,83.0300,233.6280,0.000000
TAP_TAPCELL_ROW_81_1162,VGND,li1,57.2700,233.6280,0.000000
TAP_TAPCELL_ROW_81_1161,VGND,li1,31.5100,233.6280,0.000000
TAP_TAPCELL_ROW_80_1160,VGND,li1,301.9900,228.7710,0.000000
TAP_TAPCELL_ROW_80_1159,VGND,li1,276.2300,228.7710,0.000000
TAP_TAPCELL_ROW_80_1158,VGND,li1,250.4700,228.7710,0.000000
TAP_TAPCELL_ROW_80_1157,VGND,li1,224.7100,228.7710,0.000000
TAP_TAPCELL_ROW_80_1156,VGND,li1,198.9500,228.7710,0.000000
TAP_TAPCELL_ROW_80_1155,VGND,li1,173.1900,228.7710,0.000000
TAP_TAPCELL_ROW_80_1154,VGND,li1,147.4300,228.7710,0.000000
TAP_TAPCELL_ROW_80_1153,VGND,li1,121.6700,228.7710,0.000000
TAP_TAPCELL_ROW_80_1152,VGND,li1,95.9100,228.7710,0.000000
TAP_TAPCELL_ROW_80_1151,VGND,li1,70.1500,228.7710,0.000000
TAP_TAPCELL_ROW_80_1150,VGND,li1,44.3900,228.7710,0.000000
TAP_TAPCELL_ROW_80_1149,VGND,li1,18.6300,228.7710,0.000000
TAP_TAPCELL_ROW_79_1148,VGND,li1,289.1100,228.1880,0.000000
TAP_TAPCELL_ROW_79_1147,VGND,li1,263.3500,228.1880,0.000000
TAP_TAPCELL_ROW_79_1146,VGND,li1,237.5900,228.1880,0.000000
TAP_TAPCELL_ROW_79_1145,VGND,li1,211.8300,228.1880,0.000000
TAP_TAPCELL_ROW_79_1144,VGND,li1,186.0700,228.1880,0.000000
TAP_TAPCELL_ROW_79_1143,VGND,li1,160.3100,228.1880,0.000000
TAP_TAPCELL_ROW_79_1142,VGND,li1,134.5500,228.1880,0.000000
TAP_TAPCELL_ROW_79_1141,VGND,li1,108.7900,228.1880,0.000000
TAP_TAPCELL_ROW_79_1140,VGND,li1,83.0300,228.1880,0.000000
TAP_TAPCELL_ROW_79_1139,VGND,li1,57.2700,228.1880,0.000000
TAP_TAPCELL_ROW_79_1138,VGND,li1,31.5100,228.1880,0.000000
TAP_TAPCELL_ROW_78_1137,VGND,li1,301.9900,223.3310,0.000000
TAP_TAPCELL_ROW_78_1136,VGND,li1,276.2300,223.3310,0.000000
TAP_TAPCELL_ROW_78_1135,VGND,li1,250.4700,223.3310,0.000000
TAP_TAPCELL_ROW_78_1134,VGND,li1,224.7100,223.3310,0.000000
TAP_TAPCELL_ROW_78_1133,VGND,li1,198.9500,223.3310,0.000000
TAP_TAPCELL_ROW_78_1132,VGND,li1,173.1900,223.3310,0.000000
TAP_TAPCELL_ROW_78_1131,VGND,li1,147.4300,223.3310,0.000000
TAP_TAPCELL_ROW_78_1130,VGND,li1,121.6700,223.3310,0.000000
TAP_TAPCELL_ROW_78_1129,VGND,li1,95.9100,223.3310,0.000000
TAP_TAPCELL_ROW_78_1128,VGND,li1,70.1500,223.3310,0.000000
TAP_TAPCELL_ROW_78_1127,VGND,li1,44.3900,223.3310,0.000000
TAP_TAPCELL_ROW_78_1126,VGND,li1,18.6300,223.3310,0.000000
TAP_TAPCELL_ROW_77_1125,VGND,li1,289.1100,222.7480,0.000000
TAP_TAPCELL_ROW_77_1124,VGND,li1,263.3500,222.7480,0.000000
TAP_TAPCELL_ROW_77_1123,VGND,li1,237.5900,222.7480,0.000000
TAP_TAPCELL_ROW_77_1122,VGND,li1,211.8300,222.7480,0.000000
TAP_TAPCELL_ROW_77_1121,VGND,li1,186.0700,222.7480,0.000000
TAP_TAPCELL_ROW_77_1120,VGND,li1,160.3100,222.7480,0.000000
TAP_TAPCELL_ROW_77_1119,VGND,li1,134.5500,222.7480,0.000000
TAP_TAPCELL_ROW_77_1118,VGND,li1,108.7900,222.7480,0.000000
TAP_TAPCELL_ROW_77_1117,VGND,li1,83.0300,222.7480,0.000000
TAP_TAPCELL_ROW_77_1116,VGND,li1,57.2700,222.7480,0.000000
TAP_TAPCELL_ROW_77_1115,VGND,li1,31.5100,222.7480,0.000000
TAP_TAPCELL_ROW_76_1114,VGND,li1,301.9900,217.8910,0.000000
TAP_TAPCELL_ROW_76_1113,VGND,li1,276.2300,217.8910,0.000000
TAP_TAPCELL_ROW_76_1112,VGND,li1,250.4700,217.8910,0.000000
TAP_TAPCELL_ROW_76_1111,VGND,li1,224.7100,217.8910,0.000000
TAP_TAPCELL_ROW_76_1110,VGND,li1,198.9500,217.8910,0.000000
TAP_TAPCELL_ROW_76_1109,VGND,li1,173.1900,217.8910,0.000000
TAP_TAPCELL_ROW_76_1108,VGND,li1,147.4300,217.8910,0.000000
TAP_TAPCELL_ROW_76_1107,VGND,li1,121.6700,217.8910,0.000000
TAP_TAPCELL_ROW_76_1106,VGND,li1,95.9100,217.8910,0.000000
TAP_TAPCELL_ROW_76_1105,VGND,li1,70.1500,217.8910,0.000000
TAP_TAPCELL_ROW_76_1104,VGND,li1,44.3900,217.8910,0.000000
TAP_TAPCELL_ROW_76_1103,VGND,li1,18.6300,217.8910,0.000000
TAP_TAPCELL_ROW_75_1102,VGND,li1,289.1100,217.3080,0.000000
TAP_TAPCELL_ROW_75_1101,VGND,li1,263.3500,217.3080,0.000000
TAP_TAPCELL_ROW_75_1100,VGND,li1,237.5900,217.3080,0.000000
TAP_TAPCELL_ROW_75_1099,VGND,li1,211.8300,217.3080,0.000000
TAP_TAPCELL_ROW_75_1098,VGND,li1,186.0700,217.3080,0.000000
TAP_TAPCELL_ROW_75_1097,VGND,li1,160.3100,217.3080,0.000000
TAP_TAPCELL_ROW_75_1096,VGND,li1,134.5500,217.3080,0.000000
TAP_TAPCELL_ROW_75_1095,VGND,li1,108.7900,217.3080,0.000000
TAP_TAPCELL_ROW_75_1094,VGND,li1,83.0300,217.3080,0.000000
TAP_TAPCELL_ROW_75_1093,VGND,li1,57.2700,217.3080,0.000000
TAP_TAPCELL_ROW_75_1092,VGND,li1,31.5100,217.3080,0.000000
TAP_TAPCELL_ROW_74_1091,VGND,li1,301.9900,212.4510,0.000000
TAP_TAPCELL_ROW_74_1090,VGND,li1,276.2300,212.4510,0.000000
TAP_TAPCELL_ROW_74_1089,VGND,li1,250.4700,212.4510,0.000000
TAP_TAPCELL_ROW_74_1088,VGND,li1,224.7100,212.4510,0.000000
TAP_TAPCELL_ROW_74_1087,VGND,li1,198.9500,212.4510,0.000000
TAP_TAPCELL_ROW_74_1086,VGND,li1,173.1900,212.4510,0.000000
TAP_TAPCELL_ROW_74_1085,VGND,li1,147.4300,212.4510,0.000000
TAP_TAPCELL_ROW_74_1084,VGND,li1,121.6700,212.4510,0.000000
TAP_TAPCELL_ROW_74_1083,VGND,li1,95.9100,212.4510,0.000000
TAP_TAPCELL_ROW_74_1082,VGND,li1,70.1500,212.4510,0.000000
TAP_TAPCELL_ROW_74_1081,VGND,li1,44.3900,212.4510,0.000000
TAP_TAPCELL_ROW_74_1080,VGND,li1,18.6300,212.4510,0.000000
TAP_TAPCELL_ROW_73_1079,VGND,li1,289.1100,211.8680,0.000000
TAP_TAPCELL_ROW_73_1078,VGND,li1,263.3500,211.8680,0.000000
TAP_TAPCELL_ROW_73_1077,VGND,li1,237.5900,211.8680,0.000000
TAP_TAPCELL_ROW_73_1076,VGND,li1,211.8300,211.8680,0.000000
TAP_TAPCELL_ROW_73_1075,VGND,li1,186.0700,211.8680,0.000000
TAP_TAPCELL_ROW_73_1074,VGND,li1,160.3100,211.8680,0.000000
TAP_TAPCELL_ROW_73_1073,VGND,li1,134.5500,211.8680,0.000000
TAP_TAPCELL_ROW_73_1072,VGND,li1,108.7900,211.8680,0.000000
TAP_TAPCELL_ROW_73_1071,VGND,li1,83.0300,211.8680,0.000000
TAP_TAPCELL_ROW_73_1070,VGND,li1,57.2700,211.8680,0.000000
TAP_TAPCELL_ROW_73_1069,VGND,li1,31.5100,211.8680,0.000000
TAP_TAPCELL_ROW_72_1068,VGND,li1,301.9900,207.0110,0.000000
TAP_TAPCELL_ROW_72_1067,VGND,li1,276.2300,207.0110,0.000000
TAP_TAPCELL_ROW_72_1066,VGND,li1,250.4700,207.0110,0.000000
TAP_TAPCELL_ROW_72_1065,VGND,li1,224.7100,207.0110,0.000000
TAP_TAPCELL_ROW_72_1064,VGND,li1,198.9500,207.0110,0.000000
TAP_TAPCELL_ROW_72_1063,VGND,li1,173.1900,207.0110,0.000000
TAP_TAPCELL_ROW_72_1062,VGND,li1,147.4300,207.0110,0.000000
TAP_TAPCELL_ROW_72_1061,VGND,li1,121.6700,207.0110,0.000000
TAP_TAPCELL_ROW_72_1060,VGND,li1,95.9100,207.0110,0.000000
TAP_TAPCELL_ROW_72_1059,VGND,li1,70.1500,207.0110,0.000000
TAP_TAPCELL_ROW_72_1058,VGND,li1,44.3900,207.0110,0.000000
TAP_TAPCELL_ROW_72_1057,VGND,li1,18.6300,207.0110,0.000000
TAP_TAPCELL_ROW_71_1056,VGND,li1,289.1100,206.4280,0.000000
TAP_TAPCELL_ROW_71_1055,VGND,li1,263.3500,206.4280,0.000000
TAP_TAPCELL_ROW_71_1054,VGND,li1,237.5900,206.4280,0.000000
TAP_TAPCELL_ROW_71_1053,VGND,li1,211.8300,206.4280,0.000000
TAP_TAPCELL_ROW_71_1052,VGND,li1,186.0700,206.4280,0.000000
TAP_TAPCELL_ROW_71_1051,VGND,li1,160.3100,206.4280,0.000000
TAP_TAPCELL_ROW_71_1050,VGND,li1,134.5500,206.4280,0.000000
TAP_TAPCELL_ROW_71_1049,VGND,li1,108.7900,206.4280,0.000000
TAP_TAPCELL_ROW_71_1048,VGND,li1,83.0300,206.4280,0.000000
TAP_TAPCELL_ROW_71_1047,VGND,li1,57.2700,206.4280,0.000000
TAP_TAPCELL_ROW_71_1046,VGND,li1,31.5100,206.4280,0.000000
TAP_TAPCELL_ROW_70_1045,VGND,li1,301.9900,201.5710,0.000000
TAP_TAPCELL_ROW_70_1044,VGND,li1,276.2300,201.5710,0.000000
TAP_TAPCELL_ROW_70_1043,VGND,li1,250.4700,201.5710,0.000000
TAP_TAPCELL_ROW_70_1042,VGND,li1,224.7100,201.5710,0.000000
TAP_TAPCELL_ROW_70_1041,VGND,li1,198.9500,201.5710,0.000000
TAP_TAPCELL_ROW_70_1040,VGND,li1,173.1900,201.5710,0.000000
TAP_TAPCELL_ROW_70_1039,VGND,li1,147.4300,201.5710,0.000000
TAP_TAPCELL_ROW_70_1038,VGND,li1,121.6700,201.5710,0.000000
TAP_TAPCELL_ROW_70_1037,VGND,li1,95.9100,201.5710,0.000000
TAP_TAPCELL_ROW_70_1036,VGND,li1,70.1500,201.5710,0.000000
TAP_TAPCELL_ROW_70_1035,VGND,li1,44.3900,201.5710,0.000000
TAP_TAPCELL_ROW_70_1034,VGND,li1,18.6300,201.5710,0.000000
TAP_TAPCELL_ROW_69_1033,VGND,li1,289.1100,200.9880,0.000000
TAP_TAPCELL_ROW_69_1032,VGND,li1,263.3500,200.9880,0.000000
TAP_TAPCELL_ROW_69_1031,VGND,li1,237.5900,200.9880,0.000000
TAP_TAPCELL_ROW_69_1030,VGND,li1,211.8300,200.9880,0.000000
TAP_TAPCELL_ROW_69_1029,VGND,li1,186.0700,200.9880,0.000000
TAP_TAPCELL_ROW_69_1028,VGND,li1,160.3100,200.9880,0.000000
TAP_TAPCELL_ROW_69_1027,VGND,li1,134.5500,200.9880,0.000000
TAP_TAPCELL_ROW_69_1026,VGND,li1,108.7900,200.9880,0.000000
TAP_TAPCELL_ROW_69_1025,VGND,li1,83.0300,200.9880,0.000000
TAP_TAPCELL_ROW_69_1024,VGND,li1,57.2700,200.9880,0.000000
TAP_TAPCELL_ROW_69_1023,VGND,li1,31.5100,200.9880,0.000000
TAP_TAPCELL_ROW_68_1022,VGND,li1,301.9900,196.1310,0.000000
TAP_TAPCELL_ROW_68_1021,VGND,li1,276.2300,196.1310,0.000000
TAP_TAPCELL_ROW_68_1020,VGND,li1,250.4700,196.1310,0.000000
TAP_TAPCELL_ROW_68_1019,VGND,li1,224.7100,196.1310,0.000000
TAP_TAPCELL_ROW_68_1018,VGND,li1,198.9500,196.1310,0.000000
TAP_TAPCELL_ROW_68_1017,VGND,li1,173.1900,196.1310,0.000000
TAP_TAPCELL_ROW_68_1016,VGND,li1,147.4300,196.1310,0.000000
TAP_TAPCELL_ROW_68_1015,VGND,li1,121.6700,196.1310,0.000000
TAP_TAPCELL_ROW_68_1014,VGND,li1,95.9100,196.1310,0.000000
TAP_TAPCELL_ROW_68_1013,VGND,li1,70.1500,196.1310,0.000000
TAP_TAPCELL_ROW_68_1012,VGND,li1,44.3900,196.1310,0.000000
TAP_TAPCELL_ROW_68_1011,VGND,li1,18.6300,196.1310,0.000000
TAP_TAPCELL_ROW_67_1010,VGND,li1,289.1100,195.5480,0.000000
TAP_TAPCELL_ROW_67_1009,VGND,li1,263.3500,195.5480,0.000000
TAP_TAPCELL_ROW_67_1008,VGND,li1,237.5900,195.5480,0.000000
TAP_TAPCELL_ROW_67_1007,VGND,li1,211.8300,195.5480,0.000000
TAP_TAPCELL_ROW_67_1006,VGND,li1,186.0700,195.5480,0.000000
TAP_TAPCELL_ROW_67_1005,VGND,li1,160.3100,195.5480,0.000000
TAP_TAPCELL_ROW_67_1004,VGND,li1,134.5500,195.5480,0.000000
TAP_TAPCELL_ROW_67_1003,VGND,li1,108.7900,195.5480,0.000000
TAP_TAPCELL_ROW_67_1002,VGND,li1,83.0300,195.5480,0.000000
TAP_TAPCELL_ROW_67_1001,VGND,li1,57.2700,195.5480,0.000000
TAP_TAPCELL_ROW_67_1000,VGND,li1,31.5100,195.5480,0.000000
TAP_TAPCELL_ROW_66_999,VGND,li1,301.9900,190.6910,0.000000
TAP_TAPCELL_ROW_66_998,VGND,li1,276.2300,190.6910,0.000000
TAP_TAPCELL_ROW_66_997,VGND,li1,250.4700,190.6910,0.000000
TAP_TAPCELL_ROW_66_996,VGND,li1,224.7100,190.6910,0.000000
TAP_TAPCELL_ROW_66_995,VGND,li1,198.9500,190.6910,0.000000
TAP_TAPCELL_ROW_66_994,VGND,li1,173.1900,190.6910,0.000000
TAP_TAPCELL_ROW_66_993,VGND,li1,147.4300,190.6910,0.000000
TAP_TAPCELL_ROW_66_992,VGND,li1,121.6700,190.6910,0.000000
TAP_TAPCELL_ROW_66_991,VGND,li1,95.9100,190.6910,0.000000
TAP_TAPCELL_ROW_66_990,VGND,li1,70.1500,190.6910,0.000000
TAP_TAPCELL_ROW_66_989,VGND,li1,44.3900,190.6910,0.000000
TAP_TAPCELL_ROW_66_988,VGND,li1,18.6300,190.6910,0.000000
TAP_TAPCELL_ROW_65_987,VGND,li1,289.1100,190.1080,0.000000
TAP_TAPCELL_ROW_65_986,VGND,li1,263.3500,190.1080,0.000000
TAP_TAPCELL_ROW_65_985,VGND,li1,237.5900,190.1080,0.000000
TAP_TAPCELL_ROW_65_984,VGND,li1,211.8300,190.1080,0.000000
TAP_TAPCELL_ROW_65_983,VGND,li1,186.0700,190.1080,0.000000
TAP_TAPCELL_ROW_65_982,VGND,li1,160.3100,190.1080,0.000000
TAP_TAPCELL_ROW_65_981,VGND,li1,134.5500,190.1080,0.000000
TAP_TAPCELL_ROW_65_980,VGND,li1,108.7900,190.1080,0.000000
TAP_TAPCELL_ROW_65_979,VGND,li1,83.0300,190.1080,0.000000
TAP_TAPCELL_ROW_65_978,VGND,li1,57.2700,190.1080,0.000000
TAP_TAPCELL_ROW_65_977,VGND,li1,31.5100,190.1080,0.000000
TAP_TAPCELL_ROW_64_976,VGND,li1,301.9900,185.2510,0.000000
TAP_TAPCELL_ROW_64_975,VGND,li1,276.2300,185.2510,0.000000
TAP_TAPCELL_ROW_64_974,VGND,li1,250.4700,185.2510,0.000000
TAP_TAPCELL_ROW_64_973,VGND,li1,224.7100,185.2510,0.000000
TAP_TAPCELL_ROW_64_972,VGND,li1,198.9500,185.2510,0.000000
TAP_TAPCELL_ROW_64_971,VGND,li1,173.1900,185.2510,0.000000
TAP_TAPCELL_ROW_64_970,VGND,li1,147.4300,185.2510,0.000000
TAP_TAPCELL_ROW_64_969,VGND,li1,121.6700,185.2510,0.000000
TAP_TAPCELL_ROW_64_968,VGND,li1,95.9100,185.2510,0.000000
TAP_TAPCELL_ROW_64_967,VGND,li1,70.1500,185.2510,0.000000
TAP_TAPCELL_ROW_64_966,VGND,li1,44.3900,185.2510,0.000000
TAP_TAPCELL_ROW_64_965,VGND,li1,18.6300,185.2510,0.000000
TAP_TAPCELL_ROW_63_964,VGND,li1,289.1100,184.6680,0.000000
TAP_TAPCELL_ROW_63_963,VGND,li1,263.3500,184.6680,0.000000
TAP_TAPCELL_ROW_63_962,VGND,li1,237.5900,184.6680,0.000000
TAP_TAPCELL_ROW_63_961,VGND,li1,211.8300,184.6680,0.000000
TAP_TAPCELL_ROW_63_960,VGND,li1,186.0700,184.6680,0.000000
TAP_TAPCELL_ROW_63_959,VGND,li1,160.3100,184.6680,0.000000
TAP_TAPCELL_ROW_63_958,VGND,li1,134.5500,184.6680,0.000000
TAP_TAPCELL_ROW_63_957,VGND,li1,108.7900,184.6680,0.000000
TAP_TAPCELL_ROW_63_956,VGND,li1,83.0300,184.6680,0.000000
TAP_TAPCELL_ROW_63_955,VGND,li1,57.2700,184.6680,0.000000
TAP_TAPCELL_ROW_63_954,VGND,li1,31.5100,184.6680,0.000000
TAP_TAPCELL_ROW_62_953,VGND,li1,301.9900,179.8110,0.000000
TAP_TAPCELL_ROW_62_952,VGND,li1,276.2300,179.8110,0.000000
TAP_TAPCELL_ROW_62_951,VGND,li1,250.4700,179.8110,0.000000
TAP_TAPCELL_ROW_62_950,VGND,li1,224.7100,179.8110,0.000000
TAP_TAPCELL_ROW_62_949,VGND,li1,198.9500,179.8110,0.000000
TAP_TAPCELL_ROW_62_948,VGND,li1,173.1900,179.8110,0.000000
TAP_TAPCELL_ROW_62_947,VGND,li1,147.4300,179.8110,0.000000
TAP_TAPCELL_ROW_62_946,VGND,li1,121.6700,179.8110,0.000000
TAP_TAPCELL_ROW_62_945,VGND,li1,95.9100,179.8110,0.000000
TAP_TAPCELL_ROW_62_944,VGND,li1,70.1500,179.8110,0.000000
TAP_TAPCELL_ROW_62_943,VGND,li1,44.3900,179.8110,0.000000
TAP_TAPCELL_ROW_62_942,VGND,li1,18.6300,179.8110,0.000000
TAP_TAPCELL_ROW_61_941,VGND,li1,289.1100,179.2280,0.000000
TAP_TAPCELL_ROW_61_940,VGND,li1,263.3500,179.2280,0.000000
TAP_TAPCELL_ROW_61_939,VGND,li1,237.5900,179.2280,0.000000
TAP_TAPCELL_ROW_61_938,VGND,li1,211.8300,179.2280,0.000000
TAP_TAPCELL_ROW_61_937,VGND,li1,186.0700,179.2280,0.000000
TAP_TAPCELL_ROW_61_936,VGND,li1,160.3100,179.2280,0.000000
TAP_TAPCELL_ROW_61_935,VGND,li1,134.5500,179.2280,0.000000
TAP_TAPCELL_ROW_61_934,VGND,li1,108.7900,179.2280,0.000000
TAP_TAPCELL_ROW_61_933,VGND,li1,83.0300,179.2280,0.000000
TAP_TAPCELL_ROW_61_932,VGND,li1,57.2700,179.2280,0.000000
TAP_TAPCELL_ROW_61_931,VGND,li1,31.5100,179.2280,0.000000
TAP_TAPCELL_ROW_60_930,VGND,li1,301.9900,174.3710,0.000000
TAP_TAPCELL_ROW_60_929,VGND,li1,276.2300,174.3710,0.000000
TAP_TAPCELL_ROW_60_928,VGND,li1,250.4700,174.3710,0.000000
TAP_TAPCELL_ROW_60_927,VGND,li1,224.7100,174.3710,0.000000
TAP_TAPCELL_ROW_60_926,VGND,li1,198.9500,174.3710,0.000000
TAP_TAPCELL_ROW_60_925,VGND,li1,173.1900,174.3710,0.000000
TAP_TAPCELL_ROW_60_924,VGND,li1,147.4300,174.3710,0.000000
TAP_TAPCELL_ROW_60_923,VGND,li1,121.6700,174.3710,0.000000
TAP_TAPCELL_ROW_60_922,VGND,li1,95.9100,174.3710,0.000000
TAP_TAPCELL_ROW_60_921,VGND,li1,70.1500,174.3710,0.000000
TAP_TAPCELL_ROW_60_920,VGND,li1,44.3900,174.3710,0.000000
TAP_TAPCELL_ROW_60_919,VGND,li1,18.6300,174.3710,0.000000
TAP_TAPCELL_ROW_59_918,VGND,li1,289.1100,173.7880,0.000000
TAP_TAPCELL_ROW_59_917,VGND,li1,263.3500,173.7880,0.000000
TAP_TAPCELL_ROW_59_916,VGND,li1,237.5900,173.7880,0.000000
TAP_TAPCELL_ROW_59_915,VGND,li1,211.8300,173.7880,0.000000
TAP_TAPCELL_ROW_59_914,VGND,li1,186.0700,173.7880,0.000000
TAP_TAPCELL_ROW_59_913,VGND,li1,160.3100,173.7880,0.000000
TAP_TAPCELL_ROW_59_912,VGND,li1,134.5500,173.7880,0.000000
TAP_TAPCELL_ROW_59_911,VGND,li1,108.7900,173.7880,0.000000
TAP_TAPCELL_ROW_59_910,VGND,li1,83.0300,173.7880,0.000000
TAP_TAPCELL_ROW_59_909,VGND,li1,57.2700,173.7880,0.000000
TAP_TAPCELL_ROW_59_908,VGND,li1,31.5100,173.7880,0.000000
TAP_TAPCELL_ROW_58_907,VGND,li1,301.9900,168.9310,0.000000
TAP_TAPCELL_ROW_58_906,VGND,li1,276.2300,168.9310,0.000000
TAP_TAPCELL_ROW_58_905,VGND,li1,250.4700,168.9310,0.000000
TAP_TAPCELL_ROW_58_904,VGND,li1,224.7100,168.9310,0.000000
TAP_TAPCELL_ROW_58_903,VGND,li1,198.9500,168.9310,0.000000
TAP_TAPCELL_ROW_58_902,VGND,li1,173.1900,168.9310,0.000000
TAP_TAPCELL_ROW_58_901,VGND,li1,147.4300,168.9310,0.000000
TAP_TAPCELL_ROW_58_900,VGND,li1,121.6700,168.9310,0.000000
TAP_TAPCELL_ROW_58_899,VGND,li1,95.9100,168.9310,0.000000
TAP_TAPCELL_ROW_58_898,VGND,li1,70.1500,168.9310,0.000000
TAP_TAPCELL_ROW_58_897,VGND,li1,44.3900,168.9310,0.000000
TAP_TAPCELL_ROW_58_896,VGND,li1,18.6300,168.9310,0.000000
TAP_TAPCELL_ROW_57_895,VGND,li1,289.1100,168.3480,0.000000
TAP_TAPCELL_ROW_57_894,VGND,li1,263.3500,168.3480,0.000000
TAP_TAPCELL_ROW_57_893,VGND,li1,237.5900,168.3480,0.000000
TAP_TAPCELL_ROW_57_892,VGND,li1,211.8300,168.3480,0.000000
TAP_TAPCELL_ROW_57_891,VGND,li1,186.0700,168.3480,0.000000
TAP_TAPCELL_ROW_57_890,VGND,li1,160.3100,168.3480,0.000000
TAP_TAPCELL_ROW_57_889,VGND,li1,134.5500,168.3480,0.000000
TAP_TAPCELL_ROW_57_888,VGND,li1,108.7900,168.3480,0.000000
TAP_TAPCELL_ROW_57_887,VGND,li1,83.0300,168.3480,0.000000
TAP_TAPCELL_ROW_57_886,VGND,li1,57.2700,168.3480,0.000000
TAP_TAPCELL_ROW_57_885,VGND,li1,31.5100,168.3480,0.000000
TAP_TAPCELL_ROW_56_884,VGND,li1,301.9900,163.4910,0.000000
TAP_TAPCELL_ROW_56_883,VGND,li1,276.2300,163.4910,0.000000
TAP_TAPCELL_ROW_56_882,VGND,li1,250.4700,163.4910,0.000000
TAP_TAPCELL_ROW_56_881,VGND,li1,224.7100,163.4910,0.000000
TAP_TAPCELL_ROW_56_880,VGND,li1,198.9500,163.4910,0.000000
TAP_TAPCELL_ROW_56_879,VGND,li1,173.1900,163.4910,0.000000
TAP_TAPCELL_ROW_56_878,VGND,li1,147.4300,163.4910,0.000000
TAP_TAPCELL_ROW_56_877,VGND,li1,121.6700,163.4910,0.000000
TAP_TAPCELL_ROW_56_876,VGND,li1,95.9100,163.4910,0.000000
TAP_TAPCELL_ROW_56_875,VGND,li1,70.1500,163.4910,0.000000
TAP_TAPCELL_ROW_56_874,VGND,li1,44.3900,163.4910,0.000000
TAP_TAPCELL_ROW_56_873,VGND,li1,18.6300,163.4910,0.000000
TAP_TAPCELL_ROW_55_872,VGND,li1,289.1100,162.9080,0.000000
TAP_TAPCELL_ROW_55_871,VGND,li1,263.3500,162.9080,0.000000
TAP_TAPCELL_ROW_55_870,VGND,li1,237.5900,162.9080,0.000000
TAP_TAPCELL_ROW_55_869,VGND,li1,211.8300,162.9080,0.000000
TAP_TAPCELL_ROW_55_868,VGND,li1,186.0700,162.9080,0.000000
TAP_TAPCELL_ROW_55_867,VGND,li1,160.3100,162.9080,0.000000
TAP_TAPCELL_ROW_55_866,VGND,li1,134.5500,162.9080,0.000000
TAP_TAPCELL_ROW_55_865,VGND,li1,108.7900,162.9080,0.000000
TAP_TAPCELL_ROW_55_864,VGND,li1,83.0300,162.9080,0.000000
TAP_TAPCELL_ROW_55_863,VGND,li1,57.2700,162.9080,0.000000
TAP_TAPCELL_ROW_55_862,VGND,li1,31.5100,162.9080,0.000000
TAP_TAPCELL_ROW_54_861,VGND,li1,301.9900,158.0510,0.000000
TAP_TAPCELL_ROW_54_860,VGND,li1,276.2300,158.0510,0.000000
TAP_TAPCELL_ROW_54_859,VGND,li1,250.4700,158.0510,0.000000
TAP_TAPCELL_ROW_54_858,VGND,li1,224.7100,158.0510,0.000000
TAP_TAPCELL_ROW_54_857,VGND,li1,198.9500,158.0510,0.000000
TAP_TAPCELL_ROW_54_856,VGND,li1,173.1900,158.0510,0.000000
TAP_TAPCELL_ROW_54_855,VGND,li1,147.4300,158.0510,0.000000
TAP_TAPCELL_ROW_54_854,VGND,li1,121.6700,158.0510,0.000000
TAP_TAPCELL_ROW_54_853,VGND,li1,95.9100,158.0510,0.000000
TAP_TAPCELL_ROW_54_852,VGND,li1,70.1500,158.0510,0.000000
TAP_TAPCELL_ROW_54_851,VGND,li1,44.3900,158.0510,0.000000
TAP_TAPCELL_ROW_54_850,VGND,li1,18.6300,158.0510,0.000000
TAP_TAPCELL_ROW_53_849,VGND,li1,289.1100,157.4680,0.000000
TAP_TAPCELL_ROW_53_848,VGND,li1,263.3500,157.4680,0.000000
TAP_TAPCELL_ROW_53_847,VGND,li1,237.5900,157.4680,0.000000
TAP_TAPCELL_ROW_53_846,VGND,li1,211.8300,157.4680,0.000000
TAP_TAPCELL_ROW_53_845,VGND,li1,186.0700,157.4680,0.000000
TAP_TAPCELL_ROW_53_844,VGND,li1,160.3100,157.4680,0.000000
TAP_TAPCELL_ROW_53_843,VGND,li1,134.5500,157.4680,0.000000
TAP_TAPCELL_ROW_53_842,VGND,li1,108.7900,157.4680,0.000000
TAP_TAPCELL_ROW_53_841,VGND,li1,83.0300,157.4680,0.000000
TAP_TAPCELL_ROW_53_840,VGND,li1,57.2700,157.4680,0.000000
TAP_TAPCELL_ROW_53_839,VGND,li1,31.5100,157.4680,0.000000
TAP_TAPCELL_ROW_52_838,VGND,li1,301.9900,152.6110,0.000000
TAP_TAPCELL_ROW_52_837,VGND,li1,276.2300,152.6110,0.000000
TAP_TAPCELL_ROW_52_836,VGND,li1,250.4700,152.6110,0.000000
TAP_TAPCELL_ROW_52_835,VGND,li1,224.7100,152.6110,0.000000
TAP_TAPCELL_ROW_52_834,VGND,li1,198.9500,152.6110,0.000000
TAP_TAPCELL_ROW_52_833,VGND,li1,173.1900,152.6110,0.000000
TAP_TAPCELL_ROW_52_832,VGND,li1,147.4300,152.6110,0.000000
TAP_TAPCELL_ROW_52_831,VGND,li1,121.6700,152.6110,0.000000
TAP_TAPCELL_ROW_52_830,VGND,li1,95.9100,152.6110,0.000000
TAP_TAPCELL_ROW_52_829,VGND,li1,70.1500,152.6110,0.000000
TAP_TAPCELL_ROW_52_828,VGND,li1,44.3900,152.6110,0.000000
TAP_TAPCELL_ROW_52_827,VGND,li1,18.6300,152.6110,0.000000
TAP_TAPCELL_ROW_51_826,VGND,li1,289.1100,152.0280,0.000000
TAP_TAPCELL_ROW_51_825,VGND,li1,263.3500,152.0280,0.000000
TAP_TAPCELL_ROW_51_824,VGND,li1,237.5900,152.0280,0.000000
TAP_TAPCELL_ROW_51_823,VGND,li1,211.8300,152.0280,0.000000
TAP_TAPCELL_ROW_51_822,VGND,li1,186.0700,152.0280,0.000000
TAP_TAPCELL_ROW_51_821,VGND,li1,160.3100,152.0280,0.000000
TAP_TAPCELL_ROW_51_820,VGND,li1,134.5500,152.0280,0.000000
TAP_TAPCELL_ROW_51_819,VGND,li1,108.7900,152.0280,0.000000
TAP_TAPCELL_ROW_51_818,VGND,li1,83.0300,152.0280,0.000000
TAP_TAPCELL_ROW_51_817,VGND,li1,57.2700,152.0280,0.000000
TAP_TAPCELL_ROW_51_816,VGND,li1,31.5100,152.0280,0.000000
TAP_TAPCELL_ROW_50_815,VGND,li1,301.9900,147.1710,0.000000
TAP_TAPCELL_ROW_50_814,VGND,li1,276.2300,147.1710,0.000000
TAP_TAPCELL_ROW_50_813,VGND,li1,250.4700,147.1710,0.000000
TAP_TAPCELL_ROW_50_812,VGND,li1,224.7100,147.1710,0.000000
TAP_TAPCELL_ROW_50_811,VGND,li1,198.9500,147.1710,0.000000
TAP_TAPCELL_ROW_50_810,VGND,li1,173.1900,147.1710,0.000000
TAP_TAPCELL_ROW_50_809,VGND,li1,147.4300,147.1710,0.000000
TAP_TAPCELL_ROW_50_808,VGND,li1,121.6700,147.1710,0.000000
TAP_TAPCELL_ROW_50_807,VGND,li1,95.9100,147.1710,0.000000
TAP_TAPCELL_ROW_50_806,VGND,li1,70.1500,147.1710,0.000000
TAP_TAPCELL_ROW_50_805,VGND,li1,44.3900,147.1710,0.000000
TAP_TAPCELL_ROW_50_804,VGND,li1,18.6300,147.1710,0.000000
TAP_TAPCELL_ROW_49_803,VGND,li1,289.1100,146.5880,0.000000
TAP_TAPCELL_ROW_49_802,VGND,li1,263.3500,146.5880,0.000000
TAP_TAPCELL_ROW_49_801,VGND,li1,237.5900,146.5880,0.000000
TAP_TAPCELL_ROW_49_800,VGND,li1,211.8300,146.5880,0.000000
TAP_TAPCELL_ROW_49_799,VGND,li1,186.0700,146.5880,0.000000
TAP_TAPCELL_ROW_49_798,VGND,li1,160.3100,146.5880,0.000000
TAP_TAPCELL_ROW_49_797,VGND,li1,134.5500,146.5880,0.000000
TAP_TAPCELL_ROW_49_796,VGND,li1,108.7900,146.5880,0.000000
TAP_TAPCELL_ROW_49_795,VGND,li1,83.0300,146.5880,0.000000
TAP_TAPCELL_ROW_49_794,VGND,li1,57.2700,146.5880,0.000000
TAP_TAPCELL_ROW_49_793,VGND,li1,31.5100,146.5880,0.000000
TAP_TAPCELL_ROW_48_792,VGND,li1,301.9900,141.7310,0.000000
TAP_TAPCELL_ROW_48_791,VGND,li1,276.2300,141.7310,0.000000
TAP_TAPCELL_ROW_48_790,VGND,li1,250.4700,141.7310,0.000000
TAP_TAPCELL_ROW_48_789,VGND,li1,224.7100,141.7310,0.000000
TAP_TAPCELL_ROW_48_788,VGND,li1,198.9500,141.7310,0.000000
TAP_TAPCELL_ROW_48_787,VGND,li1,173.1900,141.7310,0.000000
TAP_TAPCELL_ROW_48_786,VGND,li1,147.4300,141.7310,0.000000
TAP_TAPCELL_ROW_48_785,VGND,li1,121.6700,141.7310,0.000000
TAP_TAPCELL_ROW_48_784,VGND,li1,95.9100,141.7310,0.000000
TAP_TAPCELL_ROW_48_783,VGND,li1,70.1500,141.7310,0.000000
TAP_TAPCELL_ROW_48_782,VGND,li1,44.3900,141.7310,0.000000
TAP_TAPCELL_ROW_48_781,VGND,li1,18.6300,141.7310,0.000000
TAP_TAPCELL_ROW_47_780,VGND,li1,289.1100,141.1480,0.000000
TAP_TAPCELL_ROW_47_779,VGND,li1,263.3500,141.1480,0.000000
TAP_TAPCELL_ROW_47_778,VGND,li1,237.5900,141.1480,0.000000
TAP_TAPCELL_ROW_47_777,VGND,li1,211.8300,141.1480,0.000000
TAP_TAPCELL_ROW_47_776,VGND,li1,186.0700,141.1480,0.000000
TAP_TAPCELL_ROW_47_775,VGND,li1,160.3100,141.1480,0.000000
TAP_TAPCELL_ROW_47_774,VGND,li1,134.5500,141.1480,0.000000
TAP_TAPCELL_ROW_47_773,VGND,li1,108.7900,141.1480,0.000000
TAP_TAPCELL_ROW_47_772,VGND,li1,83.0300,141.1480,0.000000
TAP_TAPCELL_ROW_47_771,VGND,li1,57.2700,141.1480,0.000000
TAP_TAPCELL_ROW_47_770,VGND,li1,31.5100,141.1480,0.000000
TAP_TAPCELL_ROW_46_769,VGND,li1,301.9900,136.2910,0.000000
TAP_TAPCELL_ROW_46_768,VGND,li1,276.2300,136.2910,0.000000
TAP_TAPCELL_ROW_46_767,VGND,li1,250.4700,136.2910,0.000000
TAP_TAPCELL_ROW_46_766,VGND,li1,224.7100,136.2910,0.000000
TAP_TAPCELL_ROW_46_765,VGND,li1,198.9500,136.2910,0.000000
TAP_TAPCELL_ROW_46_764,VGND,li1,173.1900,136.2910,0.000000
TAP_TAPCELL_ROW_46_763,VGND,li1,147.4300,136.2910,0.000000
TAP_TAPCELL_ROW_46_762,VGND,li1,121.6700,136.2910,0.000000
TAP_TAPCELL_ROW_46_761,VGND,li1,95.9100,136.2910,0.000000
TAP_TAPCELL_ROW_46_760,VGND,li1,70.1500,136.2910,0.000000
TAP_TAPCELL_ROW_46_759,VGND,li1,44.3900,136.2910,0.000000
TAP_TAPCELL_ROW_46_758,VGND,li1,18.6300,136.2910,0.000000
TAP_TAPCELL_ROW_45_757,VGND,li1,289.1100,135.7080,0.000000
TAP_TAPCELL_ROW_45_756,VGND,li1,263.3500,135.7080,0.000000
TAP_TAPCELL_ROW_45_755,VGND,li1,237.5900,135.7080,0.000000
TAP_TAPCELL_ROW_45_754,VGND,li1,211.8300,135.7080,0.000000
TAP_TAPCELL_ROW_45_753,VGND,li1,186.0700,135.7080,0.000000
TAP_TAPCELL_ROW_45_752,VGND,li1,160.3100,135.7080,0.000000
TAP_TAPCELL_ROW_45_751,VGND,li1,134.5500,135.7080,0.000000
TAP_TAPCELL_ROW_45_750,VGND,li1,108.7900,135.7080,0.000000
TAP_TAPCELL_ROW_45_749,VGND,li1,83.0300,135.7080,0.000000
TAP_TAPCELL_ROW_45_748,VGND,li1,57.2700,135.7080,0.000000
TAP_TAPCELL_ROW_45_747,VGND,li1,31.5100,135.7080,0.000000
TAP_TAPCELL_ROW_44_746,VGND,li1,301.9900,130.8510,0.000000
TAP_TAPCELL_ROW_44_745,VGND,li1,276.2300,130.8510,0.000000
TAP_TAPCELL_ROW_44_744,VGND,li1,250.4700,130.8510,0.000000
TAP_TAPCELL_ROW_44_743,VGND,li1,224.7100,130.8510,0.000000
TAP_TAPCELL_ROW_44_742,VGND,li1,198.9500,130.8510,0.000000
TAP_TAPCELL_ROW_44_741,VGND,li1,173.1900,130.8510,0.000000
TAP_TAPCELL_ROW_44_740,VGND,li1,147.4300,130.8510,0.000000
TAP_TAPCELL_ROW_44_739,VGND,li1,121.6700,130.8510,0.000000
TAP_TAPCELL_ROW_44_738,VGND,li1,95.9100,130.8510,0.000000
TAP_TAPCELL_ROW_44_737,VGND,li1,70.1500,130.8510,0.000000
TAP_TAPCELL_ROW_44_736,VGND,li1,44.3900,130.8510,0.000000
TAP_TAPCELL_ROW_44_735,VGND,li1,18.6300,130.8510,0.000000
TAP_TAPCELL_ROW_43_734,VGND,li1,289.1100,130.2680,0.000000
TAP_TAPCELL_ROW_43_733,VGND,li1,263.3500,130.2680,0.000000
TAP_TAPCELL_ROW_43_732,VGND,li1,237.5900,130.2680,0.000000
TAP_TAPCELL_ROW_43_731,VGND,li1,211.8300,130.2680,0.000000
TAP_TAPCELL_ROW_43_730,VGND,li1,186.0700,130.2680,0.000000
TAP_TAPCELL_ROW_43_729,VGND,li1,160.3100,130.2680,0.000000
TAP_TAPCELL_ROW_43_728,VGND,li1,134.5500,130.2680,0.000000
TAP_TAPCELL_ROW_43_727,VGND,li1,108.7900,130.2680,0.000000
TAP_TAPCELL_ROW_43_726,VGND,li1,83.0300,130.2680,0.000000
TAP_TAPCELL_ROW_43_725,VGND,li1,57.2700,130.2680,0.000000
TAP_TAPCELL_ROW_43_724,VGND,li1,31.5100,130.2680,0.000000
TAP_TAPCELL_ROW_42_723,VGND,li1,301.9900,125.4110,0.000000
TAP_TAPCELL_ROW_42_722,VGND,li1,276.2300,125.4110,0.000000
TAP_TAPCELL_ROW_42_721,VGND,li1,250.4700,125.4110,0.000000
TAP_TAPCELL_ROW_42_720,VGND,li1,224.7100,125.4110,0.000000
TAP_TAPCELL_ROW_42_719,VGND,li1,198.9500,125.4110,0.000000
TAP_TAPCELL_ROW_42_718,VGND,li1,173.1900,125.4110,0.000000
TAP_TAPCELL_ROW_42_717,VGND,li1,147.4300,125.4110,0.000000
TAP_TAPCELL_ROW_42_716,VGND,li1,121.6700,125.4110,0.000000
TAP_TAPCELL_ROW_42_715,VGND,li1,95.9100,125.4110,0.000000
TAP_TAPCELL_ROW_42_714,VGND,li1,70.1500,125.4110,0.000000
TAP_TAPCELL_ROW_42_713,VGND,li1,44.3900,125.4110,0.000000
TAP_TAPCELL_ROW_42_712,VGND,li1,18.6300,125.4110,0.000000
TAP_TAPCELL_ROW_41_711,VGND,li1,289.1100,124.8280,0.000000
TAP_TAPCELL_ROW_41_710,VGND,li1,263.3500,124.8280,0.000000
TAP_TAPCELL_ROW_41_709,VGND,li1,237.5900,124.8280,0.000000
TAP_TAPCELL_ROW_41_708,VGND,li1,211.8300,124.8280,0.000000
TAP_TAPCELL_ROW_41_707,VGND,li1,186.0700,124.8280,0.000000
TAP_TAPCELL_ROW_41_706,VGND,li1,160.3100,124.8280,0.000000
TAP_TAPCELL_ROW_41_705,VGND,li1,134.5500,124.8280,0.000000
TAP_TAPCELL_ROW_41_704,VGND,li1,108.7900,124.8280,0.000000
TAP_TAPCELL_ROW_41_703,VGND,li1,83.0300,124.8280,0.000000
TAP_TAPCELL_ROW_41_702,VGND,li1,57.2700,124.8280,0.000000
TAP_TAPCELL_ROW_41_701,VGND,li1,31.5100,124.8280,0.000000
TAP_TAPCELL_ROW_40_700,VGND,li1,301.9900,119.9710,0.000000
TAP_TAPCELL_ROW_40_699,VGND,li1,276.2300,119.9710,0.000000
TAP_TAPCELL_ROW_40_698,VGND,li1,250.4700,119.9710,0.000000
TAP_TAPCELL_ROW_40_697,VGND,li1,224.7100,119.9710,0.000000
TAP_TAPCELL_ROW_40_696,VGND,li1,198.9500,119.9710,0.000000
TAP_TAPCELL_ROW_40_695,VGND,li1,173.1900,119.9710,0.000000
TAP_TAPCELL_ROW_40_694,VGND,li1,147.4300,119.9710,0.000000
TAP_TAPCELL_ROW_40_693,VGND,li1,121.6700,119.9710,0.000000
TAP_TAPCELL_ROW_40_692,VGND,li1,95.9100,119.9710,0.000000
TAP_TAPCELL_ROW_40_691,VGND,li1,70.1500,119.9710,0.000000
TAP_TAPCELL_ROW_40_690,VGND,li1,44.3900,119.9710,0.000000
TAP_TAPCELL_ROW_40_689,VGND,li1,18.6300,119.9710,0.000000
TAP_TAPCELL_ROW_39_688,VGND,li1,289.1100,119.3880,0.000000
TAP_TAPCELL_ROW_39_687,VGND,li1,263.3500,119.3880,0.000000
TAP_TAPCELL_ROW_39_686,VGND,li1,237.5900,119.3880,0.000000
TAP_TAPCELL_ROW_39_685,VGND,li1,211.8300,119.3880,0.000000
TAP_TAPCELL_ROW_39_684,VGND,li1,186.0700,119.3880,0.000000
TAP_TAPCELL_ROW_39_683,VGND,li1,160.3100,119.3880,0.000000
TAP_TAPCELL_ROW_39_682,VGND,li1,134.5500,119.3880,0.000000
TAP_TAPCELL_ROW_39_681,VGND,li1,108.7900,119.3880,0.000000
TAP_TAPCELL_ROW_39_680,VGND,li1,83.0300,119.3880,0.000000
TAP_TAPCELL_ROW_39_679,VGND,li1,57.2700,119.3880,0.000000
TAP_TAPCELL_ROW_39_678,VGND,li1,31.5100,119.3880,0.000000
TAP_TAPCELL_ROW_38_677,VGND,li1,301.9900,114.5310,0.000000
TAP_TAPCELL_ROW_38_676,VGND,li1,276.2300,114.5310,0.000000
TAP_TAPCELL_ROW_38_675,VGND,li1,250.4700,114.5310,0.000000
TAP_TAPCELL_ROW_38_674,VGND,li1,224.7100,114.5310,0.000000
TAP_TAPCELL_ROW_38_673,VGND,li1,198.9500,114.5310,0.000000
TAP_TAPCELL_ROW_38_672,VGND,li1,173.1900,114.5310,0.000000
TAP_TAPCELL_ROW_38_671,VGND,li1,147.4300,114.5310,0.000000
TAP_TAPCELL_ROW_38_670,VGND,li1,121.6700,114.5310,0.000000
TAP_TAPCELL_ROW_38_669,VGND,li1,95.9100,114.5310,0.000000
TAP_TAPCELL_ROW_38_668,VGND,li1,70.1500,114.5310,0.000000
TAP_TAPCELL_ROW_38_667,VGND,li1,44.3900,114.5310,0.000000
TAP_TAPCELL_ROW_38_666,VGND,li1,18.6300,114.5310,0.000000
TAP_TAPCELL_ROW_37_665,VGND,li1,289.1100,113.9480,0.000000
TAP_TAPCELL_ROW_37_664,VGND,li1,263.3500,113.9480,0.000000
TAP_TAPCELL_ROW_37_663,VGND,li1,237.5900,113.9480,0.000000
TAP_TAPCELL_ROW_37_662,VGND,li1,211.8300,113.9480,0.000000
TAP_TAPCELL_ROW_37_661,VGND,li1,186.0700,113.9480,0.000000
TAP_TAPCELL_ROW_37_660,VGND,li1,160.3100,113.9480,0.000000
TAP_TAPCELL_ROW_37_659,VGND,li1,134.5500,113.9480,0.000000
TAP_TAPCELL_ROW_37_658,VGND,li1,108.7900,113.9480,0.000000
TAP_TAPCELL_ROW_37_657,VGND,li1,83.0300,113.9480,0.000000
TAP_TAPCELL_ROW_37_656,VGND,li1,57.2700,113.9480,0.000000
TAP_TAPCELL_ROW_37_655,VGND,li1,31.5100,113.9480,0.000000
TAP_TAPCELL_ROW_36_654,VGND,li1,301.9900,109.0910,0.000000
TAP_TAPCELL_ROW_36_653,VGND,li1,276.2300,109.0910,0.000000
TAP_TAPCELL_ROW_36_652,VGND,li1,250.4700,109.0910,0.000000
TAP_TAPCELL_ROW_36_651,VGND,li1,224.7100,109.0910,0.000000
TAP_TAPCELL_ROW_36_650,VGND,li1,198.9500,109.0910,0.000000
TAP_TAPCELL_ROW_36_649,VGND,li1,173.1900,109.0910,0.000000
TAP_TAPCELL_ROW_36_648,VGND,li1,147.4300,109.0910,0.000000
TAP_TAPCELL_ROW_36_647,VGND,li1,121.6700,109.0910,0.000000
TAP_TAPCELL_ROW_36_646,VGND,li1,95.9100,109.0910,0.000000
TAP_TAPCELL_ROW_36_645,VGND,li1,70.1500,109.0910,0.000000
TAP_TAPCELL_ROW_36_644,VGND,li1,44.3900,109.0910,0.000000
TAP_TAPCELL_ROW_36_643,VGND,li1,18.6300,109.0910,0.000000
TAP_TAPCELL_ROW_35_642,VGND,li1,289.1100,108.5080,0.000000
TAP_TAPCELL_ROW_35_641,VGND,li1,263.3500,108.5080,0.000000
TAP_TAPCELL_ROW_35_640,VGND,li1,237.5900,108.5080,0.000000
TAP_TAPCELL_ROW_35_639,VGND,li1,211.8300,108.5080,0.000000
TAP_TAPCELL_ROW_35_638,VGND,li1,186.0700,108.5080,0.000000
TAP_TAPCELL_ROW_35_637,VGND,li1,160.3100,108.5080,0.000000
TAP_TAPCELL_ROW_35_636,VGND,li1,134.5500,108.5080,0.000000
TAP_TAPCELL_ROW_35_635,VGND,li1,108.7900,108.5080,0.000000
TAP_TAPCELL_ROW_35_634,VGND,li1,83.0300,108.5080,0.000000
TAP_TAPCELL_ROW_35_633,VGND,li1,57.2700,108.5080,0.000000
TAP_TAPCELL_ROW_35_632,VGND,li1,31.5100,108.5080,0.000000
TAP_TAPCELL_ROW_34_631,VGND,li1,301.9900,103.6510,0.000000
TAP_TAPCELL_ROW_34_630,VGND,li1,276.2300,103.6510,0.000000
TAP_TAPCELL_ROW_34_629,VGND,li1,250.4700,103.6510,0.000000
TAP_TAPCELL_ROW_34_628,VGND,li1,224.7100,103.6510,0.000000
TAP_TAPCELL_ROW_34_627,VGND,li1,198.9500,103.6510,0.000000
TAP_TAPCELL_ROW_34_626,VGND,li1,173.1900,103.6510,0.000000
TAP_TAPCELL_ROW_34_625,VGND,li1,147.4300,103.6510,0.000000
TAP_TAPCELL_ROW_34_624,VGND,li1,121.6700,103.6510,0.000000
TAP_TAPCELL_ROW_34_623,VGND,li1,95.9100,103.6510,0.000000
TAP_TAPCELL_ROW_34_622,VGND,li1,70.1500,103.6510,0.000000
TAP_TAPCELL_ROW_34_621,VGND,li1,44.3900,103.6510,0.000000
TAP_TAPCELL_ROW_34_620,VGND,li1,18.6300,103.6510,0.000000
TAP_TAPCELL_ROW_33_619,VGND,li1,289.1100,103.0680,0.000000
TAP_TAPCELL_ROW_33_618,VGND,li1,263.3500,103.0680,0.000000
TAP_TAPCELL_ROW_33_617,VGND,li1,237.5900,103.0680,0.000000
TAP_TAPCELL_ROW_33_616,VGND,li1,211.8300,103.0680,0.000000
TAP_TAPCELL_ROW_33_615,VGND,li1,186.0700,103.0680,0.000000
TAP_TAPCELL_ROW_33_614,VGND,li1,160.3100,103.0680,0.000000
TAP_TAPCELL_ROW_33_613,VGND,li1,134.5500,103.0680,0.000000
TAP_TAPCELL_ROW_33_612,VGND,li1,108.7900,103.0680,0.000000
TAP_TAPCELL_ROW_33_611,VGND,li1,83.0300,103.0680,0.000000
TAP_TAPCELL_ROW_33_610,VGND,li1,57.2700,103.0680,0.000000
TAP_TAPCELL_ROW_33_609,VGND,li1,31.5100,103.0680,0.000000
TAP_TAPCELL_ROW_32_608,VGND,li1,301.9900,98.2110,0.000000
TAP_TAPCELL_ROW_32_607,VGND,li1,276.2300,98.2110,0.000000
TAP_TAPCELL_ROW_32_606,VGND,li1,250.4700,98.2110,0.000000
TAP_TAPCELL_ROW_32_605,VGND,li1,224.7100,98.2110,0.000000
TAP_TAPCELL_ROW_32_604,VGND,li1,198.9500,98.2110,0.000000
TAP_TAPCELL_ROW_32_603,VGND,li1,173.1900,98.2110,0.000000
TAP_TAPCELL_ROW_32_602,VGND,li1,147.4300,98.2110,0.000000
TAP_TAPCELL_ROW_32_601,VGND,li1,121.6700,98.2110,0.000000
TAP_TAPCELL_ROW_32_600,VGND,li1,95.9100,98.2110,0.000000
TAP_TAPCELL_ROW_32_599,VGND,li1,70.1500,98.2110,0.000000
TAP_TAPCELL_ROW_32_598,VGND,li1,44.3900,98.2110,0.000000
TAP_TAPCELL_ROW_32_597,VGND,li1,18.6300,98.2110,0.000000
TAP_TAPCELL_ROW_31_596,VGND,li1,289.1100,97.6280,0.000000
TAP_TAPCELL_ROW_31_595,VGND,li1,263.3500,97.6280,0.000000
TAP_TAPCELL_ROW_31_594,VGND,li1,237.5900,97.6280,0.000000
TAP_TAPCELL_ROW_31_593,VGND,li1,211.8300,97.6280,0.000000
TAP_TAPCELL_ROW_31_592,VGND,li1,186.0700,97.6280,0.000000
TAP_TAPCELL_ROW_31_591,VGND,li1,160.3100,97.6280,0.000000
TAP_TAPCELL_ROW_31_590,VGND,li1,134.5500,97.6280,0.000000
TAP_TAPCELL_ROW_31_589,VGND,li1,108.7900,97.6280,0.000000
TAP_TAPCELL_ROW_31_588,VGND,li1,83.0300,97.6280,0.000000
TAP_TAPCELL_ROW_31_587,VGND,li1,57.2700,97.6280,0.000000
TAP_TAPCELL_ROW_31_586,VGND,li1,31.5100,97.6280,0.000000
TAP_TAPCELL_ROW_30_585,VGND,li1,301.9900,92.7710,0.000000
TAP_TAPCELL_ROW_30_584,VGND,li1,276.2300,92.7710,0.000000
TAP_TAPCELL_ROW_30_583,VGND,li1,250.4700,92.7710,0.000000
TAP_TAPCELL_ROW_30_582,VGND,li1,224.7100,92.7710,0.000000
TAP_TAPCELL_ROW_30_581,VGND,li1,198.9500,92.7710,0.000000
TAP_TAPCELL_ROW_30_580,VGND,li1,173.1900,92.7710,0.000000
TAP_TAPCELL_ROW_30_579,VGND,li1,147.4300,92.7710,0.000000
TAP_TAPCELL_ROW_30_578,VGND,li1,121.6700,92.7710,0.000000
TAP_TAPCELL_ROW_30_577,VGND,li1,95.9100,92.7710,0.000000
TAP_TAPCELL_ROW_30_576,VGND,li1,70.1500,92.7710,0.000000
TAP_TAPCELL_ROW_30_575,VGND,li1,44.3900,92.7710,0.000000
TAP_TAPCELL_ROW_30_574,VGND,li1,18.6300,92.7710,0.000000
TAP_TAPCELL_ROW_29_573,VGND,li1,289.1100,92.1880,0.000000
TAP_TAPCELL_ROW_29_572,VGND,li1,263.3500,92.1880,0.000000
TAP_TAPCELL_ROW_29_571,VGND,li1,237.5900,92.1880,0.000000
TAP_TAPCELL_ROW_29_570,VGND,li1,211.8300,92.1880,0.000000
TAP_TAPCELL_ROW_29_569,VGND,li1,186.0700,92.1880,0.000000
TAP_TAPCELL_ROW_29_568,VGND,li1,160.3100,92.1880,0.000000
TAP_TAPCELL_ROW_29_567,VGND,li1,134.5500,92.1880,0.000000
TAP_TAPCELL_ROW_29_566,VGND,li1,108.7900,92.1880,0.000000
TAP_TAPCELL_ROW_29_565,VGND,li1,83.0300,92.1880,0.000000
TAP_TAPCELL_ROW_29_564,VGND,li1,57.2700,92.1880,0.000000
TAP_TAPCELL_ROW_29_563,VGND,li1,31.5100,92.1880,0.000000
TAP_TAPCELL_ROW_28_562,VGND,li1,301.9900,87.3310,0.000000
TAP_TAPCELL_ROW_28_561,VGND,li1,276.2300,87.3310,0.000000
TAP_TAPCELL_ROW_28_560,VGND,li1,250.4700,87.3310,0.000000
TAP_TAPCELL_ROW_28_559,VGND,li1,224.7100,87.3310,0.000000
TAP_TAPCELL_ROW_28_558,VGND,li1,198.9500,87.3310,0.000000
TAP_TAPCELL_ROW_28_557,VGND,li1,173.1900,87.3310,0.000000
TAP_TAPCELL_ROW_28_556,VGND,li1,147.4300,87.3310,0.000000
TAP_TAPCELL_ROW_28_555,VGND,li1,121.6700,87.3310,0.000000
TAP_TAPCELL_ROW_28_554,VGND,li1,95.9100,87.3310,0.000000
TAP_TAPCELL_ROW_28_553,VGND,li1,70.1500,87.3310,0.000000
TAP_TAPCELL_ROW_28_552,VGND,li1,44.3900,87.3310,0.000000
TAP_TAPCELL_ROW_28_551,VGND,li1,18.6300,87.3310,0.000000
TAP_TAPCELL_ROW_27_550,VGND,li1,289.1100,86.7480,0.000000
TAP_TAPCELL_ROW_27_549,VGND,li1,263.3500,86.7480,0.000000
TAP_TAPCELL_ROW_27_548,VGND,li1,237.5900,86.7480,0.000000
TAP_TAPCELL_ROW_27_547,VGND,li1,211.8300,86.7480,0.000000
TAP_TAPCELL_ROW_27_546,VGND,li1,186.0700,86.7480,0.000000
TAP_TAPCELL_ROW_27_545,VGND,li1,160.3100,86.7480,0.000000
TAP_TAPCELL_ROW_27_544,VGND,li1,134.5500,86.7480,0.000000
TAP_TAPCELL_ROW_27_543,VGND,li1,108.7900,86.7480,0.000000
TAP_TAPCELL_ROW_27_542,VGND,li1,83.0300,86.7480,0.000000
TAP_TAPCELL_ROW_27_541,VGND,li1,57.2700,86.7480,0.000000
TAP_TAPCELL_ROW_27_540,VGND,li1,31.5100,86.7480,0.000000
TAP_TAPCELL_ROW_26_539,VGND,li1,301.9900,81.8910,0.000000
TAP_TAPCELL_ROW_26_538,VGND,li1,276.2300,81.8910,0.000000
TAP_TAPCELL_ROW_26_537,VGND,li1,250.4700,81.8910,0.000000
TAP_TAPCELL_ROW_26_536,VGND,li1,224.7100,81.8910,0.000000
TAP_TAPCELL_ROW_26_535,VGND,li1,198.9500,81.8910,0.000000
TAP_TAPCELL_ROW_26_534,VGND,li1,173.1900,81.8910,0.000000
TAP_TAPCELL_ROW_26_533,VGND,li1,147.4300,81.8910,0.000000
TAP_TAPCELL_ROW_26_532,VGND,li1,121.6700,81.8910,0.000000
TAP_TAPCELL_ROW_26_531,VGND,li1,95.9100,81.8910,0.000000
TAP_TAPCELL_ROW_26_530,VGND,li1,70.1500,81.8910,0.000000
TAP_TAPCELL_ROW_26_529,VGND,li1,44.3900,81.8910,0.000000
TAP_TAPCELL_ROW_26_528,VGND,li1,18.6300,81.8910,0.000000
TAP_TAPCELL_ROW_25_527,VGND,li1,289.1100,81.3080,0.000000
TAP_TAPCELL_ROW_25_526,VGND,li1,263.3500,81.3080,0.000000
TAP_TAPCELL_ROW_25_525,VGND,li1,237.5900,81.3080,0.000000
TAP_TAPCELL_ROW_25_524,VGND,li1,211.8300,81.3080,0.000000
TAP_TAPCELL_ROW_25_523,VGND,li1,186.0700,81.3080,0.000000
TAP_TAPCELL_ROW_25_522,VGND,li1,160.3100,81.3080,0.000000
TAP_TAPCELL_ROW_25_521,VGND,li1,134.5500,81.3080,0.000000
TAP_TAPCELL_ROW_25_520,VGND,li1,108.7900,81.3080,0.000000
TAP_TAPCELL_ROW_25_519,VGND,li1,83.0300,81.3080,0.000000
TAP_TAPCELL_ROW_25_518,VGND,li1,57.2700,81.3080,0.000000
TAP_TAPCELL_ROW_25_517,VGND,li1,31.5100,81.3080,0.000000
TAP_TAPCELL_ROW_24_516,VGND,li1,301.9900,76.4510,0.000000
TAP_TAPCELL_ROW_24_515,VGND,li1,276.2300,76.4510,0.000000
TAP_TAPCELL_ROW_24_514,VGND,li1,250.4700,76.4510,0.000000
TAP_TAPCELL_ROW_24_513,VGND,li1,224.7100,76.4510,0.000000
TAP_TAPCELL_ROW_24_512,VGND,li1,198.9500,76.4510,0.000000
TAP_TAPCELL_ROW_24_511,VGND,li1,173.1900,76.4510,0.000000
TAP_TAPCELL_ROW_24_510,VGND,li1,147.4300,76.4510,0.000000
TAP_TAPCELL_ROW_24_509,VGND,li1,121.6700,76.4510,0.000000
TAP_TAPCELL_ROW_24_508,VGND,li1,95.9100,76.4510,0.000000
TAP_TAPCELL_ROW_24_507,VGND,li1,70.1500,76.4510,0.000000
TAP_TAPCELL_ROW_24_506,VGND,li1,44.3900,76.4510,0.000000
TAP_TAPCELL_ROW_24_505,VGND,li1,18.6300,76.4510,0.000000
TAP_TAPCELL_ROW_23_504,VGND,li1,289.1100,75.8680,0.000000
TAP_TAPCELL_ROW_23_503,VGND,li1,263.3500,75.8680,0.000000
TAP_TAPCELL_ROW_23_502,VGND,li1,237.5900,75.8680,0.000000
TAP_TAPCELL_ROW_23_501,VGND,li1,211.8300,75.8680,0.000000
TAP_TAPCELL_ROW_23_500,VGND,li1,186.0700,75.8680,0.000000
TAP_TAPCELL_ROW_23_499,VGND,li1,160.3100,75.8680,0.000000
TAP_TAPCELL_ROW_23_498,VGND,li1,134.5500,75.8680,0.000000
TAP_TAPCELL_ROW_23_497,VGND,li1,108.7900,75.8680,0.000000
TAP_TAPCELL_ROW_23_496,VGND,li1,83.0300,75.8680,0.000000
TAP_TAPCELL_ROW_23_495,VGND,li1,57.2700,75.8680,0.000000
TAP_TAPCELL_ROW_23_494,VGND,li1,31.5100,75.8680,0.000000
TAP_TAPCELL_ROW_22_493,VGND,li1,301.9900,71.0110,0.000000
TAP_TAPCELL_ROW_22_492,VGND,li1,276.2300,71.0110,0.000000
TAP_TAPCELL_ROW_22_491,VGND,li1,250.4700,71.0110,0.000000
TAP_TAPCELL_ROW_22_490,VGND,li1,224.7100,71.0110,0.000000
TAP_TAPCELL_ROW_22_489,VGND,li1,198.9500,71.0110,0.000000
TAP_TAPCELL_ROW_22_488,VGND,li1,173.1900,71.0110,0.000000
TAP_TAPCELL_ROW_22_487,VGND,li1,147.4300,71.0110,0.000000
TAP_TAPCELL_ROW_22_486,VGND,li1,121.6700,71.0110,0.000000
TAP_TAPCELL_ROW_22_485,VGND,li1,95.9100,71.0110,0.000000
TAP_TAPCELL_ROW_22_484,VGND,li1,70.1500,71.0110,0.000000
TAP_TAPCELL_ROW_22_483,VGND,li1,44.3900,71.0110,0.000000
TAP_TAPCELL_ROW_22_482,VGND,li1,18.6300,71.0110,0.000000
TAP_TAPCELL_ROW_21_481,VGND,li1,289.1100,70.4280,0.000000
TAP_TAPCELL_ROW_21_480,VGND,li1,263.3500,70.4280,0.000000
TAP_TAPCELL_ROW_21_479,VGND,li1,237.5900,70.4280,0.000000
TAP_TAPCELL_ROW_21_478,VGND,li1,211.8300,70.4280,0.000000
TAP_TAPCELL_ROW_21_477,VGND,li1,186.0700,70.4280,0.000000
TAP_TAPCELL_ROW_21_476,VGND,li1,160.3100,70.4280,0.000000
TAP_TAPCELL_ROW_21_475,VGND,li1,134.5500,70.4280,0.000000
TAP_TAPCELL_ROW_21_474,VGND,li1,108.7900,70.4280,0.000000
TAP_TAPCELL_ROW_21_473,VGND,li1,83.0300,70.4280,0.000000
TAP_TAPCELL_ROW_21_472,VGND,li1,57.2700,70.4280,0.000000
TAP_TAPCELL_ROW_21_471,VGND,li1,31.5100,70.4280,0.000000
TAP_TAPCELL_ROW_20_470,VGND,li1,301.9900,65.5710,0.000000
TAP_TAPCELL_ROW_20_469,VGND,li1,276.2300,65.5710,0.000000
TAP_TAPCELL_ROW_20_468,VGND,li1,250.4700,65.5710,0.000000
TAP_TAPCELL_ROW_20_467,VGND,li1,224.7100,65.5710,0.000000
TAP_TAPCELL_ROW_20_466,VGND,li1,198.9500,65.5710,0.000000
TAP_TAPCELL_ROW_20_465,VGND,li1,173.1900,65.5710,0.000000
TAP_TAPCELL_ROW_20_464,VGND,li1,147.4300,65.5710,0.000000
TAP_TAPCELL_ROW_20_463,VGND,li1,121.6700,65.5710,0.000000
TAP_TAPCELL_ROW_20_462,VGND,li1,95.9100,65.5710,0.000000
TAP_TAPCELL_ROW_20_461,VGND,li1,70.1500,65.5710,0.000000
TAP_TAPCELL_ROW_20_460,VGND,li1,44.3900,65.5710,0.000000
TAP_TAPCELL_ROW_20_459,VGND,li1,18.6300,65.5710,0.000000
TAP_TAPCELL_ROW_19_458,VGND,li1,289.1100,64.9880,0.000000
TAP_TAPCELL_ROW_19_457,VGND,li1,263.3500,64.9880,0.000000
TAP_TAPCELL_ROW_19_456,VGND,li1,237.5900,64.9880,0.000000
TAP_TAPCELL_ROW_19_455,VGND,li1,211.8300,64.9880,0.000000
TAP_TAPCELL_ROW_19_454,VGND,li1,186.0700,64.9880,0.000000
TAP_TAPCELL_ROW_19_453,VGND,li1,160.3100,64.9880,0.000000
TAP_TAPCELL_ROW_19_452,VGND,li1,134.5500,64.9880,0.000000
TAP_TAPCELL_ROW_19_451,VGND,li1,108.7900,64.9880,0.000000
TAP_TAPCELL_ROW_19_450,VGND,li1,83.0300,64.9880,0.000000
TAP_TAPCELL_ROW_19_449,VGND,li1,57.2700,64.9880,0.000000
TAP_TAPCELL_ROW_19_448,VGND,li1,31.5100,64.9880,0.000000
TAP_TAPCELL_ROW_18_447,VGND,li1,301.9900,60.1310,0.000000
TAP_TAPCELL_ROW_18_446,VGND,li1,276.2300,60.1310,0.000000
TAP_TAPCELL_ROW_18_445,VGND,li1,250.4700,60.1310,0.000000
TAP_TAPCELL_ROW_18_444,VGND,li1,224.7100,60.1310,0.000000
TAP_TAPCELL_ROW_18_443,VGND,li1,198.9500,60.1310,0.000000
TAP_TAPCELL_ROW_18_442,VGND,li1,173.1900,60.1310,0.000000
TAP_TAPCELL_ROW_18_441,VGND,li1,147.4300,60.1310,0.000000
TAP_TAPCELL_ROW_18_440,VGND,li1,121.6700,60.1310,0.000000
TAP_TAPCELL_ROW_18_439,VGND,li1,95.9100,60.1310,0.000000
TAP_TAPCELL_ROW_18_438,VGND,li1,70.1500,60.1310,0.000000
TAP_TAPCELL_ROW_18_437,VGND,li1,44.3900,60.1310,0.000000
TAP_TAPCELL_ROW_18_436,VGND,li1,18.6300,60.1310,0.000000
TAP_TAPCELL_ROW_17_435,VGND,li1,289.1100,59.5480,0.000000
TAP_TAPCELL_ROW_17_434,VGND,li1,263.3500,59.5480,0.000000
TAP_TAPCELL_ROW_17_433,VGND,li1,237.5900,59.5480,0.000000
TAP_TAPCELL_ROW_17_432,VGND,li1,211.8300,59.5480,0.000000
TAP_TAPCELL_ROW_17_431,VGND,li1,186.0700,59.5480,0.000000
TAP_TAPCELL_ROW_17_430,VGND,li1,160.3100,59.5480,0.000000
TAP_TAPCELL_ROW_17_429,VGND,li1,134.5500,59.5480,0.000000
TAP_TAPCELL_ROW_17_428,VGND,li1,108.7900,59.5480,0.000000
TAP_TAPCELL_ROW_17_427,VGND,li1,83.0300,59.5480,0.000000
TAP_TAPCELL_ROW_17_426,VGND,li1,57.2700,59.5480,0.000000
TAP_TAPCELL_ROW_17_425,VGND,li1,31.5100,59.5480,0.000000
TAP_TAPCELL_ROW_16_424,VGND,li1,301.9900,54.6910,0.000000
TAP_TAPCELL_ROW_16_423,VGND,li1,276.2300,54.6910,0.000000
TAP_TAPCELL_ROW_16_422,VGND,li1,250.4700,54.6910,0.000000
TAP_TAPCELL_ROW_16_421,VGND,li1,224.7100,54.6910,0.000000
TAP_TAPCELL_ROW_16_420,VGND,li1,198.9500,54.6910,0.000000
TAP_TAPCELL_ROW_16_419,VGND,li1,173.1900,54.6910,0.000000
TAP_TAPCELL_ROW_16_418,VGND,li1,147.4300,54.6910,0.000000
TAP_TAPCELL_ROW_16_417,VGND,li1,121.6700,54.6910,0.000000
TAP_TAPCELL_ROW_16_416,VGND,li1,95.9100,54.6910,0.000000
TAP_TAPCELL_ROW_16_415,VGND,li1,70.1500,54.6910,0.000000
TAP_TAPCELL_ROW_16_414,VGND,li1,44.3900,54.6910,0.000000
TAP_TAPCELL_ROW_16_413,VGND,li1,18.6300,54.6910,0.000000
TAP_TAPCELL_ROW_15_412,VGND,li1,289.1100,54.1080,0.000000
TAP_TAPCELL_ROW_15_411,VGND,li1,263.3500,54.1080,0.000000
TAP_TAPCELL_ROW_15_410,VGND,li1,237.5900,54.1080,0.000000
TAP_TAPCELL_ROW_15_409,VGND,li1,211.8300,54.1080,0.000000
TAP_TAPCELL_ROW_15_408,VGND,li1,186.0700,54.1080,0.000000
TAP_TAPCELL_ROW_15_407,VGND,li1,160.3100,54.1080,0.000000
TAP_TAPCELL_ROW_15_406,VGND,li1,134.5500,54.1080,0.000000
TAP_TAPCELL_ROW_15_405,VGND,li1,108.7900,54.1080,0.000000
TAP_TAPCELL_ROW_15_404,VGND,li1,83.0300,54.1080,0.000000
TAP_TAPCELL_ROW_15_403,VGND,li1,57.2700,54.1080,0.000000
TAP_TAPCELL_ROW_15_402,VGND,li1,31.5100,54.1080,0.000000
TAP_TAPCELL_ROW_14_401,VGND,li1,301.9900,49.2510,0.000000
TAP_TAPCELL_ROW_14_400,VGND,li1,276.2300,49.2510,0.000000
TAP_TAPCELL_ROW_14_399,VGND,li1,250.4700,49.2510,0.000000
TAP_TAPCELL_ROW_14_398,VGND,li1,224.7100,49.2510,0.000000
TAP_TAPCELL_ROW_14_397,VGND,li1,198.9500,49.2510,0.000000
TAP_TAPCELL_ROW_14_396,VGND,li1,173.1900,49.2510,0.000000
TAP_TAPCELL_ROW_14_395,VGND,li1,147.4300,49.2510,0.000000
TAP_TAPCELL_ROW_14_394,VGND,li1,121.6700,49.2510,0.000000
TAP_TAPCELL_ROW_14_393,VGND,li1,95.9100,49.2510,0.000000
TAP_TAPCELL_ROW_14_392,VGND,li1,70.1500,49.2510,0.000000
TAP_TAPCELL_ROW_14_391,VGND,li1,44.3900,49.2510,0.000000
TAP_TAPCELL_ROW_14_390,VGND,li1,18.6300,49.2510,0.000000
TAP_TAPCELL_ROW_13_389,VGND,li1,289.1100,48.6680,0.000000
TAP_TAPCELL_ROW_13_388,VGND,li1,263.3500,48.6680,0.000000
TAP_TAPCELL_ROW_13_387,VGND,li1,237.5900,48.6680,0.000000
TAP_TAPCELL_ROW_13_386,VGND,li1,211.8300,48.6680,0.000000
TAP_TAPCELL_ROW_13_385,VGND,li1,186.0700,48.6680,0.000000
TAP_TAPCELL_ROW_13_384,VGND,li1,160.3100,48.6680,0.000000
TAP_TAPCELL_ROW_13_383,VGND,li1,134.5500,48.6680,0.000000
TAP_TAPCELL_ROW_13_382,VGND,li1,108.7900,48.6680,0.000000
TAP_TAPCELL_ROW_13_381,VGND,li1,83.0300,48.6680,0.000000
TAP_TAPCELL_ROW_13_380,VGND,li1,57.2700,48.6680,0.000000
TAP_TAPCELL_ROW_13_379,VGND,li1,31.5100,48.6680,0.000000
TAP_TAPCELL_ROW_12_378,VGND,li1,301.9900,43.8110,0.000000
TAP_TAPCELL_ROW_12_377,VGND,li1,276.2300,43.8110,0.000000
TAP_TAPCELL_ROW_12_376,VGND,li1,250.4700,43.8110,0.000000
TAP_TAPCELL_ROW_12_375,VGND,li1,224.7100,43.8110,0.000000
TAP_TAPCELL_ROW_12_374,VGND,li1,198.9500,43.8110,0.000000
TAP_TAPCELL_ROW_12_373,VGND,li1,173.1900,43.8110,0.000000
TAP_TAPCELL_ROW_12_372,VGND,li1,147.4300,43.8110,0.000000
TAP_TAPCELL_ROW_12_371,VGND,li1,121.6700,43.8110,0.000000
TAP_TAPCELL_ROW_12_370,VGND,li1,95.9100,43.8110,0.000000
TAP_TAPCELL_ROW_12_369,VGND,li1,70.1500,43.8110,0.000000
TAP_TAPCELL_ROW_12_368,VGND,li1,44.3900,43.8110,0.000000
TAP_TAPCELL_ROW_12_367,VGND,li1,18.6300,43.8110,0.000000
TAP_TAPCELL_ROW_11_366,VGND,li1,289.1100,43.2280,0.000000
TAP_TAPCELL_ROW_11_365,VGND,li1,263.3500,43.2280,0.000000
TAP_TAPCELL_ROW_11_364,VGND,li1,237.5900,43.2280,0.000000
TAP_TAPCELL_ROW_11_363,VGND,li1,211.8300,43.2280,0.000000
TAP_TAPCELL_ROW_11_362,VGND,li1,186.0700,43.2280,0.000000
TAP_TAPCELL_ROW_11_361,VGND,li1,160.3100,43.2280,0.000000
TAP_TAPCELL_ROW_11_360,VGND,li1,134.5500,43.2280,0.000000
TAP_TAPCELL_ROW_11_359,VGND,li1,108.7900,43.2280,0.000000
TAP_TAPCELL_ROW_11_358,VGND,li1,83.0300,43.2280,0.000000
TAP_TAPCELL_ROW_11_357,VGND,li1,57.2700,43.2280,0.000000
TAP_TAPCELL_ROW_11_356,VGND,li1,31.5100,43.2280,0.000000
TAP_TAPCELL_ROW_10_355,VGND,li1,301.9900,38.3710,0.000000
TAP_TAPCELL_ROW_10_354,VGND,li1,276.2300,38.3710,0.000000
TAP_TAPCELL_ROW_10_353,VGND,li1,250.4700,38.3710,0.000000
TAP_TAPCELL_ROW_10_352,VGND,li1,224.7100,38.3710,0.000000
TAP_TAPCELL_ROW_10_351,VGND,li1,198.9500,38.3710,0.000000
TAP_TAPCELL_ROW_10_350,VGND,li1,173.1900,38.3710,0.000000
TAP_TAPCELL_ROW_10_349,VGND,li1,147.4300,38.3710,0.000000
TAP_TAPCELL_ROW_10_348,VGND,li1,121.6700,38.3710,0.000000
TAP_TAPCELL_ROW_10_347,VGND,li1,95.9100,38.3710,0.000000
TAP_TAPCELL_ROW_10_346,VGND,li1,70.1500,38.3710,0.000000
TAP_TAPCELL_ROW_10_345,VGND,li1,44.3900,38.3710,0.000000
TAP_TAPCELL_ROW_10_344,VGND,li1,18.6300,38.3710,0.000000
TAP_TAPCELL_ROW_9_343,VGND,li1,289.1100,37.7880,0.000000
TAP_TAPCELL_ROW_9_342,VGND,li1,263.3500,37.7880,0.000000
TAP_TAPCELL_ROW_9_341,VGND,li1,237.5900,37.7880,0.000000
TAP_TAPCELL_ROW_9_340,VGND,li1,211.8300,37.7880,0.000000
TAP_TAPCELL_ROW_9_339,VGND,li1,186.0700,37.7880,0.000000
TAP_TAPCELL_ROW_9_338,VGND,li1,160.3100,37.7880,0.000000
TAP_TAPCELL_ROW_9_337,VGND,li1,134.5500,37.7880,0.000000
TAP_TAPCELL_ROW_9_336,VGND,li1,108.7900,37.7880,0.000000
TAP_TAPCELL_ROW_9_335,VGND,li1,83.0300,37.7880,0.000000
TAP_TAPCELL_ROW_9_334,VGND,li1,57.2700,37.7880,0.000000
TAP_TAPCELL_ROW_9_333,VGND,li1,31.5100,37.7880,0.000000
TAP_TAPCELL_ROW_8_332,VGND,li1,301.9900,32.9310,0.000000
TAP_TAPCELL_ROW_8_331,VGND,li1,276.2300,32.9310,0.000000
TAP_TAPCELL_ROW_8_330,VGND,li1,250.4700,32.9310,0.000000
TAP_TAPCELL_ROW_8_329,VGND,li1,224.7100,32.9310,0.000000
TAP_TAPCELL_ROW_8_328,VGND,li1,198.9500,32.9310,0.000000
TAP_TAPCELL_ROW_8_327,VGND,li1,173.1900,32.9310,0.000000
TAP_TAPCELL_ROW_8_326,VGND,li1,147.4300,32.9310,0.000000
TAP_TAPCELL_ROW_8_325,VGND,li1,121.6700,32.9310,0.000000
TAP_TAPCELL_ROW_8_324,VGND,li1,95.9100,32.9310,0.000000
TAP_TAPCELL_ROW_8_323,VGND,li1,70.1500,32.9310,0.000000
TAP_TAPCELL_ROW_8_322,VGND,li1,44.3900,32.9310,0.000000
TAP_TAPCELL_ROW_8_321,VGND,li1,18.6300,32.9310,0.000000
TAP_TAPCELL_ROW_7_320,VGND,li1,289.1100,32.3480,0.000000
TAP_TAPCELL_ROW_7_319,VGND,li1,263.3500,32.3480,0.000000
TAP_TAPCELL_ROW_7_318,VGND,li1,237.5900,32.3480,0.000000
TAP_TAPCELL_ROW_7_317,VGND,li1,211.8300,32.3480,0.000000
TAP_TAPCELL_ROW_7_316,VGND,li1,186.0700,32.3480,0.000000
TAP_TAPCELL_ROW_7_315,VGND,li1,160.3100,32.3480,0.000000
TAP_TAPCELL_ROW_7_314,VGND,li1,134.5500,32.3480,0.000000
TAP_TAPCELL_ROW_7_313,VGND,li1,108.7900,32.3480,0.000000
TAP_TAPCELL_ROW_7_312,VGND,li1,83.0300,32.3480,0.000000
TAP_TAPCELL_ROW_7_311,VGND,li1,57.2700,32.3480,0.000000
TAP_TAPCELL_ROW_7_310,VGND,li1,31.5100,32.3480,0.000000
TAP_TAPCELL_ROW_6_309,VGND,li1,301.9900,27.4910,0.000000
TAP_TAPCELL_ROW_6_308,VGND,li1,276.2300,27.4910,0.000000
TAP_TAPCELL_ROW_6_307,VGND,li1,250.4700,27.4910,0.000000
TAP_TAPCELL_ROW_6_306,VGND,li1,224.7100,27.4910,0.000000
TAP_TAPCELL_ROW_6_305,VGND,li1,198.9500,27.4910,0.000000
TAP_TAPCELL_ROW_6_304,VGND,li1,173.1900,27.4910,0.000000
TAP_TAPCELL_ROW_6_303,VGND,li1,147.4300,27.4910,0.000000
TAP_TAPCELL_ROW_6_302,VGND,li1,121.6700,27.4910,0.000000
TAP_TAPCELL_ROW_6_301,VGND,li1,95.9100,27.4910,0.000000
TAP_TAPCELL_ROW_6_300,VGND,li1,70.1500,27.4910,0.000000
TAP_TAPCELL_ROW_6_299,VGND,li1,44.3900,27.4910,0.000000
TAP_TAPCELL_ROW_6_298,VGND,li1,18.6300,27.4910,0.000000
TAP_TAPCELL_ROW_5_297,VGND,li1,289.1100,26.9080,0.000000
TAP_TAPCELL_ROW_5_296,VGND,li1,263.3500,26.9080,0.000000
TAP_TAPCELL_ROW_5_295,VGND,li1,237.5900,26.9080,0.000000
TAP_TAPCELL_ROW_5_294,VGND,li1,211.8300,26.9080,0.000000
TAP_TAPCELL_ROW_5_293,VGND,li1,186.0700,26.9080,0.000000
TAP_TAPCELL_ROW_5_292,VGND,li1,160.3100,26.9080,0.000000
TAP_TAPCELL_ROW_5_291,VGND,li1,134.5500,26.9080,0.000000
TAP_TAPCELL_ROW_5_290,VGND,li1,108.7900,26.9080,0.000000
TAP_TAPCELL_ROW_5_289,VGND,li1,83.0300,26.9080,0.000000
TAP_TAPCELL_ROW_5_288,VGND,li1,57.2700,26.9080,0.000000
TAP_TAPCELL_ROW_5_287,VGND,li1,31.5100,26.9080,0.000000
TAP_TAPCELL_ROW_4_286,VGND,li1,301.9900,22.0510,0.000000
TAP_TAPCELL_ROW_4_285,VGND,li1,276.2300,22.0510,0.000000
TAP_TAPCELL_ROW_4_284,VGND,li1,250.4700,22.0510,0.000000
TAP_TAPCELL_ROW_4_283,VGND,li1,224.7100,22.0510,0.000000
TAP_TAPCELL_ROW_4_282,VGND,li1,198.9500,22.0510,0.000000
TAP_TAPCELL_ROW_4_281,VGND,li1,173.1900,22.0510,0.000000
TAP_TAPCELL_ROW_4_280,VGND,li1,147.4300,22.0510,0.000000
TAP_TAPCELL_ROW_4_279,VGND,li1,121.6700,22.0510,0.000000
TAP_TAPCELL_ROW_4_278,VGND,li1,95.9100,22.0510,0.000000
TAP_TAPCELL_ROW_4_277,VGND,li1,70.1500,22.0510,0.000000
TAP_TAPCELL_ROW_4_276,VGND,li1,44.3900,22.0510,0.000000
TAP_TAPCELL_ROW_4_275,VGND,li1,18.6300,22.0510,0.000000
TAP_TAPCELL_ROW_3_274,VGND,li1,289.1100,21.4680,0.000000
TAP_TAPCELL_ROW_3_273,VGND,li1,263.3500,21.4680,0.000000
TAP_TAPCELL_ROW_3_272,VGND,li1,237.5900,21.4680,0.000000
TAP_TAPCELL_ROW_3_271,VGND,li1,211.8300,21.4680,0.000000
TAP_TAPCELL_ROW_3_270,VGND,li1,186.0700,21.4680,0.000000
TAP_TAPCELL_ROW_3_269,VGND,li1,160.3100,21.4680,0.000000
TAP_TAPCELL_ROW_3_268,VGND,li1,134.5500,21.4680,0.000000
TAP_TAPCELL_ROW_3_267,VGND,li1,108.7900,21.4680,0.000000
TAP_TAPCELL_ROW_3_266,VGND,li1,83.0300,21.4680,0.000000
TAP_TAPCELL_ROW_3_265,VGND,li1,57.2700,21.4680,0.000000
TAP_TAPCELL_ROW_3_264,VGND,li1,31.5100,21.4680,0.000000
TAP_TAPCELL_ROW_2_263,VGND,li1,301.9900,16.6110,0.000000
TAP_TAPCELL_ROW_2_262,VGND,li1,276.2300,16.6110,0.000000
TAP_TAPCELL_ROW_2_261,VGND,li1,250.4700,16.6110,0.000000
TAP_TAPCELL_ROW_2_260,VGND,li1,224.7100,16.6110,0.000000
TAP_TAPCELL_ROW_2_259,VGND,li1,198.9500,16.6110,0.000000
TAP_TAPCELL_ROW_2_258,VGND,li1,173.1900,16.6110,0.000000
TAP_TAPCELL_ROW_2_257,VGND,li1,147.4300,16.6110,0.000000
TAP_TAPCELL_ROW_2_256,VGND,li1,121.6700,16.6110,0.000000
TAP_TAPCELL_ROW_2_255,VGND,li1,95.9100,16.6110,0.000000
TAP_TAPCELL_ROW_2_254,VGND,li1,70.1500,16.6110,0.000000
TAP_TAPCELL_ROW_2_253,VGND,li1,44.3900,16.6110,0.000000
TAP_TAPCELL_ROW_2_252,VGND,li1,18.6300,16.6110,0.000000
TAP_TAPCELL_ROW_1_251,VGND,li1,289.1100,16.0280,0.000000
TAP_TAPCELL_ROW_1_250,VGND,li1,263.3500,16.0280,0.000000
TAP_TAPCELL_ROW_1_249,VGND,li1,237.5900,16.0280,0.000000
TAP_TAPCELL_ROW_1_248,VGND,li1,211.8300,16.0280,0.000000
TAP_TAPCELL_ROW_1_247,VGND,li1,186.0700,16.0280,0.000000
TAP_TAPCELL_ROW_1_246,VGND,li1,160.3100,16.0280,0.000000
TAP_TAPCELL_ROW_1_245,VGND,li1,134.5500,16.0280,0.000000
TAP_TAPCELL_ROW_1_244,VGND,li1,108.7900,16.0280,0.000000
TAP_TAPCELL_ROW_1_243,VGND,li1,83.0300,16.0280,0.000000
TAP_TAPCELL_ROW_1_242,VGND,li1,57.2700,16.0280,0.000000
TAP_TAPCELL_ROW_1_241,VGND,li1,31.5100,16.0280,0.000000
TAP_TAPCELL_ROW_0_240,VGND,li1,301.9900,11.1710,0.000000
TAP_TAPCELL_ROW_0_239,VGND,li1,289.1100,11.1710,0.000000
TAP_TAPCELL_ROW_0_238,VGND,li1,276.2300,11.1710,0.000000
TAP_TAPCELL_ROW_0_237,VGND,li1,263.3500,11.1710,0.000000
TAP_TAPCELL_ROW_0_236,VGND,li1,250.4700,11.1710,0.000000
TAP_TAPCELL_ROW_0_235,VGND,li1,237.5900,11.1710,0.000000
TAP_TAPCELL_ROW_0_234,VGND,li1,224.7100,11.1710,0.000000
TAP_TAPCELL_ROW_0_233,VGND,li1,211.8300,11.1710,0.000000
TAP_TAPCELL_ROW_0_232,VGND,li1,198.9500,11.1710,0.000000
TAP_TAPCELL_ROW_0_231,VGND,li1,186.0700,11.1710,0.000000
TAP_TAPCELL_ROW_0_230,VGND,li1,173.1900,11.1710,0.000000
TAP_TAPCELL_ROW_0_229,VGND,li1,160.3100,11.1710,0.000000
TAP_TAPCELL_ROW_0_228,VGND,li1,147.4300,11.1710,0.000000
TAP_TAPCELL_ROW_0_227,VGND,li1,134.5500,11.1710,0.000000
TAP_TAPCELL_ROW_0_226,VGND,li1,121.6700,11.1710,0.000000
TAP_TAPCELL_ROW_0_225,VGND,li1,108.7900,11.1710,0.000000
TAP_TAPCELL_ROW_0_224,VGND,li1,95.9100,11.1710,0.000000
TAP_TAPCELL_ROW_0_223,VGND,li1,83.0300,11.1710,0.000000
TAP_TAPCELL_ROW_0_222,VGND,li1,70.1500,11.1710,0.000000
TAP_TAPCELL_ROW_0_221,VGND,li1,57.2700,11.1710,0.000000
TAP_TAPCELL_ROW_0_220,VGND,li1,44.3900,11.1710,0.000000
TAP_TAPCELL_ROW_0_219,VGND,li1,31.5100,11.1710,0.000000
TAP_TAPCELL_ROW_0_218,VGND,li1,18.6300,11.1710,0.000000
PHY_EDGE_ROW_108_Left_217,VGND,li1,6.2100,304.6400,0.000026
PHY_EDGE_ROW_107_Left_216,VGND,li1,6.2100,304.6400,0.000026
PHY_EDGE_ROW_106_Left_215,VGND,li1,6.2100,299.2000,0.000000
PHY_EDGE_ROW_105_Left_214,VGND,li1,6.2100,299.2000,0.000000
PHY_EDGE_ROW_104_Left_213,VGND,li1,6.2100,293.7600,0.000000
PHY_EDGE_ROW_103_Left_212,VGND,li1,6.2100,293.7600,0.000000
PHY_EDGE_ROW_102_Left_211,VGND,li1,6.2100,288.3200,0.000000
PHY_EDGE_ROW_101_Left_210,VGND,li1,6.2100,288.3200,0.000000
PHY_EDGE_ROW_100_Left_209,VGND,li1,6.2100,282.8800,0.000000
PHY_EDGE_ROW_99_Left_208,VGND,li1,6.2100,282.8800,0.000000
PHY_EDGE_ROW_98_Left_207,VGND,li1,6.2100,277.4400,0.000000
PHY_EDGE_ROW_97_Left_206,VGND,li1,6.2100,277.4400,0.000000
PHY_EDGE_ROW_96_Left_205,VGND,li1,6.2100,272.0000,0.000000
PHY_EDGE_ROW_95_Left_204,VGND,li1,6.2100,272.0000,0.000000
PHY_EDGE_ROW_94_Left_203,VGND,li1,6.2100,266.5600,0.000000
PHY_EDGE_ROW_93_Left_202,VGND,li1,6.2100,266.5600,0.000000
PHY_EDGE_ROW_92_Left_201,VGND,li1,6.2100,261.1200,0.000000
PHY_EDGE_ROW_91_Left_200,VGND,li1,6.2100,261.1200,0.000000
PHY_EDGE_ROW_90_Left_199,VGND,li1,6.2100,255.6800,0.000000
PHY_EDGE_ROW_89_Left_198,VGND,li1,6.2100,255.6800,0.000000
PHY_EDGE_ROW_88_Left_197,VGND,li1,6.2100,250.2400,0.000000
PHY_EDGE_ROW_87_Left_196,VGND,li1,6.2100,250.2400,0.000000
PHY_EDGE_ROW_86_Left_195,VGND,li1,6.2100,244.8000,0.000000
PHY_EDGE_ROW_85_Left_194,VGND,li1,6.2100,244.8000,0.000000
PHY_EDGE_ROW_84_Left_193,VGND,li1,6.2100,239.3600,0.000000
PHY_EDGE_ROW_83_Left_192,VGND,li1,6.2100,239.3600,0.000000
PHY_EDGE_ROW_82_Left_191,VGND,li1,6.2100,233.9200,0.000000
PHY_EDGE_ROW_81_Left_190,VGND,li1,6.2100,233.9200,0.000000
PHY_EDGE_ROW_80_Left_189,VGND,li1,6.2100,228.4800,0.000000
PHY_EDGE_ROW_79_Left_188,VGND,li1,6.2100,228.4800,0.000000
PHY_EDGE_ROW_78_Left_187,VGND,li1,6.2100,223.0400,0.000000
PHY_EDGE_ROW_77_Left_186,VGND,li1,6.2100,223.0400,0.000000
PHY_EDGE_ROW_76_Left_185,VGND,li1,6.2100,217.6000,0.000000
PHY_EDGE_ROW_75_Left_184,VGND,li1,6.2100,217.6000,0.000000
PHY_EDGE_ROW_74_Left_183,VGND,li1,6.2100,212.1600,0.000000
PHY_EDGE_ROW_73_Left_182,VGND,li1,6.2100,212.1600,0.000000
PHY_EDGE_ROW_72_Left_181,VGND,li1,6.2100,206.7200,0.000000
PHY_EDGE_ROW_71_Left_180,VGND,li1,6.2100,206.7200,0.000000
PHY_EDGE_ROW_70_Left_179,VGND,li1,6.2100,201.2800,0.000000
PHY_EDGE_ROW_69_Left_178,VGND,li1,6.2100,201.2800,0.000000
PHY_EDGE_ROW_68_Left_177,VGND,li1,6.2100,195.8400,0.000000
PHY_EDGE_ROW_67_Left_176,VGND,li1,6.2100,195.8400,0.000000
PHY_EDGE_ROW_66_Left_175,VGND,li1,6.2100,190.4000,0.000000
PHY_EDGE_ROW_65_Left_174,VGND,li1,6.2100,190.4000,0.000000
PHY_EDGE_ROW_64_Left_173,VGND,li1,6.2100,184.9600,0.000000
PHY_EDGE_ROW_63_Left_172,VGND,li1,6.2100,184.9600,0.000000
PHY_EDGE_ROW_62_Left_171,VGND,li1,6.2100,179.5200,0.000000
PHY_EDGE_ROW_61_Left_170,VGND,li1,6.2100,179.5200,0.000000
PHY_EDGE_ROW_60_Left_169,VGND,li1,6.2100,174.0800,0.000000
PHY_EDGE_ROW_59_Left_168,VGND,li1,6.2100,174.0800,0.000000
PHY_EDGE_ROW_58_Left_167,VGND,li1,6.2100,168.6400,0.000000
PHY_EDGE_ROW_57_Left_166,VGND,li1,6.2100,168.6400,0.000000
PHY_EDGE_ROW_56_Left_165,VGND,li1,6.2100,163.2000,0.000000
PHY_EDGE_ROW_55_Left_164,VGND,li1,6.2100,163.2000,0.000000
PHY_EDGE_ROW_54_Left_163,VGND,li1,6.2100,157.7600,0.000000
PHY_EDGE_ROW_53_Left_162,VGND,li1,6.2100,157.7600,0.000000
PHY_EDGE_ROW_52_Left_161,VGND,li1,6.2100,152.3200,0.000000
PHY_EDGE_ROW_51_Left_160,VGND,li1,6.2100,152.3200,0.000000
PHY_EDGE_ROW_50_Left_159,VGND,li1,6.2100,146.8800,0.000000
PHY_EDGE_ROW_49_Left_158,VGND,li1,6.2100,146.8800,0.000000
PHY_EDGE_ROW_48_Left_157,VGND,li1,6.2100,141.4400,0.000000
PHY_EDGE_ROW_47_Left_156,VGND,li1,6.2100,141.4400,0.000000
PHY_EDGE_ROW_46_Left_155,VGND,li1,6.2100,136.0000,0.000000
PHY_EDGE_ROW_45_Left_154,VGND,li1,6.2100,136.0000,0.000000
PHY_EDGE_ROW_44_Left_153,VGND,li1,6.2100,130.5600,0.000000
PHY_EDGE_ROW_43_Left_152,VGND,li1,6.2100,130.5600,0.000000
PHY_EDGE_ROW_42_Left_151,VGND,li1,6.2100,125.1200,0.000000
PHY_EDGE_ROW_41_Left_150,VGND,li1,6.2100,125.1200,0.000000
PHY_EDGE_ROW_40_Left_149,VGND,li1,6.2100,119.6800,0.000000
PHY_EDGE_ROW_39_Left_148,VGND,li1,6.2100,119.6800,0.000000
PHY_EDGE_ROW_38_Left_147,VGND,li1,6.2100,114.2400,0.000000
PHY_EDGE_ROW_37_Left_146,VGND,li1,6.2100,114.2400,0.000000
PHY_EDGE_ROW_36_Left_145,VGND,li1,6.2100,108.8000,0.000000
PHY_EDGE_ROW_35_Left_144,VGND,li1,6.2100,108.8000,0.000000
PHY_EDGE_ROW_34_Left_143,VGND,li1,6.2100,103.3600,0.000000
PHY_EDGE_ROW_33_Left_142,VGND,li1,6.2100,103.3600,0.000000
PHY_EDGE_ROW_32_Left_141,VGND,li1,6.2100,97.9200,0.000000
PHY_EDGE_ROW_31_Left_140,VGND,li1,6.2100,97.9200,0.000000
PHY_EDGE_ROW_30_Left_139,VGND,li1,6.2100,92.4800,0.000000
PHY_EDGE_ROW_29_Left_138,VGND,li1,6.2100,92.4800,0.000000
PHY_EDGE_ROW_28_Left_137,VGND,li1,6.2100,87.0400,0.000000
PHY_EDGE_ROW_27_Left_136,VGND,li1,6.2100,87.0400,0.000000
PHY_EDGE_ROW_26_Left_135,VGND,li1,6.2100,81.6000,0.000000
PHY_EDGE_ROW_25_Left_134,VGND,li1,6.2100,81.6000,0.000000
PHY_EDGE_ROW_24_Left_133,VGND,li1,6.2100,76.1600,0.000000
PHY_EDGE_ROW_23_Left_132,VGND,li1,6.2100,76.1600,0.000000
PHY_EDGE_ROW_22_Left_131,VGND,li1,6.2100,70.7200,0.000000
PHY_EDGE_ROW_21_Left_130,VGND,li1,6.2100,70.7200,0.000000
PHY_EDGE_ROW_20_Left_129,VGND,li1,6.2100,65.2800,0.000000
PHY_EDGE_ROW_19_Left_128,VGND,li1,6.2100,65.2800,0.000000
PHY_EDGE_ROW_18_Left_127,VGND,li1,6.2100,59.8400,0.000000
PHY_EDGE_ROW_17_Left_126,VGND,li1,6.2100,59.8400,0.000000
PHY_EDGE_ROW_16_Left_125,VGND,li1,6.2100,54.4000,0.000000
PHY_EDGE_ROW_15_Left_124,VGND,li1,6.2100,54.4000,0.000000
PHY_EDGE_ROW_14_Left_123,VGND,li1,6.2100,48.9600,0.000000
PHY_EDGE_ROW_13_Left_122,VGND,li1,6.2100,48.9600,0.000000
PHY_EDGE_ROW_12_Left_121,VGND,li1,6.2100,43.5200,0.000000
PHY_EDGE_ROW_11_Left_120,VGND,li1,6.2100,43.5200,0.000000
PHY_EDGE_ROW_10_Left_119,VGND,li1,6.2100,38.0800,0.000000
PHY_EDGE_ROW_9_Left_118,VGND,li1,6.2100,38.0800,0.000000
PHY_EDGE_ROW_8_Left_117,VGND,li1,6.2100,32.6400,0.000000
PHY_EDGE_ROW_7_Left_116,VGND,li1,6.2100,32.6400,0.000000
PHY_EDGE_ROW_6_Left_115,VGND,li1,6.2100,27.2000,0.000000
PHY_EDGE_ROW_5_Left_114,VGND,li1,6.2100,27.2000,0.000000
PHY_EDGE_ROW_4_Left_113,VGND,li1,6.2100,21.7600,0.000000
PHY_EDGE_ROW_3_Left_112,VGND,li1,6.2100,21.7600,0.000000
PHY_EDGE_ROW_2_Left_111,VGND,li1,6.2100,16.3200,0.000000
PHY_EDGE_ROW_1_Left_110,VGND,li1,6.2100,16.3200,0.000000
PHY_EDGE_ROW_0_Left_109,VGND,li1,6.2100,10.8800,0.000000
PHY_EDGE_ROW_108_Right_108,VGND,li1,313.4900,304.6400,0.000106
PHY_EDGE_ROW_107_Right_107,VGND,li1,313.4900,304.6400,0.000106
PHY_EDGE_ROW_106_Right_106,VGND,li1,313.4900,299.2000,0.000000
PHY_EDGE_ROW_105_Right_105,VGND,li1,313.4900,299.2000,0.000000
PHY_EDGE_ROW_104_Right_104,VGND,li1,313.4900,293.7600,0.000000
PHY_EDGE_ROW_103_Right_103,VGND,li1,313.4900,293.7600,0.000000
PHY_EDGE_ROW_102_Right_102,VGND,li1,313.4900,288.3200,0.000000
PHY_EDGE_ROW_101_Right_101,VGND,li1,313.4900,288.3200,0.000000
PHY_EDGE_ROW_100_Right_100,VGND,li1,313.4900,282.8800,0.000000
PHY_EDGE_ROW_99_Right_99,VGND,li1,313.4900,282.8800,0.000000
PHY_EDGE_ROW_98_Right_98,VGND,li1,313.4900,277.4400,0.000000
PHY_EDGE_ROW_97_Right_97,VGND,li1,313.4900,277.4400,0.000000
PHY_EDGE_ROW_96_Right_96,VGND,li1,313.4900,272.0000,0.000000
PHY_EDGE_ROW_95_Right_95,VGND,li1,313.4900,272.0000,0.000000
PHY_EDGE_ROW_94_Right_94,VGND,li1,313.4900,266.5600,0.000000
PHY_EDGE_ROW_93_Right_93,VGND,li1,313.4900,266.5600,0.000000
PHY_EDGE_ROW_92_Right_92,VGND,li1,313.4900,261.1200,0.000000
PHY_EDGE_ROW_91_Right_91,VGND,li1,313.4900,261.1200,0.000000
PHY_EDGE_ROW_90_Right_90,VGND,li1,313.4900,255.6800,0.000000
PHY_EDGE_ROW_89_Right_89,VGND,li1,313.4900,255.6800,0.000000
PHY_EDGE_ROW_88_Right_88,VGND,li1,313.4900,250.2400,0.000000
PHY_EDGE_ROW_87_Right_87,VGND,li1,313.4900,250.2400,0.000000
PHY_EDGE_ROW_86_Right_86,VGND,li1,313.4900,244.8000,0.000000
PHY_EDGE_ROW_85_Right_85,VGND,li1,313.4900,244.8000,0.000000
PHY_EDGE_ROW_84_Right_84,VGND,li1,313.4900,239.3600,0.000000
PHY_EDGE_ROW_83_Right_83,VGND,li1,313.4900,239.3600,0.000000
PHY_EDGE_ROW_82_Right_82,VGND,li1,313.4900,233.9200,0.000000
PHY_EDGE_ROW_81_Right_81,VGND,li1,313.4900,233.9200,0.000000
PHY_EDGE_ROW_80_Right_80,VGND,li1,313.4900,228.4800,0.000000
PHY_EDGE_ROW_79_Right_79,VGND,li1,313.4900,228.4800,0.000000
PHY_EDGE_ROW_78_Right_78,VGND,li1,313.4900,223.0400,0.000000
PHY_EDGE_ROW_77_Right_77,VGND,li1,313.4900,223.0400,0.000000
PHY_EDGE_ROW_76_Right_76,VGND,li1,313.4900,217.6000,0.000000
PHY_EDGE_ROW_75_Right_75,VGND,li1,313.4900,217.6000,0.000000
PHY_EDGE_ROW_74_Right_74,VGND,li1,313.4900,212.1600,0.000000
PHY_EDGE_ROW_73_Right_73,VGND,li1,313.4900,212.1600,0.000000
PHY_EDGE_ROW_72_Right_72,VGND,li1,313.4900,206.7200,0.000000
PHY_EDGE_ROW_71_Right_71,VGND,li1,313.4900,206.7200,0.000000
PHY_EDGE_ROW_70_Right_70,VGND,li1,313.4900,201.2800,0.000000
PHY_EDGE_ROW_69_Right_69,VGND,li1,313.4900,201.2800,0.000000
PHY_EDGE_ROW_68_Right_68,VGND,li1,313.4900,195.8400,0.000000
PHY_EDGE_ROW_67_Right_67,VGND,li1,313.4900,195.8400,0.000000
PHY_EDGE_ROW_66_Right_66,VGND,li1,313.4900,190.4000,0.000000
PHY_EDGE_ROW_65_Right_65,VGND,li1,313.4900,190.4000,0.000000
PHY_EDGE_ROW_64_Right_64,VGND,li1,313.4900,184.9600,0.000000
PHY_EDGE_ROW_63_Right_63,VGND,li1,313.4900,184.9600,0.000000
PHY_EDGE_ROW_62_Right_62,VGND,li1,313.4900,179.5200,0.000000
PHY_EDGE_ROW_61_Right_61,VGND,li1,313.4900,179.5200,0.000000
PHY_EDGE_ROW_60_Right_60,VGND,li1,313.4900,174.0800,0.000000
PHY_EDGE_ROW_59_Right_59,VGND,li1,313.4900,174.0800,0.000000
PHY_EDGE_ROW_58_Right_58,VGND,li1,313.4900,168.6400,0.000000
PHY_EDGE_ROW_57_Right_57,VGND,li1,313.4900,168.6400,0.000000
PHY_EDGE_ROW_56_Right_56,VGND,li1,313.4900,163.2000,0.000000
PHY_EDGE_ROW_55_Right_55,VGND,li1,313.4900,163.2000,0.000000
PHY_EDGE_ROW_54_Right_54,VGND,li1,313.4900,157.7600,0.000000
PHY_EDGE_ROW_53_Right_53,VGND,li1,313.4900,157.7600,0.000000
PHY_EDGE_ROW_52_Right_52,VGND,li1,313.4900,152.3200,0.000000
PHY_EDGE_ROW_51_Right_51,VGND,li1,313.4900,152.3200,0.000000
PHY_EDGE_ROW_50_Right_50,VGND,li1,313.4900,146.8800,0.000000
PHY_EDGE_ROW_49_Right_49,VGND,li1,313.4900,146.8800,0.000000
PHY_EDGE_ROW_48_Right_48,VGND,li1,313.4900,141.4400,0.000000
PHY_EDGE_ROW_47_Right_47,VGND,li1,313.4900,141.4400,0.000000
PHY_EDGE_ROW_46_Right_46,VGND,li1,313.4900,136.0000,0.000000
PHY_EDGE_ROW_45_Right_45,VGND,li1,313.4900,136.0000,0.000000
PHY_EDGE_ROW_44_Right_44,VGND,li1,313.4900,130.5600,0.000000
PHY_EDGE_ROW_43_Right_43,VGND,li1,313.4900,130.5600,0.000000
PHY_EDGE_ROW_42_Right_42,VGND,li1,313.4900,125.1200,0.000000
PHY_EDGE_ROW_41_Right_41,VGND,li1,313.4900,125.1200,0.000000
PHY_EDGE_ROW_40_Right_40,VGND,li1,313.4900,119.6800,0.000000
PHY_EDGE_ROW_39_Right_39,VGND,li1,313.4900,119.6800,0.000000
PHY_EDGE_ROW_38_Right_38,VGND,li1,313.4900,114.2400,0.000000
PHY_EDGE_ROW_37_Right_37,VGND,li1,313.4900,114.2400,0.000000
PHY_EDGE_ROW_36_Right_36,VGND,li1,313.4900,108.8000,0.000000
PHY_EDGE_ROW_35_Right_35,VGND,li1,313.4900,108.8000,0.000000
PHY_EDGE_ROW_34_Right_34,VGND,li1,313.4900,103.3600,0.000000
PHY_EDGE_ROW_33_Right_33,VGND,li1,313.4900,103.3600,0.000000
PHY_EDGE_ROW_32_Right_32,VGND,li1,313.4900,97.9200,0.000000
PHY_EDGE_ROW_31_Right_31,VGND,li1,313.4900,97.9200,0.000000
PHY_EDGE_ROW_30_Right_30,VGND,li1,313.4900,92.4800,0.000000
PHY_EDGE_ROW_29_Right_29,VGND,li1,313.4900,92.4800,0.000000
PHY_EDGE_ROW_28_Right_28,VGND,li1,313.4900,87.0400,0.000000
PHY_EDGE_ROW_27_Right_27,VGND,li1,313.4900,87.0400,0.000000
PHY_EDGE_ROW_26_Right_26,VGND,li1,313.4900,81.6000,0.000000
PHY_EDGE_ROW_25_Right_25,VGND,li1,313.4900,81.6000,0.000000
PHY_EDGE_ROW_24_Right_24,VGND,li1,313.4900,76.1600,0.000000
PHY_EDGE_ROW_23_Right_23,VGND,li1,313.4900,76.1600,0.000000
PHY_EDGE_ROW_22_Right_22,VGND,li1,313.4900,70.7200,0.000000
PHY_EDGE_ROW_21_Right_21,VGND,li1,313.4900,70.7200,0.000000
PHY_EDGE_ROW_20_Right_20,VGND,li1,313.4900,65.2800,0.000000
PHY_EDGE_ROW_19_Right_19,VGND,li1,313.4900,65.2800,0.000000
PHY_EDGE_ROW_18_Right_18,VGND,li1,313.4900,59.8400,0.000000
PHY_EDGE_ROW_17_Right_17,VGND,li1,313.4900,59.8400,0.000000
PHY_EDGE_ROW_16_Right_16,VGND,li1,313.4900,54.4000,0.000000
PHY_EDGE_ROW_15_Right_15,VGND,li1,313.4900,54.4000,0.000000
PHY_EDGE_ROW_14_Right_14,VGND,li1,313.4900,48.9600,0.000000
PHY_EDGE_ROW_13_Right_13,VGND,li1,313.4900,48.9600,0.000000
PHY_EDGE_ROW_12_Right_12,VGND,li1,313.4900,43.5200,0.000000
PHY_EDGE_ROW_11_Right_11,VGND,li1,313.4900,43.5200,0.000000
PHY_EDGE_ROW_10_Right_10,VGND,li1,313.4900,38.0800,0.000000
PHY_EDGE_ROW_9_Right_9,VGND,li1,313.4900,38.0800,0.000000
PHY_EDGE_ROW_8_Right_8,VGND,li1,313.4900,32.6400,0.000000
PHY_EDGE_ROW_7_Right_7,VGND,li1,313.4900,32.6400,0.000000
PHY_EDGE_ROW_6_Right_6,VGND,li1,313.4900,27.2000,0.000000
PHY_EDGE_ROW_5_Right_5,VGND,li1,313.4900,27.2000,0.000000
PHY_EDGE_ROW_4_Right_4,VGND,li1,313.4900,21.7600,0.000000
PHY_EDGE_ROW_3_Right_3,VGND,li1,313.4900,21.7600,0.000000
PHY_EDGE_ROW_2_Right_2,VGND,li1,313.4900,16.3200,0.000000
PHY_EDGE_ROW_1_Right_1,VGND,li1,313.4900,16.3200,0.000000
PHY_EDGE_ROW_0_Right_0,VGND,li1,313.4900,10.8800,0.000000
_79_,VGND,li1,154.5600,304.6400,0.000327
_78_,VGND,li1,151.3400,304.6400,0.000334
