Instance,Terminal,Layer,X location,Y location,Voltage
FILLER_108_665,VPWR,li1,312.1100,307.3600,1.799915
FILLER_108_657,VPWR,li1,309.5800,307.3600,1.799915
FILLER_108_645,VPWR,li1,304.9800,307.3600,1.799915
FILLER_108_641,VPWR,li1,301.0700,307.3600,1.799915
FILLER_108_629,VPWR,li1,297.6200,307.3600,1.799915
FILLER_108_617,VPWR,li1,292.1000,307.3600,1.799915
FILLER_108_613,VPWR,li1,288.1900,307.3600,1.799915
FILLER_108_601,VPWR,li1,284.7400,307.3600,1.799915
FILLER_108_589,VPWR,li1,279.2200,307.3600,1.799915
FILLER_108_585,VPWR,li1,275.3100,307.3600,1.799915
FILLER_108_573,VPWR,li1,271.8600,307.3600,1.799915
FILLER_108_561,VPWR,li1,266.3400,307.3600,1.799915
FILLER_108_557,VPWR,li1,262.4300,307.3600,1.799915
FILLER_108_545,VPWR,li1,258.9800,307.3600,1.799915
FILLER_108_533,VPWR,li1,253.4600,307.3600,1.799915
FILLER_108_529,VPWR,li1,249.5500,307.3600,1.799915
FILLER_108_517,VPWR,li1,246.1000,307.3600,1.799915
FILLER_108_505,VPWR,li1,240.5800,307.3600,1.799915
FILLER_108_501,VPWR,li1,236.6700,307.3600,1.799915
FILLER_108_489,VPWR,li1,233.2200,307.3600,1.799915
FILLER_108_477,VPWR,li1,227.7000,307.3600,1.799915
FILLER_108_473,VPWR,li1,223.7900,307.3600,1.799915
FILLER_108_461,VPWR,li1,220.3400,307.3600,1.799915
FILLER_108_454,VPWR,li1,215.2800,307.3600,1.799915
FILLER_108_449,VPWR,li1,212.5200,307.3600,1.799915
FILLER_108_447,VPWR,li1,211.3700,307.3600,1.799915
FILLER_108_440,VPWR,li1,208.8400,307.3600,1.799915
FILLER_108_433,VPWR,li1,205.6200,307.3600,1.799915
FILLER_108_426,VPWR,li1,202.4000,307.3600,1.799915
FILLER_108_421,VPWR,li1,199.6400,307.3600,1.799915
FILLER_108_419,VPWR,li1,198.4900,307.3600,1.799915
FILLER_108_412,VPWR,li1,195.9600,307.3600,1.799915
FILLER_108_405,VPWR,li1,192.7400,307.3600,1.799915
FILLER_108_398,VPWR,li1,189.5200,307.3600,1.799915
FILLER_108_393,VPWR,li1,186.7600,307.3600,1.799915
FILLER_108_391,VPWR,li1,185.6100,307.3600,1.799915
FILLER_108_384,VPWR,li1,183.0800,307.3600,1.799915
FILLER_108_377,VPWR,li1,179.8600,307.3600,1.799915
FILLER_108_371,VPWR,li1,176.8700,307.3600,1.799915
FILLER_108_337,VPWR,li1,160.7700,307.3600,1.799804
FILLER_108_309,VPWR,li1,147.8900,307.3600,1.799762
FILLER_108_281,VPWR,li1,135.0100,307.3600,1.799774
FILLER_108_279,VPWR,li1,134.0900,307.3600,1.799774
FILLER_108_272,VPWR,li1,131.5600,307.3600,1.799779
FILLER_108_265,VPWR,li1,128.3400,307.3600,1.799785
FILLER_108_258,VPWR,li1,125.1200,307.3600,1.799791
FILLER_108_253,VPWR,li1,122.3600,307.3600,1.799796
FILLER_108_251,VPWR,li1,121.2100,307.3600,1.799799
FILLER_108_244,VPWR,li1,118.6800,307.3600,1.799805
FILLER_108_237,VPWR,li1,115.4600,307.3600,1.799811
FILLER_108_230,VPWR,li1,112.2400,307.3600,1.799817
FILLER_108_225,VPWR,li1,109.4800,307.3600,1.799822
FILLER_108_223,VPWR,li1,108.3300,307.3600,1.799822
FILLER_108_217,VPWR,li1,106.0300,307.3600,1.799826
FILLER_108_209,VPWR,li1,103.5000,307.3600,1.799830
FILLER_108_197,VPWR,li1,98.9000,307.3600,1.799839
FILLER_108_193,VPWR,li1,94.9900,307.3600,1.799846
FILLER_108_181,VPWR,li1,91.5400,307.3600,1.799852
FILLER_108_169,VPWR,li1,86.0200,307.3600,1.799863
FILLER_108_165,VPWR,li1,82.1100,307.3600,1.799870
FILLER_108_153,VPWR,li1,78.6600,307.3600,1.799876
FILLER_108_141,VPWR,li1,73.1400,307.3600,1.799886
FILLER_108_137,VPWR,li1,69.2300,307.3600,1.799894
FILLER_108_125,VPWR,li1,65.7800,307.3600,1.799900
FILLER_108_113,VPWR,li1,60.2600,307.3600,1.799910
FILLER_108_109,VPWR,li1,56.3500,307.3600,1.799917
FILLER_108_97,VPWR,li1,52.9000,307.3600,1.799924
FILLER_108_85,VPWR,li1,47.3800,307.3600,1.799934
FILLER_108_81,VPWR,li1,43.4700,307.3600,1.799941
FILLER_108_69,VPWR,li1,40.0200,307.3600,1.799948
FILLER_108_57,VPWR,li1,34.5000,307.3600,1.799958
FILLER_108_53,VPWR,li1,30.5900,307.3600,1.799965
FILLER_108_41,VPWR,li1,27.1400,307.3600,1.799971
FILLER_108_29,VPWR,li1,21.6200,307.3600,1.799982
FILLER_108_27,VPWR,li1,18.1700,307.3600,1.799982
FILLER_108_15,VPWR,li1,15.1800,307.3600,1.799982
FILLER_108_3,VPWR,li1,9.6600,307.3600,1.799982
FILLER_107_665,VPWR,li1,312.1100,301.9200,1.799976
FILLER_107_653,VPWR,li1,308.6600,301.9200,1.799976
FILLER_107_641,VPWR,li1,303.1400,301.9200,1.799976
FILLER_107_629,VPWR,li1,297.6200,301.9200,1.799976
FILLER_107_617,VPWR,li1,292.1000,301.9200,1.799976
FILLER_107_615,VPWR,li1,288.6500,301.9200,1.799976
FILLER_107_609,VPWR,li1,287.0400,301.9200,1.799976
FILLER_107_597,VPWR,li1,282.9000,301.9200,1.799976
FILLER_107_585,VPWR,li1,277.3800,301.9200,1.799976
FILLER_107_573,VPWR,li1,271.8600,301.9200,1.799976
FILLER_107_561,VPWR,li1,266.3400,301.9200,1.799976
FILLER_107_559,VPWR,li1,262.8900,301.9200,1.799976
FILLER_107_553,VPWR,li1,261.2800,301.9200,1.799976
FILLER_107_541,VPWR,li1,257.1400,301.9200,1.799976
FILLER_107_529,VPWR,li1,251.6200,301.9200,1.799976
FILLER_107_517,VPWR,li1,246.1000,301.9200,1.799976
FILLER_107_505,VPWR,li1,240.5800,301.9200,1.799976
FILLER_107_503,VPWR,li1,237.1300,301.9200,1.799976
FILLER_107_497,VPWR,li1,235.5200,301.9200,1.799976
FILLER_107_485,VPWR,li1,231.3800,301.9200,1.799976
FILLER_107_473,VPWR,li1,225.8600,301.9200,1.799976
FILLER_107_461,VPWR,li1,220.3400,301.9200,1.799976
FILLER_107_449,VPWR,li1,214.8200,301.9200,1.799976
FILLER_107_447,VPWR,li1,211.3700,301.9200,1.799976
FILLER_107_441,VPWR,li1,209.7600,301.9200,1.799976
FILLER_107_429,VPWR,li1,205.6200,301.9200,1.799976
FILLER_107_417,VPWR,li1,200.1000,301.9200,1.799976
FILLER_107_405,VPWR,li1,194.5800,301.9200,1.799976
FILLER_107_393,VPWR,li1,189.0600,301.9200,1.799976
FILLER_107_380,VPWR,li1,183.0800,301.9200,1.799976
FILLER_107_368,VPWR,li1,177.5600,301.9200,1.799976
FILLER_107_356,VPWR,li1,172.0400,301.9200,1.799965
FILLER_107_349,VPWR,li1,166.9800,301.9200,1.799955
FILLER_107_337,VPWR,li1,163.3000,301.9200,1.799947
FILLER_107_335,VPWR,li1,159.8500,301.9200,1.799936
FILLER_107_329,VPWR,li1,157.5500,301.9200,1.799934
FILLER_107_319,VPWR,li1,152.9500,301.9200,1.799933
FILLER_107_307,VPWR,li1,148.5800,301.9200,1.799934
FILLER_107_300,VPWR,li1,144.4400,301.9200,1.799936
FILLER_107_293,VPWR,li1,141.2200,301.9200,1.799937
FILLER_107_281,VPWR,li1,137.5400,301.9200,1.799939
FILLER_107_279,VPWR,li1,134.0900,301.9200,1.799941
FILLER_107_273,VPWR,li1,132.4800,301.9200,1.799941
FILLER_107_261,VPWR,li1,128.3400,301.9200,1.799943
FILLER_107_249,VPWR,li1,122.8200,301.9200,1.799947
FILLER_107_237,VPWR,li1,117.3000,301.9200,1.799949
FILLER_107_225,VPWR,li1,111.7800,301.9200,1.799951
FILLER_107_223,VPWR,li1,108.3300,301.9200,1.799954
FILLER_107_217,VPWR,li1,106.7200,301.9200,1.799954
FILLER_107_205,VPWR,li1,102.5800,301.9200,1.799956
FILLER_107_193,VPWR,li1,97.0600,301.9200,1.799959
FILLER_107_181,VPWR,li1,91.5400,301.9200,1.799961
FILLER_107_169,VPWR,li1,86.0200,301.9200,1.799964
FILLER_107_167,VPWR,li1,82.5700,301.9200,1.799966
FILLER_107_161,VPWR,li1,80.9600,301.9200,1.799966
FILLER_107_149,VPWR,li1,76.8200,301.9200,1.799968
FILLER_107_137,VPWR,li1,71.3000,301.9200,1.799971
FILLER_107_125,VPWR,li1,65.7800,301.9200,1.799973
FILLER_107_113,VPWR,li1,60.2600,301.9200,1.799976
FILLER_107_111,VPWR,li1,56.8100,301.9200,1.799979
FILLER_107_105,VPWR,li1,55.2000,301.9200,1.799979
FILLER_107_93,VPWR,li1,51.0600,301.9200,1.799981
FILLER_107_81,VPWR,li1,45.5400,301.9200,1.799984
FILLER_107_69,VPWR,li1,40.0200,301.9200,1.799986
FILLER_107_57,VPWR,li1,34.5000,301.9200,1.799989
FILLER_107_55,VPWR,li1,31.0500,301.9200,1.799991
FILLER_107_51,VPWR,li1,29.9000,301.9200,1.799991
FILLER_107_39,VPWR,li1,26.2200,301.9200,1.799993
FILLER_107_27,VPWR,li1,20.7000,301.9200,1.799995
FILLER_107_15,VPWR,li1,15.1800,301.9200,1.799995
FILLER_107_3,VPWR,li1,9.6600,301.9200,1.799995
FILLER_106_665,VPWR,li1,312.1100,301.9200,1.799976
FILLER_106_657,VPWR,li1,309.5800,301.9200,1.799976
FILLER_106_645,VPWR,li1,304.9800,301.9200,1.799976
FILLER_106_643,VPWR,li1,301.5300,301.9200,1.799976
FILLER_106_637,VPWR,li1,299.9200,301.9200,1.799976
FILLER_106_625,VPWR,li1,295.7800,301.9200,1.799976
FILLER_106_613,VPWR,li1,290.2600,301.9200,1.799976
FILLER_106_601,VPWR,li1,284.7400,301.9200,1.799976
FILLER_106_589,VPWR,li1,279.2200,301.9200,1.799976
FILLER_106_587,VPWR,li1,275.7700,301.9200,1.799976
FILLER_106_581,VPWR,li1,274.1600,301.9200,1.799976
FILLER_106_569,VPWR,li1,270.0200,301.9200,1.799976
FILLER_106_557,VPWR,li1,264.5000,301.9200,1.799976
FILLER_106_545,VPWR,li1,258.9800,301.9200,1.799976
FILLER_106_533,VPWR,li1,253.4600,301.9200,1.799976
FILLER_106_531,VPWR,li1,250.0100,301.9200,1.799976
FILLER_106_525,VPWR,li1,248.4000,301.9200,1.799976
FILLER_106_513,VPWR,li1,244.2600,301.9200,1.799976
FILLER_106_501,VPWR,li1,238.7400,301.9200,1.799976
FILLER_106_489,VPWR,li1,233.2200,301.9200,1.799976
FILLER_106_477,VPWR,li1,227.7000,301.9200,1.799976
FILLER_106_475,VPWR,li1,224.2500,301.9200,1.799976
FILLER_106_469,VPWR,li1,222.6400,301.9200,1.799976
FILLER_106_457,VPWR,li1,218.5000,301.9200,1.799976
FILLER_106_445,VPWR,li1,212.9800,301.9200,1.799976
FILLER_106_433,VPWR,li1,207.4600,301.9200,1.799976
FILLER_106_421,VPWR,li1,201.9400,301.9200,1.799976
FILLER_106_419,VPWR,li1,198.4900,301.9200,1.799976
FILLER_106_413,VPWR,li1,196.8800,301.9200,1.799976
FILLER_106_401,VPWR,li1,192.7400,301.9200,1.799976
FILLER_106_389,VPWR,li1,187.2200,301.9200,1.799976
FILLER_106_377,VPWR,li1,181.7000,301.9200,1.799976
FILLER_106_365,VPWR,li1,176.1800,301.9200,1.799976
FILLER_106_363,VPWR,li1,172.7300,301.9200,1.799965
FILLER_106_357,VPWR,li1,171.1200,301.9200,1.799965
FILLER_106_345,VPWR,li1,166.9800,301.9200,1.799955
FILLER_106_333,VPWR,li1,161.4600,301.9200,1.799942
FILLER_106_321,VPWR,li1,155.9400,301.9200,1.799934
FILLER_106_309,VPWR,li1,150.4200,301.9200,1.799933
FILLER_106_307,VPWR,li1,146.9700,301.9200,1.799934
FILLER_106_301,VPWR,li1,145.3600,301.9200,1.799936
FILLER_106_289,VPWR,li1,141.2200,301.9200,1.799937
FILLER_106_277,VPWR,li1,135.7000,301.9200,1.799940
FILLER_106_265,VPWR,li1,130.1800,301.9200,1.799942
FILLER_106_253,VPWR,li1,124.6600,301.9200,1.799945
FILLER_106_251,VPWR,li1,121.2100,301.9200,1.799948
FILLER_106_245,VPWR,li1,119.6000,301.9200,1.799948
FILLER_106_233,VPWR,li1,115.4600,301.9200,1.799950
FILLER_106_221,VPWR,li1,109.9400,301.9200,1.799953
FILLER_106_209,VPWR,li1,104.4200,301.9200,1.799955
FILLER_106_197,VPWR,li1,98.9000,301.9200,1.799957
FILLER_106_195,VPWR,li1,95.4500,301.9200,1.799960
FILLER_106_189,VPWR,li1,93.8400,301.9200,1.799960
FILLER_106_177,VPWR,li1,89.7000,301.9200,1.799962
FILLER_106_165,VPWR,li1,84.1800,301.9200,1.799965
FILLER_106_153,VPWR,li1,78.6600,301.9200,1.799967
FILLER_106_141,VPWR,li1,73.1400,301.9200,1.799970
FILLER_106_139,VPWR,li1,69.6900,301.9200,1.799972
FILLER_106_133,VPWR,li1,68.0800,301.9200,1.799972
FILLER_106_121,VPWR,li1,63.9400,301.9200,1.799974
FILLER_106_109,VPWR,li1,58.4200,301.9200,1.799978
FILLER_106_97,VPWR,li1,52.9000,301.9200,1.799980
FILLER_106_85,VPWR,li1,47.3800,301.9200,1.799982
FILLER_106_83,VPWR,li1,43.9300,301.9200,1.799985
FILLER_106_77,VPWR,li1,42.3200,301.9200,1.799985
FILLER_106_65,VPWR,li1,38.1800,301.9200,1.799987
FILLER_106_53,VPWR,li1,32.6600,301.9200,1.799989
FILLER_106_41,VPWR,li1,27.1400,301.9200,1.799993
FILLER_106_29,VPWR,li1,21.6200,301.9200,1.799995
FILLER_106_27,VPWR,li1,18.1700,301.9200,1.799995
FILLER_106_15,VPWR,li1,15.1800,301.9200,1.799995
FILLER_106_3,VPWR,li1,9.6600,301.9200,1.799995
FILLER_105_665,VPWR,li1,312.1100,296.4800,1.800000
FILLER_105_653,VPWR,li1,308.6600,296.4800,1.800000
FILLER_105_641,VPWR,li1,303.1400,296.4800,1.800000
FILLER_105_629,VPWR,li1,297.6200,296.4800,1.800000
FILLER_105_617,VPWR,li1,292.1000,296.4800,1.800000
FILLER_105_615,VPWR,li1,288.6500,296.4800,1.800000
FILLER_105_609,VPWR,li1,287.0400,296.4800,1.800000
FILLER_105_597,VPWR,li1,282.9000,296.4800,1.800000
FILLER_105_585,VPWR,li1,277.3800,296.4800,1.800000
FILLER_105_573,VPWR,li1,271.8600,296.4800,1.800000
FILLER_105_561,VPWR,li1,266.3400,296.4800,1.800000
FILLER_105_559,VPWR,li1,262.8900,296.4800,1.800000
FILLER_105_553,VPWR,li1,261.2800,296.4800,1.800000
FILLER_105_541,VPWR,li1,257.1400,296.4800,1.800000
FILLER_105_529,VPWR,li1,251.6200,296.4800,1.800000
FILLER_105_517,VPWR,li1,246.1000,296.4800,1.800000
FILLER_105_505,VPWR,li1,240.5800,296.4800,1.800000
FILLER_105_503,VPWR,li1,237.1300,296.4800,1.800000
FILLER_105_497,VPWR,li1,235.5200,296.4800,1.800000
FILLER_105_485,VPWR,li1,231.3800,296.4800,1.800000
FILLER_105_473,VPWR,li1,225.8600,296.4800,1.800000
FILLER_105_461,VPWR,li1,220.3400,296.4800,1.800000
FILLER_105_449,VPWR,li1,214.8200,296.4800,1.800000
FILLER_105_447,VPWR,li1,211.3700,296.4800,1.800000
FILLER_105_441,VPWR,li1,209.7600,296.4800,1.800000
FILLER_105_429,VPWR,li1,205.6200,296.4800,1.800000
FILLER_105_417,VPWR,li1,200.1000,296.4800,1.800000
FILLER_105_405,VPWR,li1,194.5800,296.4800,1.800000
FILLER_105_393,VPWR,li1,189.0600,296.4800,1.800000
FILLER_105_391,VPWR,li1,185.6100,296.4800,1.800000
FILLER_105_385,VPWR,li1,184.0000,296.4800,1.800000
FILLER_105_373,VPWR,li1,179.8600,296.4800,1.800000
FILLER_105_361,VPWR,li1,174.3400,296.4800,1.800000
FILLER_105_349,VPWR,li1,168.8200,296.4800,1.800000
FILLER_105_337,VPWR,li1,163.3000,296.4800,1.800000
FILLER_105_335,VPWR,li1,159.8500,296.4800,1.800000
FILLER_105_329,VPWR,li1,158.2400,296.4800,1.800000
FILLER_105_317,VPWR,li1,154.1000,296.4800,1.800000
FILLER_105_305,VPWR,li1,148.5800,296.4800,1.800000
FILLER_105_293,VPWR,li1,143.0600,296.4800,1.800000
FILLER_105_281,VPWR,li1,137.5400,296.4800,1.800000
FILLER_105_279,VPWR,li1,134.0900,296.4800,1.800000
FILLER_105_273,VPWR,li1,132.4800,296.4800,1.800000
FILLER_105_261,VPWR,li1,128.3400,296.4800,1.800000
FILLER_105_249,VPWR,li1,122.8200,296.4800,1.800000
FILLER_105_237,VPWR,li1,117.3000,296.4800,1.800000
FILLER_105_225,VPWR,li1,111.7800,296.4800,1.800000
FILLER_105_223,VPWR,li1,108.3300,296.4800,1.800000
FILLER_105_217,VPWR,li1,106.7200,296.4800,1.800000
FILLER_105_205,VPWR,li1,102.5800,296.4800,1.800000
FILLER_105_193,VPWR,li1,97.0600,296.4800,1.800000
FILLER_105_181,VPWR,li1,91.5400,296.4800,1.800000
FILLER_105_169,VPWR,li1,86.0200,296.4800,1.800000
FILLER_105_167,VPWR,li1,82.5700,296.4800,1.800000
FILLER_105_161,VPWR,li1,80.9600,296.4800,1.800000
FILLER_105_149,VPWR,li1,76.8200,296.4800,1.800000
FILLER_105_137,VPWR,li1,71.3000,296.4800,1.800000
FILLER_105_125,VPWR,li1,65.7800,296.4800,1.800000
FILLER_105_113,VPWR,li1,60.2600,296.4800,1.800000
FILLER_105_111,VPWR,li1,56.8100,296.4800,1.800000
FILLER_105_105,VPWR,li1,55.2000,296.4800,1.800000
FILLER_105_93,VPWR,li1,51.0600,296.4800,1.800000
FILLER_105_81,VPWR,li1,45.5400,296.4800,1.800000
FILLER_105_69,VPWR,li1,40.0200,296.4800,1.800000
FILLER_105_57,VPWR,li1,34.5000,296.4800,1.800000
FILLER_105_55,VPWR,li1,31.0500,296.4800,1.800000
FILLER_105_51,VPWR,li1,29.9000,296.4800,1.800000
FILLER_105_39,VPWR,li1,26.2200,296.4800,1.800000
FILLER_105_27,VPWR,li1,20.7000,296.4800,1.800000
FILLER_105_15,VPWR,li1,15.1800,296.4800,1.800000
FILLER_105_3,VPWR,li1,9.6600,296.4800,1.800000
FILLER_104_665,VPWR,li1,312.1100,296.4800,1.800000
FILLER_104_657,VPWR,li1,309.5800,296.4800,1.800000
FILLER_104_645,VPWR,li1,304.9800,296.4800,1.800000
FILLER_104_643,VPWR,li1,301.5300,296.4800,1.800000
FILLER_104_637,VPWR,li1,299.9200,296.4800,1.800000
FILLER_104_625,VPWR,li1,295.7800,296.4800,1.800000
FILLER_104_613,VPWR,li1,290.2600,296.4800,1.800000
FILLER_104_601,VPWR,li1,284.7400,296.4800,1.800000
FILLER_104_589,VPWR,li1,279.2200,296.4800,1.800000
FILLER_104_587,VPWR,li1,275.7700,296.4800,1.800000
FILLER_104_581,VPWR,li1,274.1600,296.4800,1.800000
FILLER_104_569,VPWR,li1,270.0200,296.4800,1.800000
FILLER_104_557,VPWR,li1,264.5000,296.4800,1.800000
FILLER_104_545,VPWR,li1,258.9800,296.4800,1.800000
FILLER_104_533,VPWR,li1,253.4600,296.4800,1.800000
FILLER_104_531,VPWR,li1,250.0100,296.4800,1.800000
FILLER_104_525,VPWR,li1,248.4000,296.4800,1.800000
FILLER_104_513,VPWR,li1,244.2600,296.4800,1.800000
FILLER_104_501,VPWR,li1,238.7400,296.4800,1.800000
FILLER_104_489,VPWR,li1,233.2200,296.4800,1.800000
FILLER_104_477,VPWR,li1,227.7000,296.4800,1.800000
FILLER_104_475,VPWR,li1,224.2500,296.4800,1.800000
FILLER_104_469,VPWR,li1,222.6400,296.4800,1.800000
FILLER_104_457,VPWR,li1,218.5000,296.4800,1.800000
FILLER_104_445,VPWR,li1,212.9800,296.4800,1.800000
FILLER_104_433,VPWR,li1,207.4600,296.4800,1.800000
FILLER_104_421,VPWR,li1,201.9400,296.4800,1.800000
FILLER_104_419,VPWR,li1,198.4900,296.4800,1.800000
FILLER_104_413,VPWR,li1,196.8800,296.4800,1.800000
FILLER_104_401,VPWR,li1,192.7400,296.4800,1.800000
FILLER_104_389,VPWR,li1,187.2200,296.4800,1.800000
FILLER_104_377,VPWR,li1,181.7000,296.4800,1.800000
FILLER_104_365,VPWR,li1,176.1800,296.4800,1.800000
FILLER_104_363,VPWR,li1,172.7300,296.4800,1.800000
FILLER_104_357,VPWR,li1,171.1200,296.4800,1.800000
FILLER_104_345,VPWR,li1,166.9800,296.4800,1.800000
FILLER_104_333,VPWR,li1,161.4600,296.4800,1.800000
FILLER_104_321,VPWR,li1,155.9400,296.4800,1.800000
FILLER_104_309,VPWR,li1,150.4200,296.4800,1.800000
FILLER_104_307,VPWR,li1,146.9700,296.4800,1.800000
FILLER_104_301,VPWR,li1,145.3600,296.4800,1.800000
FILLER_104_289,VPWR,li1,141.2200,296.4800,1.800000
FILLER_104_277,VPWR,li1,135.7000,296.4800,1.800000
FILLER_104_265,VPWR,li1,130.1800,296.4800,1.800000
FILLER_104_253,VPWR,li1,124.6600,296.4800,1.800000
FILLER_104_251,VPWR,li1,121.2100,296.4800,1.800000
FILLER_104_245,VPWR,li1,119.6000,296.4800,1.800000
FILLER_104_233,VPWR,li1,115.4600,296.4800,1.800000
FILLER_104_221,VPWR,li1,109.9400,296.4800,1.800000
FILLER_104_209,VPWR,li1,104.4200,296.4800,1.800000
FILLER_104_197,VPWR,li1,98.9000,296.4800,1.800000
FILLER_104_195,VPWR,li1,95.4500,296.4800,1.800000
FILLER_104_189,VPWR,li1,93.8400,296.4800,1.800000
FILLER_104_177,VPWR,li1,89.7000,296.4800,1.800000
FILLER_104_165,VPWR,li1,84.1800,296.4800,1.800000
FILLER_104_153,VPWR,li1,78.6600,296.4800,1.800000
FILLER_104_141,VPWR,li1,73.1400,296.4800,1.800000
FILLER_104_139,VPWR,li1,69.6900,296.4800,1.800000
FILLER_104_133,VPWR,li1,68.0800,296.4800,1.800000
FILLER_104_121,VPWR,li1,63.9400,296.4800,1.800000
FILLER_104_109,VPWR,li1,58.4200,296.4800,1.800000
FILLER_104_97,VPWR,li1,52.9000,296.4800,1.800000
FILLER_104_85,VPWR,li1,47.3800,296.4800,1.800000
FILLER_104_83,VPWR,li1,43.9300,296.4800,1.800000
FILLER_104_77,VPWR,li1,42.3200,296.4800,1.800000
FILLER_104_65,VPWR,li1,38.1800,296.4800,1.800000
FILLER_104_53,VPWR,li1,32.6600,296.4800,1.800000
FILLER_104_41,VPWR,li1,27.1400,296.4800,1.800000
FILLER_104_29,VPWR,li1,21.6200,296.4800,1.800000
FILLER_104_27,VPWR,li1,18.1700,296.4800,1.800000
FILLER_104_15,VPWR,li1,15.1800,296.4800,1.800000
FILLER_104_3,VPWR,li1,9.6600,296.4800,1.800000
FILLER_103_665,VPWR,li1,312.1100,291.0400,1.800000
FILLER_103_653,VPWR,li1,308.6600,291.0400,1.800000
FILLER_103_641,VPWR,li1,303.1400,291.0400,1.800000
FILLER_103_629,VPWR,li1,297.6200,291.0400,1.800000
FILLER_103_617,VPWR,li1,292.1000,291.0400,1.800000
FILLER_103_615,VPWR,li1,288.6500,291.0400,1.800000
FILLER_103_609,VPWR,li1,287.0400,291.0400,1.800000
FILLER_103_597,VPWR,li1,282.9000,291.0400,1.800000
FILLER_103_585,VPWR,li1,277.3800,291.0400,1.800000
FILLER_103_573,VPWR,li1,271.8600,291.0400,1.800000
FILLER_103_561,VPWR,li1,266.3400,291.0400,1.800000
FILLER_103_559,VPWR,li1,262.8900,291.0400,1.800000
FILLER_103_553,VPWR,li1,261.2800,291.0400,1.800000
FILLER_103_541,VPWR,li1,257.1400,291.0400,1.800000
FILLER_103_529,VPWR,li1,251.6200,291.0400,1.800000
FILLER_103_517,VPWR,li1,246.1000,291.0400,1.800000
FILLER_103_505,VPWR,li1,240.5800,291.0400,1.800000
FILLER_103_503,VPWR,li1,237.1300,291.0400,1.800000
FILLER_103_497,VPWR,li1,235.5200,291.0400,1.800000
FILLER_103_485,VPWR,li1,231.3800,291.0400,1.800000
FILLER_103_473,VPWR,li1,225.8600,291.0400,1.800000
FILLER_103_461,VPWR,li1,220.3400,291.0400,1.800000
FILLER_103_449,VPWR,li1,214.8200,291.0400,1.800000
FILLER_103_447,VPWR,li1,211.3700,291.0400,1.800000
FILLER_103_441,VPWR,li1,209.7600,291.0400,1.800000
FILLER_103_429,VPWR,li1,205.6200,291.0400,1.800000
FILLER_103_417,VPWR,li1,200.1000,291.0400,1.800000
FILLER_103_405,VPWR,li1,194.5800,291.0400,1.800000
FILLER_103_393,VPWR,li1,189.0600,291.0400,1.800000
FILLER_103_391,VPWR,li1,185.6100,291.0400,1.800000
FILLER_103_385,VPWR,li1,184.0000,291.0400,1.800000
FILLER_103_373,VPWR,li1,179.8600,291.0400,1.800000
FILLER_103_361,VPWR,li1,174.3400,291.0400,1.800000
FILLER_103_349,VPWR,li1,168.8200,291.0400,1.800000
FILLER_103_337,VPWR,li1,163.3000,291.0400,1.800000
FILLER_103_335,VPWR,li1,159.8500,291.0400,1.800000
FILLER_103_329,VPWR,li1,158.2400,291.0400,1.800000
FILLER_103_317,VPWR,li1,154.1000,291.0400,1.800000
FILLER_103_305,VPWR,li1,148.5800,291.0400,1.800000
FILLER_103_293,VPWR,li1,143.0600,291.0400,1.800000
FILLER_103_281,VPWR,li1,137.5400,291.0400,1.800000
FILLER_103_279,VPWR,li1,134.0900,291.0400,1.800000
FILLER_103_273,VPWR,li1,132.4800,291.0400,1.800000
FILLER_103_261,VPWR,li1,128.3400,291.0400,1.800000
FILLER_103_249,VPWR,li1,122.8200,291.0400,1.800000
FILLER_103_237,VPWR,li1,117.3000,291.0400,1.800000
FILLER_103_225,VPWR,li1,111.7800,291.0400,1.800000
FILLER_103_223,VPWR,li1,108.3300,291.0400,1.800000
FILLER_103_217,VPWR,li1,106.7200,291.0400,1.800000
FILLER_103_205,VPWR,li1,102.5800,291.0400,1.800000
FILLER_103_193,VPWR,li1,97.0600,291.0400,1.800000
FILLER_103_181,VPWR,li1,91.5400,291.0400,1.800000
FILLER_103_169,VPWR,li1,86.0200,291.0400,1.800000
FILLER_103_167,VPWR,li1,82.5700,291.0400,1.800000
FILLER_103_161,VPWR,li1,80.9600,291.0400,1.800000
FILLER_103_149,VPWR,li1,76.8200,291.0400,1.800000
FILLER_103_137,VPWR,li1,71.3000,291.0400,1.800000
FILLER_103_125,VPWR,li1,65.7800,291.0400,1.800000
FILLER_103_113,VPWR,li1,60.2600,291.0400,1.800000
FILLER_103_111,VPWR,li1,56.8100,291.0400,1.800000
FILLER_103_105,VPWR,li1,55.2000,291.0400,1.800000
FILLER_103_93,VPWR,li1,51.0600,291.0400,1.800000
FILLER_103_81,VPWR,li1,45.5400,291.0400,1.800000
FILLER_103_69,VPWR,li1,40.0200,291.0400,1.800000
FILLER_103_57,VPWR,li1,34.5000,291.0400,1.800000
FILLER_103_55,VPWR,li1,31.0500,291.0400,1.800000
FILLER_103_51,VPWR,li1,29.9000,291.0400,1.800000
FILLER_103_39,VPWR,li1,26.2200,291.0400,1.800000
FILLER_103_27,VPWR,li1,20.7000,291.0400,1.800000
FILLER_103_15,VPWR,li1,15.1800,291.0400,1.800000
FILLER_103_3,VPWR,li1,9.6600,291.0400,1.800000
FILLER_102_665,VPWR,li1,312.1100,291.0400,1.800000
FILLER_102_657,VPWR,li1,309.5800,291.0400,1.800000
FILLER_102_645,VPWR,li1,304.9800,291.0400,1.800000
FILLER_102_643,VPWR,li1,301.5300,291.0400,1.800000
FILLER_102_637,VPWR,li1,299.9200,291.0400,1.800000
FILLER_102_625,VPWR,li1,295.7800,291.0400,1.800000
FILLER_102_613,VPWR,li1,290.2600,291.0400,1.800000
FILLER_102_601,VPWR,li1,284.7400,291.0400,1.800000
FILLER_102_589,VPWR,li1,279.2200,291.0400,1.800000
FILLER_102_587,VPWR,li1,275.7700,291.0400,1.800000
FILLER_102_581,VPWR,li1,274.1600,291.0400,1.800000
FILLER_102_569,VPWR,li1,270.0200,291.0400,1.800000
FILLER_102_557,VPWR,li1,264.5000,291.0400,1.800000
FILLER_102_545,VPWR,li1,258.9800,291.0400,1.800000
FILLER_102_533,VPWR,li1,253.4600,291.0400,1.800000
FILLER_102_531,VPWR,li1,250.0100,291.0400,1.800000
FILLER_102_525,VPWR,li1,248.4000,291.0400,1.800000
FILLER_102_513,VPWR,li1,244.2600,291.0400,1.800000
FILLER_102_501,VPWR,li1,238.7400,291.0400,1.800000
FILLER_102_489,VPWR,li1,233.2200,291.0400,1.800000
FILLER_102_477,VPWR,li1,227.7000,291.0400,1.800000
FILLER_102_475,VPWR,li1,224.2500,291.0400,1.800000
FILLER_102_469,VPWR,li1,222.6400,291.0400,1.800000
FILLER_102_457,VPWR,li1,218.5000,291.0400,1.800000
FILLER_102_445,VPWR,li1,212.9800,291.0400,1.800000
FILLER_102_433,VPWR,li1,207.4600,291.0400,1.800000
FILLER_102_421,VPWR,li1,201.9400,291.0400,1.800000
FILLER_102_419,VPWR,li1,198.4900,291.0400,1.800000
FILLER_102_413,VPWR,li1,196.8800,291.0400,1.800000
FILLER_102_401,VPWR,li1,192.7400,291.0400,1.800000
FILLER_102_389,VPWR,li1,187.2200,291.0400,1.800000
FILLER_102_377,VPWR,li1,181.7000,291.0400,1.800000
FILLER_102_365,VPWR,li1,176.1800,291.0400,1.800000
FILLER_102_363,VPWR,li1,172.7300,291.0400,1.800000
FILLER_102_357,VPWR,li1,171.1200,291.0400,1.800000
FILLER_102_345,VPWR,li1,166.9800,291.0400,1.800000
FILLER_102_333,VPWR,li1,161.4600,291.0400,1.800000
FILLER_102_321,VPWR,li1,155.9400,291.0400,1.800000
FILLER_102_309,VPWR,li1,150.4200,291.0400,1.800000
FILLER_102_307,VPWR,li1,146.9700,291.0400,1.800000
FILLER_102_301,VPWR,li1,145.3600,291.0400,1.800000
FILLER_102_289,VPWR,li1,141.2200,291.0400,1.800000
FILLER_102_277,VPWR,li1,135.7000,291.0400,1.800000
FILLER_102_265,VPWR,li1,130.1800,291.0400,1.800000
FILLER_102_253,VPWR,li1,124.6600,291.0400,1.800000
FILLER_102_251,VPWR,li1,121.2100,291.0400,1.800000
FILLER_102_245,VPWR,li1,119.6000,291.0400,1.800000
FILLER_102_233,VPWR,li1,115.4600,291.0400,1.800000
FILLER_102_221,VPWR,li1,109.9400,291.0400,1.800000
FILLER_102_209,VPWR,li1,104.4200,291.0400,1.800000
FILLER_102_197,VPWR,li1,98.9000,291.0400,1.800000
FILLER_102_195,VPWR,li1,95.4500,291.0400,1.800000
FILLER_102_189,VPWR,li1,93.8400,291.0400,1.800000
FILLER_102_177,VPWR,li1,89.7000,291.0400,1.800000
FILLER_102_165,VPWR,li1,84.1800,291.0400,1.800000
FILLER_102_153,VPWR,li1,78.6600,291.0400,1.800000
FILLER_102_141,VPWR,li1,73.1400,291.0400,1.800000
FILLER_102_139,VPWR,li1,69.6900,291.0400,1.800000
FILLER_102_133,VPWR,li1,68.0800,291.0400,1.800000
FILLER_102_121,VPWR,li1,63.9400,291.0400,1.800000
FILLER_102_109,VPWR,li1,58.4200,291.0400,1.800000
FILLER_102_97,VPWR,li1,52.9000,291.0400,1.800000
FILLER_102_85,VPWR,li1,47.3800,291.0400,1.800000
FILLER_102_83,VPWR,li1,43.9300,291.0400,1.800000
FILLER_102_77,VPWR,li1,42.3200,291.0400,1.800000
FILLER_102_65,VPWR,li1,38.1800,291.0400,1.800000
FILLER_102_53,VPWR,li1,32.6600,291.0400,1.800000
FILLER_102_41,VPWR,li1,27.1400,291.0400,1.800000
FILLER_102_29,VPWR,li1,21.6200,291.0400,1.800000
FILLER_102_27,VPWR,li1,18.1700,291.0400,1.800000
FILLER_102_15,VPWR,li1,15.1800,291.0400,1.800000
FILLER_102_3,VPWR,li1,9.6600,291.0400,1.800000
FILLER_101_665,VPWR,li1,312.1100,285.6000,1.800000
FILLER_101_653,VPWR,li1,308.6600,285.6000,1.800000
FILLER_101_641,VPWR,li1,303.1400,285.6000,1.800000
FILLER_101_629,VPWR,li1,297.6200,285.6000,1.800000
FILLER_101_617,VPWR,li1,292.1000,285.6000,1.800000
FILLER_101_615,VPWR,li1,288.6500,285.6000,1.800000
FILLER_101_609,VPWR,li1,287.0400,285.6000,1.800000
FILLER_101_597,VPWR,li1,282.9000,285.6000,1.800000
FILLER_101_585,VPWR,li1,277.3800,285.6000,1.800000
FILLER_101_573,VPWR,li1,271.8600,285.6000,1.800000
FILLER_101_561,VPWR,li1,266.3400,285.6000,1.800000
FILLER_101_559,VPWR,li1,262.8900,285.6000,1.800000
FILLER_101_553,VPWR,li1,261.2800,285.6000,1.800000
FILLER_101_541,VPWR,li1,257.1400,285.6000,1.800000
FILLER_101_529,VPWR,li1,251.6200,285.6000,1.800000
FILLER_101_517,VPWR,li1,246.1000,285.6000,1.800000
FILLER_101_505,VPWR,li1,240.5800,285.6000,1.800000
FILLER_101_503,VPWR,li1,237.1300,285.6000,1.800000
FILLER_101_497,VPWR,li1,235.5200,285.6000,1.800000
FILLER_101_485,VPWR,li1,231.3800,285.6000,1.800000
FILLER_101_473,VPWR,li1,225.8600,285.6000,1.800000
FILLER_101_461,VPWR,li1,220.3400,285.6000,1.800000
FILLER_101_449,VPWR,li1,214.8200,285.6000,1.800000
FILLER_101_447,VPWR,li1,211.3700,285.6000,1.800000
FILLER_101_441,VPWR,li1,209.7600,285.6000,1.800000
FILLER_101_429,VPWR,li1,205.6200,285.6000,1.800000
FILLER_101_417,VPWR,li1,200.1000,285.6000,1.800000
FILLER_101_405,VPWR,li1,194.5800,285.6000,1.800000
FILLER_101_393,VPWR,li1,189.0600,285.6000,1.800000
FILLER_101_391,VPWR,li1,185.6100,285.6000,1.800000
FILLER_101_385,VPWR,li1,184.0000,285.6000,1.800000
FILLER_101_373,VPWR,li1,179.8600,285.6000,1.800000
FILLER_101_361,VPWR,li1,174.3400,285.6000,1.800000
FILLER_101_349,VPWR,li1,168.8200,285.6000,1.800000
FILLER_101_337,VPWR,li1,163.3000,285.6000,1.800000
FILLER_101_335,VPWR,li1,159.8500,285.6000,1.800000
FILLER_101_329,VPWR,li1,158.2400,285.6000,1.800000
FILLER_101_317,VPWR,li1,154.1000,285.6000,1.800000
FILLER_101_305,VPWR,li1,148.5800,285.6000,1.800000
FILLER_101_293,VPWR,li1,143.0600,285.6000,1.800000
FILLER_101_281,VPWR,li1,137.5400,285.6000,1.800000
FILLER_101_279,VPWR,li1,134.0900,285.6000,1.800000
FILLER_101_273,VPWR,li1,132.4800,285.6000,1.800000
FILLER_101_261,VPWR,li1,128.3400,285.6000,1.800000
FILLER_101_249,VPWR,li1,122.8200,285.6000,1.800000
FILLER_101_237,VPWR,li1,117.3000,285.6000,1.800000
FILLER_101_225,VPWR,li1,111.7800,285.6000,1.800000
FILLER_101_223,VPWR,li1,108.3300,285.6000,1.800000
FILLER_101_217,VPWR,li1,106.7200,285.6000,1.800000
FILLER_101_205,VPWR,li1,102.5800,285.6000,1.800000
FILLER_101_193,VPWR,li1,97.0600,285.6000,1.800000
FILLER_101_181,VPWR,li1,91.5400,285.6000,1.800000
FILLER_101_169,VPWR,li1,86.0200,285.6000,1.800000
FILLER_101_167,VPWR,li1,82.5700,285.6000,1.800000
FILLER_101_161,VPWR,li1,80.9600,285.6000,1.800000
FILLER_101_149,VPWR,li1,76.8200,285.6000,1.800000
FILLER_101_137,VPWR,li1,71.3000,285.6000,1.800000
FILLER_101_125,VPWR,li1,65.7800,285.6000,1.800000
FILLER_101_113,VPWR,li1,60.2600,285.6000,1.800000
FILLER_101_111,VPWR,li1,56.8100,285.6000,1.800000
FILLER_101_105,VPWR,li1,55.2000,285.6000,1.800000
FILLER_101_93,VPWR,li1,51.0600,285.6000,1.800000
FILLER_101_81,VPWR,li1,45.5400,285.6000,1.800000
FILLER_101_69,VPWR,li1,40.0200,285.6000,1.800000
FILLER_101_57,VPWR,li1,34.5000,285.6000,1.800000
FILLER_101_55,VPWR,li1,31.0500,285.6000,1.800000
FILLER_101_51,VPWR,li1,29.9000,285.6000,1.800000
FILLER_101_39,VPWR,li1,26.2200,285.6000,1.800000
FILLER_101_27,VPWR,li1,20.7000,285.6000,1.800000
FILLER_101_15,VPWR,li1,15.1800,285.6000,1.800000
FILLER_101_3,VPWR,li1,9.6600,285.6000,1.800000
FILLER_100_665,VPWR,li1,312.1100,285.6000,1.800000
FILLER_100_657,VPWR,li1,309.5800,285.6000,1.800000
FILLER_100_645,VPWR,li1,304.9800,285.6000,1.800000
FILLER_100_643,VPWR,li1,301.5300,285.6000,1.800000
FILLER_100_637,VPWR,li1,299.9200,285.6000,1.800000
FILLER_100_625,VPWR,li1,295.7800,285.6000,1.800000
FILLER_100_613,VPWR,li1,290.2600,285.6000,1.800000
FILLER_100_601,VPWR,li1,284.7400,285.6000,1.800000
FILLER_100_589,VPWR,li1,279.2200,285.6000,1.800000
FILLER_100_587,VPWR,li1,275.7700,285.6000,1.800000
FILLER_100_581,VPWR,li1,274.1600,285.6000,1.800000
FILLER_100_569,VPWR,li1,270.0200,285.6000,1.800000
FILLER_100_557,VPWR,li1,264.5000,285.6000,1.800000
FILLER_100_545,VPWR,li1,258.9800,285.6000,1.800000
FILLER_100_533,VPWR,li1,253.4600,285.6000,1.800000
FILLER_100_531,VPWR,li1,250.0100,285.6000,1.800000
FILLER_100_525,VPWR,li1,248.4000,285.6000,1.800000
FILLER_100_513,VPWR,li1,244.2600,285.6000,1.800000
FILLER_100_501,VPWR,li1,238.7400,285.6000,1.800000
FILLER_100_489,VPWR,li1,233.2200,285.6000,1.800000
FILLER_100_477,VPWR,li1,227.7000,285.6000,1.800000
FILLER_100_475,VPWR,li1,224.2500,285.6000,1.800000
FILLER_100_469,VPWR,li1,222.6400,285.6000,1.800000
FILLER_100_457,VPWR,li1,218.5000,285.6000,1.800000
FILLER_100_445,VPWR,li1,212.9800,285.6000,1.800000
FILLER_100_433,VPWR,li1,207.4600,285.6000,1.800000
FILLER_100_421,VPWR,li1,201.9400,285.6000,1.800000
FILLER_100_419,VPWR,li1,198.4900,285.6000,1.800000
FILLER_100_413,VPWR,li1,196.8800,285.6000,1.800000
FILLER_100_401,VPWR,li1,192.7400,285.6000,1.800000
FILLER_100_389,VPWR,li1,187.2200,285.6000,1.800000
FILLER_100_377,VPWR,li1,181.7000,285.6000,1.800000
FILLER_100_365,VPWR,li1,176.1800,285.6000,1.800000
FILLER_100_363,VPWR,li1,172.7300,285.6000,1.800000
FILLER_100_357,VPWR,li1,171.1200,285.6000,1.800000
FILLER_100_345,VPWR,li1,166.9800,285.6000,1.800000
FILLER_100_333,VPWR,li1,161.4600,285.6000,1.800000
FILLER_100_321,VPWR,li1,155.9400,285.6000,1.800000
FILLER_100_309,VPWR,li1,150.4200,285.6000,1.800000
FILLER_100_307,VPWR,li1,146.9700,285.6000,1.800000
FILLER_100_301,VPWR,li1,145.3600,285.6000,1.800000
FILLER_100_289,VPWR,li1,141.2200,285.6000,1.800000
FILLER_100_277,VPWR,li1,135.7000,285.6000,1.800000
FILLER_100_265,VPWR,li1,130.1800,285.6000,1.800000
FILLER_100_253,VPWR,li1,124.6600,285.6000,1.800000
FILLER_100_251,VPWR,li1,121.2100,285.6000,1.800000
FILLER_100_245,VPWR,li1,119.6000,285.6000,1.800000
FILLER_100_233,VPWR,li1,115.4600,285.6000,1.800000
FILLER_100_221,VPWR,li1,109.9400,285.6000,1.800000
FILLER_100_209,VPWR,li1,104.4200,285.6000,1.800000
FILLER_100_197,VPWR,li1,98.9000,285.6000,1.800000
FILLER_100_195,VPWR,li1,95.4500,285.6000,1.800000
FILLER_100_189,VPWR,li1,93.8400,285.6000,1.800000
FILLER_100_177,VPWR,li1,89.7000,285.6000,1.800000
FILLER_100_165,VPWR,li1,84.1800,285.6000,1.800000
FILLER_100_153,VPWR,li1,78.6600,285.6000,1.800000
FILLER_100_141,VPWR,li1,73.1400,285.6000,1.800000
FILLER_100_139,VPWR,li1,69.6900,285.6000,1.800000
FILLER_100_133,VPWR,li1,68.0800,285.6000,1.800000
FILLER_100_121,VPWR,li1,63.9400,285.6000,1.800000
FILLER_100_109,VPWR,li1,58.4200,285.6000,1.800000
FILLER_100_97,VPWR,li1,52.9000,285.6000,1.800000
FILLER_100_85,VPWR,li1,47.3800,285.6000,1.800000
FILLER_100_83,VPWR,li1,43.9300,285.6000,1.800000
FILLER_100_77,VPWR,li1,42.3200,285.6000,1.800000
FILLER_100_65,VPWR,li1,38.1800,285.6000,1.800000
FILLER_100_53,VPWR,li1,32.6600,285.6000,1.800000
FILLER_100_41,VPWR,li1,27.1400,285.6000,1.800000
FILLER_100_29,VPWR,li1,21.6200,285.6000,1.800000
FILLER_100_27,VPWR,li1,18.1700,285.6000,1.800000
FILLER_100_15,VPWR,li1,15.1800,285.6000,1.800000
FILLER_100_3,VPWR,li1,9.6600,285.6000,1.800000
FILLER_99_665,VPWR,li1,312.1100,280.1600,1.800000
FILLER_99_653,VPWR,li1,308.6600,280.1600,1.800000
FILLER_99_641,VPWR,li1,303.1400,280.1600,1.800000
FILLER_99_629,VPWR,li1,297.6200,280.1600,1.800000
FILLER_99_617,VPWR,li1,292.1000,280.1600,1.800000
FILLER_99_615,VPWR,li1,288.6500,280.1600,1.800000
FILLER_99_609,VPWR,li1,287.0400,280.1600,1.800000
FILLER_99_597,VPWR,li1,282.9000,280.1600,1.800000
FILLER_99_585,VPWR,li1,277.3800,280.1600,1.800000
FILLER_99_573,VPWR,li1,271.8600,280.1600,1.800000
FILLER_99_561,VPWR,li1,266.3400,280.1600,1.800000
FILLER_99_559,VPWR,li1,262.8900,280.1600,1.800000
FILLER_99_553,VPWR,li1,261.2800,280.1600,1.800000
FILLER_99_541,VPWR,li1,257.1400,280.1600,1.800000
FILLER_99_529,VPWR,li1,251.6200,280.1600,1.800000
FILLER_99_517,VPWR,li1,246.1000,280.1600,1.800000
FILLER_99_505,VPWR,li1,240.5800,280.1600,1.800000
FILLER_99_503,VPWR,li1,237.1300,280.1600,1.800000
FILLER_99_497,VPWR,li1,235.5200,280.1600,1.800000
FILLER_99_485,VPWR,li1,231.3800,280.1600,1.800000
FILLER_99_473,VPWR,li1,225.8600,280.1600,1.800000
FILLER_99_461,VPWR,li1,220.3400,280.1600,1.800000
FILLER_99_449,VPWR,li1,214.8200,280.1600,1.800000
FILLER_99_447,VPWR,li1,211.3700,280.1600,1.800000
FILLER_99_441,VPWR,li1,209.7600,280.1600,1.800000
FILLER_99_429,VPWR,li1,205.6200,280.1600,1.800000
FILLER_99_417,VPWR,li1,200.1000,280.1600,1.800000
FILLER_99_405,VPWR,li1,194.5800,280.1600,1.800000
FILLER_99_393,VPWR,li1,189.0600,280.1600,1.800000
FILLER_99_391,VPWR,li1,185.6100,280.1600,1.800000
FILLER_99_385,VPWR,li1,184.0000,280.1600,1.800000
FILLER_99_373,VPWR,li1,179.8600,280.1600,1.800000
FILLER_99_361,VPWR,li1,174.3400,280.1600,1.800000
FILLER_99_349,VPWR,li1,168.8200,280.1600,1.800000
FILLER_99_337,VPWR,li1,163.3000,280.1600,1.800000
FILLER_99_335,VPWR,li1,159.8500,280.1600,1.800000
FILLER_99_329,VPWR,li1,158.2400,280.1600,1.800000
FILLER_99_317,VPWR,li1,154.1000,280.1600,1.800000
FILLER_99_305,VPWR,li1,148.5800,280.1600,1.800000
FILLER_99_293,VPWR,li1,143.0600,280.1600,1.800000
FILLER_99_281,VPWR,li1,137.5400,280.1600,1.800000
FILLER_99_279,VPWR,li1,134.0900,280.1600,1.800000
FILLER_99_273,VPWR,li1,132.4800,280.1600,1.800000
FILLER_99_261,VPWR,li1,128.3400,280.1600,1.800000
FILLER_99_249,VPWR,li1,122.8200,280.1600,1.800000
FILLER_99_237,VPWR,li1,117.3000,280.1600,1.800000
FILLER_99_225,VPWR,li1,111.7800,280.1600,1.800000
FILLER_99_223,VPWR,li1,108.3300,280.1600,1.800000
FILLER_99_217,VPWR,li1,106.7200,280.1600,1.800000
FILLER_99_205,VPWR,li1,102.5800,280.1600,1.800000
FILLER_99_193,VPWR,li1,97.0600,280.1600,1.800000
FILLER_99_181,VPWR,li1,91.5400,280.1600,1.800000
FILLER_99_169,VPWR,li1,86.0200,280.1600,1.800000
FILLER_99_167,VPWR,li1,82.5700,280.1600,1.800000
FILLER_99_161,VPWR,li1,80.9600,280.1600,1.800000
FILLER_99_149,VPWR,li1,76.8200,280.1600,1.800000
FILLER_99_137,VPWR,li1,71.3000,280.1600,1.800000
FILLER_99_125,VPWR,li1,65.7800,280.1600,1.800000
FILLER_99_113,VPWR,li1,60.2600,280.1600,1.800000
FILLER_99_111,VPWR,li1,56.8100,280.1600,1.800000
FILLER_99_105,VPWR,li1,55.2000,280.1600,1.800000
FILLER_99_93,VPWR,li1,51.0600,280.1600,1.800000
FILLER_99_81,VPWR,li1,45.5400,280.1600,1.800000
FILLER_99_69,VPWR,li1,40.0200,280.1600,1.800000
FILLER_99_57,VPWR,li1,34.5000,280.1600,1.800000
FILLER_99_55,VPWR,li1,31.0500,280.1600,1.800000
FILLER_99_51,VPWR,li1,29.9000,280.1600,1.800000
FILLER_99_39,VPWR,li1,26.2200,280.1600,1.800000
FILLER_99_27,VPWR,li1,20.7000,280.1600,1.800000
FILLER_99_15,VPWR,li1,15.1800,280.1600,1.800000
FILLER_99_3,VPWR,li1,9.6600,280.1600,1.800000
FILLER_98_665,VPWR,li1,312.1100,280.1600,1.800000
FILLER_98_657,VPWR,li1,309.5800,280.1600,1.800000
FILLER_98_645,VPWR,li1,304.9800,280.1600,1.800000
FILLER_98_643,VPWR,li1,301.5300,280.1600,1.800000
FILLER_98_637,VPWR,li1,299.9200,280.1600,1.800000
FILLER_98_625,VPWR,li1,295.7800,280.1600,1.800000
FILLER_98_613,VPWR,li1,290.2600,280.1600,1.800000
FILLER_98_601,VPWR,li1,284.7400,280.1600,1.800000
FILLER_98_589,VPWR,li1,279.2200,280.1600,1.800000
FILLER_98_587,VPWR,li1,275.7700,280.1600,1.800000
FILLER_98_581,VPWR,li1,274.1600,280.1600,1.800000
FILLER_98_569,VPWR,li1,270.0200,280.1600,1.800000
FILLER_98_557,VPWR,li1,264.5000,280.1600,1.800000
FILLER_98_545,VPWR,li1,258.9800,280.1600,1.800000
FILLER_98_533,VPWR,li1,253.4600,280.1600,1.800000
FILLER_98_531,VPWR,li1,250.0100,280.1600,1.800000
FILLER_98_525,VPWR,li1,248.4000,280.1600,1.800000
FILLER_98_513,VPWR,li1,244.2600,280.1600,1.800000
FILLER_98_501,VPWR,li1,238.7400,280.1600,1.800000
FILLER_98_489,VPWR,li1,233.2200,280.1600,1.800000
FILLER_98_477,VPWR,li1,227.7000,280.1600,1.800000
FILLER_98_475,VPWR,li1,224.2500,280.1600,1.800000
FILLER_98_469,VPWR,li1,222.6400,280.1600,1.800000
FILLER_98_457,VPWR,li1,218.5000,280.1600,1.800000
FILLER_98_445,VPWR,li1,212.9800,280.1600,1.800000
FILLER_98_433,VPWR,li1,207.4600,280.1600,1.800000
FILLER_98_421,VPWR,li1,201.9400,280.1600,1.800000
FILLER_98_419,VPWR,li1,198.4900,280.1600,1.800000
FILLER_98_413,VPWR,li1,196.8800,280.1600,1.800000
FILLER_98_401,VPWR,li1,192.7400,280.1600,1.800000
FILLER_98_389,VPWR,li1,187.2200,280.1600,1.800000
FILLER_98_377,VPWR,li1,181.7000,280.1600,1.800000
FILLER_98_365,VPWR,li1,176.1800,280.1600,1.800000
FILLER_98_363,VPWR,li1,172.7300,280.1600,1.800000
FILLER_98_357,VPWR,li1,171.1200,280.1600,1.800000
FILLER_98_345,VPWR,li1,166.9800,280.1600,1.800000
FILLER_98_333,VPWR,li1,161.4600,280.1600,1.800000
FILLER_98_321,VPWR,li1,155.9400,280.1600,1.800000
FILLER_98_309,VPWR,li1,150.4200,280.1600,1.800000
FILLER_98_307,VPWR,li1,146.9700,280.1600,1.800000
FILLER_98_301,VPWR,li1,145.3600,280.1600,1.800000
FILLER_98_289,VPWR,li1,141.2200,280.1600,1.800000
FILLER_98_277,VPWR,li1,135.7000,280.1600,1.800000
FILLER_98_265,VPWR,li1,130.1800,280.1600,1.800000
FILLER_98_253,VPWR,li1,124.6600,280.1600,1.800000
FILLER_98_251,VPWR,li1,121.2100,280.1600,1.800000
FILLER_98_245,VPWR,li1,119.6000,280.1600,1.800000
FILLER_98_233,VPWR,li1,115.4600,280.1600,1.800000
FILLER_98_221,VPWR,li1,109.9400,280.1600,1.800000
FILLER_98_209,VPWR,li1,104.4200,280.1600,1.800000
FILLER_98_197,VPWR,li1,98.9000,280.1600,1.800000
FILLER_98_195,VPWR,li1,95.4500,280.1600,1.800000
FILLER_98_189,VPWR,li1,93.8400,280.1600,1.800000
FILLER_98_177,VPWR,li1,89.7000,280.1600,1.800000
FILLER_98_165,VPWR,li1,84.1800,280.1600,1.800000
FILLER_98_153,VPWR,li1,78.6600,280.1600,1.800000
FILLER_98_141,VPWR,li1,73.1400,280.1600,1.800000
FILLER_98_139,VPWR,li1,69.6900,280.1600,1.800000
FILLER_98_133,VPWR,li1,68.0800,280.1600,1.800000
FILLER_98_121,VPWR,li1,63.9400,280.1600,1.800000
FILLER_98_109,VPWR,li1,58.4200,280.1600,1.800000
FILLER_98_97,VPWR,li1,52.9000,280.1600,1.800000
FILLER_98_85,VPWR,li1,47.3800,280.1600,1.800000
FILLER_98_83,VPWR,li1,43.9300,280.1600,1.800000
FILLER_98_77,VPWR,li1,42.3200,280.1600,1.800000
FILLER_98_65,VPWR,li1,38.1800,280.1600,1.800000
FILLER_98_53,VPWR,li1,32.6600,280.1600,1.800000
FILLER_98_41,VPWR,li1,27.1400,280.1600,1.800000
FILLER_98_29,VPWR,li1,21.6200,280.1600,1.800000
FILLER_98_27,VPWR,li1,18.1700,280.1600,1.800000
FILLER_98_15,VPWR,li1,15.1800,280.1600,1.800000
FILLER_98_3,VPWR,li1,9.6600,280.1600,1.800000
FILLER_97_665,VPWR,li1,312.1100,274.7200,1.800000
FILLER_97_653,VPWR,li1,308.6600,274.7200,1.800000
FILLER_97_641,VPWR,li1,303.1400,274.7200,1.800000
FILLER_97_629,VPWR,li1,297.6200,274.7200,1.800000
FILLER_97_617,VPWR,li1,292.1000,274.7200,1.800000
FILLER_97_615,VPWR,li1,288.6500,274.7200,1.800000
FILLER_97_609,VPWR,li1,287.0400,274.7200,1.800000
FILLER_97_597,VPWR,li1,282.9000,274.7200,1.800000
FILLER_97_585,VPWR,li1,277.3800,274.7200,1.800000
FILLER_97_573,VPWR,li1,271.8600,274.7200,1.800000
FILLER_97_561,VPWR,li1,266.3400,274.7200,1.800000
FILLER_97_559,VPWR,li1,262.8900,274.7200,1.800000
FILLER_97_553,VPWR,li1,261.2800,274.7200,1.800000
FILLER_97_541,VPWR,li1,257.1400,274.7200,1.800000
FILLER_97_529,VPWR,li1,251.6200,274.7200,1.800000
FILLER_97_517,VPWR,li1,246.1000,274.7200,1.800000
FILLER_97_505,VPWR,li1,240.5800,274.7200,1.800000
FILLER_97_503,VPWR,li1,237.1300,274.7200,1.800000
FILLER_97_497,VPWR,li1,235.5200,274.7200,1.800000
FILLER_97_485,VPWR,li1,231.3800,274.7200,1.800000
FILLER_97_473,VPWR,li1,225.8600,274.7200,1.800000
FILLER_97_461,VPWR,li1,220.3400,274.7200,1.800000
FILLER_97_449,VPWR,li1,214.8200,274.7200,1.800000
FILLER_97_447,VPWR,li1,211.3700,274.7200,1.800000
FILLER_97_441,VPWR,li1,209.7600,274.7200,1.800000
FILLER_97_429,VPWR,li1,205.6200,274.7200,1.800000
FILLER_97_417,VPWR,li1,200.1000,274.7200,1.800000
FILLER_97_405,VPWR,li1,194.5800,274.7200,1.800000
FILLER_97_393,VPWR,li1,189.0600,274.7200,1.800000
FILLER_97_391,VPWR,li1,185.6100,274.7200,1.800000
FILLER_97_385,VPWR,li1,184.0000,274.7200,1.800000
FILLER_97_373,VPWR,li1,179.8600,274.7200,1.800000
FILLER_97_361,VPWR,li1,174.3400,274.7200,1.800000
FILLER_97_349,VPWR,li1,168.8200,274.7200,1.800000
FILLER_97_337,VPWR,li1,163.3000,274.7200,1.800000
FILLER_97_335,VPWR,li1,159.8500,274.7200,1.800000
FILLER_97_329,VPWR,li1,158.2400,274.7200,1.800000
FILLER_97_317,VPWR,li1,154.1000,274.7200,1.800000
FILLER_97_305,VPWR,li1,148.5800,274.7200,1.800000
FILLER_97_293,VPWR,li1,143.0600,274.7200,1.800000
FILLER_97_281,VPWR,li1,137.5400,274.7200,1.800000
FILLER_97_279,VPWR,li1,134.0900,274.7200,1.800000
FILLER_97_273,VPWR,li1,132.4800,274.7200,1.800000
FILLER_97_261,VPWR,li1,128.3400,274.7200,1.800000
FILLER_97_249,VPWR,li1,122.8200,274.7200,1.800000
FILLER_97_237,VPWR,li1,117.3000,274.7200,1.800000
FILLER_97_225,VPWR,li1,111.7800,274.7200,1.800000
FILLER_97_223,VPWR,li1,108.3300,274.7200,1.800000
FILLER_97_217,VPWR,li1,106.7200,274.7200,1.800000
FILLER_97_205,VPWR,li1,102.5800,274.7200,1.800000
FILLER_97_193,VPWR,li1,97.0600,274.7200,1.800000
FILLER_97_181,VPWR,li1,91.5400,274.7200,1.800000
FILLER_97_169,VPWR,li1,86.0200,274.7200,1.800000
FILLER_97_167,VPWR,li1,82.5700,274.7200,1.800000
FILLER_97_161,VPWR,li1,80.9600,274.7200,1.800000
FILLER_97_149,VPWR,li1,76.8200,274.7200,1.800000
FILLER_97_137,VPWR,li1,71.3000,274.7200,1.800000
FILLER_97_125,VPWR,li1,65.7800,274.7200,1.800000
FILLER_97_113,VPWR,li1,60.2600,274.7200,1.800000
FILLER_97_111,VPWR,li1,56.8100,274.7200,1.800000
FILLER_97_105,VPWR,li1,55.2000,274.7200,1.800000
FILLER_97_93,VPWR,li1,51.0600,274.7200,1.800000
FILLER_97_81,VPWR,li1,45.5400,274.7200,1.800000
FILLER_97_69,VPWR,li1,40.0200,274.7200,1.800000
FILLER_97_57,VPWR,li1,34.5000,274.7200,1.800000
FILLER_97_55,VPWR,li1,31.0500,274.7200,1.800000
FILLER_97_51,VPWR,li1,29.9000,274.7200,1.800000
FILLER_97_39,VPWR,li1,26.2200,274.7200,1.800000
FILLER_97_27,VPWR,li1,20.7000,274.7200,1.800000
FILLER_97_15,VPWR,li1,15.1800,274.7200,1.800000
FILLER_97_3,VPWR,li1,9.6600,274.7200,1.800000
FILLER_96_665,VPWR,li1,312.1100,274.7200,1.800000
FILLER_96_657,VPWR,li1,309.5800,274.7200,1.800000
FILLER_96_645,VPWR,li1,304.9800,274.7200,1.800000
FILLER_96_643,VPWR,li1,301.5300,274.7200,1.800000
FILLER_96_637,VPWR,li1,299.9200,274.7200,1.800000
FILLER_96_625,VPWR,li1,295.7800,274.7200,1.800000
FILLER_96_613,VPWR,li1,290.2600,274.7200,1.800000
FILLER_96_601,VPWR,li1,284.7400,274.7200,1.800000
FILLER_96_589,VPWR,li1,279.2200,274.7200,1.800000
FILLER_96_587,VPWR,li1,275.7700,274.7200,1.800000
FILLER_96_581,VPWR,li1,274.1600,274.7200,1.800000
FILLER_96_569,VPWR,li1,270.0200,274.7200,1.800000
FILLER_96_557,VPWR,li1,264.5000,274.7200,1.800000
FILLER_96_545,VPWR,li1,258.9800,274.7200,1.800000
FILLER_96_533,VPWR,li1,253.4600,274.7200,1.800000
FILLER_96_531,VPWR,li1,250.0100,274.7200,1.800000
FILLER_96_525,VPWR,li1,248.4000,274.7200,1.800000
FILLER_96_513,VPWR,li1,244.2600,274.7200,1.800000
FILLER_96_501,VPWR,li1,238.7400,274.7200,1.800000
FILLER_96_489,VPWR,li1,233.2200,274.7200,1.800000
FILLER_96_477,VPWR,li1,227.7000,274.7200,1.800000
FILLER_96_475,VPWR,li1,224.2500,274.7200,1.800000
FILLER_96_469,VPWR,li1,222.6400,274.7200,1.800000
FILLER_96_457,VPWR,li1,218.5000,274.7200,1.800000
FILLER_96_445,VPWR,li1,212.9800,274.7200,1.800000
FILLER_96_433,VPWR,li1,207.4600,274.7200,1.800000
FILLER_96_421,VPWR,li1,201.9400,274.7200,1.800000
FILLER_96_419,VPWR,li1,198.4900,274.7200,1.800000
FILLER_96_413,VPWR,li1,196.8800,274.7200,1.800000
FILLER_96_401,VPWR,li1,192.7400,274.7200,1.800000
FILLER_96_389,VPWR,li1,187.2200,274.7200,1.800000
FILLER_96_377,VPWR,li1,181.7000,274.7200,1.800000
FILLER_96_365,VPWR,li1,176.1800,274.7200,1.800000
FILLER_96_363,VPWR,li1,172.7300,274.7200,1.800000
FILLER_96_357,VPWR,li1,171.1200,274.7200,1.800000
FILLER_96_345,VPWR,li1,166.9800,274.7200,1.800000
FILLER_96_333,VPWR,li1,161.4600,274.7200,1.800000
FILLER_96_321,VPWR,li1,155.9400,274.7200,1.800000
FILLER_96_309,VPWR,li1,150.4200,274.7200,1.800000
FILLER_96_307,VPWR,li1,146.9700,274.7200,1.800000
FILLER_96_301,VPWR,li1,145.3600,274.7200,1.800000
FILLER_96_289,VPWR,li1,141.2200,274.7200,1.800000
FILLER_96_277,VPWR,li1,135.7000,274.7200,1.800000
FILLER_96_265,VPWR,li1,130.1800,274.7200,1.800000
FILLER_96_253,VPWR,li1,124.6600,274.7200,1.800000
FILLER_96_251,VPWR,li1,121.2100,274.7200,1.800000
FILLER_96_245,VPWR,li1,119.6000,274.7200,1.800000
FILLER_96_233,VPWR,li1,115.4600,274.7200,1.800000
FILLER_96_221,VPWR,li1,109.9400,274.7200,1.800000
FILLER_96_209,VPWR,li1,104.4200,274.7200,1.800000
FILLER_96_197,VPWR,li1,98.9000,274.7200,1.800000
FILLER_96_195,VPWR,li1,95.4500,274.7200,1.800000
FILLER_96_189,VPWR,li1,93.8400,274.7200,1.800000
FILLER_96_177,VPWR,li1,89.7000,274.7200,1.800000
FILLER_96_165,VPWR,li1,84.1800,274.7200,1.800000
FILLER_96_153,VPWR,li1,78.6600,274.7200,1.800000
FILLER_96_141,VPWR,li1,73.1400,274.7200,1.800000
FILLER_96_139,VPWR,li1,69.6900,274.7200,1.800000
FILLER_96_133,VPWR,li1,68.0800,274.7200,1.800000
FILLER_96_121,VPWR,li1,63.9400,274.7200,1.800000
FILLER_96_109,VPWR,li1,58.4200,274.7200,1.800000
FILLER_96_97,VPWR,li1,52.9000,274.7200,1.800000
FILLER_96_85,VPWR,li1,47.3800,274.7200,1.800000
FILLER_96_83,VPWR,li1,43.9300,274.7200,1.800000
FILLER_96_77,VPWR,li1,42.3200,274.7200,1.800000
FILLER_96_65,VPWR,li1,38.1800,274.7200,1.800000
FILLER_96_53,VPWR,li1,32.6600,274.7200,1.800000
FILLER_96_41,VPWR,li1,27.1400,274.7200,1.800000
FILLER_96_29,VPWR,li1,21.6200,274.7200,1.800000
FILLER_96_27,VPWR,li1,18.1700,274.7200,1.800000
FILLER_96_15,VPWR,li1,15.1800,274.7200,1.800000
FILLER_96_3,VPWR,li1,9.6600,274.7200,1.800000
FILLER_95_665,VPWR,li1,312.1100,269.2800,1.800000
FILLER_95_653,VPWR,li1,308.6600,269.2800,1.800000
FILLER_95_641,VPWR,li1,303.1400,269.2800,1.800000
FILLER_95_629,VPWR,li1,297.6200,269.2800,1.800000
FILLER_95_617,VPWR,li1,292.1000,269.2800,1.800000
FILLER_95_615,VPWR,li1,288.6500,269.2800,1.800000
FILLER_95_609,VPWR,li1,287.0400,269.2800,1.800000
FILLER_95_597,VPWR,li1,282.9000,269.2800,1.800000
FILLER_95_585,VPWR,li1,277.3800,269.2800,1.800000
FILLER_95_573,VPWR,li1,271.8600,269.2800,1.800000
FILLER_95_561,VPWR,li1,266.3400,269.2800,1.800000
FILLER_95_559,VPWR,li1,262.8900,269.2800,1.800000
FILLER_95_553,VPWR,li1,261.2800,269.2800,1.800000
FILLER_95_541,VPWR,li1,257.1400,269.2800,1.800000
FILLER_95_529,VPWR,li1,251.6200,269.2800,1.800000
FILLER_95_517,VPWR,li1,246.1000,269.2800,1.800000
FILLER_95_505,VPWR,li1,240.5800,269.2800,1.800000
FILLER_95_503,VPWR,li1,237.1300,269.2800,1.800000
FILLER_95_497,VPWR,li1,235.5200,269.2800,1.800000
FILLER_95_485,VPWR,li1,231.3800,269.2800,1.800000
FILLER_95_473,VPWR,li1,225.8600,269.2800,1.800000
FILLER_95_461,VPWR,li1,220.3400,269.2800,1.800000
FILLER_95_449,VPWR,li1,214.8200,269.2800,1.800000
FILLER_95_447,VPWR,li1,211.3700,269.2800,1.800000
FILLER_95_441,VPWR,li1,209.7600,269.2800,1.800000
FILLER_95_429,VPWR,li1,205.6200,269.2800,1.800000
FILLER_95_417,VPWR,li1,200.1000,269.2800,1.800000
FILLER_95_405,VPWR,li1,194.5800,269.2800,1.800000
FILLER_95_393,VPWR,li1,189.0600,269.2800,1.800000
FILLER_95_391,VPWR,li1,185.6100,269.2800,1.800000
FILLER_95_385,VPWR,li1,184.0000,269.2800,1.800000
FILLER_95_373,VPWR,li1,179.8600,269.2800,1.800000
FILLER_95_361,VPWR,li1,174.3400,269.2800,1.800000
FILLER_95_349,VPWR,li1,168.8200,269.2800,1.800000
FILLER_95_337,VPWR,li1,163.3000,269.2800,1.800000
FILLER_95_335,VPWR,li1,159.8500,269.2800,1.800000
FILLER_95_329,VPWR,li1,158.2400,269.2800,1.800000
FILLER_95_317,VPWR,li1,154.1000,269.2800,1.800000
FILLER_95_305,VPWR,li1,148.5800,269.2800,1.800000
FILLER_95_293,VPWR,li1,143.0600,269.2800,1.800000
FILLER_95_281,VPWR,li1,137.5400,269.2800,1.800000
FILLER_95_279,VPWR,li1,134.0900,269.2800,1.800000
FILLER_95_273,VPWR,li1,132.4800,269.2800,1.800000
FILLER_95_261,VPWR,li1,128.3400,269.2800,1.800000
FILLER_95_249,VPWR,li1,122.8200,269.2800,1.800000
FILLER_95_237,VPWR,li1,117.3000,269.2800,1.800000
FILLER_95_225,VPWR,li1,111.7800,269.2800,1.800000
FILLER_95_223,VPWR,li1,108.3300,269.2800,1.800000
FILLER_95_217,VPWR,li1,106.7200,269.2800,1.800000
FILLER_95_205,VPWR,li1,102.5800,269.2800,1.800000
FILLER_95_193,VPWR,li1,97.0600,269.2800,1.800000
FILLER_95_181,VPWR,li1,91.5400,269.2800,1.800000
FILLER_95_169,VPWR,li1,86.0200,269.2800,1.800000
FILLER_95_167,VPWR,li1,82.5700,269.2800,1.800000
FILLER_95_161,VPWR,li1,80.9600,269.2800,1.800000
FILLER_95_149,VPWR,li1,76.8200,269.2800,1.800000
FILLER_95_137,VPWR,li1,71.3000,269.2800,1.800000
FILLER_95_125,VPWR,li1,65.7800,269.2800,1.800000
FILLER_95_113,VPWR,li1,60.2600,269.2800,1.800000
FILLER_95_111,VPWR,li1,56.8100,269.2800,1.800000
FILLER_95_105,VPWR,li1,55.2000,269.2800,1.800000
FILLER_95_93,VPWR,li1,51.0600,269.2800,1.800000
FILLER_95_81,VPWR,li1,45.5400,269.2800,1.800000
FILLER_95_69,VPWR,li1,40.0200,269.2800,1.800000
FILLER_95_57,VPWR,li1,34.5000,269.2800,1.800000
FILLER_95_55,VPWR,li1,31.0500,269.2800,1.800000
FILLER_95_51,VPWR,li1,29.9000,269.2800,1.800000
FILLER_95_39,VPWR,li1,26.2200,269.2800,1.800000
FILLER_95_27,VPWR,li1,20.7000,269.2800,1.800000
FILLER_95_15,VPWR,li1,15.1800,269.2800,1.800000
FILLER_95_3,VPWR,li1,9.6600,269.2800,1.800000
FILLER_94_665,VPWR,li1,312.1100,269.2800,1.800000
FILLER_94_657,VPWR,li1,309.5800,269.2800,1.800000
FILLER_94_645,VPWR,li1,304.9800,269.2800,1.800000
FILLER_94_643,VPWR,li1,301.5300,269.2800,1.800000
FILLER_94_637,VPWR,li1,299.9200,269.2800,1.800000
FILLER_94_625,VPWR,li1,295.7800,269.2800,1.800000
FILLER_94_613,VPWR,li1,290.2600,269.2800,1.800000
FILLER_94_601,VPWR,li1,284.7400,269.2800,1.800000
FILLER_94_589,VPWR,li1,279.2200,269.2800,1.800000
FILLER_94_587,VPWR,li1,275.7700,269.2800,1.800000
FILLER_94_581,VPWR,li1,274.1600,269.2800,1.800000
FILLER_94_569,VPWR,li1,270.0200,269.2800,1.800000
FILLER_94_557,VPWR,li1,264.5000,269.2800,1.800000
FILLER_94_545,VPWR,li1,258.9800,269.2800,1.800000
FILLER_94_533,VPWR,li1,253.4600,269.2800,1.800000
FILLER_94_531,VPWR,li1,250.0100,269.2800,1.800000
FILLER_94_525,VPWR,li1,248.4000,269.2800,1.800000
FILLER_94_513,VPWR,li1,244.2600,269.2800,1.800000
FILLER_94_501,VPWR,li1,238.7400,269.2800,1.800000
FILLER_94_489,VPWR,li1,233.2200,269.2800,1.800000
FILLER_94_477,VPWR,li1,227.7000,269.2800,1.800000
FILLER_94_475,VPWR,li1,224.2500,269.2800,1.800000
FILLER_94_469,VPWR,li1,222.6400,269.2800,1.800000
FILLER_94_457,VPWR,li1,218.5000,269.2800,1.800000
FILLER_94_445,VPWR,li1,212.9800,269.2800,1.800000
FILLER_94_433,VPWR,li1,207.4600,269.2800,1.800000
FILLER_94_421,VPWR,li1,201.9400,269.2800,1.800000
FILLER_94_419,VPWR,li1,198.4900,269.2800,1.800000
FILLER_94_413,VPWR,li1,196.8800,269.2800,1.800000
FILLER_94_401,VPWR,li1,192.7400,269.2800,1.800000
FILLER_94_389,VPWR,li1,187.2200,269.2800,1.800000
FILLER_94_377,VPWR,li1,181.7000,269.2800,1.800000
FILLER_94_365,VPWR,li1,176.1800,269.2800,1.800000
FILLER_94_363,VPWR,li1,172.7300,269.2800,1.800000
FILLER_94_357,VPWR,li1,171.1200,269.2800,1.800000
FILLER_94_345,VPWR,li1,166.9800,269.2800,1.800000
FILLER_94_333,VPWR,li1,161.4600,269.2800,1.800000
FILLER_94_321,VPWR,li1,155.9400,269.2800,1.800000
FILLER_94_309,VPWR,li1,150.4200,269.2800,1.800000
FILLER_94_307,VPWR,li1,146.9700,269.2800,1.800000
FILLER_94_301,VPWR,li1,145.3600,269.2800,1.800000
FILLER_94_289,VPWR,li1,141.2200,269.2800,1.800000
FILLER_94_277,VPWR,li1,135.7000,269.2800,1.800000
FILLER_94_265,VPWR,li1,130.1800,269.2800,1.800000
FILLER_94_253,VPWR,li1,124.6600,269.2800,1.800000
FILLER_94_251,VPWR,li1,121.2100,269.2800,1.800000
FILLER_94_245,VPWR,li1,119.6000,269.2800,1.800000
FILLER_94_233,VPWR,li1,115.4600,269.2800,1.800000
FILLER_94_221,VPWR,li1,109.9400,269.2800,1.800000
FILLER_94_209,VPWR,li1,104.4200,269.2800,1.800000
FILLER_94_197,VPWR,li1,98.9000,269.2800,1.800000
FILLER_94_195,VPWR,li1,95.4500,269.2800,1.800000
FILLER_94_189,VPWR,li1,93.8400,269.2800,1.800000
FILLER_94_177,VPWR,li1,89.7000,269.2800,1.800000
FILLER_94_165,VPWR,li1,84.1800,269.2800,1.800000
FILLER_94_153,VPWR,li1,78.6600,269.2800,1.800000
FILLER_94_141,VPWR,li1,73.1400,269.2800,1.800000
FILLER_94_139,VPWR,li1,69.6900,269.2800,1.800000
FILLER_94_133,VPWR,li1,68.0800,269.2800,1.800000
FILLER_94_121,VPWR,li1,63.9400,269.2800,1.800000
FILLER_94_109,VPWR,li1,58.4200,269.2800,1.800000
FILLER_94_97,VPWR,li1,52.9000,269.2800,1.800000
FILLER_94_85,VPWR,li1,47.3800,269.2800,1.800000
FILLER_94_83,VPWR,li1,43.9300,269.2800,1.800000
FILLER_94_77,VPWR,li1,42.3200,269.2800,1.800000
FILLER_94_65,VPWR,li1,38.1800,269.2800,1.800000
FILLER_94_53,VPWR,li1,32.6600,269.2800,1.800000
FILLER_94_41,VPWR,li1,27.1400,269.2800,1.800000
FILLER_94_29,VPWR,li1,21.6200,269.2800,1.800000
FILLER_94_27,VPWR,li1,18.1700,269.2800,1.800000
FILLER_94_15,VPWR,li1,15.1800,269.2800,1.800000
FILLER_94_3,VPWR,li1,9.6600,269.2800,1.800000
FILLER_93_665,VPWR,li1,312.1100,263.8400,1.800000
FILLER_93_653,VPWR,li1,308.6600,263.8400,1.800000
FILLER_93_641,VPWR,li1,303.1400,263.8400,1.800000
FILLER_93_629,VPWR,li1,297.6200,263.8400,1.800000
FILLER_93_617,VPWR,li1,292.1000,263.8400,1.800000
FILLER_93_615,VPWR,li1,288.6500,263.8400,1.800000
FILLER_93_609,VPWR,li1,287.0400,263.8400,1.800000
FILLER_93_597,VPWR,li1,282.9000,263.8400,1.800000
FILLER_93_585,VPWR,li1,277.3800,263.8400,1.800000
FILLER_93_573,VPWR,li1,271.8600,263.8400,1.800000
FILLER_93_561,VPWR,li1,266.3400,263.8400,1.800000
FILLER_93_559,VPWR,li1,262.8900,263.8400,1.800000
FILLER_93_553,VPWR,li1,261.2800,263.8400,1.800000
FILLER_93_541,VPWR,li1,257.1400,263.8400,1.800000
FILLER_93_529,VPWR,li1,251.6200,263.8400,1.800000
FILLER_93_517,VPWR,li1,246.1000,263.8400,1.800000
FILLER_93_505,VPWR,li1,240.5800,263.8400,1.800000
FILLER_93_503,VPWR,li1,237.1300,263.8400,1.800000
FILLER_93_497,VPWR,li1,235.5200,263.8400,1.800000
FILLER_93_485,VPWR,li1,231.3800,263.8400,1.800000
FILLER_93_473,VPWR,li1,225.8600,263.8400,1.800000
FILLER_93_461,VPWR,li1,220.3400,263.8400,1.800000
FILLER_93_449,VPWR,li1,214.8200,263.8400,1.800000
FILLER_93_447,VPWR,li1,211.3700,263.8400,1.800000
FILLER_93_441,VPWR,li1,209.7600,263.8400,1.800000
FILLER_93_429,VPWR,li1,205.6200,263.8400,1.800000
FILLER_93_417,VPWR,li1,200.1000,263.8400,1.800000
FILLER_93_405,VPWR,li1,194.5800,263.8400,1.800000
FILLER_93_393,VPWR,li1,189.0600,263.8400,1.800000
FILLER_93_391,VPWR,li1,185.6100,263.8400,1.800000
FILLER_93_385,VPWR,li1,184.0000,263.8400,1.800000
FILLER_93_373,VPWR,li1,179.8600,263.8400,1.800000
FILLER_93_361,VPWR,li1,174.3400,263.8400,1.800000
FILLER_93_349,VPWR,li1,168.8200,263.8400,1.800000
FILLER_93_337,VPWR,li1,163.3000,263.8400,1.800000
FILLER_93_335,VPWR,li1,159.8500,263.8400,1.800000
FILLER_93_329,VPWR,li1,158.2400,263.8400,1.800000
FILLER_93_317,VPWR,li1,154.1000,263.8400,1.800000
FILLER_93_305,VPWR,li1,148.5800,263.8400,1.800000
FILLER_93_293,VPWR,li1,143.0600,263.8400,1.800000
FILLER_93_281,VPWR,li1,137.5400,263.8400,1.800000
FILLER_93_279,VPWR,li1,134.0900,263.8400,1.800000
FILLER_93_273,VPWR,li1,132.4800,263.8400,1.800000
FILLER_93_261,VPWR,li1,128.3400,263.8400,1.800000
FILLER_93_249,VPWR,li1,122.8200,263.8400,1.800000
FILLER_93_237,VPWR,li1,117.3000,263.8400,1.800000
FILLER_93_225,VPWR,li1,111.7800,263.8400,1.800000
FILLER_93_223,VPWR,li1,108.3300,263.8400,1.800000
FILLER_93_217,VPWR,li1,106.7200,263.8400,1.800000
FILLER_93_205,VPWR,li1,102.5800,263.8400,1.800000
FILLER_93_193,VPWR,li1,97.0600,263.8400,1.800000
FILLER_93_181,VPWR,li1,91.5400,263.8400,1.800000
FILLER_93_169,VPWR,li1,86.0200,263.8400,1.800000
FILLER_93_167,VPWR,li1,82.5700,263.8400,1.800000
FILLER_93_161,VPWR,li1,80.9600,263.8400,1.800000
FILLER_93_149,VPWR,li1,76.8200,263.8400,1.800000
FILLER_93_137,VPWR,li1,71.3000,263.8400,1.800000
FILLER_93_125,VPWR,li1,65.7800,263.8400,1.800000
FILLER_93_113,VPWR,li1,60.2600,263.8400,1.800000
FILLER_93_111,VPWR,li1,56.8100,263.8400,1.800000
FILLER_93_105,VPWR,li1,55.2000,263.8400,1.800000
FILLER_93_93,VPWR,li1,51.0600,263.8400,1.800000
FILLER_93_81,VPWR,li1,45.5400,263.8400,1.800000
FILLER_93_69,VPWR,li1,40.0200,263.8400,1.800000
FILLER_93_57,VPWR,li1,34.5000,263.8400,1.800000
FILLER_93_55,VPWR,li1,31.0500,263.8400,1.800000
FILLER_93_51,VPWR,li1,29.9000,263.8400,1.800000
FILLER_93_39,VPWR,li1,26.2200,263.8400,1.800000
FILLER_93_27,VPWR,li1,20.7000,263.8400,1.800000
FILLER_93_15,VPWR,li1,15.1800,263.8400,1.800000
FILLER_93_3,VPWR,li1,9.6600,263.8400,1.800000
FILLER_92_665,VPWR,li1,312.1100,263.8400,1.800000
FILLER_92_657,VPWR,li1,309.5800,263.8400,1.800000
FILLER_92_645,VPWR,li1,304.9800,263.8400,1.800000
FILLER_92_643,VPWR,li1,301.5300,263.8400,1.800000
FILLER_92_637,VPWR,li1,299.9200,263.8400,1.800000
FILLER_92_625,VPWR,li1,295.7800,263.8400,1.800000
FILLER_92_613,VPWR,li1,290.2600,263.8400,1.800000
FILLER_92_601,VPWR,li1,284.7400,263.8400,1.800000
FILLER_92_589,VPWR,li1,279.2200,263.8400,1.800000
FILLER_92_587,VPWR,li1,275.7700,263.8400,1.800000
FILLER_92_581,VPWR,li1,274.1600,263.8400,1.800000
FILLER_92_569,VPWR,li1,270.0200,263.8400,1.800000
FILLER_92_557,VPWR,li1,264.5000,263.8400,1.800000
FILLER_92_545,VPWR,li1,258.9800,263.8400,1.800000
FILLER_92_533,VPWR,li1,253.4600,263.8400,1.800000
FILLER_92_531,VPWR,li1,250.0100,263.8400,1.800000
FILLER_92_525,VPWR,li1,248.4000,263.8400,1.800000
FILLER_92_513,VPWR,li1,244.2600,263.8400,1.800000
FILLER_92_501,VPWR,li1,238.7400,263.8400,1.800000
FILLER_92_489,VPWR,li1,233.2200,263.8400,1.800000
FILLER_92_477,VPWR,li1,227.7000,263.8400,1.800000
FILLER_92_475,VPWR,li1,224.2500,263.8400,1.800000
FILLER_92_469,VPWR,li1,222.6400,263.8400,1.800000
FILLER_92_457,VPWR,li1,218.5000,263.8400,1.800000
FILLER_92_445,VPWR,li1,212.9800,263.8400,1.800000
FILLER_92_433,VPWR,li1,207.4600,263.8400,1.800000
FILLER_92_421,VPWR,li1,201.9400,263.8400,1.800000
FILLER_92_419,VPWR,li1,198.4900,263.8400,1.800000
FILLER_92_413,VPWR,li1,196.8800,263.8400,1.800000
FILLER_92_401,VPWR,li1,192.7400,263.8400,1.800000
FILLER_92_389,VPWR,li1,187.2200,263.8400,1.800000
FILLER_92_377,VPWR,li1,181.7000,263.8400,1.800000
FILLER_92_365,VPWR,li1,176.1800,263.8400,1.800000
FILLER_92_363,VPWR,li1,172.7300,263.8400,1.800000
FILLER_92_357,VPWR,li1,171.1200,263.8400,1.800000
FILLER_92_345,VPWR,li1,166.9800,263.8400,1.800000
FILLER_92_333,VPWR,li1,161.4600,263.8400,1.800000
FILLER_92_321,VPWR,li1,155.9400,263.8400,1.800000
FILLER_92_309,VPWR,li1,150.4200,263.8400,1.800000
FILLER_92_307,VPWR,li1,146.9700,263.8400,1.800000
FILLER_92_301,VPWR,li1,145.3600,263.8400,1.800000
FILLER_92_289,VPWR,li1,141.2200,263.8400,1.800000
FILLER_92_277,VPWR,li1,135.7000,263.8400,1.800000
FILLER_92_265,VPWR,li1,130.1800,263.8400,1.800000
FILLER_92_253,VPWR,li1,124.6600,263.8400,1.800000
FILLER_92_251,VPWR,li1,121.2100,263.8400,1.800000
FILLER_92_245,VPWR,li1,119.6000,263.8400,1.800000
FILLER_92_233,VPWR,li1,115.4600,263.8400,1.800000
FILLER_92_221,VPWR,li1,109.9400,263.8400,1.800000
FILLER_92_209,VPWR,li1,104.4200,263.8400,1.800000
FILLER_92_197,VPWR,li1,98.9000,263.8400,1.800000
FILLER_92_195,VPWR,li1,95.4500,263.8400,1.800000
FILLER_92_189,VPWR,li1,93.8400,263.8400,1.800000
FILLER_92_177,VPWR,li1,89.7000,263.8400,1.800000
FILLER_92_165,VPWR,li1,84.1800,263.8400,1.800000
FILLER_92_153,VPWR,li1,78.6600,263.8400,1.800000
FILLER_92_141,VPWR,li1,73.1400,263.8400,1.800000
FILLER_92_139,VPWR,li1,69.6900,263.8400,1.800000
FILLER_92_133,VPWR,li1,68.0800,263.8400,1.800000
FILLER_92_121,VPWR,li1,63.9400,263.8400,1.800000
FILLER_92_109,VPWR,li1,58.4200,263.8400,1.800000
FILLER_92_97,VPWR,li1,52.9000,263.8400,1.800000
FILLER_92_85,VPWR,li1,47.3800,263.8400,1.800000
FILLER_92_83,VPWR,li1,43.9300,263.8400,1.800000
FILLER_92_77,VPWR,li1,42.3200,263.8400,1.800000
FILLER_92_65,VPWR,li1,38.1800,263.8400,1.800000
FILLER_92_53,VPWR,li1,32.6600,263.8400,1.800000
FILLER_92_41,VPWR,li1,27.1400,263.8400,1.800000
FILLER_92_29,VPWR,li1,21.6200,263.8400,1.800000
FILLER_92_27,VPWR,li1,18.1700,263.8400,1.800000
FILLER_92_15,VPWR,li1,15.1800,263.8400,1.800000
FILLER_92_3,VPWR,li1,9.6600,263.8400,1.800000
FILLER_91_665,VPWR,li1,312.1100,258.4000,1.800000
FILLER_91_653,VPWR,li1,308.6600,258.4000,1.800000
FILLER_91_641,VPWR,li1,303.1400,258.4000,1.800000
FILLER_91_629,VPWR,li1,297.6200,258.4000,1.800000
FILLER_91_617,VPWR,li1,292.1000,258.4000,1.800000
FILLER_91_615,VPWR,li1,288.6500,258.4000,1.800000
FILLER_91_609,VPWR,li1,287.0400,258.4000,1.800000
FILLER_91_597,VPWR,li1,282.9000,258.4000,1.800000
FILLER_91_585,VPWR,li1,277.3800,258.4000,1.800000
FILLER_91_573,VPWR,li1,271.8600,258.4000,1.800000
FILLER_91_561,VPWR,li1,266.3400,258.4000,1.800000
FILLER_91_559,VPWR,li1,262.8900,258.4000,1.800000
FILLER_91_553,VPWR,li1,261.2800,258.4000,1.800000
FILLER_91_541,VPWR,li1,257.1400,258.4000,1.800000
FILLER_91_529,VPWR,li1,251.6200,258.4000,1.800000
FILLER_91_517,VPWR,li1,246.1000,258.4000,1.800000
FILLER_91_505,VPWR,li1,240.5800,258.4000,1.800000
FILLER_91_503,VPWR,li1,237.1300,258.4000,1.800000
FILLER_91_497,VPWR,li1,235.5200,258.4000,1.800000
FILLER_91_485,VPWR,li1,231.3800,258.4000,1.800000
FILLER_91_473,VPWR,li1,225.8600,258.4000,1.800000
FILLER_91_461,VPWR,li1,220.3400,258.4000,1.800000
FILLER_91_449,VPWR,li1,214.8200,258.4000,1.800000
FILLER_91_447,VPWR,li1,211.3700,258.4000,1.800000
FILLER_91_441,VPWR,li1,209.7600,258.4000,1.800000
FILLER_91_429,VPWR,li1,205.6200,258.4000,1.800000
FILLER_91_417,VPWR,li1,200.1000,258.4000,1.800000
FILLER_91_405,VPWR,li1,194.5800,258.4000,1.800000
FILLER_91_393,VPWR,li1,189.0600,258.4000,1.800000
FILLER_91_391,VPWR,li1,185.6100,258.4000,1.800000
FILLER_91_385,VPWR,li1,184.0000,258.4000,1.800000
FILLER_91_373,VPWR,li1,179.8600,258.4000,1.800000
FILLER_91_361,VPWR,li1,174.3400,258.4000,1.800000
FILLER_91_349,VPWR,li1,168.8200,258.4000,1.800000
FILLER_91_337,VPWR,li1,163.3000,258.4000,1.800000
FILLER_91_335,VPWR,li1,159.8500,258.4000,1.800000
FILLER_91_329,VPWR,li1,158.2400,258.4000,1.800000
FILLER_91_317,VPWR,li1,154.1000,258.4000,1.800000
FILLER_91_305,VPWR,li1,148.5800,258.4000,1.800000
FILLER_91_293,VPWR,li1,143.0600,258.4000,1.800000
FILLER_91_281,VPWR,li1,137.5400,258.4000,1.800000
FILLER_91_279,VPWR,li1,134.0900,258.4000,1.800000
FILLER_91_273,VPWR,li1,132.4800,258.4000,1.800000
FILLER_91_261,VPWR,li1,128.3400,258.4000,1.800000
FILLER_91_249,VPWR,li1,122.8200,258.4000,1.800000
FILLER_91_237,VPWR,li1,117.3000,258.4000,1.800000
FILLER_91_225,VPWR,li1,111.7800,258.4000,1.800000
FILLER_91_223,VPWR,li1,108.3300,258.4000,1.800000
FILLER_91_217,VPWR,li1,106.7200,258.4000,1.800000
FILLER_91_205,VPWR,li1,102.5800,258.4000,1.800000
FILLER_91_193,VPWR,li1,97.0600,258.4000,1.800000
FILLER_91_181,VPWR,li1,91.5400,258.4000,1.800000
FILLER_91_169,VPWR,li1,86.0200,258.4000,1.800000
FILLER_91_167,VPWR,li1,82.5700,258.4000,1.800000
FILLER_91_161,VPWR,li1,80.9600,258.4000,1.800000
FILLER_91_149,VPWR,li1,76.8200,258.4000,1.800000
FILLER_91_137,VPWR,li1,71.3000,258.4000,1.800000
FILLER_91_125,VPWR,li1,65.7800,258.4000,1.800000
FILLER_91_113,VPWR,li1,60.2600,258.4000,1.800000
FILLER_91_111,VPWR,li1,56.8100,258.4000,1.800000
FILLER_91_105,VPWR,li1,55.2000,258.4000,1.800000
FILLER_91_93,VPWR,li1,51.0600,258.4000,1.800000
FILLER_91_81,VPWR,li1,45.5400,258.4000,1.800000
FILLER_91_69,VPWR,li1,40.0200,258.4000,1.800000
FILLER_91_57,VPWR,li1,34.5000,258.4000,1.800000
FILLER_91_55,VPWR,li1,31.0500,258.4000,1.800000
FILLER_91_51,VPWR,li1,29.9000,258.4000,1.800000
FILLER_91_39,VPWR,li1,26.2200,258.4000,1.800000
FILLER_91_27,VPWR,li1,20.7000,258.4000,1.800000
FILLER_91_15,VPWR,li1,15.1800,258.4000,1.800000
FILLER_91_3,VPWR,li1,9.6600,258.4000,1.800000
FILLER_90_665,VPWR,li1,312.1100,258.4000,1.800000
FILLER_90_657,VPWR,li1,309.5800,258.4000,1.800000
FILLER_90_645,VPWR,li1,304.9800,258.4000,1.800000
FILLER_90_643,VPWR,li1,301.5300,258.4000,1.800000
FILLER_90_637,VPWR,li1,299.9200,258.4000,1.800000
FILLER_90_625,VPWR,li1,295.7800,258.4000,1.800000
FILLER_90_613,VPWR,li1,290.2600,258.4000,1.800000
FILLER_90_601,VPWR,li1,284.7400,258.4000,1.800000
FILLER_90_589,VPWR,li1,279.2200,258.4000,1.800000
FILLER_90_587,VPWR,li1,275.7700,258.4000,1.800000
FILLER_90_581,VPWR,li1,274.1600,258.4000,1.800000
FILLER_90_569,VPWR,li1,270.0200,258.4000,1.800000
FILLER_90_557,VPWR,li1,264.5000,258.4000,1.800000
FILLER_90_545,VPWR,li1,258.9800,258.4000,1.800000
FILLER_90_533,VPWR,li1,253.4600,258.4000,1.800000
FILLER_90_531,VPWR,li1,250.0100,258.4000,1.800000
FILLER_90_525,VPWR,li1,248.4000,258.4000,1.800000
FILLER_90_513,VPWR,li1,244.2600,258.4000,1.800000
FILLER_90_501,VPWR,li1,238.7400,258.4000,1.800000
FILLER_90_489,VPWR,li1,233.2200,258.4000,1.800000
FILLER_90_477,VPWR,li1,227.7000,258.4000,1.800000
FILLER_90_475,VPWR,li1,224.2500,258.4000,1.800000
FILLER_90_469,VPWR,li1,222.6400,258.4000,1.800000
FILLER_90_457,VPWR,li1,218.5000,258.4000,1.800000
FILLER_90_445,VPWR,li1,212.9800,258.4000,1.800000
FILLER_90_433,VPWR,li1,207.4600,258.4000,1.800000
FILLER_90_421,VPWR,li1,201.9400,258.4000,1.800000
FILLER_90_419,VPWR,li1,198.4900,258.4000,1.800000
FILLER_90_413,VPWR,li1,196.8800,258.4000,1.800000
FILLER_90_401,VPWR,li1,192.7400,258.4000,1.800000
FILLER_90_389,VPWR,li1,187.2200,258.4000,1.800000
FILLER_90_377,VPWR,li1,181.7000,258.4000,1.800000
FILLER_90_365,VPWR,li1,176.1800,258.4000,1.800000
FILLER_90_363,VPWR,li1,172.7300,258.4000,1.800000
FILLER_90_357,VPWR,li1,171.1200,258.4000,1.800000
FILLER_90_345,VPWR,li1,166.9800,258.4000,1.800000
FILLER_90_333,VPWR,li1,161.4600,258.4000,1.800000
FILLER_90_321,VPWR,li1,155.9400,258.4000,1.800000
FILLER_90_309,VPWR,li1,150.4200,258.4000,1.800000
FILLER_90_307,VPWR,li1,146.9700,258.4000,1.800000
FILLER_90_301,VPWR,li1,145.3600,258.4000,1.800000
FILLER_90_289,VPWR,li1,141.2200,258.4000,1.800000
FILLER_90_277,VPWR,li1,135.7000,258.4000,1.800000
FILLER_90_265,VPWR,li1,130.1800,258.4000,1.800000
FILLER_90_253,VPWR,li1,124.6600,258.4000,1.800000
FILLER_90_251,VPWR,li1,121.2100,258.4000,1.800000
FILLER_90_245,VPWR,li1,119.6000,258.4000,1.800000
FILLER_90_233,VPWR,li1,115.4600,258.4000,1.800000
FILLER_90_221,VPWR,li1,109.9400,258.4000,1.800000
FILLER_90_209,VPWR,li1,104.4200,258.4000,1.800000
FILLER_90_197,VPWR,li1,98.9000,258.4000,1.800000
FILLER_90_195,VPWR,li1,95.4500,258.4000,1.800000
FILLER_90_189,VPWR,li1,93.8400,258.4000,1.800000
FILLER_90_177,VPWR,li1,89.7000,258.4000,1.800000
FILLER_90_165,VPWR,li1,84.1800,258.4000,1.800000
FILLER_90_153,VPWR,li1,78.6600,258.4000,1.800000
FILLER_90_141,VPWR,li1,73.1400,258.4000,1.800000
FILLER_90_139,VPWR,li1,69.6900,258.4000,1.800000
FILLER_90_133,VPWR,li1,68.0800,258.4000,1.800000
FILLER_90_121,VPWR,li1,63.9400,258.4000,1.800000
FILLER_90_109,VPWR,li1,58.4200,258.4000,1.800000
FILLER_90_97,VPWR,li1,52.9000,258.4000,1.800000
FILLER_90_85,VPWR,li1,47.3800,258.4000,1.800000
FILLER_90_83,VPWR,li1,43.9300,258.4000,1.800000
FILLER_90_77,VPWR,li1,42.3200,258.4000,1.800000
FILLER_90_65,VPWR,li1,38.1800,258.4000,1.800000
FILLER_90_53,VPWR,li1,32.6600,258.4000,1.800000
FILLER_90_41,VPWR,li1,27.1400,258.4000,1.800000
FILLER_90_29,VPWR,li1,21.6200,258.4000,1.800000
FILLER_90_27,VPWR,li1,18.1700,258.4000,1.800000
FILLER_90_15,VPWR,li1,15.1800,258.4000,1.800000
FILLER_90_3,VPWR,li1,9.6600,258.4000,1.800000
FILLER_89_665,VPWR,li1,312.1100,252.9600,1.800000
FILLER_89_653,VPWR,li1,308.6600,252.9600,1.800000
FILLER_89_641,VPWR,li1,303.1400,252.9600,1.800000
FILLER_89_629,VPWR,li1,297.6200,252.9600,1.800000
FILLER_89_617,VPWR,li1,292.1000,252.9600,1.800000
FILLER_89_615,VPWR,li1,288.6500,252.9600,1.800000
FILLER_89_609,VPWR,li1,287.0400,252.9600,1.800000
FILLER_89_597,VPWR,li1,282.9000,252.9600,1.800000
FILLER_89_585,VPWR,li1,277.3800,252.9600,1.800000
FILLER_89_573,VPWR,li1,271.8600,252.9600,1.800000
FILLER_89_561,VPWR,li1,266.3400,252.9600,1.800000
FILLER_89_559,VPWR,li1,262.8900,252.9600,1.800000
FILLER_89_553,VPWR,li1,261.2800,252.9600,1.800000
FILLER_89_541,VPWR,li1,257.1400,252.9600,1.800000
FILLER_89_529,VPWR,li1,251.6200,252.9600,1.800000
FILLER_89_517,VPWR,li1,246.1000,252.9600,1.800000
FILLER_89_505,VPWR,li1,240.5800,252.9600,1.800000
FILLER_89_503,VPWR,li1,237.1300,252.9600,1.800000
FILLER_89_497,VPWR,li1,235.5200,252.9600,1.800000
FILLER_89_485,VPWR,li1,231.3800,252.9600,1.800000
FILLER_89_473,VPWR,li1,225.8600,252.9600,1.800000
FILLER_89_461,VPWR,li1,220.3400,252.9600,1.800000
FILLER_89_449,VPWR,li1,214.8200,252.9600,1.800000
FILLER_89_447,VPWR,li1,211.3700,252.9600,1.800000
FILLER_89_441,VPWR,li1,209.7600,252.9600,1.800000
FILLER_89_429,VPWR,li1,205.6200,252.9600,1.800000
FILLER_89_417,VPWR,li1,200.1000,252.9600,1.800000
FILLER_89_405,VPWR,li1,194.5800,252.9600,1.800000
FILLER_89_393,VPWR,li1,189.0600,252.9600,1.800000
FILLER_89_391,VPWR,li1,185.6100,252.9600,1.800000
FILLER_89_385,VPWR,li1,184.0000,252.9600,1.800000
FILLER_89_373,VPWR,li1,179.8600,252.9600,1.800000
FILLER_89_361,VPWR,li1,174.3400,252.9600,1.800000
FILLER_89_349,VPWR,li1,168.8200,252.9600,1.800000
FILLER_89_337,VPWR,li1,163.3000,252.9600,1.800000
FILLER_89_335,VPWR,li1,159.8500,252.9600,1.800000
FILLER_89_329,VPWR,li1,158.2400,252.9600,1.800000
FILLER_89_317,VPWR,li1,154.1000,252.9600,1.800000
FILLER_89_305,VPWR,li1,148.5800,252.9600,1.800000
FILLER_89_293,VPWR,li1,143.0600,252.9600,1.800000
FILLER_89_281,VPWR,li1,137.5400,252.9600,1.800000
FILLER_89_279,VPWR,li1,134.0900,252.9600,1.800000
FILLER_89_273,VPWR,li1,132.4800,252.9600,1.800000
FILLER_89_261,VPWR,li1,128.3400,252.9600,1.800000
FILLER_89_249,VPWR,li1,122.8200,252.9600,1.800000
FILLER_89_237,VPWR,li1,117.3000,252.9600,1.800000
FILLER_89_225,VPWR,li1,111.7800,252.9600,1.800000
FILLER_89_223,VPWR,li1,108.3300,252.9600,1.800000
FILLER_89_217,VPWR,li1,106.7200,252.9600,1.800000
FILLER_89_205,VPWR,li1,102.5800,252.9600,1.800000
FILLER_89_193,VPWR,li1,97.0600,252.9600,1.800000
FILLER_89_181,VPWR,li1,91.5400,252.9600,1.800000
FILLER_89_169,VPWR,li1,86.0200,252.9600,1.800000
FILLER_89_167,VPWR,li1,82.5700,252.9600,1.800000
FILLER_89_161,VPWR,li1,80.9600,252.9600,1.800000
FILLER_89_149,VPWR,li1,76.8200,252.9600,1.800000
FILLER_89_137,VPWR,li1,71.3000,252.9600,1.800000
FILLER_89_125,VPWR,li1,65.7800,252.9600,1.800000
FILLER_89_113,VPWR,li1,60.2600,252.9600,1.800000
FILLER_89_111,VPWR,li1,56.8100,252.9600,1.800000
FILLER_89_105,VPWR,li1,55.2000,252.9600,1.800000
FILLER_89_93,VPWR,li1,51.0600,252.9600,1.800000
FILLER_89_81,VPWR,li1,45.5400,252.9600,1.800000
FILLER_89_69,VPWR,li1,40.0200,252.9600,1.800000
FILLER_89_57,VPWR,li1,34.5000,252.9600,1.800000
FILLER_89_55,VPWR,li1,31.0500,252.9600,1.800000
FILLER_89_51,VPWR,li1,29.9000,252.9600,1.800000
FILLER_89_39,VPWR,li1,26.2200,252.9600,1.800000
FILLER_89_27,VPWR,li1,20.7000,252.9600,1.800000
FILLER_89_15,VPWR,li1,15.1800,252.9600,1.800000
FILLER_89_3,VPWR,li1,9.6600,252.9600,1.800000
FILLER_88_665,VPWR,li1,312.1100,252.9600,1.800000
FILLER_88_657,VPWR,li1,309.5800,252.9600,1.800000
FILLER_88_645,VPWR,li1,304.9800,252.9600,1.800000
FILLER_88_643,VPWR,li1,301.5300,252.9600,1.800000
FILLER_88_637,VPWR,li1,299.9200,252.9600,1.800000
FILLER_88_625,VPWR,li1,295.7800,252.9600,1.800000
FILLER_88_613,VPWR,li1,290.2600,252.9600,1.800000
FILLER_88_601,VPWR,li1,284.7400,252.9600,1.800000
FILLER_88_589,VPWR,li1,279.2200,252.9600,1.800000
FILLER_88_587,VPWR,li1,275.7700,252.9600,1.800000
FILLER_88_581,VPWR,li1,274.1600,252.9600,1.800000
FILLER_88_569,VPWR,li1,270.0200,252.9600,1.800000
FILLER_88_557,VPWR,li1,264.5000,252.9600,1.800000
FILLER_88_545,VPWR,li1,258.9800,252.9600,1.800000
FILLER_88_533,VPWR,li1,253.4600,252.9600,1.800000
FILLER_88_531,VPWR,li1,250.0100,252.9600,1.800000
FILLER_88_525,VPWR,li1,248.4000,252.9600,1.800000
FILLER_88_513,VPWR,li1,244.2600,252.9600,1.800000
FILLER_88_501,VPWR,li1,238.7400,252.9600,1.800000
FILLER_88_489,VPWR,li1,233.2200,252.9600,1.800000
FILLER_88_477,VPWR,li1,227.7000,252.9600,1.800000
FILLER_88_475,VPWR,li1,224.2500,252.9600,1.800000
FILLER_88_469,VPWR,li1,222.6400,252.9600,1.800000
FILLER_88_457,VPWR,li1,218.5000,252.9600,1.800000
FILLER_88_445,VPWR,li1,212.9800,252.9600,1.800000
FILLER_88_433,VPWR,li1,207.4600,252.9600,1.800000
FILLER_88_421,VPWR,li1,201.9400,252.9600,1.800000
FILLER_88_419,VPWR,li1,198.4900,252.9600,1.800000
FILLER_88_413,VPWR,li1,196.8800,252.9600,1.800000
FILLER_88_401,VPWR,li1,192.7400,252.9600,1.800000
FILLER_88_389,VPWR,li1,187.2200,252.9600,1.800000
FILLER_88_377,VPWR,li1,181.7000,252.9600,1.800000
FILLER_88_365,VPWR,li1,176.1800,252.9600,1.800000
FILLER_88_363,VPWR,li1,172.7300,252.9600,1.800000
FILLER_88_357,VPWR,li1,171.1200,252.9600,1.800000
FILLER_88_345,VPWR,li1,166.9800,252.9600,1.800000
FILLER_88_333,VPWR,li1,161.4600,252.9600,1.800000
FILLER_88_321,VPWR,li1,155.9400,252.9600,1.800000
FILLER_88_309,VPWR,li1,150.4200,252.9600,1.800000
FILLER_88_307,VPWR,li1,146.9700,252.9600,1.800000
FILLER_88_301,VPWR,li1,145.3600,252.9600,1.800000
FILLER_88_289,VPWR,li1,141.2200,252.9600,1.800000
FILLER_88_277,VPWR,li1,135.7000,252.9600,1.800000
FILLER_88_265,VPWR,li1,130.1800,252.9600,1.800000
FILLER_88_253,VPWR,li1,124.6600,252.9600,1.800000
FILLER_88_251,VPWR,li1,121.2100,252.9600,1.800000
FILLER_88_245,VPWR,li1,119.6000,252.9600,1.800000
FILLER_88_233,VPWR,li1,115.4600,252.9600,1.800000
FILLER_88_221,VPWR,li1,109.9400,252.9600,1.800000
FILLER_88_209,VPWR,li1,104.4200,252.9600,1.800000
FILLER_88_197,VPWR,li1,98.9000,252.9600,1.800000
FILLER_88_195,VPWR,li1,95.4500,252.9600,1.800000
FILLER_88_189,VPWR,li1,93.8400,252.9600,1.800000
FILLER_88_177,VPWR,li1,89.7000,252.9600,1.800000
FILLER_88_165,VPWR,li1,84.1800,252.9600,1.800000
FILLER_88_153,VPWR,li1,78.6600,252.9600,1.800000
FILLER_88_141,VPWR,li1,73.1400,252.9600,1.800000
FILLER_88_139,VPWR,li1,69.6900,252.9600,1.800000
FILLER_88_133,VPWR,li1,68.0800,252.9600,1.800000
FILLER_88_121,VPWR,li1,63.9400,252.9600,1.800000
FILLER_88_109,VPWR,li1,58.4200,252.9600,1.800000
FILLER_88_97,VPWR,li1,52.9000,252.9600,1.800000
FILLER_88_85,VPWR,li1,47.3800,252.9600,1.800000
FILLER_88_83,VPWR,li1,43.9300,252.9600,1.800000
FILLER_88_77,VPWR,li1,42.3200,252.9600,1.800000
FILLER_88_65,VPWR,li1,38.1800,252.9600,1.800000
FILLER_88_53,VPWR,li1,32.6600,252.9600,1.800000
FILLER_88_41,VPWR,li1,27.1400,252.9600,1.800000
FILLER_88_29,VPWR,li1,21.6200,252.9600,1.800000
FILLER_88_27,VPWR,li1,18.1700,252.9600,1.800000
FILLER_88_15,VPWR,li1,15.1800,252.9600,1.800000
FILLER_88_3,VPWR,li1,9.6600,252.9600,1.800000
FILLER_87_665,VPWR,li1,312.1100,247.5200,1.800000
FILLER_87_653,VPWR,li1,308.6600,247.5200,1.800000
FILLER_87_641,VPWR,li1,303.1400,247.5200,1.800000
FILLER_87_629,VPWR,li1,297.6200,247.5200,1.800000
FILLER_87_617,VPWR,li1,292.1000,247.5200,1.800000
FILLER_87_615,VPWR,li1,288.6500,247.5200,1.800000
FILLER_87_609,VPWR,li1,287.0400,247.5200,1.800000
FILLER_87_597,VPWR,li1,282.9000,247.5200,1.800000
FILLER_87_585,VPWR,li1,277.3800,247.5200,1.800000
FILLER_87_573,VPWR,li1,271.8600,247.5200,1.800000
FILLER_87_561,VPWR,li1,266.3400,247.5200,1.800000
FILLER_87_559,VPWR,li1,262.8900,247.5200,1.800000
FILLER_87_553,VPWR,li1,261.2800,247.5200,1.800000
FILLER_87_541,VPWR,li1,257.1400,247.5200,1.800000
FILLER_87_529,VPWR,li1,251.6200,247.5200,1.800000
FILLER_87_517,VPWR,li1,246.1000,247.5200,1.800000
FILLER_87_505,VPWR,li1,240.5800,247.5200,1.800000
FILLER_87_503,VPWR,li1,237.1300,247.5200,1.800000
FILLER_87_497,VPWR,li1,235.5200,247.5200,1.800000
FILLER_87_485,VPWR,li1,231.3800,247.5200,1.800000
FILLER_87_473,VPWR,li1,225.8600,247.5200,1.800000
FILLER_87_461,VPWR,li1,220.3400,247.5200,1.800000
FILLER_87_449,VPWR,li1,214.8200,247.5200,1.800000
FILLER_87_447,VPWR,li1,211.3700,247.5200,1.800000
FILLER_87_441,VPWR,li1,209.7600,247.5200,1.800000
FILLER_87_429,VPWR,li1,205.6200,247.5200,1.800000
FILLER_87_417,VPWR,li1,200.1000,247.5200,1.800000
FILLER_87_405,VPWR,li1,194.5800,247.5200,1.800000
FILLER_87_393,VPWR,li1,189.0600,247.5200,1.800000
FILLER_87_391,VPWR,li1,185.6100,247.5200,1.800000
FILLER_87_385,VPWR,li1,184.0000,247.5200,1.800000
FILLER_87_373,VPWR,li1,179.8600,247.5200,1.800000
FILLER_87_361,VPWR,li1,174.3400,247.5200,1.800000
FILLER_87_349,VPWR,li1,168.8200,247.5200,1.800000
FILLER_87_337,VPWR,li1,163.3000,247.5200,1.800000
FILLER_87_335,VPWR,li1,159.8500,247.5200,1.800000
FILLER_87_329,VPWR,li1,158.2400,247.5200,1.800000
FILLER_87_317,VPWR,li1,154.1000,247.5200,1.800000
FILLER_87_305,VPWR,li1,148.5800,247.5200,1.800000
FILLER_87_293,VPWR,li1,143.0600,247.5200,1.800000
FILLER_87_281,VPWR,li1,137.5400,247.5200,1.800000
FILLER_87_279,VPWR,li1,134.0900,247.5200,1.800000
FILLER_87_273,VPWR,li1,132.4800,247.5200,1.800000
FILLER_87_261,VPWR,li1,128.3400,247.5200,1.800000
FILLER_87_249,VPWR,li1,122.8200,247.5200,1.800000
FILLER_87_237,VPWR,li1,117.3000,247.5200,1.800000
FILLER_87_225,VPWR,li1,111.7800,247.5200,1.800000
FILLER_87_223,VPWR,li1,108.3300,247.5200,1.800000
FILLER_87_217,VPWR,li1,106.7200,247.5200,1.800000
FILLER_87_205,VPWR,li1,102.5800,247.5200,1.800000
FILLER_87_193,VPWR,li1,97.0600,247.5200,1.800000
FILLER_87_181,VPWR,li1,91.5400,247.5200,1.800000
FILLER_87_169,VPWR,li1,86.0200,247.5200,1.800000
FILLER_87_167,VPWR,li1,82.5700,247.5200,1.800000
FILLER_87_161,VPWR,li1,80.9600,247.5200,1.800000
FILLER_87_149,VPWR,li1,76.8200,247.5200,1.800000
FILLER_87_137,VPWR,li1,71.3000,247.5200,1.800000
FILLER_87_125,VPWR,li1,65.7800,247.5200,1.800000
FILLER_87_113,VPWR,li1,60.2600,247.5200,1.800000
FILLER_87_111,VPWR,li1,56.8100,247.5200,1.800000
FILLER_87_105,VPWR,li1,55.2000,247.5200,1.800000
FILLER_87_93,VPWR,li1,51.0600,247.5200,1.800000
FILLER_87_81,VPWR,li1,45.5400,247.5200,1.800000
FILLER_87_69,VPWR,li1,40.0200,247.5200,1.800000
FILLER_87_57,VPWR,li1,34.5000,247.5200,1.800000
FILLER_87_55,VPWR,li1,31.0500,247.5200,1.800000
FILLER_87_51,VPWR,li1,29.9000,247.5200,1.800000
FILLER_87_39,VPWR,li1,26.2200,247.5200,1.800000
FILLER_87_27,VPWR,li1,20.7000,247.5200,1.800000
FILLER_87_15,VPWR,li1,15.1800,247.5200,1.800000
FILLER_87_3,VPWR,li1,9.6600,247.5200,1.800000
FILLER_86_665,VPWR,li1,312.1100,247.5200,1.800000
FILLER_86_657,VPWR,li1,309.5800,247.5200,1.800000
FILLER_86_645,VPWR,li1,304.9800,247.5200,1.800000
FILLER_86_643,VPWR,li1,301.5300,247.5200,1.800000
FILLER_86_637,VPWR,li1,299.9200,247.5200,1.800000
FILLER_86_625,VPWR,li1,295.7800,247.5200,1.800000
FILLER_86_613,VPWR,li1,290.2600,247.5200,1.800000
FILLER_86_601,VPWR,li1,284.7400,247.5200,1.800000
FILLER_86_589,VPWR,li1,279.2200,247.5200,1.800000
FILLER_86_587,VPWR,li1,275.7700,247.5200,1.800000
FILLER_86_581,VPWR,li1,274.1600,247.5200,1.800000
FILLER_86_569,VPWR,li1,270.0200,247.5200,1.800000
FILLER_86_557,VPWR,li1,264.5000,247.5200,1.800000
FILLER_86_545,VPWR,li1,258.9800,247.5200,1.800000
FILLER_86_533,VPWR,li1,253.4600,247.5200,1.800000
FILLER_86_531,VPWR,li1,250.0100,247.5200,1.800000
FILLER_86_525,VPWR,li1,248.4000,247.5200,1.800000
FILLER_86_513,VPWR,li1,244.2600,247.5200,1.800000
FILLER_86_501,VPWR,li1,238.7400,247.5200,1.800000
FILLER_86_489,VPWR,li1,233.2200,247.5200,1.800000
FILLER_86_477,VPWR,li1,227.7000,247.5200,1.800000
FILLER_86_475,VPWR,li1,224.2500,247.5200,1.800000
FILLER_86_469,VPWR,li1,222.6400,247.5200,1.800000
FILLER_86_457,VPWR,li1,218.5000,247.5200,1.800000
FILLER_86_445,VPWR,li1,212.9800,247.5200,1.800000
FILLER_86_433,VPWR,li1,207.4600,247.5200,1.800000
FILLER_86_421,VPWR,li1,201.9400,247.5200,1.800000
FILLER_86_419,VPWR,li1,198.4900,247.5200,1.800000
FILLER_86_413,VPWR,li1,196.8800,247.5200,1.800000
FILLER_86_401,VPWR,li1,192.7400,247.5200,1.800000
FILLER_86_389,VPWR,li1,187.2200,247.5200,1.800000
FILLER_86_377,VPWR,li1,181.7000,247.5200,1.800000
FILLER_86_365,VPWR,li1,176.1800,247.5200,1.800000
FILLER_86_363,VPWR,li1,172.7300,247.5200,1.800000
FILLER_86_357,VPWR,li1,171.1200,247.5200,1.800000
FILLER_86_345,VPWR,li1,166.9800,247.5200,1.800000
FILLER_86_333,VPWR,li1,161.4600,247.5200,1.800000
FILLER_86_321,VPWR,li1,155.9400,247.5200,1.800000
FILLER_86_309,VPWR,li1,150.4200,247.5200,1.800000
FILLER_86_307,VPWR,li1,146.9700,247.5200,1.800000
FILLER_86_301,VPWR,li1,145.3600,247.5200,1.800000
FILLER_86_289,VPWR,li1,141.2200,247.5200,1.800000
FILLER_86_277,VPWR,li1,135.7000,247.5200,1.800000
FILLER_86_265,VPWR,li1,130.1800,247.5200,1.800000
FILLER_86_253,VPWR,li1,124.6600,247.5200,1.800000
FILLER_86_251,VPWR,li1,121.2100,247.5200,1.800000
FILLER_86_245,VPWR,li1,119.6000,247.5200,1.800000
FILLER_86_233,VPWR,li1,115.4600,247.5200,1.800000
FILLER_86_221,VPWR,li1,109.9400,247.5200,1.800000
FILLER_86_209,VPWR,li1,104.4200,247.5200,1.800000
FILLER_86_197,VPWR,li1,98.9000,247.5200,1.800000
FILLER_86_195,VPWR,li1,95.4500,247.5200,1.800000
FILLER_86_189,VPWR,li1,93.8400,247.5200,1.800000
FILLER_86_177,VPWR,li1,89.7000,247.5200,1.800000
FILLER_86_165,VPWR,li1,84.1800,247.5200,1.800000
FILLER_86_153,VPWR,li1,78.6600,247.5200,1.800000
FILLER_86_141,VPWR,li1,73.1400,247.5200,1.800000
FILLER_86_139,VPWR,li1,69.6900,247.5200,1.800000
FILLER_86_133,VPWR,li1,68.0800,247.5200,1.800000
FILLER_86_121,VPWR,li1,63.9400,247.5200,1.800000
FILLER_86_109,VPWR,li1,58.4200,247.5200,1.800000
FILLER_86_97,VPWR,li1,52.9000,247.5200,1.800000
FILLER_86_85,VPWR,li1,47.3800,247.5200,1.800000
FILLER_86_83,VPWR,li1,43.9300,247.5200,1.800000
FILLER_86_77,VPWR,li1,42.3200,247.5200,1.800000
FILLER_86_65,VPWR,li1,38.1800,247.5200,1.800000
FILLER_86_53,VPWR,li1,32.6600,247.5200,1.800000
FILLER_86_41,VPWR,li1,27.1400,247.5200,1.800000
FILLER_86_29,VPWR,li1,21.6200,247.5200,1.800000
FILLER_86_27,VPWR,li1,18.1700,247.5200,1.800000
FILLER_86_15,VPWR,li1,15.1800,247.5200,1.800000
FILLER_86_3,VPWR,li1,9.6600,247.5200,1.800000
FILLER_85_665,VPWR,li1,312.1100,242.0800,1.800000
FILLER_85_653,VPWR,li1,308.6600,242.0800,1.800000
FILLER_85_641,VPWR,li1,303.1400,242.0800,1.800000
FILLER_85_629,VPWR,li1,297.6200,242.0800,1.800000
FILLER_85_617,VPWR,li1,292.1000,242.0800,1.800000
FILLER_85_615,VPWR,li1,288.6500,242.0800,1.800000
FILLER_85_609,VPWR,li1,287.0400,242.0800,1.800000
FILLER_85_597,VPWR,li1,282.9000,242.0800,1.800000
FILLER_85_585,VPWR,li1,277.3800,242.0800,1.800000
FILLER_85_573,VPWR,li1,271.8600,242.0800,1.800000
FILLER_85_561,VPWR,li1,266.3400,242.0800,1.800000
FILLER_85_559,VPWR,li1,262.8900,242.0800,1.800000
FILLER_85_553,VPWR,li1,261.2800,242.0800,1.800000
FILLER_85_541,VPWR,li1,257.1400,242.0800,1.800000
FILLER_85_529,VPWR,li1,251.6200,242.0800,1.800000
FILLER_85_517,VPWR,li1,246.1000,242.0800,1.800000
FILLER_85_505,VPWR,li1,240.5800,242.0800,1.800000
FILLER_85_503,VPWR,li1,237.1300,242.0800,1.800000
FILLER_85_497,VPWR,li1,235.5200,242.0800,1.800000
FILLER_85_485,VPWR,li1,231.3800,242.0800,1.800000
FILLER_85_473,VPWR,li1,225.8600,242.0800,1.800000
FILLER_85_461,VPWR,li1,220.3400,242.0800,1.800000
FILLER_85_449,VPWR,li1,214.8200,242.0800,1.800000
FILLER_85_447,VPWR,li1,211.3700,242.0800,1.800000
FILLER_85_441,VPWR,li1,209.7600,242.0800,1.800000
FILLER_85_429,VPWR,li1,205.6200,242.0800,1.800000
FILLER_85_417,VPWR,li1,200.1000,242.0800,1.800000
FILLER_85_405,VPWR,li1,194.5800,242.0800,1.800000
FILLER_85_393,VPWR,li1,189.0600,242.0800,1.800000
FILLER_85_391,VPWR,li1,185.6100,242.0800,1.800000
FILLER_85_385,VPWR,li1,184.0000,242.0800,1.800000
FILLER_85_373,VPWR,li1,179.8600,242.0800,1.800000
FILLER_85_361,VPWR,li1,174.3400,242.0800,1.800000
FILLER_85_349,VPWR,li1,168.8200,242.0800,1.800000
FILLER_85_337,VPWR,li1,163.3000,242.0800,1.800000
FILLER_85_335,VPWR,li1,159.8500,242.0800,1.800000
FILLER_85_329,VPWR,li1,158.2400,242.0800,1.800000
FILLER_85_317,VPWR,li1,154.1000,242.0800,1.800000
FILLER_85_305,VPWR,li1,148.5800,242.0800,1.800000
FILLER_85_293,VPWR,li1,143.0600,242.0800,1.800000
FILLER_85_281,VPWR,li1,137.5400,242.0800,1.800000
FILLER_85_279,VPWR,li1,134.0900,242.0800,1.800000
FILLER_85_273,VPWR,li1,132.4800,242.0800,1.800000
FILLER_85_261,VPWR,li1,128.3400,242.0800,1.800000
FILLER_85_249,VPWR,li1,122.8200,242.0800,1.800000
FILLER_85_237,VPWR,li1,117.3000,242.0800,1.800000
FILLER_85_225,VPWR,li1,111.7800,242.0800,1.800000
FILLER_85_223,VPWR,li1,108.3300,242.0800,1.800000
FILLER_85_217,VPWR,li1,106.7200,242.0800,1.800000
FILLER_85_205,VPWR,li1,102.5800,242.0800,1.800000
FILLER_85_193,VPWR,li1,97.0600,242.0800,1.800000
FILLER_85_181,VPWR,li1,91.5400,242.0800,1.800000
FILLER_85_169,VPWR,li1,86.0200,242.0800,1.800000
FILLER_85_167,VPWR,li1,82.5700,242.0800,1.800000
FILLER_85_161,VPWR,li1,80.9600,242.0800,1.800000
FILLER_85_149,VPWR,li1,76.8200,242.0800,1.800000
FILLER_85_137,VPWR,li1,71.3000,242.0800,1.800000
FILLER_85_125,VPWR,li1,65.7800,242.0800,1.800000
FILLER_85_113,VPWR,li1,60.2600,242.0800,1.800000
FILLER_85_111,VPWR,li1,56.8100,242.0800,1.800000
FILLER_85_105,VPWR,li1,55.2000,242.0800,1.800000
FILLER_85_93,VPWR,li1,51.0600,242.0800,1.800000
FILLER_85_81,VPWR,li1,45.5400,242.0800,1.800000
FILLER_85_69,VPWR,li1,40.0200,242.0800,1.800000
FILLER_85_57,VPWR,li1,34.5000,242.0800,1.800000
FILLER_85_55,VPWR,li1,31.0500,242.0800,1.800000
FILLER_85_51,VPWR,li1,29.9000,242.0800,1.800000
FILLER_85_39,VPWR,li1,26.2200,242.0800,1.800000
FILLER_85_27,VPWR,li1,20.7000,242.0800,1.800000
FILLER_85_15,VPWR,li1,15.1800,242.0800,1.800000
FILLER_85_3,VPWR,li1,9.6600,242.0800,1.800000
FILLER_84_665,VPWR,li1,312.1100,242.0800,1.800000
FILLER_84_657,VPWR,li1,309.5800,242.0800,1.800000
FILLER_84_645,VPWR,li1,304.9800,242.0800,1.800000
FILLER_84_643,VPWR,li1,301.5300,242.0800,1.800000
FILLER_84_637,VPWR,li1,299.9200,242.0800,1.800000
FILLER_84_625,VPWR,li1,295.7800,242.0800,1.800000
FILLER_84_613,VPWR,li1,290.2600,242.0800,1.800000
FILLER_84_601,VPWR,li1,284.7400,242.0800,1.800000
FILLER_84_589,VPWR,li1,279.2200,242.0800,1.800000
FILLER_84_587,VPWR,li1,275.7700,242.0800,1.800000
FILLER_84_581,VPWR,li1,274.1600,242.0800,1.800000
FILLER_84_569,VPWR,li1,270.0200,242.0800,1.800000
FILLER_84_557,VPWR,li1,264.5000,242.0800,1.800000
FILLER_84_545,VPWR,li1,258.9800,242.0800,1.800000
FILLER_84_533,VPWR,li1,253.4600,242.0800,1.800000
FILLER_84_531,VPWR,li1,250.0100,242.0800,1.800000
FILLER_84_525,VPWR,li1,248.4000,242.0800,1.800000
FILLER_84_513,VPWR,li1,244.2600,242.0800,1.800000
FILLER_84_501,VPWR,li1,238.7400,242.0800,1.800000
FILLER_84_489,VPWR,li1,233.2200,242.0800,1.800000
FILLER_84_477,VPWR,li1,227.7000,242.0800,1.800000
FILLER_84_475,VPWR,li1,224.2500,242.0800,1.800000
FILLER_84_469,VPWR,li1,222.6400,242.0800,1.800000
FILLER_84_457,VPWR,li1,218.5000,242.0800,1.800000
FILLER_84_445,VPWR,li1,212.9800,242.0800,1.800000
FILLER_84_433,VPWR,li1,207.4600,242.0800,1.800000
FILLER_84_421,VPWR,li1,201.9400,242.0800,1.800000
FILLER_84_419,VPWR,li1,198.4900,242.0800,1.800000
FILLER_84_413,VPWR,li1,196.8800,242.0800,1.800000
FILLER_84_401,VPWR,li1,192.7400,242.0800,1.800000
FILLER_84_389,VPWR,li1,187.2200,242.0800,1.800000
FILLER_84_377,VPWR,li1,181.7000,242.0800,1.800000
FILLER_84_365,VPWR,li1,176.1800,242.0800,1.800000
FILLER_84_363,VPWR,li1,172.7300,242.0800,1.800000
FILLER_84_357,VPWR,li1,171.1200,242.0800,1.800000
FILLER_84_345,VPWR,li1,166.9800,242.0800,1.800000
FILLER_84_333,VPWR,li1,161.4600,242.0800,1.800000
FILLER_84_321,VPWR,li1,155.9400,242.0800,1.800000
FILLER_84_309,VPWR,li1,150.4200,242.0800,1.800000
FILLER_84_307,VPWR,li1,146.9700,242.0800,1.800000
FILLER_84_301,VPWR,li1,145.3600,242.0800,1.800000
FILLER_84_289,VPWR,li1,141.2200,242.0800,1.800000
FILLER_84_277,VPWR,li1,135.7000,242.0800,1.800000
FILLER_84_265,VPWR,li1,130.1800,242.0800,1.800000
FILLER_84_253,VPWR,li1,124.6600,242.0800,1.800000
FILLER_84_251,VPWR,li1,121.2100,242.0800,1.800000
FILLER_84_245,VPWR,li1,119.6000,242.0800,1.800000
FILLER_84_233,VPWR,li1,115.4600,242.0800,1.800000
FILLER_84_221,VPWR,li1,109.9400,242.0800,1.800000
FILLER_84_209,VPWR,li1,104.4200,242.0800,1.800000
FILLER_84_197,VPWR,li1,98.9000,242.0800,1.800000
FILLER_84_195,VPWR,li1,95.4500,242.0800,1.800000
FILLER_84_189,VPWR,li1,93.8400,242.0800,1.800000
FILLER_84_177,VPWR,li1,89.7000,242.0800,1.800000
FILLER_84_165,VPWR,li1,84.1800,242.0800,1.800000
FILLER_84_153,VPWR,li1,78.6600,242.0800,1.800000
FILLER_84_141,VPWR,li1,73.1400,242.0800,1.800000
FILLER_84_139,VPWR,li1,69.6900,242.0800,1.800000
FILLER_84_133,VPWR,li1,68.0800,242.0800,1.800000
FILLER_84_121,VPWR,li1,63.9400,242.0800,1.800000
FILLER_84_109,VPWR,li1,58.4200,242.0800,1.800000
FILLER_84_97,VPWR,li1,52.9000,242.0800,1.800000
FILLER_84_85,VPWR,li1,47.3800,242.0800,1.800000
FILLER_84_83,VPWR,li1,43.9300,242.0800,1.800000
FILLER_84_77,VPWR,li1,42.3200,242.0800,1.800000
FILLER_84_65,VPWR,li1,38.1800,242.0800,1.800000
FILLER_84_53,VPWR,li1,32.6600,242.0800,1.800000
FILLER_84_41,VPWR,li1,27.1400,242.0800,1.800000
FILLER_84_29,VPWR,li1,21.6200,242.0800,1.800000
FILLER_84_27,VPWR,li1,18.1700,242.0800,1.800000
FILLER_84_15,VPWR,li1,15.1800,242.0800,1.800000
FILLER_84_3,VPWR,li1,9.6600,242.0800,1.800000
FILLER_83_665,VPWR,li1,312.1100,236.6400,1.800000
FILLER_83_653,VPWR,li1,308.6600,236.6400,1.800000
FILLER_83_641,VPWR,li1,303.1400,236.6400,1.800000
FILLER_83_629,VPWR,li1,297.6200,236.6400,1.800000
FILLER_83_617,VPWR,li1,292.1000,236.6400,1.800000
FILLER_83_615,VPWR,li1,288.6500,236.6400,1.800000
FILLER_83_609,VPWR,li1,287.0400,236.6400,1.800000
FILLER_83_597,VPWR,li1,282.9000,236.6400,1.800000
FILLER_83_585,VPWR,li1,277.3800,236.6400,1.800000
FILLER_83_573,VPWR,li1,271.8600,236.6400,1.800000
FILLER_83_561,VPWR,li1,266.3400,236.6400,1.800000
FILLER_83_559,VPWR,li1,262.8900,236.6400,1.800000
FILLER_83_553,VPWR,li1,261.2800,236.6400,1.800000
FILLER_83_541,VPWR,li1,257.1400,236.6400,1.800000
FILLER_83_529,VPWR,li1,251.6200,236.6400,1.800000
FILLER_83_517,VPWR,li1,246.1000,236.6400,1.800000
FILLER_83_505,VPWR,li1,240.5800,236.6400,1.800000
FILLER_83_503,VPWR,li1,237.1300,236.6400,1.800000
FILLER_83_497,VPWR,li1,235.5200,236.6400,1.800000
FILLER_83_485,VPWR,li1,231.3800,236.6400,1.800000
FILLER_83_473,VPWR,li1,225.8600,236.6400,1.800000
FILLER_83_461,VPWR,li1,220.3400,236.6400,1.800000
FILLER_83_449,VPWR,li1,214.8200,236.6400,1.800000
FILLER_83_447,VPWR,li1,211.3700,236.6400,1.800000
FILLER_83_441,VPWR,li1,209.7600,236.6400,1.800000
FILLER_83_429,VPWR,li1,205.6200,236.6400,1.800000
FILLER_83_417,VPWR,li1,200.1000,236.6400,1.800000
FILLER_83_405,VPWR,li1,194.5800,236.6400,1.800000
FILLER_83_393,VPWR,li1,189.0600,236.6400,1.800000
FILLER_83_391,VPWR,li1,185.6100,236.6400,1.800000
FILLER_83_385,VPWR,li1,184.0000,236.6400,1.800000
FILLER_83_373,VPWR,li1,179.8600,236.6400,1.800000
FILLER_83_361,VPWR,li1,174.3400,236.6400,1.800000
FILLER_83_349,VPWR,li1,168.8200,236.6400,1.800000
FILLER_83_337,VPWR,li1,163.3000,236.6400,1.800000
FILLER_83_335,VPWR,li1,159.8500,236.6400,1.800000
FILLER_83_329,VPWR,li1,158.2400,236.6400,1.800000
FILLER_83_317,VPWR,li1,154.1000,236.6400,1.800000
FILLER_83_305,VPWR,li1,148.5800,236.6400,1.800000
FILLER_83_293,VPWR,li1,143.0600,236.6400,1.800000
FILLER_83_281,VPWR,li1,137.5400,236.6400,1.800000
FILLER_83_279,VPWR,li1,134.0900,236.6400,1.800000
FILLER_83_273,VPWR,li1,132.4800,236.6400,1.800000
FILLER_83_261,VPWR,li1,128.3400,236.6400,1.800000
FILLER_83_249,VPWR,li1,122.8200,236.6400,1.800000
FILLER_83_237,VPWR,li1,117.3000,236.6400,1.800000
FILLER_83_225,VPWR,li1,111.7800,236.6400,1.800000
FILLER_83_223,VPWR,li1,108.3300,236.6400,1.800000
FILLER_83_217,VPWR,li1,106.7200,236.6400,1.800000
FILLER_83_205,VPWR,li1,102.5800,236.6400,1.800000
FILLER_83_193,VPWR,li1,97.0600,236.6400,1.800000
FILLER_83_181,VPWR,li1,91.5400,236.6400,1.800000
FILLER_83_169,VPWR,li1,86.0200,236.6400,1.800000
FILLER_83_167,VPWR,li1,82.5700,236.6400,1.800000
FILLER_83_161,VPWR,li1,80.9600,236.6400,1.800000
FILLER_83_149,VPWR,li1,76.8200,236.6400,1.800000
FILLER_83_137,VPWR,li1,71.3000,236.6400,1.800000
FILLER_83_125,VPWR,li1,65.7800,236.6400,1.800000
FILLER_83_113,VPWR,li1,60.2600,236.6400,1.800000
FILLER_83_111,VPWR,li1,56.8100,236.6400,1.800000
FILLER_83_105,VPWR,li1,55.2000,236.6400,1.800000
FILLER_83_93,VPWR,li1,51.0600,236.6400,1.800000
FILLER_83_81,VPWR,li1,45.5400,236.6400,1.800000
FILLER_83_69,VPWR,li1,40.0200,236.6400,1.800000
FILLER_83_57,VPWR,li1,34.5000,236.6400,1.800000
FILLER_83_55,VPWR,li1,31.0500,236.6400,1.800000
FILLER_83_51,VPWR,li1,29.9000,236.6400,1.800000
FILLER_83_39,VPWR,li1,26.2200,236.6400,1.800000
FILLER_83_27,VPWR,li1,20.7000,236.6400,1.800000
FILLER_83_15,VPWR,li1,15.1800,236.6400,1.800000
FILLER_83_3,VPWR,li1,9.6600,236.6400,1.800000
FILLER_82_665,VPWR,li1,312.1100,236.6400,1.800000
FILLER_82_657,VPWR,li1,309.5800,236.6400,1.800000
FILLER_82_645,VPWR,li1,304.9800,236.6400,1.800000
FILLER_82_643,VPWR,li1,301.5300,236.6400,1.800000
FILLER_82_637,VPWR,li1,299.9200,236.6400,1.800000
FILLER_82_625,VPWR,li1,295.7800,236.6400,1.800000
FILLER_82_613,VPWR,li1,290.2600,236.6400,1.800000
FILLER_82_601,VPWR,li1,284.7400,236.6400,1.800000
FILLER_82_589,VPWR,li1,279.2200,236.6400,1.800000
FILLER_82_587,VPWR,li1,275.7700,236.6400,1.800000
FILLER_82_581,VPWR,li1,274.1600,236.6400,1.800000
FILLER_82_569,VPWR,li1,270.0200,236.6400,1.800000
FILLER_82_557,VPWR,li1,264.5000,236.6400,1.800000
FILLER_82_545,VPWR,li1,258.9800,236.6400,1.800000
FILLER_82_533,VPWR,li1,253.4600,236.6400,1.800000
FILLER_82_531,VPWR,li1,250.0100,236.6400,1.800000
FILLER_82_525,VPWR,li1,248.4000,236.6400,1.800000
FILLER_82_513,VPWR,li1,244.2600,236.6400,1.800000
FILLER_82_501,VPWR,li1,238.7400,236.6400,1.800000
FILLER_82_489,VPWR,li1,233.2200,236.6400,1.800000
FILLER_82_477,VPWR,li1,227.7000,236.6400,1.800000
FILLER_82_475,VPWR,li1,224.2500,236.6400,1.800000
FILLER_82_469,VPWR,li1,222.6400,236.6400,1.800000
FILLER_82_457,VPWR,li1,218.5000,236.6400,1.800000
FILLER_82_445,VPWR,li1,212.9800,236.6400,1.800000
FILLER_82_433,VPWR,li1,207.4600,236.6400,1.800000
FILLER_82_421,VPWR,li1,201.9400,236.6400,1.800000
FILLER_82_419,VPWR,li1,198.4900,236.6400,1.800000
FILLER_82_413,VPWR,li1,196.8800,236.6400,1.800000
FILLER_82_401,VPWR,li1,192.7400,236.6400,1.800000
FILLER_82_389,VPWR,li1,187.2200,236.6400,1.800000
FILLER_82_377,VPWR,li1,181.7000,236.6400,1.800000
FILLER_82_365,VPWR,li1,176.1800,236.6400,1.800000
FILLER_82_363,VPWR,li1,172.7300,236.6400,1.800000
FILLER_82_357,VPWR,li1,171.1200,236.6400,1.800000
FILLER_82_345,VPWR,li1,166.9800,236.6400,1.800000
FILLER_82_333,VPWR,li1,161.4600,236.6400,1.800000
FILLER_82_321,VPWR,li1,155.9400,236.6400,1.800000
FILLER_82_309,VPWR,li1,150.4200,236.6400,1.800000
FILLER_82_307,VPWR,li1,146.9700,236.6400,1.800000
FILLER_82_301,VPWR,li1,145.3600,236.6400,1.800000
FILLER_82_289,VPWR,li1,141.2200,236.6400,1.800000
FILLER_82_277,VPWR,li1,135.7000,236.6400,1.800000
FILLER_82_265,VPWR,li1,130.1800,236.6400,1.800000
FILLER_82_253,VPWR,li1,124.6600,236.6400,1.800000
FILLER_82_251,VPWR,li1,121.2100,236.6400,1.800000
FILLER_82_245,VPWR,li1,119.6000,236.6400,1.800000
FILLER_82_233,VPWR,li1,115.4600,236.6400,1.800000
FILLER_82_221,VPWR,li1,109.9400,236.6400,1.800000
FILLER_82_209,VPWR,li1,104.4200,236.6400,1.800000
FILLER_82_197,VPWR,li1,98.9000,236.6400,1.800000
FILLER_82_195,VPWR,li1,95.4500,236.6400,1.800000
FILLER_82_189,VPWR,li1,93.8400,236.6400,1.800000
FILLER_82_177,VPWR,li1,89.7000,236.6400,1.800000
FILLER_82_165,VPWR,li1,84.1800,236.6400,1.800000
FILLER_82_153,VPWR,li1,78.6600,236.6400,1.800000
FILLER_82_141,VPWR,li1,73.1400,236.6400,1.800000
FILLER_82_139,VPWR,li1,69.6900,236.6400,1.800000
FILLER_82_133,VPWR,li1,68.0800,236.6400,1.800000
FILLER_82_121,VPWR,li1,63.9400,236.6400,1.800000
FILLER_82_109,VPWR,li1,58.4200,236.6400,1.800000
FILLER_82_97,VPWR,li1,52.9000,236.6400,1.800000
FILLER_82_85,VPWR,li1,47.3800,236.6400,1.800000
FILLER_82_83,VPWR,li1,43.9300,236.6400,1.800000
FILLER_82_77,VPWR,li1,42.3200,236.6400,1.800000
FILLER_82_65,VPWR,li1,38.1800,236.6400,1.800000
FILLER_82_53,VPWR,li1,32.6600,236.6400,1.800000
FILLER_82_41,VPWR,li1,27.1400,236.6400,1.800000
FILLER_82_29,VPWR,li1,21.6200,236.6400,1.800000
FILLER_82_27,VPWR,li1,18.1700,236.6400,1.800000
FILLER_82_15,VPWR,li1,15.1800,236.6400,1.800000
FILLER_82_3,VPWR,li1,9.6600,236.6400,1.800000
FILLER_81_665,VPWR,li1,312.1100,231.2000,1.800000
FILLER_81_653,VPWR,li1,308.6600,231.2000,1.800000
FILLER_81_641,VPWR,li1,303.1400,231.2000,1.800000
FILLER_81_629,VPWR,li1,297.6200,231.2000,1.800000
FILLER_81_617,VPWR,li1,292.1000,231.2000,1.800000
FILLER_81_615,VPWR,li1,288.6500,231.2000,1.800000
FILLER_81_609,VPWR,li1,287.0400,231.2000,1.800000
FILLER_81_597,VPWR,li1,282.9000,231.2000,1.800000
FILLER_81_585,VPWR,li1,277.3800,231.2000,1.800000
FILLER_81_573,VPWR,li1,271.8600,231.2000,1.800000
FILLER_81_561,VPWR,li1,266.3400,231.2000,1.800000
FILLER_81_559,VPWR,li1,262.8900,231.2000,1.800000
FILLER_81_553,VPWR,li1,261.2800,231.2000,1.800000
FILLER_81_541,VPWR,li1,257.1400,231.2000,1.800000
FILLER_81_529,VPWR,li1,251.6200,231.2000,1.800000
FILLER_81_517,VPWR,li1,246.1000,231.2000,1.800000
FILLER_81_505,VPWR,li1,240.5800,231.2000,1.800000
FILLER_81_503,VPWR,li1,237.1300,231.2000,1.800000
FILLER_81_497,VPWR,li1,235.5200,231.2000,1.800000
FILLER_81_485,VPWR,li1,231.3800,231.2000,1.800000
FILLER_81_473,VPWR,li1,225.8600,231.2000,1.800000
FILLER_81_461,VPWR,li1,220.3400,231.2000,1.800000
FILLER_81_449,VPWR,li1,214.8200,231.2000,1.800000
FILLER_81_447,VPWR,li1,211.3700,231.2000,1.800000
FILLER_81_441,VPWR,li1,209.7600,231.2000,1.800000
FILLER_81_429,VPWR,li1,205.6200,231.2000,1.800000
FILLER_81_417,VPWR,li1,200.1000,231.2000,1.800000
FILLER_81_405,VPWR,li1,194.5800,231.2000,1.800000
FILLER_81_393,VPWR,li1,189.0600,231.2000,1.800000
FILLER_81_391,VPWR,li1,185.6100,231.2000,1.800000
FILLER_81_385,VPWR,li1,184.0000,231.2000,1.800000
FILLER_81_373,VPWR,li1,179.8600,231.2000,1.800000
FILLER_81_361,VPWR,li1,174.3400,231.2000,1.800000
FILLER_81_349,VPWR,li1,168.8200,231.2000,1.800000
FILLER_81_337,VPWR,li1,163.3000,231.2000,1.800000
FILLER_81_335,VPWR,li1,159.8500,231.2000,1.800000
FILLER_81_329,VPWR,li1,158.2400,231.2000,1.800000
FILLER_81_317,VPWR,li1,154.1000,231.2000,1.800000
FILLER_81_305,VPWR,li1,148.5800,231.2000,1.800000
FILLER_81_293,VPWR,li1,143.0600,231.2000,1.800000
FILLER_81_281,VPWR,li1,137.5400,231.2000,1.800000
FILLER_81_279,VPWR,li1,134.0900,231.2000,1.800000
FILLER_81_273,VPWR,li1,132.4800,231.2000,1.800000
FILLER_81_261,VPWR,li1,128.3400,231.2000,1.800000
FILLER_81_249,VPWR,li1,122.8200,231.2000,1.800000
FILLER_81_237,VPWR,li1,117.3000,231.2000,1.800000
FILLER_81_225,VPWR,li1,111.7800,231.2000,1.800000
FILLER_81_223,VPWR,li1,108.3300,231.2000,1.800000
FILLER_81_217,VPWR,li1,106.7200,231.2000,1.800000
FILLER_81_205,VPWR,li1,102.5800,231.2000,1.800000
FILLER_81_193,VPWR,li1,97.0600,231.2000,1.800000
FILLER_81_181,VPWR,li1,91.5400,231.2000,1.800000
FILLER_81_169,VPWR,li1,86.0200,231.2000,1.800000
FILLER_81_167,VPWR,li1,82.5700,231.2000,1.800000
FILLER_81_161,VPWR,li1,80.9600,231.2000,1.800000
FILLER_81_149,VPWR,li1,76.8200,231.2000,1.800000
FILLER_81_137,VPWR,li1,71.3000,231.2000,1.800000
FILLER_81_125,VPWR,li1,65.7800,231.2000,1.800000
FILLER_81_113,VPWR,li1,60.2600,231.2000,1.800000
FILLER_81_111,VPWR,li1,56.8100,231.2000,1.800000
FILLER_81_105,VPWR,li1,55.2000,231.2000,1.800000
FILLER_81_93,VPWR,li1,51.0600,231.2000,1.800000
FILLER_81_81,VPWR,li1,45.5400,231.2000,1.800000
FILLER_81_69,VPWR,li1,40.0200,231.2000,1.800000
FILLER_81_57,VPWR,li1,34.5000,231.2000,1.800000
FILLER_81_55,VPWR,li1,31.0500,231.2000,1.800000
FILLER_81_51,VPWR,li1,29.9000,231.2000,1.800000
FILLER_81_39,VPWR,li1,26.2200,231.2000,1.800000
FILLER_81_27,VPWR,li1,20.7000,231.2000,1.800000
FILLER_81_15,VPWR,li1,15.1800,231.2000,1.800000
FILLER_81_3,VPWR,li1,9.6600,231.2000,1.800000
FILLER_80_665,VPWR,li1,312.1100,231.2000,1.800000
FILLER_80_657,VPWR,li1,309.5800,231.2000,1.800000
FILLER_80_645,VPWR,li1,304.9800,231.2000,1.800000
FILLER_80_643,VPWR,li1,301.5300,231.2000,1.800000
FILLER_80_637,VPWR,li1,299.9200,231.2000,1.800000
FILLER_80_625,VPWR,li1,295.7800,231.2000,1.800000
FILLER_80_613,VPWR,li1,290.2600,231.2000,1.800000
FILLER_80_601,VPWR,li1,284.7400,231.2000,1.800000
FILLER_80_589,VPWR,li1,279.2200,231.2000,1.800000
FILLER_80_587,VPWR,li1,275.7700,231.2000,1.800000
FILLER_80_581,VPWR,li1,274.1600,231.2000,1.800000
FILLER_80_569,VPWR,li1,270.0200,231.2000,1.800000
FILLER_80_557,VPWR,li1,264.5000,231.2000,1.800000
FILLER_80_545,VPWR,li1,258.9800,231.2000,1.800000
FILLER_80_533,VPWR,li1,253.4600,231.2000,1.800000
FILLER_80_531,VPWR,li1,250.0100,231.2000,1.800000
FILLER_80_525,VPWR,li1,248.4000,231.2000,1.800000
FILLER_80_513,VPWR,li1,244.2600,231.2000,1.800000
FILLER_80_501,VPWR,li1,238.7400,231.2000,1.800000
FILLER_80_489,VPWR,li1,233.2200,231.2000,1.800000
FILLER_80_477,VPWR,li1,227.7000,231.2000,1.800000
FILLER_80_475,VPWR,li1,224.2500,231.2000,1.800000
FILLER_80_469,VPWR,li1,222.6400,231.2000,1.800000
FILLER_80_457,VPWR,li1,218.5000,231.2000,1.800000
FILLER_80_445,VPWR,li1,212.9800,231.2000,1.800000
FILLER_80_433,VPWR,li1,207.4600,231.2000,1.800000
FILLER_80_421,VPWR,li1,201.9400,231.2000,1.800000
FILLER_80_419,VPWR,li1,198.4900,231.2000,1.800000
FILLER_80_413,VPWR,li1,196.8800,231.2000,1.800000
FILLER_80_401,VPWR,li1,192.7400,231.2000,1.800000
FILLER_80_389,VPWR,li1,187.2200,231.2000,1.800000
FILLER_80_377,VPWR,li1,181.7000,231.2000,1.800000
FILLER_80_365,VPWR,li1,176.1800,231.2000,1.800000
FILLER_80_363,VPWR,li1,172.7300,231.2000,1.800000
FILLER_80_357,VPWR,li1,171.1200,231.2000,1.800000
FILLER_80_345,VPWR,li1,166.9800,231.2000,1.800000
FILLER_80_333,VPWR,li1,161.4600,231.2000,1.800000
FILLER_80_321,VPWR,li1,155.9400,231.2000,1.800000
FILLER_80_309,VPWR,li1,150.4200,231.2000,1.800000
FILLER_80_307,VPWR,li1,146.9700,231.2000,1.800000
FILLER_80_301,VPWR,li1,145.3600,231.2000,1.800000
FILLER_80_289,VPWR,li1,141.2200,231.2000,1.800000
FILLER_80_277,VPWR,li1,135.7000,231.2000,1.800000
FILLER_80_265,VPWR,li1,130.1800,231.2000,1.800000
FILLER_80_253,VPWR,li1,124.6600,231.2000,1.800000
FILLER_80_251,VPWR,li1,121.2100,231.2000,1.800000
FILLER_80_245,VPWR,li1,119.6000,231.2000,1.800000
FILLER_80_233,VPWR,li1,115.4600,231.2000,1.800000
FILLER_80_221,VPWR,li1,109.9400,231.2000,1.800000
FILLER_80_209,VPWR,li1,104.4200,231.2000,1.800000
FILLER_80_197,VPWR,li1,98.9000,231.2000,1.800000
FILLER_80_195,VPWR,li1,95.4500,231.2000,1.800000
FILLER_80_189,VPWR,li1,93.8400,231.2000,1.800000
FILLER_80_177,VPWR,li1,89.7000,231.2000,1.800000
FILLER_80_165,VPWR,li1,84.1800,231.2000,1.800000
FILLER_80_153,VPWR,li1,78.6600,231.2000,1.800000
FILLER_80_141,VPWR,li1,73.1400,231.2000,1.800000
FILLER_80_139,VPWR,li1,69.6900,231.2000,1.800000
FILLER_80_133,VPWR,li1,68.0800,231.2000,1.800000
FILLER_80_121,VPWR,li1,63.9400,231.2000,1.800000
FILLER_80_109,VPWR,li1,58.4200,231.2000,1.800000
FILLER_80_97,VPWR,li1,52.9000,231.2000,1.800000
FILLER_80_85,VPWR,li1,47.3800,231.2000,1.800000
FILLER_80_83,VPWR,li1,43.9300,231.2000,1.800000
FILLER_80_77,VPWR,li1,42.3200,231.2000,1.800000
FILLER_80_65,VPWR,li1,38.1800,231.2000,1.800000
FILLER_80_53,VPWR,li1,32.6600,231.2000,1.800000
FILLER_80_41,VPWR,li1,27.1400,231.2000,1.800000
FILLER_80_29,VPWR,li1,21.6200,231.2000,1.800000
FILLER_80_27,VPWR,li1,18.1700,231.2000,1.800000
FILLER_80_15,VPWR,li1,15.1800,231.2000,1.800000
FILLER_80_3,VPWR,li1,9.6600,231.2000,1.800000
FILLER_79_665,VPWR,li1,312.1100,225.7600,1.800000
FILLER_79_653,VPWR,li1,308.6600,225.7600,1.800000
FILLER_79_641,VPWR,li1,303.1400,225.7600,1.800000
FILLER_79_629,VPWR,li1,297.6200,225.7600,1.800000
FILLER_79_617,VPWR,li1,292.1000,225.7600,1.800000
FILLER_79_615,VPWR,li1,288.6500,225.7600,1.800000
FILLER_79_609,VPWR,li1,287.0400,225.7600,1.800000
FILLER_79_597,VPWR,li1,282.9000,225.7600,1.800000
FILLER_79_585,VPWR,li1,277.3800,225.7600,1.800000
FILLER_79_573,VPWR,li1,271.8600,225.7600,1.800000
FILLER_79_561,VPWR,li1,266.3400,225.7600,1.800000
FILLER_79_559,VPWR,li1,262.8900,225.7600,1.800000
FILLER_79_553,VPWR,li1,261.2800,225.7600,1.800000
FILLER_79_541,VPWR,li1,257.1400,225.7600,1.800000
FILLER_79_529,VPWR,li1,251.6200,225.7600,1.800000
FILLER_79_517,VPWR,li1,246.1000,225.7600,1.800000
FILLER_79_505,VPWR,li1,240.5800,225.7600,1.800000
FILLER_79_503,VPWR,li1,237.1300,225.7600,1.800000
FILLER_79_497,VPWR,li1,235.5200,225.7600,1.800000
FILLER_79_485,VPWR,li1,231.3800,225.7600,1.800000
FILLER_79_473,VPWR,li1,225.8600,225.7600,1.800000
FILLER_79_461,VPWR,li1,220.3400,225.7600,1.800000
FILLER_79_449,VPWR,li1,214.8200,225.7600,1.800000
FILLER_79_447,VPWR,li1,211.3700,225.7600,1.800000
FILLER_79_441,VPWR,li1,209.7600,225.7600,1.800000
FILLER_79_429,VPWR,li1,205.6200,225.7600,1.800000
FILLER_79_417,VPWR,li1,200.1000,225.7600,1.800000
FILLER_79_405,VPWR,li1,194.5800,225.7600,1.800000
FILLER_79_393,VPWR,li1,189.0600,225.7600,1.800000
FILLER_79_391,VPWR,li1,185.6100,225.7600,1.800000
FILLER_79_385,VPWR,li1,184.0000,225.7600,1.800000
FILLER_79_373,VPWR,li1,179.8600,225.7600,1.800000
FILLER_79_361,VPWR,li1,174.3400,225.7600,1.800000
FILLER_79_349,VPWR,li1,168.8200,225.7600,1.800000
FILLER_79_337,VPWR,li1,163.3000,225.7600,1.800000
FILLER_79_335,VPWR,li1,159.8500,225.7600,1.800000
FILLER_79_329,VPWR,li1,158.2400,225.7600,1.800000
FILLER_79_317,VPWR,li1,154.1000,225.7600,1.800000
FILLER_79_305,VPWR,li1,148.5800,225.7600,1.800000
FILLER_79_293,VPWR,li1,143.0600,225.7600,1.800000
FILLER_79_281,VPWR,li1,137.5400,225.7600,1.800000
FILLER_79_279,VPWR,li1,134.0900,225.7600,1.800000
FILLER_79_273,VPWR,li1,132.4800,225.7600,1.800000
FILLER_79_261,VPWR,li1,128.3400,225.7600,1.800000
FILLER_79_249,VPWR,li1,122.8200,225.7600,1.800000
FILLER_79_237,VPWR,li1,117.3000,225.7600,1.800000
FILLER_79_225,VPWR,li1,111.7800,225.7600,1.800000
FILLER_79_223,VPWR,li1,108.3300,225.7600,1.800000
FILLER_79_217,VPWR,li1,106.7200,225.7600,1.800000
FILLER_79_205,VPWR,li1,102.5800,225.7600,1.800000
FILLER_79_193,VPWR,li1,97.0600,225.7600,1.800000
FILLER_79_181,VPWR,li1,91.5400,225.7600,1.800000
FILLER_79_169,VPWR,li1,86.0200,225.7600,1.800000
FILLER_79_167,VPWR,li1,82.5700,225.7600,1.800000
FILLER_79_161,VPWR,li1,80.9600,225.7600,1.800000
FILLER_79_149,VPWR,li1,76.8200,225.7600,1.800000
FILLER_79_137,VPWR,li1,71.3000,225.7600,1.800000
FILLER_79_125,VPWR,li1,65.7800,225.7600,1.800000
FILLER_79_113,VPWR,li1,60.2600,225.7600,1.800000
FILLER_79_111,VPWR,li1,56.8100,225.7600,1.800000
FILLER_79_105,VPWR,li1,55.2000,225.7600,1.800000
FILLER_79_93,VPWR,li1,51.0600,225.7600,1.800000
FILLER_79_81,VPWR,li1,45.5400,225.7600,1.800000
FILLER_79_69,VPWR,li1,40.0200,225.7600,1.800000
FILLER_79_57,VPWR,li1,34.5000,225.7600,1.800000
FILLER_79_55,VPWR,li1,31.0500,225.7600,1.800000
FILLER_79_51,VPWR,li1,29.9000,225.7600,1.800000
FILLER_79_39,VPWR,li1,26.2200,225.7600,1.800000
FILLER_79_27,VPWR,li1,20.7000,225.7600,1.800000
FILLER_79_15,VPWR,li1,15.1800,225.7600,1.800000
FILLER_79_3,VPWR,li1,9.6600,225.7600,1.800000
FILLER_78_665,VPWR,li1,312.1100,225.7600,1.800000
FILLER_78_657,VPWR,li1,309.5800,225.7600,1.800000
FILLER_78_645,VPWR,li1,304.9800,225.7600,1.800000
FILLER_78_643,VPWR,li1,301.5300,225.7600,1.800000
FILLER_78_637,VPWR,li1,299.9200,225.7600,1.800000
FILLER_78_625,VPWR,li1,295.7800,225.7600,1.800000
FILLER_78_613,VPWR,li1,290.2600,225.7600,1.800000
FILLER_78_601,VPWR,li1,284.7400,225.7600,1.800000
FILLER_78_589,VPWR,li1,279.2200,225.7600,1.800000
FILLER_78_587,VPWR,li1,275.7700,225.7600,1.800000
FILLER_78_581,VPWR,li1,274.1600,225.7600,1.800000
FILLER_78_569,VPWR,li1,270.0200,225.7600,1.800000
FILLER_78_557,VPWR,li1,264.5000,225.7600,1.800000
FILLER_78_545,VPWR,li1,258.9800,225.7600,1.800000
FILLER_78_533,VPWR,li1,253.4600,225.7600,1.800000
FILLER_78_531,VPWR,li1,250.0100,225.7600,1.800000
FILLER_78_525,VPWR,li1,248.4000,225.7600,1.800000
FILLER_78_513,VPWR,li1,244.2600,225.7600,1.800000
FILLER_78_501,VPWR,li1,238.7400,225.7600,1.800000
FILLER_78_489,VPWR,li1,233.2200,225.7600,1.800000
FILLER_78_477,VPWR,li1,227.7000,225.7600,1.800000
FILLER_78_475,VPWR,li1,224.2500,225.7600,1.800000
FILLER_78_469,VPWR,li1,222.6400,225.7600,1.800000
FILLER_78_457,VPWR,li1,218.5000,225.7600,1.800000
FILLER_78_445,VPWR,li1,212.9800,225.7600,1.800000
FILLER_78_433,VPWR,li1,207.4600,225.7600,1.800000
FILLER_78_421,VPWR,li1,201.9400,225.7600,1.800000
FILLER_78_419,VPWR,li1,198.4900,225.7600,1.800000
FILLER_78_413,VPWR,li1,196.8800,225.7600,1.800000
FILLER_78_401,VPWR,li1,192.7400,225.7600,1.800000
FILLER_78_389,VPWR,li1,187.2200,225.7600,1.800000
FILLER_78_377,VPWR,li1,181.7000,225.7600,1.800000
FILLER_78_365,VPWR,li1,176.1800,225.7600,1.800000
FILLER_78_363,VPWR,li1,172.7300,225.7600,1.800000
FILLER_78_357,VPWR,li1,171.1200,225.7600,1.800000
FILLER_78_345,VPWR,li1,166.9800,225.7600,1.800000
FILLER_78_333,VPWR,li1,161.4600,225.7600,1.800000
FILLER_78_321,VPWR,li1,155.9400,225.7600,1.800000
FILLER_78_309,VPWR,li1,150.4200,225.7600,1.800000
FILLER_78_307,VPWR,li1,146.9700,225.7600,1.800000
FILLER_78_301,VPWR,li1,145.3600,225.7600,1.800000
FILLER_78_289,VPWR,li1,141.2200,225.7600,1.800000
FILLER_78_277,VPWR,li1,135.7000,225.7600,1.800000
FILLER_78_265,VPWR,li1,130.1800,225.7600,1.800000
FILLER_78_253,VPWR,li1,124.6600,225.7600,1.800000
FILLER_78_251,VPWR,li1,121.2100,225.7600,1.800000
FILLER_78_245,VPWR,li1,119.6000,225.7600,1.800000
FILLER_78_233,VPWR,li1,115.4600,225.7600,1.800000
FILLER_78_221,VPWR,li1,109.9400,225.7600,1.800000
FILLER_78_209,VPWR,li1,104.4200,225.7600,1.800000
FILLER_78_197,VPWR,li1,98.9000,225.7600,1.800000
FILLER_78_195,VPWR,li1,95.4500,225.7600,1.800000
FILLER_78_189,VPWR,li1,93.8400,225.7600,1.800000
FILLER_78_177,VPWR,li1,89.7000,225.7600,1.800000
FILLER_78_165,VPWR,li1,84.1800,225.7600,1.800000
FILLER_78_153,VPWR,li1,78.6600,225.7600,1.800000
FILLER_78_141,VPWR,li1,73.1400,225.7600,1.800000
FILLER_78_139,VPWR,li1,69.6900,225.7600,1.800000
FILLER_78_133,VPWR,li1,68.0800,225.7600,1.800000
FILLER_78_121,VPWR,li1,63.9400,225.7600,1.800000
FILLER_78_109,VPWR,li1,58.4200,225.7600,1.800000
FILLER_78_97,VPWR,li1,52.9000,225.7600,1.800000
FILLER_78_85,VPWR,li1,47.3800,225.7600,1.800000
FILLER_78_83,VPWR,li1,43.9300,225.7600,1.800000
FILLER_78_77,VPWR,li1,42.3200,225.7600,1.800000
FILLER_78_65,VPWR,li1,38.1800,225.7600,1.800000
FILLER_78_53,VPWR,li1,32.6600,225.7600,1.800000
FILLER_78_41,VPWR,li1,27.1400,225.7600,1.800000
FILLER_78_29,VPWR,li1,21.6200,225.7600,1.800000
FILLER_78_27,VPWR,li1,18.1700,225.7600,1.800000
FILLER_78_15,VPWR,li1,15.1800,225.7600,1.800000
FILLER_78_3,VPWR,li1,9.6600,225.7600,1.800000
FILLER_77_665,VPWR,li1,312.1100,220.3200,1.800000
FILLER_77_653,VPWR,li1,308.6600,220.3200,1.800000
FILLER_77_641,VPWR,li1,303.1400,220.3200,1.800000
FILLER_77_629,VPWR,li1,297.6200,220.3200,1.800000
FILLER_77_617,VPWR,li1,292.1000,220.3200,1.800000
FILLER_77_615,VPWR,li1,288.6500,220.3200,1.800000
FILLER_77_609,VPWR,li1,287.0400,220.3200,1.800000
FILLER_77_597,VPWR,li1,282.9000,220.3200,1.800000
FILLER_77_585,VPWR,li1,277.3800,220.3200,1.800000
FILLER_77_573,VPWR,li1,271.8600,220.3200,1.800000
FILLER_77_561,VPWR,li1,266.3400,220.3200,1.800000
FILLER_77_559,VPWR,li1,262.8900,220.3200,1.800000
FILLER_77_553,VPWR,li1,261.2800,220.3200,1.800000
FILLER_77_541,VPWR,li1,257.1400,220.3200,1.800000
FILLER_77_529,VPWR,li1,251.6200,220.3200,1.800000
FILLER_77_517,VPWR,li1,246.1000,220.3200,1.800000
FILLER_77_505,VPWR,li1,240.5800,220.3200,1.800000
FILLER_77_503,VPWR,li1,237.1300,220.3200,1.800000
FILLER_77_497,VPWR,li1,235.5200,220.3200,1.800000
FILLER_77_485,VPWR,li1,231.3800,220.3200,1.800000
FILLER_77_473,VPWR,li1,225.8600,220.3200,1.800000
FILLER_77_461,VPWR,li1,220.3400,220.3200,1.800000
FILLER_77_449,VPWR,li1,214.8200,220.3200,1.800000
FILLER_77_447,VPWR,li1,211.3700,220.3200,1.800000
FILLER_77_441,VPWR,li1,209.7600,220.3200,1.800000
FILLER_77_429,VPWR,li1,205.6200,220.3200,1.800000
FILLER_77_417,VPWR,li1,200.1000,220.3200,1.800000
FILLER_77_405,VPWR,li1,194.5800,220.3200,1.800000
FILLER_77_393,VPWR,li1,189.0600,220.3200,1.800000
FILLER_77_391,VPWR,li1,185.6100,220.3200,1.800000
FILLER_77_385,VPWR,li1,184.0000,220.3200,1.800000
FILLER_77_373,VPWR,li1,179.8600,220.3200,1.800000
FILLER_77_361,VPWR,li1,174.3400,220.3200,1.800000
FILLER_77_349,VPWR,li1,168.8200,220.3200,1.800000
FILLER_77_337,VPWR,li1,163.3000,220.3200,1.800000
FILLER_77_335,VPWR,li1,159.8500,220.3200,1.800000
FILLER_77_329,VPWR,li1,158.2400,220.3200,1.800000
FILLER_77_317,VPWR,li1,154.1000,220.3200,1.800000
FILLER_77_305,VPWR,li1,148.5800,220.3200,1.800000
FILLER_77_293,VPWR,li1,143.0600,220.3200,1.800000
FILLER_77_281,VPWR,li1,137.5400,220.3200,1.800000
FILLER_77_279,VPWR,li1,134.0900,220.3200,1.800000
FILLER_77_273,VPWR,li1,132.4800,220.3200,1.800000
FILLER_77_261,VPWR,li1,128.3400,220.3200,1.800000
FILLER_77_249,VPWR,li1,122.8200,220.3200,1.800000
FILLER_77_237,VPWR,li1,117.3000,220.3200,1.800000
FILLER_77_225,VPWR,li1,111.7800,220.3200,1.800000
FILLER_77_223,VPWR,li1,108.3300,220.3200,1.800000
FILLER_77_217,VPWR,li1,106.7200,220.3200,1.800000
FILLER_77_205,VPWR,li1,102.5800,220.3200,1.800000
FILLER_77_193,VPWR,li1,97.0600,220.3200,1.800000
FILLER_77_181,VPWR,li1,91.5400,220.3200,1.800000
FILLER_77_169,VPWR,li1,86.0200,220.3200,1.800000
FILLER_77_167,VPWR,li1,82.5700,220.3200,1.800000
FILLER_77_161,VPWR,li1,80.9600,220.3200,1.800000
FILLER_77_149,VPWR,li1,76.8200,220.3200,1.800000
FILLER_77_137,VPWR,li1,71.3000,220.3200,1.800000
FILLER_77_125,VPWR,li1,65.7800,220.3200,1.800000
FILLER_77_113,VPWR,li1,60.2600,220.3200,1.800000
FILLER_77_111,VPWR,li1,56.8100,220.3200,1.800000
FILLER_77_105,VPWR,li1,55.2000,220.3200,1.800000
FILLER_77_93,VPWR,li1,51.0600,220.3200,1.800000
FILLER_77_81,VPWR,li1,45.5400,220.3200,1.800000
FILLER_77_69,VPWR,li1,40.0200,220.3200,1.800000
FILLER_77_57,VPWR,li1,34.5000,220.3200,1.800000
FILLER_77_55,VPWR,li1,31.0500,220.3200,1.800000
FILLER_77_51,VPWR,li1,29.9000,220.3200,1.800000
FILLER_77_39,VPWR,li1,26.2200,220.3200,1.800000
FILLER_77_27,VPWR,li1,20.7000,220.3200,1.800000
FILLER_77_15,VPWR,li1,15.1800,220.3200,1.800000
FILLER_77_3,VPWR,li1,9.6600,220.3200,1.800000
FILLER_76_665,VPWR,li1,312.1100,220.3200,1.800000
FILLER_76_657,VPWR,li1,309.5800,220.3200,1.800000
FILLER_76_645,VPWR,li1,304.9800,220.3200,1.800000
FILLER_76_643,VPWR,li1,301.5300,220.3200,1.800000
FILLER_76_637,VPWR,li1,299.9200,220.3200,1.800000
FILLER_76_625,VPWR,li1,295.7800,220.3200,1.800000
FILLER_76_613,VPWR,li1,290.2600,220.3200,1.800000
FILLER_76_601,VPWR,li1,284.7400,220.3200,1.800000
FILLER_76_589,VPWR,li1,279.2200,220.3200,1.800000
FILLER_76_587,VPWR,li1,275.7700,220.3200,1.800000
FILLER_76_581,VPWR,li1,274.1600,220.3200,1.800000
FILLER_76_569,VPWR,li1,270.0200,220.3200,1.800000
FILLER_76_557,VPWR,li1,264.5000,220.3200,1.800000
FILLER_76_545,VPWR,li1,258.9800,220.3200,1.800000
FILLER_76_533,VPWR,li1,253.4600,220.3200,1.800000
FILLER_76_531,VPWR,li1,250.0100,220.3200,1.800000
FILLER_76_525,VPWR,li1,248.4000,220.3200,1.800000
FILLER_76_513,VPWR,li1,244.2600,220.3200,1.800000
FILLER_76_501,VPWR,li1,238.7400,220.3200,1.800000
FILLER_76_489,VPWR,li1,233.2200,220.3200,1.800000
FILLER_76_477,VPWR,li1,227.7000,220.3200,1.800000
FILLER_76_475,VPWR,li1,224.2500,220.3200,1.800000
FILLER_76_469,VPWR,li1,222.6400,220.3200,1.800000
FILLER_76_457,VPWR,li1,218.5000,220.3200,1.800000
FILLER_76_445,VPWR,li1,212.9800,220.3200,1.800000
FILLER_76_433,VPWR,li1,207.4600,220.3200,1.800000
FILLER_76_421,VPWR,li1,201.9400,220.3200,1.800000
FILLER_76_419,VPWR,li1,198.4900,220.3200,1.800000
FILLER_76_413,VPWR,li1,196.8800,220.3200,1.800000
FILLER_76_401,VPWR,li1,192.7400,220.3200,1.800000
FILLER_76_389,VPWR,li1,187.2200,220.3200,1.800000
FILLER_76_377,VPWR,li1,181.7000,220.3200,1.800000
FILLER_76_365,VPWR,li1,176.1800,220.3200,1.800000
FILLER_76_363,VPWR,li1,172.7300,220.3200,1.800000
FILLER_76_357,VPWR,li1,171.1200,220.3200,1.800000
FILLER_76_345,VPWR,li1,166.9800,220.3200,1.800000
FILLER_76_333,VPWR,li1,161.4600,220.3200,1.800000
FILLER_76_321,VPWR,li1,155.9400,220.3200,1.800000
FILLER_76_309,VPWR,li1,150.4200,220.3200,1.800000
FILLER_76_307,VPWR,li1,146.9700,220.3200,1.800000
FILLER_76_301,VPWR,li1,145.3600,220.3200,1.800000
FILLER_76_289,VPWR,li1,141.2200,220.3200,1.800000
FILLER_76_277,VPWR,li1,135.7000,220.3200,1.800000
FILLER_76_265,VPWR,li1,130.1800,220.3200,1.800000
FILLER_76_253,VPWR,li1,124.6600,220.3200,1.800000
FILLER_76_251,VPWR,li1,121.2100,220.3200,1.800000
FILLER_76_245,VPWR,li1,119.6000,220.3200,1.800000
FILLER_76_233,VPWR,li1,115.4600,220.3200,1.800000
FILLER_76_221,VPWR,li1,109.9400,220.3200,1.800000
FILLER_76_209,VPWR,li1,104.4200,220.3200,1.800000
FILLER_76_197,VPWR,li1,98.9000,220.3200,1.800000
FILLER_76_195,VPWR,li1,95.4500,220.3200,1.800000
FILLER_76_189,VPWR,li1,93.8400,220.3200,1.800000
FILLER_76_177,VPWR,li1,89.7000,220.3200,1.800000
FILLER_76_165,VPWR,li1,84.1800,220.3200,1.800000
FILLER_76_153,VPWR,li1,78.6600,220.3200,1.800000
FILLER_76_141,VPWR,li1,73.1400,220.3200,1.800000
FILLER_76_139,VPWR,li1,69.6900,220.3200,1.800000
FILLER_76_133,VPWR,li1,68.0800,220.3200,1.800000
FILLER_76_121,VPWR,li1,63.9400,220.3200,1.800000
FILLER_76_109,VPWR,li1,58.4200,220.3200,1.800000
FILLER_76_97,VPWR,li1,52.9000,220.3200,1.800000
FILLER_76_85,VPWR,li1,47.3800,220.3200,1.800000
FILLER_76_83,VPWR,li1,43.9300,220.3200,1.800000
FILLER_76_77,VPWR,li1,42.3200,220.3200,1.800000
FILLER_76_65,VPWR,li1,38.1800,220.3200,1.800000
FILLER_76_53,VPWR,li1,32.6600,220.3200,1.800000
FILLER_76_41,VPWR,li1,27.1400,220.3200,1.800000
FILLER_76_29,VPWR,li1,21.6200,220.3200,1.800000
FILLER_76_27,VPWR,li1,18.1700,220.3200,1.800000
FILLER_76_15,VPWR,li1,15.1800,220.3200,1.800000
FILLER_76_3,VPWR,li1,9.6600,220.3200,1.800000
FILLER_75_665,VPWR,li1,312.1100,214.8800,1.800000
FILLER_75_653,VPWR,li1,308.6600,214.8800,1.800000
FILLER_75_641,VPWR,li1,303.1400,214.8800,1.800000
FILLER_75_629,VPWR,li1,297.6200,214.8800,1.800000
FILLER_75_617,VPWR,li1,292.1000,214.8800,1.800000
FILLER_75_615,VPWR,li1,288.6500,214.8800,1.800000
FILLER_75_609,VPWR,li1,287.0400,214.8800,1.800000
FILLER_75_597,VPWR,li1,282.9000,214.8800,1.800000
FILLER_75_585,VPWR,li1,277.3800,214.8800,1.800000
FILLER_75_573,VPWR,li1,271.8600,214.8800,1.800000
FILLER_75_561,VPWR,li1,266.3400,214.8800,1.800000
FILLER_75_559,VPWR,li1,262.8900,214.8800,1.800000
FILLER_75_553,VPWR,li1,261.2800,214.8800,1.800000
FILLER_75_541,VPWR,li1,257.1400,214.8800,1.800000
FILLER_75_529,VPWR,li1,251.6200,214.8800,1.800000
FILLER_75_517,VPWR,li1,246.1000,214.8800,1.800000
FILLER_75_505,VPWR,li1,240.5800,214.8800,1.800000
FILLER_75_503,VPWR,li1,237.1300,214.8800,1.800000
FILLER_75_497,VPWR,li1,235.5200,214.8800,1.800000
FILLER_75_485,VPWR,li1,231.3800,214.8800,1.800000
FILLER_75_473,VPWR,li1,225.8600,214.8800,1.800000
FILLER_75_461,VPWR,li1,220.3400,214.8800,1.800000
FILLER_75_449,VPWR,li1,214.8200,214.8800,1.800000
FILLER_75_447,VPWR,li1,211.3700,214.8800,1.800000
FILLER_75_441,VPWR,li1,209.7600,214.8800,1.800000
FILLER_75_429,VPWR,li1,205.6200,214.8800,1.800000
FILLER_75_417,VPWR,li1,200.1000,214.8800,1.800000
FILLER_75_405,VPWR,li1,194.5800,214.8800,1.800000
FILLER_75_393,VPWR,li1,189.0600,214.8800,1.800000
FILLER_75_391,VPWR,li1,185.6100,214.8800,1.800000
FILLER_75_385,VPWR,li1,184.0000,214.8800,1.800000
FILLER_75_373,VPWR,li1,179.8600,214.8800,1.800000
FILLER_75_361,VPWR,li1,174.3400,214.8800,1.800000
FILLER_75_349,VPWR,li1,168.8200,214.8800,1.800000
FILLER_75_337,VPWR,li1,163.3000,214.8800,1.800000
FILLER_75_335,VPWR,li1,159.8500,214.8800,1.800000
FILLER_75_329,VPWR,li1,158.2400,214.8800,1.800000
FILLER_75_317,VPWR,li1,154.1000,214.8800,1.800000
FILLER_75_305,VPWR,li1,148.5800,214.8800,1.800000
FILLER_75_293,VPWR,li1,143.0600,214.8800,1.800000
FILLER_75_281,VPWR,li1,137.5400,214.8800,1.800000
FILLER_75_279,VPWR,li1,134.0900,214.8800,1.800000
FILLER_75_273,VPWR,li1,132.4800,214.8800,1.800000
FILLER_75_261,VPWR,li1,128.3400,214.8800,1.800000
FILLER_75_249,VPWR,li1,122.8200,214.8800,1.800000
FILLER_75_237,VPWR,li1,117.3000,214.8800,1.800000
FILLER_75_225,VPWR,li1,111.7800,214.8800,1.800000
FILLER_75_223,VPWR,li1,108.3300,214.8800,1.800000
FILLER_75_217,VPWR,li1,106.7200,214.8800,1.800000
FILLER_75_205,VPWR,li1,102.5800,214.8800,1.800000
FILLER_75_193,VPWR,li1,97.0600,214.8800,1.800000
FILLER_75_181,VPWR,li1,91.5400,214.8800,1.800000
FILLER_75_169,VPWR,li1,86.0200,214.8800,1.800000
FILLER_75_167,VPWR,li1,82.5700,214.8800,1.800000
FILLER_75_161,VPWR,li1,80.9600,214.8800,1.800000
FILLER_75_149,VPWR,li1,76.8200,214.8800,1.800000
FILLER_75_137,VPWR,li1,71.3000,214.8800,1.800000
FILLER_75_125,VPWR,li1,65.7800,214.8800,1.800000
FILLER_75_113,VPWR,li1,60.2600,214.8800,1.800000
FILLER_75_111,VPWR,li1,56.8100,214.8800,1.800000
FILLER_75_105,VPWR,li1,55.2000,214.8800,1.800000
FILLER_75_93,VPWR,li1,51.0600,214.8800,1.800000
FILLER_75_81,VPWR,li1,45.5400,214.8800,1.800000
FILLER_75_69,VPWR,li1,40.0200,214.8800,1.800000
FILLER_75_57,VPWR,li1,34.5000,214.8800,1.800000
FILLER_75_55,VPWR,li1,31.0500,214.8800,1.800000
FILLER_75_51,VPWR,li1,29.9000,214.8800,1.800000
FILLER_75_39,VPWR,li1,26.2200,214.8800,1.800000
FILLER_75_27,VPWR,li1,20.7000,214.8800,1.800000
FILLER_75_15,VPWR,li1,15.1800,214.8800,1.800000
FILLER_75_3,VPWR,li1,9.6600,214.8800,1.800000
FILLER_74_665,VPWR,li1,312.1100,214.8800,1.800000
FILLER_74_657,VPWR,li1,309.5800,214.8800,1.800000
FILLER_74_645,VPWR,li1,304.9800,214.8800,1.800000
FILLER_74_643,VPWR,li1,301.5300,214.8800,1.800000
FILLER_74_637,VPWR,li1,299.9200,214.8800,1.800000
FILLER_74_625,VPWR,li1,295.7800,214.8800,1.800000
FILLER_74_613,VPWR,li1,290.2600,214.8800,1.800000
FILLER_74_601,VPWR,li1,284.7400,214.8800,1.800000
FILLER_74_589,VPWR,li1,279.2200,214.8800,1.800000
FILLER_74_587,VPWR,li1,275.7700,214.8800,1.800000
FILLER_74_581,VPWR,li1,274.1600,214.8800,1.800000
FILLER_74_569,VPWR,li1,270.0200,214.8800,1.800000
FILLER_74_557,VPWR,li1,264.5000,214.8800,1.800000
FILLER_74_545,VPWR,li1,258.9800,214.8800,1.800000
FILLER_74_533,VPWR,li1,253.4600,214.8800,1.800000
FILLER_74_531,VPWR,li1,250.0100,214.8800,1.800000
FILLER_74_525,VPWR,li1,248.4000,214.8800,1.800000
FILLER_74_513,VPWR,li1,244.2600,214.8800,1.800000
FILLER_74_501,VPWR,li1,238.7400,214.8800,1.800000
FILLER_74_489,VPWR,li1,233.2200,214.8800,1.800000
FILLER_74_477,VPWR,li1,227.7000,214.8800,1.800000
FILLER_74_475,VPWR,li1,224.2500,214.8800,1.800000
FILLER_74_469,VPWR,li1,222.6400,214.8800,1.800000
FILLER_74_457,VPWR,li1,218.5000,214.8800,1.800000
FILLER_74_445,VPWR,li1,212.9800,214.8800,1.800000
FILLER_74_433,VPWR,li1,207.4600,214.8800,1.800000
FILLER_74_421,VPWR,li1,201.9400,214.8800,1.800000
FILLER_74_419,VPWR,li1,198.4900,214.8800,1.800000
FILLER_74_413,VPWR,li1,196.8800,214.8800,1.800000
FILLER_74_401,VPWR,li1,192.7400,214.8800,1.800000
FILLER_74_389,VPWR,li1,187.2200,214.8800,1.800000
FILLER_74_377,VPWR,li1,181.7000,214.8800,1.800000
FILLER_74_365,VPWR,li1,176.1800,214.8800,1.800000
FILLER_74_363,VPWR,li1,172.7300,214.8800,1.800000
FILLER_74_357,VPWR,li1,171.1200,214.8800,1.800000
FILLER_74_345,VPWR,li1,166.9800,214.8800,1.800000
FILLER_74_333,VPWR,li1,161.4600,214.8800,1.800000
FILLER_74_321,VPWR,li1,155.9400,214.8800,1.800000
FILLER_74_309,VPWR,li1,150.4200,214.8800,1.800000
FILLER_74_307,VPWR,li1,146.9700,214.8800,1.800000
FILLER_74_301,VPWR,li1,145.3600,214.8800,1.800000
FILLER_74_289,VPWR,li1,141.2200,214.8800,1.800000
FILLER_74_277,VPWR,li1,135.7000,214.8800,1.800000
FILLER_74_265,VPWR,li1,130.1800,214.8800,1.800000
FILLER_74_253,VPWR,li1,124.6600,214.8800,1.800000
FILLER_74_251,VPWR,li1,121.2100,214.8800,1.800000
FILLER_74_245,VPWR,li1,119.6000,214.8800,1.800000
FILLER_74_233,VPWR,li1,115.4600,214.8800,1.800000
FILLER_74_221,VPWR,li1,109.9400,214.8800,1.800000
FILLER_74_209,VPWR,li1,104.4200,214.8800,1.800000
FILLER_74_197,VPWR,li1,98.9000,214.8800,1.800000
FILLER_74_195,VPWR,li1,95.4500,214.8800,1.800000
FILLER_74_189,VPWR,li1,93.8400,214.8800,1.800000
FILLER_74_177,VPWR,li1,89.7000,214.8800,1.800000
FILLER_74_165,VPWR,li1,84.1800,214.8800,1.800000
FILLER_74_153,VPWR,li1,78.6600,214.8800,1.800000
FILLER_74_141,VPWR,li1,73.1400,214.8800,1.800000
FILLER_74_139,VPWR,li1,69.6900,214.8800,1.800000
FILLER_74_133,VPWR,li1,68.0800,214.8800,1.800000
FILLER_74_121,VPWR,li1,63.9400,214.8800,1.800000
FILLER_74_109,VPWR,li1,58.4200,214.8800,1.800000
FILLER_74_97,VPWR,li1,52.9000,214.8800,1.800000
FILLER_74_85,VPWR,li1,47.3800,214.8800,1.800000
FILLER_74_83,VPWR,li1,43.9300,214.8800,1.800000
FILLER_74_77,VPWR,li1,42.3200,214.8800,1.800000
FILLER_74_65,VPWR,li1,38.1800,214.8800,1.800000
FILLER_74_53,VPWR,li1,32.6600,214.8800,1.800000
FILLER_74_41,VPWR,li1,27.1400,214.8800,1.800000
FILLER_74_29,VPWR,li1,21.6200,214.8800,1.800000
FILLER_74_27,VPWR,li1,18.1700,214.8800,1.800000
FILLER_74_15,VPWR,li1,15.1800,214.8800,1.800000
FILLER_74_3,VPWR,li1,9.6600,214.8800,1.800000
FILLER_73_665,VPWR,li1,312.1100,209.4400,1.800000
FILLER_73_653,VPWR,li1,308.6600,209.4400,1.800000
FILLER_73_641,VPWR,li1,303.1400,209.4400,1.800000
FILLER_73_629,VPWR,li1,297.6200,209.4400,1.800000
FILLER_73_617,VPWR,li1,292.1000,209.4400,1.800000
FILLER_73_615,VPWR,li1,288.6500,209.4400,1.800000
FILLER_73_609,VPWR,li1,287.0400,209.4400,1.800000
FILLER_73_597,VPWR,li1,282.9000,209.4400,1.800000
FILLER_73_585,VPWR,li1,277.3800,209.4400,1.800000
FILLER_73_573,VPWR,li1,271.8600,209.4400,1.800000
FILLER_73_561,VPWR,li1,266.3400,209.4400,1.800000
FILLER_73_559,VPWR,li1,262.8900,209.4400,1.800000
FILLER_73_553,VPWR,li1,261.2800,209.4400,1.800000
FILLER_73_541,VPWR,li1,257.1400,209.4400,1.800000
FILLER_73_529,VPWR,li1,251.6200,209.4400,1.800000
FILLER_73_517,VPWR,li1,246.1000,209.4400,1.800000
FILLER_73_505,VPWR,li1,240.5800,209.4400,1.800000
FILLER_73_503,VPWR,li1,237.1300,209.4400,1.800000
FILLER_73_497,VPWR,li1,235.5200,209.4400,1.800000
FILLER_73_485,VPWR,li1,231.3800,209.4400,1.800000
FILLER_73_473,VPWR,li1,225.8600,209.4400,1.800000
FILLER_73_461,VPWR,li1,220.3400,209.4400,1.800000
FILLER_73_449,VPWR,li1,214.8200,209.4400,1.800000
FILLER_73_447,VPWR,li1,211.3700,209.4400,1.800000
FILLER_73_441,VPWR,li1,209.7600,209.4400,1.800000
FILLER_73_429,VPWR,li1,205.6200,209.4400,1.800000
FILLER_73_417,VPWR,li1,200.1000,209.4400,1.800000
FILLER_73_405,VPWR,li1,194.5800,209.4400,1.800000
FILLER_73_393,VPWR,li1,189.0600,209.4400,1.800000
FILLER_73_391,VPWR,li1,185.6100,209.4400,1.800000
FILLER_73_385,VPWR,li1,184.0000,209.4400,1.800000
FILLER_73_373,VPWR,li1,179.8600,209.4400,1.800000
FILLER_73_361,VPWR,li1,174.3400,209.4400,1.800000
FILLER_73_349,VPWR,li1,168.8200,209.4400,1.800000
FILLER_73_337,VPWR,li1,163.3000,209.4400,1.800000
FILLER_73_335,VPWR,li1,159.8500,209.4400,1.800000
FILLER_73_329,VPWR,li1,158.2400,209.4400,1.800000
FILLER_73_317,VPWR,li1,154.1000,209.4400,1.800000
FILLER_73_305,VPWR,li1,148.5800,209.4400,1.800000
FILLER_73_293,VPWR,li1,143.0600,209.4400,1.800000
FILLER_73_281,VPWR,li1,137.5400,209.4400,1.800000
FILLER_73_279,VPWR,li1,134.0900,209.4400,1.800000
FILLER_73_273,VPWR,li1,132.4800,209.4400,1.800000
FILLER_73_261,VPWR,li1,128.3400,209.4400,1.800000
FILLER_73_249,VPWR,li1,122.8200,209.4400,1.800000
FILLER_73_237,VPWR,li1,117.3000,209.4400,1.800000
FILLER_73_225,VPWR,li1,111.7800,209.4400,1.800000
FILLER_73_223,VPWR,li1,108.3300,209.4400,1.800000
FILLER_73_217,VPWR,li1,106.7200,209.4400,1.800000
FILLER_73_205,VPWR,li1,102.5800,209.4400,1.800000
FILLER_73_193,VPWR,li1,97.0600,209.4400,1.800000
FILLER_73_181,VPWR,li1,91.5400,209.4400,1.800000
FILLER_73_169,VPWR,li1,86.0200,209.4400,1.800000
FILLER_73_167,VPWR,li1,82.5700,209.4400,1.800000
FILLER_73_161,VPWR,li1,80.9600,209.4400,1.800000
FILLER_73_149,VPWR,li1,76.8200,209.4400,1.800000
FILLER_73_137,VPWR,li1,71.3000,209.4400,1.800000
FILLER_73_125,VPWR,li1,65.7800,209.4400,1.800000
FILLER_73_113,VPWR,li1,60.2600,209.4400,1.800000
FILLER_73_111,VPWR,li1,56.8100,209.4400,1.800000
FILLER_73_105,VPWR,li1,55.2000,209.4400,1.800000
FILLER_73_93,VPWR,li1,51.0600,209.4400,1.800000
FILLER_73_81,VPWR,li1,45.5400,209.4400,1.800000
FILLER_73_69,VPWR,li1,40.0200,209.4400,1.800000
FILLER_73_57,VPWR,li1,34.5000,209.4400,1.800000
FILLER_73_55,VPWR,li1,31.0500,209.4400,1.800000
FILLER_73_51,VPWR,li1,29.9000,209.4400,1.800000
FILLER_73_39,VPWR,li1,26.2200,209.4400,1.800000
FILLER_73_27,VPWR,li1,20.7000,209.4400,1.800000
FILLER_73_15,VPWR,li1,15.1800,209.4400,1.800000
FILLER_73_3,VPWR,li1,9.6600,209.4400,1.800000
FILLER_72_665,VPWR,li1,312.1100,209.4400,1.800000
FILLER_72_657,VPWR,li1,309.5800,209.4400,1.800000
FILLER_72_645,VPWR,li1,304.9800,209.4400,1.800000
FILLER_72_643,VPWR,li1,301.5300,209.4400,1.800000
FILLER_72_637,VPWR,li1,299.9200,209.4400,1.800000
FILLER_72_625,VPWR,li1,295.7800,209.4400,1.800000
FILLER_72_613,VPWR,li1,290.2600,209.4400,1.800000
FILLER_72_601,VPWR,li1,284.7400,209.4400,1.800000
FILLER_72_589,VPWR,li1,279.2200,209.4400,1.800000
FILLER_72_587,VPWR,li1,275.7700,209.4400,1.800000
FILLER_72_581,VPWR,li1,274.1600,209.4400,1.800000
FILLER_72_569,VPWR,li1,270.0200,209.4400,1.800000
FILLER_72_557,VPWR,li1,264.5000,209.4400,1.800000
FILLER_72_545,VPWR,li1,258.9800,209.4400,1.800000
FILLER_72_533,VPWR,li1,253.4600,209.4400,1.800000
FILLER_72_531,VPWR,li1,250.0100,209.4400,1.800000
FILLER_72_525,VPWR,li1,248.4000,209.4400,1.800000
FILLER_72_513,VPWR,li1,244.2600,209.4400,1.800000
FILLER_72_501,VPWR,li1,238.7400,209.4400,1.800000
FILLER_72_489,VPWR,li1,233.2200,209.4400,1.800000
FILLER_72_477,VPWR,li1,227.7000,209.4400,1.800000
FILLER_72_475,VPWR,li1,224.2500,209.4400,1.800000
FILLER_72_469,VPWR,li1,222.6400,209.4400,1.800000
FILLER_72_457,VPWR,li1,218.5000,209.4400,1.800000
FILLER_72_445,VPWR,li1,212.9800,209.4400,1.800000
FILLER_72_433,VPWR,li1,207.4600,209.4400,1.800000
FILLER_72_421,VPWR,li1,201.9400,209.4400,1.800000
FILLER_72_419,VPWR,li1,198.4900,209.4400,1.800000
FILLER_72_413,VPWR,li1,196.8800,209.4400,1.800000
FILLER_72_401,VPWR,li1,192.7400,209.4400,1.800000
FILLER_72_389,VPWR,li1,187.2200,209.4400,1.800000
FILLER_72_377,VPWR,li1,181.7000,209.4400,1.800000
FILLER_72_365,VPWR,li1,176.1800,209.4400,1.800000
FILLER_72_363,VPWR,li1,172.7300,209.4400,1.800000
FILLER_72_357,VPWR,li1,171.1200,209.4400,1.800000
FILLER_72_345,VPWR,li1,166.9800,209.4400,1.800000
FILLER_72_333,VPWR,li1,161.4600,209.4400,1.800000
FILLER_72_321,VPWR,li1,155.9400,209.4400,1.800000
FILLER_72_309,VPWR,li1,150.4200,209.4400,1.800000
FILLER_72_307,VPWR,li1,146.9700,209.4400,1.800000
FILLER_72_301,VPWR,li1,145.3600,209.4400,1.800000
FILLER_72_289,VPWR,li1,141.2200,209.4400,1.800000
FILLER_72_277,VPWR,li1,135.7000,209.4400,1.800000
FILLER_72_265,VPWR,li1,130.1800,209.4400,1.800000
FILLER_72_253,VPWR,li1,124.6600,209.4400,1.800000
FILLER_72_251,VPWR,li1,121.2100,209.4400,1.800000
FILLER_72_245,VPWR,li1,119.6000,209.4400,1.800000
FILLER_72_233,VPWR,li1,115.4600,209.4400,1.800000
FILLER_72_221,VPWR,li1,109.9400,209.4400,1.800000
FILLER_72_209,VPWR,li1,104.4200,209.4400,1.800000
FILLER_72_197,VPWR,li1,98.9000,209.4400,1.800000
FILLER_72_195,VPWR,li1,95.4500,209.4400,1.800000
FILLER_72_189,VPWR,li1,93.8400,209.4400,1.800000
FILLER_72_177,VPWR,li1,89.7000,209.4400,1.800000
FILLER_72_165,VPWR,li1,84.1800,209.4400,1.800000
FILLER_72_153,VPWR,li1,78.6600,209.4400,1.800000
FILLER_72_141,VPWR,li1,73.1400,209.4400,1.800000
FILLER_72_139,VPWR,li1,69.6900,209.4400,1.800000
FILLER_72_133,VPWR,li1,68.0800,209.4400,1.800000
FILLER_72_121,VPWR,li1,63.9400,209.4400,1.800000
FILLER_72_109,VPWR,li1,58.4200,209.4400,1.800000
FILLER_72_97,VPWR,li1,52.9000,209.4400,1.800000
FILLER_72_85,VPWR,li1,47.3800,209.4400,1.800000
FILLER_72_83,VPWR,li1,43.9300,209.4400,1.800000
FILLER_72_77,VPWR,li1,42.3200,209.4400,1.800000
FILLER_72_65,VPWR,li1,38.1800,209.4400,1.800000
FILLER_72_53,VPWR,li1,32.6600,209.4400,1.800000
FILLER_72_41,VPWR,li1,27.1400,209.4400,1.800000
FILLER_72_29,VPWR,li1,21.6200,209.4400,1.800000
FILLER_72_27,VPWR,li1,18.1700,209.4400,1.800000
FILLER_72_15,VPWR,li1,15.1800,209.4400,1.800000
FILLER_72_3,VPWR,li1,9.6600,209.4400,1.800000
FILLER_71_665,VPWR,li1,312.1100,204.0000,1.800000
FILLER_71_653,VPWR,li1,308.6600,204.0000,1.800000
FILLER_71_641,VPWR,li1,303.1400,204.0000,1.800000
FILLER_71_629,VPWR,li1,297.6200,204.0000,1.800000
FILLER_71_617,VPWR,li1,292.1000,204.0000,1.800000
FILLER_71_615,VPWR,li1,288.6500,204.0000,1.800000
FILLER_71_609,VPWR,li1,287.0400,204.0000,1.800000
FILLER_71_597,VPWR,li1,282.9000,204.0000,1.800000
FILLER_71_585,VPWR,li1,277.3800,204.0000,1.800000
FILLER_71_573,VPWR,li1,271.8600,204.0000,1.800000
FILLER_71_561,VPWR,li1,266.3400,204.0000,1.800000
FILLER_71_559,VPWR,li1,262.8900,204.0000,1.800000
FILLER_71_553,VPWR,li1,261.2800,204.0000,1.800000
FILLER_71_541,VPWR,li1,257.1400,204.0000,1.800000
FILLER_71_529,VPWR,li1,251.6200,204.0000,1.800000
FILLER_71_517,VPWR,li1,246.1000,204.0000,1.800000
FILLER_71_505,VPWR,li1,240.5800,204.0000,1.800000
FILLER_71_503,VPWR,li1,237.1300,204.0000,1.800000
FILLER_71_497,VPWR,li1,235.5200,204.0000,1.800000
FILLER_71_485,VPWR,li1,231.3800,204.0000,1.800000
FILLER_71_473,VPWR,li1,225.8600,204.0000,1.800000
FILLER_71_461,VPWR,li1,220.3400,204.0000,1.800000
FILLER_71_449,VPWR,li1,214.8200,204.0000,1.800000
FILLER_71_447,VPWR,li1,211.3700,204.0000,1.800000
FILLER_71_441,VPWR,li1,209.7600,204.0000,1.800000
FILLER_71_429,VPWR,li1,205.6200,204.0000,1.800000
FILLER_71_417,VPWR,li1,200.1000,204.0000,1.800000
FILLER_71_405,VPWR,li1,194.5800,204.0000,1.800000
FILLER_71_393,VPWR,li1,189.0600,204.0000,1.800000
FILLER_71_391,VPWR,li1,185.6100,204.0000,1.800000
FILLER_71_385,VPWR,li1,184.0000,204.0000,1.800000
FILLER_71_373,VPWR,li1,179.8600,204.0000,1.800000
FILLER_71_361,VPWR,li1,174.3400,204.0000,1.800000
FILLER_71_349,VPWR,li1,168.8200,204.0000,1.800000
FILLER_71_337,VPWR,li1,163.3000,204.0000,1.800000
FILLER_71_335,VPWR,li1,159.8500,204.0000,1.800000
FILLER_71_329,VPWR,li1,158.2400,204.0000,1.800000
FILLER_71_317,VPWR,li1,154.1000,204.0000,1.800000
FILLER_71_305,VPWR,li1,148.5800,204.0000,1.800000
FILLER_71_293,VPWR,li1,143.0600,204.0000,1.800000
FILLER_71_281,VPWR,li1,137.5400,204.0000,1.800000
FILLER_71_279,VPWR,li1,134.0900,204.0000,1.800000
FILLER_71_273,VPWR,li1,132.4800,204.0000,1.800000
FILLER_71_261,VPWR,li1,128.3400,204.0000,1.800000
FILLER_71_249,VPWR,li1,122.8200,204.0000,1.800000
FILLER_71_237,VPWR,li1,117.3000,204.0000,1.800000
FILLER_71_225,VPWR,li1,111.7800,204.0000,1.800000
FILLER_71_223,VPWR,li1,108.3300,204.0000,1.800000
FILLER_71_217,VPWR,li1,106.7200,204.0000,1.800000
FILLER_71_205,VPWR,li1,102.5800,204.0000,1.800000
FILLER_71_193,VPWR,li1,97.0600,204.0000,1.800000
FILLER_71_181,VPWR,li1,91.5400,204.0000,1.800000
FILLER_71_169,VPWR,li1,86.0200,204.0000,1.800000
FILLER_71_167,VPWR,li1,82.5700,204.0000,1.800000
FILLER_71_161,VPWR,li1,80.9600,204.0000,1.800000
FILLER_71_149,VPWR,li1,76.8200,204.0000,1.800000
FILLER_71_137,VPWR,li1,71.3000,204.0000,1.800000
FILLER_71_125,VPWR,li1,65.7800,204.0000,1.800000
FILLER_71_113,VPWR,li1,60.2600,204.0000,1.800000
FILLER_71_111,VPWR,li1,56.8100,204.0000,1.800000
FILLER_71_105,VPWR,li1,55.2000,204.0000,1.800000
FILLER_71_93,VPWR,li1,51.0600,204.0000,1.800000
FILLER_71_81,VPWR,li1,45.5400,204.0000,1.800000
FILLER_71_69,VPWR,li1,40.0200,204.0000,1.800000
FILLER_71_57,VPWR,li1,34.5000,204.0000,1.800000
FILLER_71_55,VPWR,li1,31.0500,204.0000,1.800000
FILLER_71_51,VPWR,li1,29.9000,204.0000,1.800000
FILLER_71_39,VPWR,li1,26.2200,204.0000,1.800000
FILLER_71_27,VPWR,li1,20.7000,204.0000,1.800000
FILLER_71_15,VPWR,li1,15.1800,204.0000,1.800000
FILLER_71_3,VPWR,li1,9.6600,204.0000,1.800000
FILLER_70_665,VPWR,li1,312.1100,204.0000,1.800000
FILLER_70_657,VPWR,li1,309.5800,204.0000,1.800000
FILLER_70_645,VPWR,li1,304.9800,204.0000,1.800000
FILLER_70_643,VPWR,li1,301.5300,204.0000,1.800000
FILLER_70_637,VPWR,li1,299.9200,204.0000,1.800000
FILLER_70_625,VPWR,li1,295.7800,204.0000,1.800000
FILLER_70_613,VPWR,li1,290.2600,204.0000,1.800000
FILLER_70_601,VPWR,li1,284.7400,204.0000,1.800000
FILLER_70_589,VPWR,li1,279.2200,204.0000,1.800000
FILLER_70_587,VPWR,li1,275.7700,204.0000,1.800000
FILLER_70_581,VPWR,li1,274.1600,204.0000,1.800000
FILLER_70_569,VPWR,li1,270.0200,204.0000,1.800000
FILLER_70_557,VPWR,li1,264.5000,204.0000,1.800000
FILLER_70_545,VPWR,li1,258.9800,204.0000,1.800000
FILLER_70_533,VPWR,li1,253.4600,204.0000,1.800000
FILLER_70_531,VPWR,li1,250.0100,204.0000,1.800000
FILLER_70_525,VPWR,li1,248.4000,204.0000,1.800000
FILLER_70_513,VPWR,li1,244.2600,204.0000,1.800000
FILLER_70_501,VPWR,li1,238.7400,204.0000,1.800000
FILLER_70_489,VPWR,li1,233.2200,204.0000,1.800000
FILLER_70_477,VPWR,li1,227.7000,204.0000,1.800000
FILLER_70_475,VPWR,li1,224.2500,204.0000,1.800000
FILLER_70_469,VPWR,li1,222.6400,204.0000,1.800000
FILLER_70_457,VPWR,li1,218.5000,204.0000,1.800000
FILLER_70_445,VPWR,li1,212.9800,204.0000,1.800000
FILLER_70_433,VPWR,li1,207.4600,204.0000,1.800000
FILLER_70_421,VPWR,li1,201.9400,204.0000,1.800000
FILLER_70_419,VPWR,li1,198.4900,204.0000,1.800000
FILLER_70_413,VPWR,li1,196.8800,204.0000,1.800000
FILLER_70_401,VPWR,li1,192.7400,204.0000,1.800000
FILLER_70_389,VPWR,li1,187.2200,204.0000,1.800000
FILLER_70_377,VPWR,li1,181.7000,204.0000,1.800000
FILLER_70_365,VPWR,li1,176.1800,204.0000,1.800000
FILLER_70_363,VPWR,li1,172.7300,204.0000,1.800000
FILLER_70_357,VPWR,li1,171.1200,204.0000,1.800000
FILLER_70_345,VPWR,li1,166.9800,204.0000,1.800000
FILLER_70_333,VPWR,li1,161.4600,204.0000,1.800000
FILLER_70_321,VPWR,li1,155.9400,204.0000,1.800000
FILLER_70_309,VPWR,li1,150.4200,204.0000,1.800000
FILLER_70_307,VPWR,li1,146.9700,204.0000,1.800000
FILLER_70_301,VPWR,li1,145.3600,204.0000,1.800000
FILLER_70_289,VPWR,li1,141.2200,204.0000,1.800000
FILLER_70_277,VPWR,li1,135.7000,204.0000,1.800000
FILLER_70_265,VPWR,li1,130.1800,204.0000,1.800000
FILLER_70_253,VPWR,li1,124.6600,204.0000,1.800000
FILLER_70_251,VPWR,li1,121.2100,204.0000,1.800000
FILLER_70_245,VPWR,li1,119.6000,204.0000,1.800000
FILLER_70_233,VPWR,li1,115.4600,204.0000,1.800000
FILLER_70_221,VPWR,li1,109.9400,204.0000,1.800000
FILLER_70_209,VPWR,li1,104.4200,204.0000,1.800000
FILLER_70_197,VPWR,li1,98.9000,204.0000,1.800000
FILLER_70_195,VPWR,li1,95.4500,204.0000,1.800000
FILLER_70_189,VPWR,li1,93.8400,204.0000,1.800000
FILLER_70_177,VPWR,li1,89.7000,204.0000,1.800000
FILLER_70_165,VPWR,li1,84.1800,204.0000,1.800000
FILLER_70_153,VPWR,li1,78.6600,204.0000,1.800000
FILLER_70_141,VPWR,li1,73.1400,204.0000,1.800000
FILLER_70_139,VPWR,li1,69.6900,204.0000,1.800000
FILLER_70_133,VPWR,li1,68.0800,204.0000,1.800000
FILLER_70_121,VPWR,li1,63.9400,204.0000,1.800000
FILLER_70_109,VPWR,li1,58.4200,204.0000,1.800000
FILLER_70_97,VPWR,li1,52.9000,204.0000,1.800000
FILLER_70_85,VPWR,li1,47.3800,204.0000,1.800000
FILLER_70_83,VPWR,li1,43.9300,204.0000,1.800000
FILLER_70_77,VPWR,li1,42.3200,204.0000,1.800000
FILLER_70_65,VPWR,li1,38.1800,204.0000,1.800000
FILLER_70_53,VPWR,li1,32.6600,204.0000,1.800000
FILLER_70_41,VPWR,li1,27.1400,204.0000,1.800000
FILLER_70_29,VPWR,li1,21.6200,204.0000,1.800000
FILLER_70_27,VPWR,li1,18.1700,204.0000,1.800000
FILLER_70_15,VPWR,li1,15.1800,204.0000,1.800000
FILLER_70_3,VPWR,li1,9.6600,204.0000,1.800000
FILLER_69_653,VPWR,li1,308.6600,198.5600,1.800000
FILLER_69_641,VPWR,li1,303.1400,198.5600,1.800000
FILLER_69_629,VPWR,li1,297.6200,198.5600,1.800000
FILLER_69_617,VPWR,li1,292.1000,198.5600,1.800000
FILLER_69_615,VPWR,li1,288.6500,198.5600,1.800000
FILLER_69_609,VPWR,li1,287.0400,198.5600,1.800000
FILLER_69_597,VPWR,li1,282.9000,198.5600,1.800000
FILLER_69_585,VPWR,li1,277.3800,198.5600,1.800000
FILLER_69_573,VPWR,li1,271.8600,198.5600,1.800000
FILLER_69_561,VPWR,li1,266.3400,198.5600,1.800000
FILLER_69_559,VPWR,li1,262.8900,198.5600,1.800000
FILLER_69_553,VPWR,li1,261.2800,198.5600,1.800000
FILLER_69_541,VPWR,li1,257.1400,198.5600,1.800000
FILLER_69_529,VPWR,li1,251.6200,198.5600,1.800000
FILLER_69_517,VPWR,li1,246.1000,198.5600,1.800000
FILLER_69_505,VPWR,li1,240.5800,198.5600,1.800000
FILLER_69_503,VPWR,li1,237.1300,198.5600,1.800000
FILLER_69_497,VPWR,li1,235.5200,198.5600,1.800000
FILLER_69_485,VPWR,li1,231.3800,198.5600,1.800000
FILLER_69_473,VPWR,li1,225.8600,198.5600,1.800000
FILLER_69_461,VPWR,li1,220.3400,198.5600,1.800000
FILLER_69_449,VPWR,li1,214.8200,198.5600,1.800000
FILLER_69_447,VPWR,li1,211.3700,198.5600,1.800000
FILLER_69_441,VPWR,li1,209.7600,198.5600,1.800000
FILLER_69_429,VPWR,li1,205.6200,198.5600,1.800000
FILLER_69_417,VPWR,li1,200.1000,198.5600,1.800000
FILLER_69_405,VPWR,li1,194.5800,198.5600,1.800000
FILLER_69_393,VPWR,li1,189.0600,198.5600,1.800000
FILLER_69_391,VPWR,li1,185.6100,198.5600,1.800000
FILLER_69_385,VPWR,li1,184.0000,198.5600,1.800000
FILLER_69_373,VPWR,li1,179.8600,198.5600,1.800000
FILLER_69_361,VPWR,li1,174.3400,198.5600,1.800000
FILLER_69_349,VPWR,li1,168.8200,198.5600,1.800000
FILLER_69_337,VPWR,li1,163.3000,198.5600,1.800000
FILLER_69_335,VPWR,li1,159.8500,198.5600,1.800000
FILLER_69_329,VPWR,li1,158.2400,198.5600,1.800000
FILLER_69_317,VPWR,li1,154.1000,198.5600,1.800000
FILLER_69_305,VPWR,li1,148.5800,198.5600,1.800000
FILLER_69_293,VPWR,li1,143.0600,198.5600,1.800000
FILLER_69_281,VPWR,li1,137.5400,198.5600,1.800000
FILLER_69_279,VPWR,li1,134.0900,198.5600,1.800000
FILLER_69_273,VPWR,li1,132.4800,198.5600,1.800000
FILLER_69_261,VPWR,li1,128.3400,198.5600,1.800000
FILLER_69_249,VPWR,li1,122.8200,198.5600,1.800000
FILLER_69_237,VPWR,li1,117.3000,198.5600,1.800000
FILLER_69_225,VPWR,li1,111.7800,198.5600,1.800000
FILLER_69_223,VPWR,li1,108.3300,198.5600,1.800000
FILLER_69_217,VPWR,li1,106.7200,198.5600,1.800000
FILLER_69_205,VPWR,li1,102.5800,198.5600,1.800000
FILLER_69_193,VPWR,li1,97.0600,198.5600,1.800000
FILLER_69_181,VPWR,li1,91.5400,198.5600,1.800000
FILLER_69_169,VPWR,li1,86.0200,198.5600,1.800000
FILLER_69_167,VPWR,li1,82.5700,198.5600,1.800000
FILLER_69_161,VPWR,li1,80.9600,198.5600,1.800000
FILLER_69_149,VPWR,li1,76.8200,198.5600,1.800000
FILLER_69_137,VPWR,li1,71.3000,198.5600,1.800000
FILLER_69_125,VPWR,li1,65.7800,198.5600,1.800000
FILLER_69_113,VPWR,li1,60.2600,198.5600,1.800000
FILLER_69_111,VPWR,li1,56.8100,198.5600,1.800000
FILLER_69_105,VPWR,li1,55.2000,198.5600,1.800000
FILLER_69_93,VPWR,li1,51.0600,198.5600,1.800000
FILLER_69_81,VPWR,li1,45.5400,198.5600,1.800000
FILLER_69_69,VPWR,li1,40.0200,198.5600,1.800000
FILLER_69_57,VPWR,li1,34.5000,198.5600,1.800000
FILLER_69_55,VPWR,li1,31.0500,198.5600,1.800000
FILLER_69_51,VPWR,li1,29.9000,198.5600,1.800000
FILLER_69_39,VPWR,li1,26.2200,198.5600,1.800000
FILLER_69_27,VPWR,li1,20.7000,198.5600,1.800000
FILLER_69_15,VPWR,li1,15.1800,198.5600,1.800000
FILLER_69_3,VPWR,li1,9.6600,198.5600,1.800000
FILLER_68_665,VPWR,li1,312.1100,198.5600,1.800000
FILLER_68_657,VPWR,li1,309.5800,198.5600,1.800000
FILLER_68_645,VPWR,li1,304.9800,198.5600,1.800000
FILLER_68_643,VPWR,li1,301.5300,198.5600,1.800000
FILLER_68_637,VPWR,li1,299.9200,198.5600,1.800000
FILLER_68_625,VPWR,li1,295.7800,198.5600,1.800000
FILLER_68_613,VPWR,li1,290.2600,198.5600,1.800000
FILLER_68_601,VPWR,li1,284.7400,198.5600,1.800000
FILLER_68_589,VPWR,li1,279.2200,198.5600,1.800000
FILLER_68_587,VPWR,li1,275.7700,198.5600,1.800000
FILLER_68_581,VPWR,li1,274.1600,198.5600,1.800000
FILLER_68_569,VPWR,li1,270.0200,198.5600,1.800000
FILLER_68_557,VPWR,li1,264.5000,198.5600,1.800000
FILLER_68_545,VPWR,li1,258.9800,198.5600,1.800000
FILLER_68_533,VPWR,li1,253.4600,198.5600,1.800000
FILLER_68_531,VPWR,li1,250.0100,198.5600,1.800000
FILLER_68_525,VPWR,li1,248.4000,198.5600,1.800000
FILLER_68_513,VPWR,li1,244.2600,198.5600,1.800000
FILLER_68_501,VPWR,li1,238.7400,198.5600,1.800000
FILLER_68_489,VPWR,li1,233.2200,198.5600,1.800000
FILLER_68_477,VPWR,li1,227.7000,198.5600,1.800000
FILLER_68_475,VPWR,li1,224.2500,198.5600,1.800000
FILLER_68_469,VPWR,li1,222.6400,198.5600,1.800000
FILLER_68_457,VPWR,li1,218.5000,198.5600,1.800000
FILLER_68_445,VPWR,li1,212.9800,198.5600,1.800000
FILLER_68_433,VPWR,li1,207.4600,198.5600,1.800000
FILLER_68_421,VPWR,li1,201.9400,198.5600,1.800000
FILLER_68_419,VPWR,li1,198.4900,198.5600,1.800000
FILLER_68_413,VPWR,li1,196.8800,198.5600,1.800000
FILLER_68_401,VPWR,li1,192.7400,198.5600,1.800000
FILLER_68_389,VPWR,li1,187.2200,198.5600,1.800000
FILLER_68_377,VPWR,li1,181.7000,198.5600,1.800000
FILLER_68_365,VPWR,li1,176.1800,198.5600,1.800000
FILLER_68_363,VPWR,li1,172.7300,198.5600,1.800000
FILLER_68_357,VPWR,li1,171.1200,198.5600,1.800000
FILLER_68_345,VPWR,li1,166.9800,198.5600,1.800000
FILLER_68_333,VPWR,li1,161.4600,198.5600,1.800000
FILLER_68_321,VPWR,li1,155.9400,198.5600,1.800000
FILLER_68_309,VPWR,li1,150.4200,198.5600,1.800000
FILLER_68_307,VPWR,li1,146.9700,198.5600,1.800000
FILLER_68_301,VPWR,li1,145.3600,198.5600,1.800000
FILLER_68_289,VPWR,li1,141.2200,198.5600,1.800000
FILLER_68_277,VPWR,li1,135.7000,198.5600,1.800000
FILLER_68_265,VPWR,li1,130.1800,198.5600,1.800000
FILLER_68_253,VPWR,li1,124.6600,198.5600,1.800000
FILLER_68_251,VPWR,li1,121.2100,198.5600,1.800000
FILLER_68_245,VPWR,li1,119.6000,198.5600,1.800000
FILLER_68_233,VPWR,li1,115.4600,198.5600,1.800000
FILLER_68_221,VPWR,li1,109.9400,198.5600,1.800000
FILLER_68_209,VPWR,li1,104.4200,198.5600,1.800000
FILLER_68_197,VPWR,li1,98.9000,198.5600,1.800000
FILLER_68_195,VPWR,li1,95.4500,198.5600,1.800000
FILLER_68_189,VPWR,li1,93.8400,198.5600,1.800000
FILLER_68_177,VPWR,li1,89.7000,198.5600,1.800000
FILLER_68_165,VPWR,li1,84.1800,198.5600,1.800000
FILLER_68_153,VPWR,li1,78.6600,198.5600,1.800000
FILLER_68_141,VPWR,li1,73.1400,198.5600,1.800000
FILLER_68_139,VPWR,li1,69.6900,198.5600,1.800000
FILLER_68_133,VPWR,li1,68.0800,198.5600,1.800000
FILLER_68_121,VPWR,li1,63.9400,198.5600,1.800000
FILLER_68_109,VPWR,li1,58.4200,198.5600,1.800000
FILLER_68_97,VPWR,li1,52.9000,198.5600,1.800000
FILLER_68_85,VPWR,li1,47.3800,198.5600,1.800000
FILLER_68_83,VPWR,li1,43.9300,198.5600,1.800000
FILLER_68_77,VPWR,li1,42.3200,198.5600,1.800000
FILLER_68_65,VPWR,li1,38.1800,198.5600,1.800000
FILLER_68_53,VPWR,li1,32.6600,198.5600,1.800000
FILLER_68_41,VPWR,li1,27.1400,198.5600,1.800000
FILLER_68_29,VPWR,li1,21.6200,198.5600,1.800000
FILLER_68_27,VPWR,li1,18.1700,198.5600,1.800000
FILLER_68_15,VPWR,li1,15.1800,198.5600,1.800000
FILLER_68_3,VPWR,li1,9.6600,198.5600,1.800000
FILLER_67_653,VPWR,li1,308.6600,193.1200,1.800000
FILLER_67_641,VPWR,li1,303.1400,193.1200,1.800000
FILLER_67_629,VPWR,li1,297.6200,193.1200,1.800000
FILLER_67_617,VPWR,li1,292.1000,193.1200,1.800000
FILLER_67_615,VPWR,li1,288.6500,193.1200,1.800000
FILLER_67_609,VPWR,li1,287.0400,193.1200,1.800000
FILLER_67_597,VPWR,li1,282.9000,193.1200,1.800000
FILLER_67_585,VPWR,li1,277.3800,193.1200,1.800000
FILLER_67_573,VPWR,li1,271.8600,193.1200,1.800000
FILLER_67_561,VPWR,li1,266.3400,193.1200,1.800000
FILLER_67_559,VPWR,li1,262.8900,193.1200,1.800000
FILLER_67_553,VPWR,li1,261.2800,193.1200,1.800000
FILLER_67_541,VPWR,li1,257.1400,193.1200,1.800000
FILLER_67_529,VPWR,li1,251.6200,193.1200,1.800000
FILLER_67_517,VPWR,li1,246.1000,193.1200,1.800000
FILLER_67_505,VPWR,li1,240.5800,193.1200,1.800000
FILLER_67_503,VPWR,li1,237.1300,193.1200,1.800000
FILLER_67_497,VPWR,li1,235.5200,193.1200,1.800000
FILLER_67_485,VPWR,li1,231.3800,193.1200,1.800000
FILLER_67_473,VPWR,li1,225.8600,193.1200,1.800000
FILLER_67_461,VPWR,li1,220.3400,193.1200,1.800000
FILLER_67_449,VPWR,li1,214.8200,193.1200,1.800000
FILLER_67_447,VPWR,li1,211.3700,193.1200,1.800000
FILLER_67_441,VPWR,li1,209.7600,193.1200,1.800000
FILLER_67_429,VPWR,li1,205.6200,193.1200,1.800000
FILLER_67_417,VPWR,li1,200.1000,193.1200,1.800000
FILLER_67_405,VPWR,li1,194.5800,193.1200,1.800000
FILLER_67_393,VPWR,li1,189.0600,193.1200,1.800000
FILLER_67_391,VPWR,li1,185.6100,193.1200,1.800000
FILLER_67_385,VPWR,li1,184.0000,193.1200,1.800000
FILLER_67_373,VPWR,li1,179.8600,193.1200,1.800000
FILLER_67_361,VPWR,li1,174.3400,193.1200,1.800000
FILLER_67_349,VPWR,li1,168.8200,193.1200,1.800000
FILLER_67_337,VPWR,li1,163.3000,193.1200,1.800000
FILLER_67_335,VPWR,li1,159.8500,193.1200,1.800000
FILLER_67_329,VPWR,li1,158.2400,193.1200,1.800000
FILLER_67_317,VPWR,li1,154.1000,193.1200,1.800000
FILLER_67_305,VPWR,li1,148.5800,193.1200,1.800000
FILLER_67_293,VPWR,li1,143.0600,193.1200,1.800000
FILLER_67_281,VPWR,li1,137.5400,193.1200,1.800000
FILLER_67_279,VPWR,li1,134.0900,193.1200,1.800000
FILLER_67_273,VPWR,li1,132.4800,193.1200,1.800000
FILLER_67_261,VPWR,li1,128.3400,193.1200,1.800000
FILLER_67_249,VPWR,li1,122.8200,193.1200,1.800000
FILLER_67_237,VPWR,li1,117.3000,193.1200,1.800000
FILLER_67_225,VPWR,li1,111.7800,193.1200,1.800000
FILLER_67_223,VPWR,li1,108.3300,193.1200,1.800000
FILLER_67_217,VPWR,li1,106.7200,193.1200,1.800000
FILLER_67_205,VPWR,li1,102.5800,193.1200,1.800000
FILLER_67_193,VPWR,li1,97.0600,193.1200,1.800000
FILLER_67_181,VPWR,li1,91.5400,193.1200,1.800000
FILLER_67_169,VPWR,li1,86.0200,193.1200,1.800000
FILLER_67_167,VPWR,li1,82.5700,193.1200,1.800000
FILLER_67_161,VPWR,li1,80.9600,193.1200,1.800000
FILLER_67_149,VPWR,li1,76.8200,193.1200,1.800000
FILLER_67_137,VPWR,li1,71.3000,193.1200,1.800000
FILLER_67_125,VPWR,li1,65.7800,193.1200,1.800000
FILLER_67_113,VPWR,li1,60.2600,193.1200,1.800000
FILLER_67_111,VPWR,li1,56.8100,193.1200,1.800000
FILLER_67_105,VPWR,li1,55.2000,193.1200,1.800000
FILLER_67_93,VPWR,li1,51.0600,193.1200,1.800000
FILLER_67_81,VPWR,li1,45.5400,193.1200,1.800000
FILLER_67_69,VPWR,li1,40.0200,193.1200,1.800000
FILLER_67_57,VPWR,li1,34.5000,193.1200,1.800000
FILLER_67_55,VPWR,li1,31.0500,193.1200,1.800000
FILLER_67_51,VPWR,li1,29.9000,193.1200,1.800000
FILLER_67_39,VPWR,li1,26.2200,193.1200,1.800000
FILLER_67_27,VPWR,li1,20.7000,193.1200,1.800000
FILLER_67_15,VPWR,li1,15.1800,193.1200,1.800000
FILLER_67_3,VPWR,li1,9.6600,193.1200,1.800000
FILLER_66_657,VPWR,li1,309.5800,193.1200,1.800000
FILLER_66_645,VPWR,li1,304.9800,193.1200,1.800000
FILLER_66_643,VPWR,li1,301.5300,193.1200,1.800000
FILLER_66_637,VPWR,li1,299.9200,193.1200,1.800000
FILLER_66_625,VPWR,li1,295.7800,193.1200,1.800000
FILLER_66_613,VPWR,li1,290.2600,193.1200,1.800000
FILLER_66_601,VPWR,li1,284.7400,193.1200,1.800000
FILLER_66_589,VPWR,li1,279.2200,193.1200,1.800000
FILLER_66_587,VPWR,li1,275.7700,193.1200,1.800000
FILLER_66_581,VPWR,li1,274.1600,193.1200,1.800000
FILLER_66_569,VPWR,li1,270.0200,193.1200,1.800000
FILLER_66_557,VPWR,li1,264.5000,193.1200,1.800000
FILLER_66_545,VPWR,li1,258.9800,193.1200,1.800000
FILLER_66_533,VPWR,li1,253.4600,193.1200,1.800000
FILLER_66_531,VPWR,li1,250.0100,193.1200,1.800000
FILLER_66_525,VPWR,li1,248.4000,193.1200,1.800000
FILLER_66_513,VPWR,li1,244.2600,193.1200,1.800000
FILLER_66_501,VPWR,li1,238.7400,193.1200,1.800000
FILLER_66_489,VPWR,li1,233.2200,193.1200,1.800000
FILLER_66_477,VPWR,li1,227.7000,193.1200,1.800000
FILLER_66_475,VPWR,li1,224.2500,193.1200,1.800000
FILLER_66_469,VPWR,li1,222.6400,193.1200,1.800000
FILLER_66_457,VPWR,li1,218.5000,193.1200,1.800000
FILLER_66_445,VPWR,li1,212.9800,193.1200,1.800000
FILLER_66_433,VPWR,li1,207.4600,193.1200,1.800000
FILLER_66_421,VPWR,li1,201.9400,193.1200,1.800000
FILLER_66_419,VPWR,li1,198.4900,193.1200,1.800000
FILLER_66_413,VPWR,li1,196.8800,193.1200,1.800000
FILLER_66_401,VPWR,li1,192.7400,193.1200,1.800000
FILLER_66_389,VPWR,li1,187.2200,193.1200,1.800000
FILLER_66_377,VPWR,li1,181.7000,193.1200,1.800000
FILLER_66_365,VPWR,li1,176.1800,193.1200,1.800000
FILLER_66_363,VPWR,li1,172.7300,193.1200,1.800000
FILLER_66_357,VPWR,li1,171.1200,193.1200,1.800000
FILLER_66_345,VPWR,li1,166.9800,193.1200,1.800000
FILLER_66_333,VPWR,li1,161.4600,193.1200,1.800000
FILLER_66_321,VPWR,li1,155.9400,193.1200,1.800000
FILLER_66_309,VPWR,li1,150.4200,193.1200,1.800000
FILLER_66_307,VPWR,li1,146.9700,193.1200,1.800000
FILLER_66_301,VPWR,li1,145.3600,193.1200,1.800000
FILLER_66_289,VPWR,li1,141.2200,193.1200,1.800000
FILLER_66_277,VPWR,li1,135.7000,193.1200,1.800000
FILLER_66_265,VPWR,li1,130.1800,193.1200,1.800000
FILLER_66_253,VPWR,li1,124.6600,193.1200,1.800000
FILLER_66_251,VPWR,li1,121.2100,193.1200,1.800000
FILLER_66_245,VPWR,li1,119.6000,193.1200,1.800000
FILLER_66_233,VPWR,li1,115.4600,193.1200,1.800000
FILLER_66_221,VPWR,li1,109.9400,193.1200,1.800000
FILLER_66_209,VPWR,li1,104.4200,193.1200,1.800000
FILLER_66_197,VPWR,li1,98.9000,193.1200,1.800000
FILLER_66_195,VPWR,li1,95.4500,193.1200,1.800000
FILLER_66_189,VPWR,li1,93.8400,193.1200,1.800000
FILLER_66_177,VPWR,li1,89.7000,193.1200,1.800000
FILLER_66_165,VPWR,li1,84.1800,193.1200,1.800000
FILLER_66_153,VPWR,li1,78.6600,193.1200,1.800000
FILLER_66_141,VPWR,li1,73.1400,193.1200,1.800000
FILLER_66_139,VPWR,li1,69.6900,193.1200,1.800000
FILLER_66_133,VPWR,li1,68.0800,193.1200,1.800000
FILLER_66_121,VPWR,li1,63.9400,193.1200,1.800000
FILLER_66_109,VPWR,li1,58.4200,193.1200,1.800000
FILLER_66_97,VPWR,li1,52.9000,193.1200,1.800000
FILLER_66_85,VPWR,li1,47.3800,193.1200,1.800000
FILLER_66_83,VPWR,li1,43.9300,193.1200,1.800000
FILLER_66_77,VPWR,li1,42.3200,193.1200,1.800000
FILLER_66_65,VPWR,li1,38.1800,193.1200,1.800000
FILLER_66_53,VPWR,li1,32.6600,193.1200,1.800000
FILLER_66_41,VPWR,li1,27.1400,193.1200,1.800000
FILLER_66_29,VPWR,li1,21.6200,193.1200,1.800000
FILLER_66_27,VPWR,li1,18.1700,193.1200,1.800000
FILLER_66_15,VPWR,li1,15.1800,193.1200,1.800000
FILLER_66_3,VPWR,li1,9.6600,193.1200,1.800000
FILLER_65_653,VPWR,li1,308.6600,187.6800,1.800000
FILLER_65_641,VPWR,li1,303.1400,187.6800,1.800000
FILLER_65_629,VPWR,li1,297.6200,187.6800,1.800000
FILLER_65_617,VPWR,li1,292.1000,187.6800,1.800000
FILLER_65_615,VPWR,li1,288.6500,187.6800,1.800000
FILLER_65_609,VPWR,li1,287.0400,187.6800,1.800000
FILLER_65_597,VPWR,li1,282.9000,187.6800,1.800000
FILLER_65_585,VPWR,li1,277.3800,187.6800,1.800000
FILLER_65_573,VPWR,li1,271.8600,187.6800,1.800000
FILLER_65_561,VPWR,li1,266.3400,187.6800,1.800000
FILLER_65_559,VPWR,li1,262.8900,187.6800,1.800000
FILLER_65_553,VPWR,li1,261.2800,187.6800,1.800000
FILLER_65_541,VPWR,li1,257.1400,187.6800,1.800000
FILLER_65_529,VPWR,li1,251.6200,187.6800,1.800000
FILLER_65_517,VPWR,li1,246.1000,187.6800,1.800000
FILLER_65_505,VPWR,li1,240.5800,187.6800,1.800000
FILLER_65_503,VPWR,li1,237.1300,187.6800,1.800000
FILLER_65_497,VPWR,li1,235.5200,187.6800,1.800000
FILLER_65_485,VPWR,li1,231.3800,187.6800,1.800000
FILLER_65_473,VPWR,li1,225.8600,187.6800,1.800000
FILLER_65_461,VPWR,li1,220.3400,187.6800,1.800000
FILLER_65_449,VPWR,li1,214.8200,187.6800,1.800000
FILLER_65_447,VPWR,li1,211.3700,187.6800,1.800000
FILLER_65_441,VPWR,li1,209.7600,187.6800,1.800000
FILLER_65_429,VPWR,li1,205.6200,187.6800,1.800000
FILLER_65_417,VPWR,li1,200.1000,187.6800,1.800000
FILLER_65_405,VPWR,li1,194.5800,187.6800,1.800000
FILLER_65_393,VPWR,li1,189.0600,187.6800,1.800000
FILLER_65_391,VPWR,li1,185.6100,187.6800,1.800000
FILLER_65_385,VPWR,li1,184.0000,187.6800,1.800000
FILLER_65_373,VPWR,li1,179.8600,187.6800,1.800000
FILLER_65_361,VPWR,li1,174.3400,187.6800,1.800000
FILLER_65_349,VPWR,li1,168.8200,187.6800,1.800000
FILLER_65_337,VPWR,li1,163.3000,187.6800,1.800000
FILLER_65_335,VPWR,li1,159.8500,187.6800,1.800000
FILLER_65_329,VPWR,li1,158.2400,187.6800,1.800000
FILLER_65_317,VPWR,li1,154.1000,187.6800,1.800000
FILLER_65_305,VPWR,li1,148.5800,187.6800,1.800000
FILLER_65_293,VPWR,li1,143.0600,187.6800,1.800000
FILLER_65_281,VPWR,li1,137.5400,187.6800,1.800000
FILLER_65_279,VPWR,li1,134.0900,187.6800,1.800000
FILLER_65_273,VPWR,li1,132.4800,187.6800,1.800000
FILLER_65_261,VPWR,li1,128.3400,187.6800,1.800000
FILLER_65_249,VPWR,li1,122.8200,187.6800,1.800000
FILLER_65_237,VPWR,li1,117.3000,187.6800,1.800000
FILLER_65_225,VPWR,li1,111.7800,187.6800,1.800000
FILLER_65_223,VPWR,li1,108.3300,187.6800,1.800000
FILLER_65_217,VPWR,li1,106.7200,187.6800,1.800000
FILLER_65_205,VPWR,li1,102.5800,187.6800,1.800000
FILLER_65_193,VPWR,li1,97.0600,187.6800,1.800000
FILLER_65_181,VPWR,li1,91.5400,187.6800,1.800000
FILLER_65_169,VPWR,li1,86.0200,187.6800,1.800000
FILLER_65_167,VPWR,li1,82.5700,187.6800,1.800000
FILLER_65_161,VPWR,li1,80.9600,187.6800,1.800000
FILLER_65_149,VPWR,li1,76.8200,187.6800,1.800000
FILLER_65_137,VPWR,li1,71.3000,187.6800,1.800000
FILLER_65_125,VPWR,li1,65.7800,187.6800,1.800000
FILLER_65_113,VPWR,li1,60.2600,187.6800,1.800000
FILLER_65_111,VPWR,li1,56.8100,187.6800,1.800000
FILLER_65_105,VPWR,li1,55.2000,187.6800,1.800000
FILLER_65_93,VPWR,li1,51.0600,187.6800,1.800000
FILLER_65_81,VPWR,li1,45.5400,187.6800,1.800000
FILLER_65_69,VPWR,li1,40.0200,187.6800,1.800000
FILLER_65_57,VPWR,li1,34.5000,187.6800,1.800000
FILLER_65_55,VPWR,li1,31.0500,187.6800,1.800000
FILLER_65_51,VPWR,li1,29.9000,187.6800,1.800000
FILLER_65_39,VPWR,li1,26.2200,187.6800,1.800000
FILLER_65_27,VPWR,li1,20.7000,187.6800,1.800000
FILLER_65_15,VPWR,li1,15.1800,187.6800,1.800000
FILLER_65_3,VPWR,li1,9.6600,187.6800,1.800000
FILLER_64_657,VPWR,li1,309.5800,187.6800,1.800000
FILLER_64_645,VPWR,li1,304.9800,187.6800,1.800000
FILLER_64_643,VPWR,li1,301.5300,187.6800,1.800000
FILLER_64_637,VPWR,li1,299.9200,187.6800,1.800000
FILLER_64_625,VPWR,li1,295.7800,187.6800,1.800000
FILLER_64_613,VPWR,li1,290.2600,187.6800,1.800000
FILLER_64_601,VPWR,li1,284.7400,187.6800,1.800000
FILLER_64_589,VPWR,li1,279.2200,187.6800,1.800000
FILLER_64_587,VPWR,li1,275.7700,187.6800,1.800000
FILLER_64_581,VPWR,li1,274.1600,187.6800,1.800000
FILLER_64_569,VPWR,li1,270.0200,187.6800,1.800000
FILLER_64_557,VPWR,li1,264.5000,187.6800,1.800000
FILLER_64_545,VPWR,li1,258.9800,187.6800,1.800000
FILLER_64_533,VPWR,li1,253.4600,187.6800,1.800000
FILLER_64_531,VPWR,li1,250.0100,187.6800,1.800000
FILLER_64_525,VPWR,li1,248.4000,187.6800,1.800000
FILLER_64_513,VPWR,li1,244.2600,187.6800,1.800000
FILLER_64_501,VPWR,li1,238.7400,187.6800,1.800000
FILLER_64_489,VPWR,li1,233.2200,187.6800,1.800000
FILLER_64_477,VPWR,li1,227.7000,187.6800,1.800000
FILLER_64_475,VPWR,li1,224.2500,187.6800,1.800000
FILLER_64_469,VPWR,li1,222.6400,187.6800,1.800000
FILLER_64_457,VPWR,li1,218.5000,187.6800,1.800000
FILLER_64_445,VPWR,li1,212.9800,187.6800,1.800000
FILLER_64_433,VPWR,li1,207.4600,187.6800,1.800000
FILLER_64_421,VPWR,li1,201.9400,187.6800,1.800000
FILLER_64_419,VPWR,li1,198.4900,187.6800,1.800000
FILLER_64_413,VPWR,li1,196.8800,187.6800,1.800000
FILLER_64_401,VPWR,li1,192.7400,187.6800,1.800000
FILLER_64_389,VPWR,li1,187.2200,187.6800,1.800000
FILLER_64_377,VPWR,li1,181.7000,187.6800,1.800000
FILLER_64_365,VPWR,li1,176.1800,187.6800,1.800000
FILLER_64_363,VPWR,li1,172.7300,187.6800,1.800000
FILLER_64_357,VPWR,li1,171.1200,187.6800,1.800000
FILLER_64_345,VPWR,li1,166.9800,187.6800,1.800000
FILLER_64_333,VPWR,li1,161.4600,187.6800,1.800000
FILLER_64_321,VPWR,li1,155.9400,187.6800,1.800000
FILLER_64_309,VPWR,li1,150.4200,187.6800,1.800000
FILLER_64_307,VPWR,li1,146.9700,187.6800,1.800000
FILLER_64_301,VPWR,li1,145.3600,187.6800,1.800000
FILLER_64_289,VPWR,li1,141.2200,187.6800,1.800000
FILLER_64_277,VPWR,li1,135.7000,187.6800,1.800000
FILLER_64_265,VPWR,li1,130.1800,187.6800,1.800000
FILLER_64_253,VPWR,li1,124.6600,187.6800,1.800000
FILLER_64_251,VPWR,li1,121.2100,187.6800,1.800000
FILLER_64_245,VPWR,li1,119.6000,187.6800,1.800000
FILLER_64_233,VPWR,li1,115.4600,187.6800,1.800000
FILLER_64_221,VPWR,li1,109.9400,187.6800,1.800000
FILLER_64_209,VPWR,li1,104.4200,187.6800,1.800000
FILLER_64_197,VPWR,li1,98.9000,187.6800,1.800000
FILLER_64_195,VPWR,li1,95.4500,187.6800,1.800000
FILLER_64_189,VPWR,li1,93.8400,187.6800,1.800000
FILLER_64_177,VPWR,li1,89.7000,187.6800,1.800000
FILLER_64_165,VPWR,li1,84.1800,187.6800,1.800000
FILLER_64_153,VPWR,li1,78.6600,187.6800,1.800000
FILLER_64_141,VPWR,li1,73.1400,187.6800,1.800000
FILLER_64_139,VPWR,li1,69.6900,187.6800,1.800000
FILLER_64_133,VPWR,li1,68.0800,187.6800,1.800000
FILLER_64_121,VPWR,li1,63.9400,187.6800,1.800000
FILLER_64_109,VPWR,li1,58.4200,187.6800,1.800000
FILLER_64_97,VPWR,li1,52.9000,187.6800,1.800000
FILLER_64_85,VPWR,li1,47.3800,187.6800,1.800000
FILLER_64_83,VPWR,li1,43.9300,187.6800,1.800000
FILLER_64_77,VPWR,li1,42.3200,187.6800,1.800000
FILLER_64_65,VPWR,li1,38.1800,187.6800,1.800000
FILLER_64_53,VPWR,li1,32.6600,187.6800,1.800000
FILLER_64_41,VPWR,li1,27.1400,187.6800,1.800000
FILLER_64_29,VPWR,li1,21.6200,187.6800,1.800000
FILLER_64_26,VPWR,li1,17.9400,187.6800,1.800000
FILLER_64_18,VPWR,li1,15.6400,187.6800,1.800000
FILLER_64_6,VPWR,li1,11.0400,187.6800,1.800000
FILLER_63_665,VPWR,li1,312.1100,182.2400,1.800000
FILLER_63_653,VPWR,li1,308.6600,182.2400,1.800000
FILLER_63_641,VPWR,li1,303.1400,182.2400,1.800000
FILLER_63_629,VPWR,li1,297.6200,182.2400,1.800000
FILLER_63_617,VPWR,li1,292.1000,182.2400,1.800000
FILLER_63_615,VPWR,li1,288.6500,182.2400,1.800000
FILLER_63_609,VPWR,li1,287.0400,182.2400,1.800000
FILLER_63_597,VPWR,li1,282.9000,182.2400,1.800000
FILLER_63_585,VPWR,li1,277.3800,182.2400,1.800000
FILLER_63_573,VPWR,li1,271.8600,182.2400,1.800000
FILLER_63_561,VPWR,li1,266.3400,182.2400,1.800000
FILLER_63_559,VPWR,li1,262.8900,182.2400,1.800000
FILLER_63_553,VPWR,li1,261.2800,182.2400,1.800000
FILLER_63_541,VPWR,li1,257.1400,182.2400,1.800000
FILLER_63_529,VPWR,li1,251.6200,182.2400,1.800000
FILLER_63_517,VPWR,li1,246.1000,182.2400,1.800000
FILLER_63_505,VPWR,li1,240.5800,182.2400,1.800000
FILLER_63_503,VPWR,li1,237.1300,182.2400,1.800000
FILLER_63_497,VPWR,li1,235.5200,182.2400,1.800000
FILLER_63_485,VPWR,li1,231.3800,182.2400,1.800000
FILLER_63_473,VPWR,li1,225.8600,182.2400,1.800000
FILLER_63_461,VPWR,li1,220.3400,182.2400,1.800000
FILLER_63_449,VPWR,li1,214.8200,182.2400,1.800000
FILLER_63_447,VPWR,li1,211.3700,182.2400,1.800000
FILLER_63_441,VPWR,li1,209.7600,182.2400,1.800000
FILLER_63_429,VPWR,li1,205.6200,182.2400,1.800000
FILLER_63_417,VPWR,li1,200.1000,182.2400,1.800000
FILLER_63_405,VPWR,li1,194.5800,182.2400,1.800000
FILLER_63_393,VPWR,li1,189.0600,182.2400,1.800000
FILLER_63_391,VPWR,li1,185.6100,182.2400,1.800000
FILLER_63_385,VPWR,li1,184.0000,182.2400,1.800000
FILLER_63_373,VPWR,li1,179.8600,182.2400,1.800000
FILLER_63_361,VPWR,li1,174.3400,182.2400,1.800000
FILLER_63_349,VPWR,li1,168.8200,182.2400,1.800000
FILLER_63_337,VPWR,li1,163.3000,182.2400,1.800000
FILLER_63_335,VPWR,li1,159.8500,182.2400,1.800000
FILLER_63_329,VPWR,li1,158.2400,182.2400,1.800000
FILLER_63_317,VPWR,li1,154.1000,182.2400,1.800000
FILLER_63_305,VPWR,li1,148.5800,182.2400,1.800000
FILLER_63_293,VPWR,li1,143.0600,182.2400,1.800000
FILLER_63_281,VPWR,li1,137.5400,182.2400,1.800000
FILLER_63_279,VPWR,li1,134.0900,182.2400,1.800000
FILLER_63_273,VPWR,li1,132.4800,182.2400,1.800000
FILLER_63_261,VPWR,li1,128.3400,182.2400,1.800000
FILLER_63_249,VPWR,li1,122.8200,182.2400,1.800000
FILLER_63_237,VPWR,li1,117.3000,182.2400,1.800000
FILLER_63_225,VPWR,li1,111.7800,182.2400,1.800000
FILLER_63_223,VPWR,li1,108.3300,182.2400,1.800000
FILLER_63_217,VPWR,li1,106.7200,182.2400,1.800000
FILLER_63_205,VPWR,li1,102.5800,182.2400,1.800000
FILLER_63_193,VPWR,li1,97.0600,182.2400,1.800000
FILLER_63_181,VPWR,li1,91.5400,182.2400,1.800000
FILLER_63_169,VPWR,li1,86.0200,182.2400,1.800000
FILLER_63_167,VPWR,li1,82.5700,182.2400,1.800000
FILLER_63_161,VPWR,li1,80.9600,182.2400,1.800000
FILLER_63_149,VPWR,li1,76.8200,182.2400,1.800000
FILLER_63_137,VPWR,li1,71.3000,182.2400,1.800000
FILLER_63_125,VPWR,li1,65.7800,182.2400,1.800000
FILLER_63_113,VPWR,li1,60.2600,182.2400,1.800000
FILLER_63_111,VPWR,li1,56.8100,182.2400,1.800000
FILLER_63_105,VPWR,li1,55.2000,182.2400,1.800000
FILLER_63_93,VPWR,li1,51.0600,182.2400,1.800000
FILLER_63_81,VPWR,li1,45.5400,182.2400,1.800000
FILLER_63_69,VPWR,li1,40.0200,182.2400,1.800000
FILLER_63_57,VPWR,li1,34.5000,182.2400,1.800000
FILLER_63_55,VPWR,li1,31.0500,182.2400,1.800000
FILLER_63_51,VPWR,li1,29.9000,182.2400,1.800000
FILLER_63_39,VPWR,li1,26.2200,182.2400,1.800000
FILLER_63_27,VPWR,li1,20.7000,182.2400,1.800000
FILLER_63_15,VPWR,li1,15.1800,182.2400,1.800000
FILLER_63_3,VPWR,li1,9.6600,182.2400,1.800000
FILLER_62_657,VPWR,li1,309.5800,182.2400,1.800000
FILLER_62_645,VPWR,li1,304.9800,182.2400,1.800000
FILLER_62_643,VPWR,li1,301.5300,182.2400,1.800000
FILLER_62_637,VPWR,li1,299.9200,182.2400,1.800000
FILLER_62_625,VPWR,li1,295.7800,182.2400,1.800000
FILLER_62_613,VPWR,li1,290.2600,182.2400,1.800000
FILLER_62_601,VPWR,li1,284.7400,182.2400,1.800000
FILLER_62_589,VPWR,li1,279.2200,182.2400,1.800000
FILLER_62_587,VPWR,li1,275.7700,182.2400,1.800000
FILLER_62_581,VPWR,li1,274.1600,182.2400,1.800000
FILLER_62_569,VPWR,li1,270.0200,182.2400,1.800000
FILLER_62_557,VPWR,li1,264.5000,182.2400,1.800000
FILLER_62_545,VPWR,li1,258.9800,182.2400,1.800000
FILLER_62_533,VPWR,li1,253.4600,182.2400,1.800000
FILLER_62_531,VPWR,li1,250.0100,182.2400,1.800000
FILLER_62_525,VPWR,li1,248.4000,182.2400,1.800000
FILLER_62_513,VPWR,li1,244.2600,182.2400,1.800000
FILLER_62_501,VPWR,li1,238.7400,182.2400,1.800000
FILLER_62_489,VPWR,li1,233.2200,182.2400,1.800000
FILLER_62_477,VPWR,li1,227.7000,182.2400,1.800000
FILLER_62_475,VPWR,li1,224.2500,182.2400,1.800000
FILLER_62_469,VPWR,li1,222.6400,182.2400,1.800000
FILLER_62_457,VPWR,li1,218.5000,182.2400,1.800000
FILLER_62_445,VPWR,li1,212.9800,182.2400,1.800000
FILLER_62_433,VPWR,li1,207.4600,182.2400,1.800000
FILLER_62_421,VPWR,li1,201.9400,182.2400,1.800000
FILLER_62_419,VPWR,li1,198.4900,182.2400,1.800000
FILLER_62_413,VPWR,li1,196.8800,182.2400,1.800000
FILLER_62_401,VPWR,li1,192.7400,182.2400,1.800000
FILLER_62_389,VPWR,li1,187.2200,182.2400,1.800000
FILLER_62_377,VPWR,li1,181.7000,182.2400,1.800000
FILLER_62_365,VPWR,li1,176.1800,182.2400,1.800000
FILLER_62_363,VPWR,li1,172.7300,182.2400,1.800000
FILLER_62_357,VPWR,li1,171.1200,182.2400,1.800000
FILLER_62_345,VPWR,li1,166.9800,182.2400,1.800000
FILLER_62_333,VPWR,li1,161.4600,182.2400,1.800000
FILLER_62_321,VPWR,li1,155.9400,182.2400,1.800000
FILLER_62_309,VPWR,li1,150.4200,182.2400,1.800000
FILLER_62_307,VPWR,li1,146.9700,182.2400,1.800000
FILLER_62_301,VPWR,li1,145.3600,182.2400,1.800000
FILLER_62_289,VPWR,li1,141.2200,182.2400,1.800000
FILLER_62_277,VPWR,li1,135.7000,182.2400,1.800000
FILLER_62_265,VPWR,li1,130.1800,182.2400,1.800000
FILLER_62_253,VPWR,li1,124.6600,182.2400,1.800000
FILLER_62_251,VPWR,li1,121.2100,182.2400,1.800000
FILLER_62_245,VPWR,li1,119.6000,182.2400,1.800000
FILLER_62_233,VPWR,li1,115.4600,182.2400,1.800000
FILLER_62_221,VPWR,li1,109.9400,182.2400,1.800000
FILLER_62_209,VPWR,li1,104.4200,182.2400,1.800000
FILLER_62_197,VPWR,li1,98.9000,182.2400,1.800000
FILLER_62_195,VPWR,li1,95.4500,182.2400,1.800000
FILLER_62_189,VPWR,li1,93.8400,182.2400,1.800000
FILLER_62_177,VPWR,li1,89.7000,182.2400,1.800000
FILLER_62_165,VPWR,li1,84.1800,182.2400,1.800000
FILLER_62_153,VPWR,li1,78.6600,182.2400,1.800000
FILLER_62_141,VPWR,li1,73.1400,182.2400,1.800000
FILLER_62_139,VPWR,li1,69.6900,182.2400,1.800000
FILLER_62_133,VPWR,li1,68.0800,182.2400,1.800000
FILLER_62_121,VPWR,li1,63.9400,182.2400,1.800000
FILLER_62_109,VPWR,li1,58.4200,182.2400,1.800000
FILLER_62_97,VPWR,li1,52.9000,182.2400,1.800000
FILLER_62_85,VPWR,li1,47.3800,182.2400,1.800000
FILLER_62_83,VPWR,li1,43.9300,182.2400,1.800000
FILLER_62_77,VPWR,li1,42.3200,182.2400,1.800000
FILLER_62_65,VPWR,li1,38.1800,182.2400,1.800000
FILLER_62_53,VPWR,li1,32.6600,182.2400,1.800000
FILLER_62_41,VPWR,li1,27.1400,182.2400,1.800000
FILLER_62_29,VPWR,li1,21.6200,182.2400,1.800000
FILLER_62_26,VPWR,li1,17.9400,182.2400,1.800000
FILLER_62_18,VPWR,li1,15.6400,182.2400,1.800000
FILLER_62_6,VPWR,li1,11.0400,182.2400,1.800000
FILLER_61_653,VPWR,li1,308.6600,176.8000,1.800000
FILLER_61_641,VPWR,li1,303.1400,176.8000,1.800000
FILLER_61_629,VPWR,li1,297.6200,176.8000,1.800000
FILLER_61_617,VPWR,li1,292.1000,176.8000,1.800000
FILLER_61_615,VPWR,li1,288.6500,176.8000,1.800000
FILLER_61_609,VPWR,li1,287.0400,176.8000,1.800000
FILLER_61_597,VPWR,li1,282.9000,176.8000,1.800000
FILLER_61_585,VPWR,li1,277.3800,176.8000,1.800000
FILLER_61_573,VPWR,li1,271.8600,176.8000,1.800000
FILLER_61_561,VPWR,li1,266.3400,176.8000,1.800000
FILLER_61_559,VPWR,li1,262.8900,176.8000,1.800000
FILLER_61_553,VPWR,li1,261.2800,176.8000,1.800000
FILLER_61_541,VPWR,li1,257.1400,176.8000,1.800000
FILLER_61_529,VPWR,li1,251.6200,176.8000,1.800000
FILLER_61_517,VPWR,li1,246.1000,176.8000,1.800000
FILLER_61_505,VPWR,li1,240.5800,176.8000,1.800000
FILLER_61_503,VPWR,li1,237.1300,176.8000,1.800000
FILLER_61_497,VPWR,li1,235.5200,176.8000,1.800000
FILLER_61_485,VPWR,li1,231.3800,176.8000,1.800000
FILLER_61_473,VPWR,li1,225.8600,176.8000,1.800000
FILLER_61_461,VPWR,li1,220.3400,176.8000,1.800000
FILLER_61_449,VPWR,li1,214.8200,176.8000,1.800000
FILLER_61_447,VPWR,li1,211.3700,176.8000,1.800000
FILLER_61_441,VPWR,li1,209.7600,176.8000,1.800000
FILLER_61_429,VPWR,li1,205.6200,176.8000,1.800000
FILLER_61_417,VPWR,li1,200.1000,176.8000,1.800000
FILLER_61_405,VPWR,li1,194.5800,176.8000,1.800000
FILLER_61_393,VPWR,li1,189.0600,176.8000,1.800000
FILLER_61_391,VPWR,li1,185.6100,176.8000,1.800000
FILLER_61_385,VPWR,li1,184.0000,176.8000,1.800000
FILLER_61_373,VPWR,li1,179.8600,176.8000,1.800000
FILLER_61_361,VPWR,li1,174.3400,176.8000,1.800000
FILLER_61_349,VPWR,li1,168.8200,176.8000,1.800000
FILLER_61_337,VPWR,li1,163.3000,176.8000,1.800000
FILLER_61_335,VPWR,li1,159.8500,176.8000,1.800000
FILLER_61_329,VPWR,li1,158.2400,176.8000,1.800000
FILLER_61_317,VPWR,li1,154.1000,176.8000,1.800000
FILLER_61_305,VPWR,li1,148.5800,176.8000,1.800000
FILLER_61_293,VPWR,li1,143.0600,176.8000,1.800000
FILLER_61_281,VPWR,li1,137.5400,176.8000,1.800000
FILLER_61_279,VPWR,li1,134.0900,176.8000,1.800000
FILLER_61_273,VPWR,li1,132.4800,176.8000,1.800000
FILLER_61_261,VPWR,li1,128.3400,176.8000,1.800000
FILLER_61_249,VPWR,li1,122.8200,176.8000,1.800000
FILLER_61_237,VPWR,li1,117.3000,176.8000,1.800000
FILLER_61_225,VPWR,li1,111.7800,176.8000,1.800000
FILLER_61_223,VPWR,li1,108.3300,176.8000,1.800000
FILLER_61_217,VPWR,li1,106.7200,176.8000,1.800000
FILLER_61_205,VPWR,li1,102.5800,176.8000,1.800000
FILLER_61_193,VPWR,li1,97.0600,176.8000,1.800000
FILLER_61_181,VPWR,li1,91.5400,176.8000,1.800000
FILLER_61_169,VPWR,li1,86.0200,176.8000,1.800000
FILLER_61_167,VPWR,li1,82.5700,176.8000,1.800000
FILLER_61_161,VPWR,li1,80.9600,176.8000,1.800000
FILLER_61_149,VPWR,li1,76.8200,176.8000,1.800000
FILLER_61_137,VPWR,li1,71.3000,176.8000,1.800000
FILLER_61_125,VPWR,li1,65.7800,176.8000,1.800000
FILLER_61_113,VPWR,li1,60.2600,176.8000,1.800000
FILLER_61_111,VPWR,li1,56.8100,176.8000,1.800000
FILLER_61_105,VPWR,li1,55.2000,176.8000,1.800000
FILLER_61_93,VPWR,li1,51.0600,176.8000,1.800000
FILLER_61_81,VPWR,li1,45.5400,176.8000,1.800000
FILLER_61_69,VPWR,li1,40.0200,176.8000,1.800000
FILLER_61_57,VPWR,li1,34.5000,176.8000,1.800000
FILLER_61_54,VPWR,li1,30.8200,176.8000,1.800000
FILLER_61_42,VPWR,li1,27.6000,176.8000,1.800000
FILLER_61_30,VPWR,li1,22.0800,176.8000,1.800000
FILLER_61_18,VPWR,li1,16.5600,176.8000,1.800000
FILLER_61_6,VPWR,li1,11.0400,176.8000,1.800000
FILLER_60_657,VPWR,li1,309.5800,176.8000,1.800000
FILLER_60_645,VPWR,li1,304.9800,176.8000,1.800000
FILLER_60_643,VPWR,li1,301.5300,176.8000,1.800000
FILLER_60_637,VPWR,li1,299.9200,176.8000,1.800000
FILLER_60_625,VPWR,li1,295.7800,176.8000,1.800000
FILLER_60_613,VPWR,li1,290.2600,176.8000,1.800000
FILLER_60_601,VPWR,li1,284.7400,176.8000,1.800000
FILLER_60_589,VPWR,li1,279.2200,176.8000,1.800000
FILLER_60_587,VPWR,li1,275.7700,176.8000,1.800000
FILLER_60_581,VPWR,li1,274.1600,176.8000,1.800000
FILLER_60_569,VPWR,li1,270.0200,176.8000,1.800000
FILLER_60_557,VPWR,li1,264.5000,176.8000,1.800000
FILLER_60_545,VPWR,li1,258.9800,176.8000,1.800000
FILLER_60_533,VPWR,li1,253.4600,176.8000,1.800000
FILLER_60_531,VPWR,li1,250.0100,176.8000,1.800000
FILLER_60_525,VPWR,li1,248.4000,176.8000,1.800000
FILLER_60_513,VPWR,li1,244.2600,176.8000,1.800000
FILLER_60_501,VPWR,li1,238.7400,176.8000,1.800000
FILLER_60_489,VPWR,li1,233.2200,176.8000,1.800000
FILLER_60_477,VPWR,li1,227.7000,176.8000,1.800000
FILLER_60_475,VPWR,li1,224.2500,176.8000,1.800000
FILLER_60_469,VPWR,li1,222.6400,176.8000,1.800000
FILLER_60_457,VPWR,li1,218.5000,176.8000,1.800000
FILLER_60_445,VPWR,li1,212.9800,176.8000,1.800000
FILLER_60_433,VPWR,li1,207.4600,176.8000,1.800000
FILLER_60_421,VPWR,li1,201.9400,176.8000,1.800000
FILLER_60_419,VPWR,li1,198.4900,176.8000,1.800000
FILLER_60_413,VPWR,li1,196.8800,176.8000,1.800000
FILLER_60_401,VPWR,li1,192.7400,176.8000,1.800000
FILLER_60_389,VPWR,li1,187.2200,176.8000,1.800000
FILLER_60_377,VPWR,li1,181.7000,176.8000,1.800000
FILLER_60_365,VPWR,li1,176.1800,176.8000,1.800000
FILLER_60_363,VPWR,li1,172.7300,176.8000,1.800000
FILLER_60_357,VPWR,li1,171.1200,176.8000,1.800000
FILLER_60_345,VPWR,li1,166.9800,176.8000,1.800000
FILLER_60_333,VPWR,li1,161.4600,176.8000,1.800000
FILLER_60_321,VPWR,li1,155.9400,176.8000,1.800000
FILLER_60_309,VPWR,li1,150.4200,176.8000,1.800000
FILLER_60_307,VPWR,li1,146.9700,176.8000,1.800000
FILLER_60_301,VPWR,li1,145.3600,176.8000,1.800000
FILLER_60_289,VPWR,li1,141.2200,176.8000,1.800000
FILLER_60_277,VPWR,li1,135.7000,176.8000,1.800000
FILLER_60_265,VPWR,li1,130.1800,176.8000,1.800000
FILLER_60_253,VPWR,li1,124.6600,176.8000,1.800000
FILLER_60_251,VPWR,li1,121.2100,176.8000,1.800000
FILLER_60_245,VPWR,li1,119.6000,176.8000,1.800000
FILLER_60_233,VPWR,li1,115.4600,176.8000,1.800000
FILLER_60_221,VPWR,li1,109.9400,176.8000,1.800000
FILLER_60_209,VPWR,li1,104.4200,176.8000,1.800000
FILLER_60_197,VPWR,li1,98.9000,176.8000,1.800000
FILLER_60_195,VPWR,li1,95.4500,176.8000,1.800000
FILLER_60_189,VPWR,li1,93.8400,176.8000,1.800000
FILLER_60_177,VPWR,li1,89.7000,176.8000,1.800000
FILLER_60_165,VPWR,li1,84.1800,176.8000,1.800000
FILLER_60_153,VPWR,li1,78.6600,176.8000,1.800000
FILLER_60_141,VPWR,li1,73.1400,176.8000,1.800000
FILLER_60_139,VPWR,li1,69.6900,176.8000,1.800000
FILLER_60_133,VPWR,li1,68.0800,176.8000,1.800000
FILLER_60_121,VPWR,li1,63.9400,176.8000,1.800000
FILLER_60_109,VPWR,li1,58.4200,176.8000,1.800000
FILLER_60_97,VPWR,li1,52.9000,176.8000,1.800000
FILLER_60_85,VPWR,li1,47.3800,176.8000,1.800000
FILLER_60_83,VPWR,li1,43.9300,176.8000,1.800000
FILLER_60_77,VPWR,li1,42.3200,176.8000,1.800000
FILLER_60_65,VPWR,li1,38.1800,176.8000,1.800000
FILLER_60_53,VPWR,li1,32.6600,176.8000,1.800000
FILLER_60_41,VPWR,li1,27.1400,176.8000,1.800000
FILLER_60_29,VPWR,li1,21.6200,176.8000,1.800000
FILLER_60_26,VPWR,li1,17.9400,176.8000,1.800000
FILLER_60_18,VPWR,li1,15.6400,176.8000,1.800000
FILLER_60_6,VPWR,li1,11.0400,176.8000,1.800000
FILLER_59_653,VPWR,li1,308.6600,171.3600,1.800000
FILLER_59_641,VPWR,li1,303.1400,171.3600,1.800000
FILLER_59_629,VPWR,li1,297.6200,171.3600,1.800000
FILLER_59_617,VPWR,li1,292.1000,171.3600,1.800000
FILLER_59_615,VPWR,li1,288.6500,171.3600,1.800000
FILLER_59_609,VPWR,li1,287.0400,171.3600,1.800000
FILLER_59_597,VPWR,li1,282.9000,171.3600,1.800000
FILLER_59_585,VPWR,li1,277.3800,171.3600,1.800000
FILLER_59_573,VPWR,li1,271.8600,171.3600,1.800000
FILLER_59_561,VPWR,li1,266.3400,171.3600,1.800000
FILLER_59_559,VPWR,li1,262.8900,171.3600,1.800000
FILLER_59_553,VPWR,li1,261.2800,171.3600,1.800000
FILLER_59_541,VPWR,li1,257.1400,171.3600,1.800000
FILLER_59_529,VPWR,li1,251.6200,171.3600,1.800000
FILLER_59_517,VPWR,li1,246.1000,171.3600,1.800000
FILLER_59_505,VPWR,li1,240.5800,171.3600,1.800000
FILLER_59_503,VPWR,li1,237.1300,171.3600,1.800000
FILLER_59_497,VPWR,li1,235.5200,171.3600,1.800000
FILLER_59_485,VPWR,li1,231.3800,171.3600,1.800000
FILLER_59_473,VPWR,li1,225.8600,171.3600,1.800000
FILLER_59_461,VPWR,li1,220.3400,171.3600,1.800000
FILLER_59_449,VPWR,li1,214.8200,171.3600,1.800000
FILLER_59_447,VPWR,li1,211.3700,171.3600,1.800000
FILLER_59_441,VPWR,li1,209.7600,171.3600,1.800000
FILLER_59_429,VPWR,li1,205.6200,171.3600,1.800000
FILLER_59_417,VPWR,li1,200.1000,171.3600,1.800000
FILLER_59_405,VPWR,li1,194.5800,171.3600,1.800000
FILLER_59_393,VPWR,li1,189.0600,171.3600,1.800000
FILLER_59_391,VPWR,li1,185.6100,171.3600,1.800000
FILLER_59_385,VPWR,li1,184.0000,171.3600,1.800000
FILLER_59_373,VPWR,li1,179.8600,171.3600,1.800000
FILLER_59_361,VPWR,li1,174.3400,171.3600,1.800000
FILLER_59_349,VPWR,li1,168.8200,171.3600,1.800000
FILLER_59_337,VPWR,li1,163.3000,171.3600,1.800000
FILLER_59_335,VPWR,li1,159.8500,171.3600,1.800000
FILLER_59_329,VPWR,li1,158.2400,171.3600,1.800000
FILLER_59_317,VPWR,li1,154.1000,171.3600,1.800000
FILLER_59_305,VPWR,li1,148.5800,171.3600,1.800000
FILLER_59_293,VPWR,li1,143.0600,171.3600,1.800000
FILLER_59_281,VPWR,li1,137.5400,171.3600,1.800000
FILLER_59_279,VPWR,li1,134.0900,171.3600,1.800000
FILLER_59_273,VPWR,li1,132.4800,171.3600,1.800000
FILLER_59_261,VPWR,li1,128.3400,171.3600,1.800000
FILLER_59_249,VPWR,li1,122.8200,171.3600,1.800000
FILLER_59_237,VPWR,li1,117.3000,171.3600,1.800000
FILLER_59_225,VPWR,li1,111.7800,171.3600,1.800000
FILLER_59_223,VPWR,li1,108.3300,171.3600,1.800000
FILLER_59_217,VPWR,li1,106.7200,171.3600,1.800000
FILLER_59_205,VPWR,li1,102.5800,171.3600,1.800000
FILLER_59_193,VPWR,li1,97.0600,171.3600,1.800000
FILLER_59_181,VPWR,li1,91.5400,171.3600,1.800000
FILLER_59_169,VPWR,li1,86.0200,171.3600,1.800000
FILLER_59_167,VPWR,li1,82.5700,171.3600,1.800000
FILLER_59_161,VPWR,li1,80.9600,171.3600,1.800000
FILLER_59_149,VPWR,li1,76.8200,171.3600,1.800000
FILLER_59_137,VPWR,li1,71.3000,171.3600,1.800000
FILLER_59_125,VPWR,li1,65.7800,171.3600,1.800000
FILLER_59_113,VPWR,li1,60.2600,171.3600,1.800000
FILLER_59_111,VPWR,li1,56.8100,171.3600,1.800000
FILLER_59_105,VPWR,li1,55.2000,171.3600,1.800000
FILLER_59_93,VPWR,li1,51.0600,171.3600,1.800000
FILLER_59_81,VPWR,li1,45.5400,171.3600,1.800000
FILLER_59_69,VPWR,li1,40.0200,171.3600,1.800000
FILLER_59_57,VPWR,li1,34.5000,171.3600,1.800000
FILLER_59_54,VPWR,li1,30.8200,171.3600,1.800000
FILLER_59_42,VPWR,li1,27.6000,171.3600,1.800000
FILLER_59_30,VPWR,li1,22.0800,171.3600,1.800000
FILLER_59_18,VPWR,li1,16.5600,171.3600,1.800000
FILLER_59_6,VPWR,li1,11.0400,171.3600,1.800000
FILLER_58_665,VPWR,li1,312.1100,171.3600,1.800000
FILLER_58_657,VPWR,li1,309.5800,171.3600,1.800000
FILLER_58_645,VPWR,li1,304.9800,171.3600,1.800000
FILLER_58_643,VPWR,li1,301.5300,171.3600,1.800000
FILLER_58_637,VPWR,li1,299.9200,171.3600,1.800000
FILLER_58_625,VPWR,li1,295.7800,171.3600,1.800000
FILLER_58_613,VPWR,li1,290.2600,171.3600,1.800000
FILLER_58_601,VPWR,li1,284.7400,171.3600,1.800000
FILLER_58_589,VPWR,li1,279.2200,171.3600,1.800000
FILLER_58_587,VPWR,li1,275.7700,171.3600,1.800000
FILLER_58_581,VPWR,li1,274.1600,171.3600,1.800000
FILLER_58_569,VPWR,li1,270.0200,171.3600,1.800000
FILLER_58_557,VPWR,li1,264.5000,171.3600,1.800000
FILLER_58_545,VPWR,li1,258.9800,171.3600,1.800000
FILLER_58_533,VPWR,li1,253.4600,171.3600,1.800000
FILLER_58_531,VPWR,li1,250.0100,171.3600,1.800000
FILLER_58_525,VPWR,li1,248.4000,171.3600,1.800000
FILLER_58_513,VPWR,li1,244.2600,171.3600,1.800000
FILLER_58_501,VPWR,li1,238.7400,171.3600,1.800000
FILLER_58_489,VPWR,li1,233.2200,171.3600,1.800000
FILLER_58_477,VPWR,li1,227.7000,171.3600,1.800000
FILLER_58_475,VPWR,li1,224.2500,171.3600,1.800000
FILLER_58_469,VPWR,li1,222.6400,171.3600,1.800000
FILLER_58_457,VPWR,li1,218.5000,171.3600,1.800000
FILLER_58_445,VPWR,li1,212.9800,171.3600,1.800000
FILLER_58_433,VPWR,li1,207.4600,171.3600,1.800000
FILLER_58_421,VPWR,li1,201.9400,171.3600,1.800000
FILLER_58_419,VPWR,li1,198.4900,171.3600,1.800000
FILLER_58_413,VPWR,li1,196.8800,171.3600,1.800000
FILLER_58_401,VPWR,li1,192.7400,171.3600,1.800000
FILLER_58_389,VPWR,li1,187.2200,171.3600,1.800000
FILLER_58_377,VPWR,li1,181.7000,171.3600,1.800000
FILLER_58_365,VPWR,li1,176.1800,171.3600,1.800000
FILLER_58_363,VPWR,li1,172.7300,171.3600,1.800000
FILLER_58_357,VPWR,li1,171.1200,171.3600,1.800000
FILLER_58_345,VPWR,li1,166.9800,171.3600,1.800000
FILLER_58_333,VPWR,li1,161.4600,171.3600,1.800000
FILLER_58_321,VPWR,li1,155.9400,171.3600,1.800000
FILLER_58_309,VPWR,li1,150.4200,171.3600,1.800000
FILLER_58_307,VPWR,li1,146.9700,171.3600,1.800000
FILLER_58_301,VPWR,li1,145.3600,171.3600,1.800000
FILLER_58_289,VPWR,li1,141.2200,171.3600,1.800000
FILLER_58_277,VPWR,li1,135.7000,171.3600,1.800000
FILLER_58_265,VPWR,li1,130.1800,171.3600,1.800000
FILLER_58_253,VPWR,li1,124.6600,171.3600,1.800000
FILLER_58_251,VPWR,li1,121.2100,171.3600,1.800000
FILLER_58_245,VPWR,li1,119.6000,171.3600,1.800000
FILLER_58_233,VPWR,li1,115.4600,171.3600,1.800000
FILLER_58_221,VPWR,li1,109.9400,171.3600,1.800000
FILLER_58_209,VPWR,li1,104.4200,171.3600,1.800000
FILLER_58_197,VPWR,li1,98.9000,171.3600,1.800000
FILLER_58_195,VPWR,li1,95.4500,171.3600,1.800000
FILLER_58_189,VPWR,li1,93.8400,171.3600,1.800000
FILLER_58_177,VPWR,li1,89.7000,171.3600,1.800000
FILLER_58_165,VPWR,li1,84.1800,171.3600,1.800000
FILLER_58_153,VPWR,li1,78.6600,171.3600,1.800000
FILLER_58_141,VPWR,li1,73.1400,171.3600,1.800000
FILLER_58_139,VPWR,li1,69.6900,171.3600,1.800000
FILLER_58_133,VPWR,li1,68.0800,171.3600,1.800000
FILLER_58_121,VPWR,li1,63.9400,171.3600,1.800000
FILLER_58_109,VPWR,li1,58.4200,171.3600,1.800000
FILLER_58_97,VPWR,li1,52.9000,171.3600,1.800000
FILLER_58_85,VPWR,li1,47.3800,171.3600,1.800000
FILLER_58_83,VPWR,li1,43.9300,171.3600,1.800000
FILLER_58_77,VPWR,li1,42.3200,171.3600,1.800000
FILLER_58_65,VPWR,li1,38.1800,171.3600,1.800000
FILLER_58_53,VPWR,li1,32.6600,171.3600,1.800000
FILLER_58_41,VPWR,li1,27.1400,171.3600,1.800000
FILLER_58_29,VPWR,li1,21.6200,171.3600,1.800000
FILLER_58_27,VPWR,li1,18.1700,171.3600,1.800000
FILLER_58_15,VPWR,li1,15.1800,171.3600,1.800000
FILLER_58_3,VPWR,li1,9.6600,171.3600,1.800000
FILLER_57_653,VPWR,li1,308.6600,165.9200,1.800000
FILLER_57_641,VPWR,li1,303.1400,165.9200,1.800000
FILLER_57_629,VPWR,li1,297.6200,165.9200,1.800000
FILLER_57_617,VPWR,li1,292.1000,165.9200,1.800000
FILLER_57_615,VPWR,li1,288.6500,165.9200,1.800000
FILLER_57_609,VPWR,li1,287.0400,165.9200,1.800000
FILLER_57_597,VPWR,li1,282.9000,165.9200,1.800000
FILLER_57_585,VPWR,li1,277.3800,165.9200,1.800000
FILLER_57_573,VPWR,li1,271.8600,165.9200,1.800000
FILLER_57_561,VPWR,li1,266.3400,165.9200,1.800000
FILLER_57_559,VPWR,li1,262.8900,165.9200,1.800000
FILLER_57_553,VPWR,li1,261.2800,165.9200,1.800000
FILLER_57_541,VPWR,li1,257.1400,165.9200,1.800000
FILLER_57_529,VPWR,li1,251.6200,165.9200,1.800000
FILLER_57_517,VPWR,li1,246.1000,165.9200,1.800000
FILLER_57_505,VPWR,li1,240.5800,165.9200,1.800000
FILLER_57_503,VPWR,li1,237.1300,165.9200,1.800000
FILLER_57_497,VPWR,li1,235.5200,165.9200,1.800000
FILLER_57_485,VPWR,li1,231.3800,165.9200,1.800000
FILLER_57_473,VPWR,li1,225.8600,165.9200,1.800000
FILLER_57_461,VPWR,li1,220.3400,165.9200,1.800000
FILLER_57_449,VPWR,li1,214.8200,165.9200,1.800000
FILLER_57_447,VPWR,li1,211.3700,165.9200,1.800000
FILLER_57_441,VPWR,li1,209.7600,165.9200,1.800000
FILLER_57_429,VPWR,li1,205.6200,165.9200,1.800000
FILLER_57_417,VPWR,li1,200.1000,165.9200,1.800000
FILLER_57_405,VPWR,li1,194.5800,165.9200,1.800000
FILLER_57_393,VPWR,li1,189.0600,165.9200,1.800000
FILLER_57_391,VPWR,li1,185.6100,165.9200,1.800000
FILLER_57_385,VPWR,li1,184.0000,165.9200,1.800000
FILLER_57_373,VPWR,li1,179.8600,165.9200,1.800000
FILLER_57_361,VPWR,li1,174.3400,165.9200,1.800000
FILLER_57_349,VPWR,li1,168.8200,165.9200,1.800000
FILLER_57_337,VPWR,li1,163.3000,165.9200,1.800000
FILLER_57_335,VPWR,li1,159.8500,165.9200,1.800000
FILLER_57_329,VPWR,li1,158.2400,165.9200,1.800000
FILLER_57_317,VPWR,li1,154.1000,165.9200,1.800000
FILLER_57_305,VPWR,li1,148.5800,165.9200,1.800000
FILLER_57_293,VPWR,li1,143.0600,165.9200,1.800000
FILLER_57_281,VPWR,li1,137.5400,165.9200,1.800000
FILLER_57_279,VPWR,li1,134.0900,165.9200,1.800000
FILLER_57_273,VPWR,li1,132.4800,165.9200,1.800000
FILLER_57_261,VPWR,li1,128.3400,165.9200,1.800000
FILLER_57_249,VPWR,li1,122.8200,165.9200,1.800000
FILLER_57_237,VPWR,li1,117.3000,165.9200,1.800000
FILLER_57_225,VPWR,li1,111.7800,165.9200,1.800000
FILLER_57_223,VPWR,li1,108.3300,165.9200,1.800000
FILLER_57_217,VPWR,li1,106.7200,165.9200,1.800000
FILLER_57_205,VPWR,li1,102.5800,165.9200,1.800000
FILLER_57_193,VPWR,li1,97.0600,165.9200,1.800000
FILLER_57_181,VPWR,li1,91.5400,165.9200,1.800000
FILLER_57_169,VPWR,li1,86.0200,165.9200,1.800000
FILLER_57_167,VPWR,li1,82.5700,165.9200,1.800000
FILLER_57_161,VPWR,li1,80.9600,165.9200,1.800000
FILLER_57_149,VPWR,li1,76.8200,165.9200,1.800000
FILLER_57_137,VPWR,li1,71.3000,165.9200,1.800000
FILLER_57_125,VPWR,li1,65.7800,165.9200,1.800000
FILLER_57_113,VPWR,li1,60.2600,165.9200,1.800000
FILLER_57_111,VPWR,li1,56.8100,165.9200,1.800000
FILLER_57_105,VPWR,li1,55.2000,165.9200,1.800000
FILLER_57_93,VPWR,li1,51.0600,165.9200,1.800000
FILLER_57_81,VPWR,li1,45.5400,165.9200,1.800000
FILLER_57_69,VPWR,li1,40.0200,165.9200,1.800000
FILLER_57_57,VPWR,li1,34.5000,165.9200,1.800000
FILLER_57_54,VPWR,li1,30.8200,165.9200,1.800000
FILLER_57_42,VPWR,li1,27.6000,165.9200,1.800000
FILLER_57_30,VPWR,li1,22.0800,165.9200,1.800000
FILLER_57_18,VPWR,li1,16.5600,165.9200,1.800000
FILLER_57_6,VPWR,li1,11.0400,165.9200,1.800000
FILLER_56_657,VPWR,li1,309.5800,165.9200,1.800000
FILLER_56_645,VPWR,li1,304.9800,165.9200,1.800000
FILLER_56_643,VPWR,li1,301.5300,165.9200,1.800000
FILLER_56_637,VPWR,li1,299.9200,165.9200,1.800000
FILLER_56_625,VPWR,li1,295.7800,165.9200,1.800000
FILLER_56_613,VPWR,li1,290.2600,165.9200,1.800000
FILLER_56_601,VPWR,li1,284.7400,165.9200,1.800000
FILLER_56_589,VPWR,li1,279.2200,165.9200,1.800000
FILLER_56_587,VPWR,li1,275.7700,165.9200,1.800000
FILLER_56_581,VPWR,li1,274.1600,165.9200,1.800000
FILLER_56_569,VPWR,li1,270.0200,165.9200,1.800000
FILLER_56_557,VPWR,li1,264.5000,165.9200,1.800000
FILLER_56_545,VPWR,li1,258.9800,165.9200,1.800000
FILLER_56_533,VPWR,li1,253.4600,165.9200,1.800000
FILLER_56_531,VPWR,li1,250.0100,165.9200,1.800000
FILLER_56_525,VPWR,li1,248.4000,165.9200,1.800000
FILLER_56_513,VPWR,li1,244.2600,165.9200,1.800000
FILLER_56_501,VPWR,li1,238.7400,165.9200,1.800000
FILLER_56_489,VPWR,li1,233.2200,165.9200,1.800000
FILLER_56_477,VPWR,li1,227.7000,165.9200,1.800000
FILLER_56_475,VPWR,li1,224.2500,165.9200,1.800000
FILLER_56_469,VPWR,li1,222.6400,165.9200,1.800000
FILLER_56_457,VPWR,li1,218.5000,165.9200,1.800000
FILLER_56_445,VPWR,li1,212.9800,165.9200,1.800000
FILLER_56_433,VPWR,li1,207.4600,165.9200,1.800000
FILLER_56_421,VPWR,li1,201.9400,165.9200,1.800000
FILLER_56_419,VPWR,li1,198.4900,165.9200,1.800000
FILLER_56_413,VPWR,li1,196.8800,165.9200,1.800000
FILLER_56_401,VPWR,li1,192.7400,165.9200,1.800000
FILLER_56_389,VPWR,li1,187.2200,165.9200,1.800000
FILLER_56_377,VPWR,li1,181.7000,165.9200,1.800000
FILLER_56_365,VPWR,li1,176.1800,165.9200,1.800000
FILLER_56_363,VPWR,li1,172.7300,165.9200,1.800000
FILLER_56_357,VPWR,li1,171.1200,165.9200,1.800000
FILLER_56_345,VPWR,li1,166.9800,165.9200,1.800000
FILLER_56_333,VPWR,li1,161.4600,165.9200,1.800000
FILLER_56_321,VPWR,li1,155.9400,165.9200,1.800000
FILLER_56_309,VPWR,li1,150.4200,165.9200,1.800000
FILLER_56_307,VPWR,li1,146.9700,165.9200,1.800000
FILLER_56_301,VPWR,li1,145.3600,165.9200,1.800000
FILLER_56_289,VPWR,li1,141.2200,165.9200,1.800000
FILLER_56_277,VPWR,li1,135.7000,165.9200,1.800000
FILLER_56_265,VPWR,li1,130.1800,165.9200,1.800000
FILLER_56_253,VPWR,li1,124.6600,165.9200,1.800000
FILLER_56_251,VPWR,li1,121.2100,165.9200,1.800000
FILLER_56_245,VPWR,li1,119.6000,165.9200,1.800000
FILLER_56_233,VPWR,li1,115.4600,165.9200,1.800000
FILLER_56_221,VPWR,li1,109.9400,165.9200,1.800000
FILLER_56_209,VPWR,li1,104.4200,165.9200,1.800000
FILLER_56_197,VPWR,li1,98.9000,165.9200,1.800000
FILLER_56_195,VPWR,li1,95.4500,165.9200,1.800000
FILLER_56_189,VPWR,li1,93.8400,165.9200,1.800000
FILLER_56_177,VPWR,li1,89.7000,165.9200,1.800000
FILLER_56_165,VPWR,li1,84.1800,165.9200,1.800000
FILLER_56_153,VPWR,li1,78.6600,165.9200,1.800000
FILLER_56_141,VPWR,li1,73.1400,165.9200,1.800000
FILLER_56_139,VPWR,li1,69.6900,165.9200,1.800000
FILLER_56_133,VPWR,li1,68.0800,165.9200,1.800000
FILLER_56_121,VPWR,li1,63.9400,165.9200,1.800000
FILLER_56_109,VPWR,li1,58.4200,165.9200,1.800000
FILLER_56_97,VPWR,li1,52.9000,165.9200,1.800000
FILLER_56_85,VPWR,li1,47.3800,165.9200,1.800000
FILLER_56_83,VPWR,li1,43.9300,165.9200,1.800000
FILLER_56_77,VPWR,li1,42.3200,165.9200,1.800000
FILLER_56_65,VPWR,li1,38.1800,165.9200,1.800000
FILLER_56_53,VPWR,li1,32.6600,165.9200,1.800000
FILLER_56_41,VPWR,li1,27.1400,165.9200,1.800000
FILLER_56_29,VPWR,li1,21.6200,165.9200,1.800000
FILLER_56_26,VPWR,li1,17.9400,165.9200,1.800000
FILLER_56_18,VPWR,li1,15.6400,165.9200,1.800000
FILLER_56_6,VPWR,li1,11.0400,165.9200,1.800000
FILLER_55_653,VPWR,li1,308.6600,160.4800,1.800000
FILLER_55_641,VPWR,li1,303.1400,160.4800,1.800000
FILLER_55_629,VPWR,li1,297.6200,160.4800,1.800000
FILLER_55_617,VPWR,li1,292.1000,160.4800,1.800000
FILLER_55_615,VPWR,li1,288.6500,160.4800,1.800000
FILLER_55_609,VPWR,li1,287.0400,160.4800,1.800000
FILLER_55_597,VPWR,li1,282.9000,160.4800,1.800000
FILLER_55_585,VPWR,li1,277.3800,160.4800,1.800000
FILLER_55_573,VPWR,li1,271.8600,160.4800,1.800000
FILLER_55_561,VPWR,li1,266.3400,160.4800,1.800000
FILLER_55_559,VPWR,li1,262.8900,160.4800,1.800000
FILLER_55_553,VPWR,li1,261.2800,160.4800,1.800000
FILLER_55_541,VPWR,li1,257.1400,160.4800,1.800000
FILLER_55_529,VPWR,li1,251.6200,160.4800,1.800000
FILLER_55_517,VPWR,li1,246.1000,160.4800,1.800000
FILLER_55_505,VPWR,li1,240.5800,160.4800,1.800000
FILLER_55_503,VPWR,li1,237.1300,160.4800,1.800000
FILLER_55_497,VPWR,li1,235.5200,160.4800,1.800000
FILLER_55_485,VPWR,li1,231.3800,160.4800,1.800000
FILLER_55_473,VPWR,li1,225.8600,160.4800,1.800000
FILLER_55_461,VPWR,li1,220.3400,160.4800,1.800000
FILLER_55_449,VPWR,li1,214.8200,160.4800,1.800000
FILLER_55_447,VPWR,li1,211.3700,160.4800,1.800000
FILLER_55_441,VPWR,li1,209.7600,160.4800,1.800000
FILLER_55_429,VPWR,li1,205.6200,160.4800,1.800000
FILLER_55_417,VPWR,li1,200.1000,160.4800,1.800000
FILLER_55_405,VPWR,li1,194.5800,160.4800,1.800000
FILLER_55_393,VPWR,li1,189.0600,160.4800,1.800000
FILLER_55_391,VPWR,li1,185.6100,160.4800,1.800000
FILLER_55_385,VPWR,li1,184.0000,160.4800,1.800000
FILLER_55_373,VPWR,li1,179.8600,160.4800,1.800000
FILLER_55_361,VPWR,li1,174.3400,160.4800,1.800000
FILLER_55_349,VPWR,li1,168.8200,160.4800,1.800000
FILLER_55_337,VPWR,li1,163.3000,160.4800,1.800000
FILLER_55_335,VPWR,li1,159.8500,160.4800,1.800000
FILLER_55_329,VPWR,li1,158.2400,160.4800,1.800000
FILLER_55_317,VPWR,li1,154.1000,160.4800,1.800000
FILLER_55_305,VPWR,li1,148.5800,160.4800,1.800000
FILLER_55_293,VPWR,li1,143.0600,160.4800,1.800000
FILLER_55_281,VPWR,li1,137.5400,160.4800,1.800000
FILLER_55_279,VPWR,li1,134.0900,160.4800,1.800000
FILLER_55_273,VPWR,li1,132.4800,160.4800,1.800000
FILLER_55_261,VPWR,li1,128.3400,160.4800,1.800000
FILLER_55_249,VPWR,li1,122.8200,160.4800,1.800000
FILLER_55_237,VPWR,li1,117.3000,160.4800,1.800000
FILLER_55_225,VPWR,li1,111.7800,160.4800,1.800000
FILLER_55_223,VPWR,li1,108.3300,160.4800,1.800000
FILLER_55_217,VPWR,li1,106.7200,160.4800,1.800000
FILLER_55_205,VPWR,li1,102.5800,160.4800,1.800000
FILLER_55_193,VPWR,li1,97.0600,160.4800,1.800000
FILLER_55_181,VPWR,li1,91.5400,160.4800,1.800000
FILLER_55_169,VPWR,li1,86.0200,160.4800,1.800000
FILLER_55_167,VPWR,li1,82.5700,160.4800,1.800000
FILLER_55_161,VPWR,li1,80.9600,160.4800,1.800000
FILLER_55_149,VPWR,li1,76.8200,160.4800,1.800000
FILLER_55_137,VPWR,li1,71.3000,160.4800,1.800000
FILLER_55_125,VPWR,li1,65.7800,160.4800,1.800000
FILLER_55_113,VPWR,li1,60.2600,160.4800,1.800000
FILLER_55_111,VPWR,li1,56.8100,160.4800,1.800000
FILLER_55_105,VPWR,li1,55.2000,160.4800,1.800000
FILLER_55_93,VPWR,li1,51.0600,160.4800,1.800000
FILLER_55_81,VPWR,li1,45.5400,160.4800,1.800000
FILLER_55_69,VPWR,li1,40.0200,160.4800,1.800000
FILLER_55_57,VPWR,li1,34.5000,160.4800,1.800000
FILLER_55_54,VPWR,li1,30.8200,160.4800,1.800000
FILLER_55_42,VPWR,li1,27.6000,160.4800,1.800000
FILLER_55_30,VPWR,li1,22.0800,160.4800,1.800000
FILLER_55_18,VPWR,li1,16.5600,160.4800,1.800000
FILLER_55_6,VPWR,li1,11.0400,160.4800,1.800000
FILLER_54_657,VPWR,li1,309.5800,160.4800,1.800000
FILLER_54_645,VPWR,li1,304.9800,160.4800,1.800000
FILLER_54_643,VPWR,li1,301.5300,160.4800,1.800000
FILLER_54_637,VPWR,li1,299.9200,160.4800,1.800000
FILLER_54_625,VPWR,li1,295.7800,160.4800,1.800000
FILLER_54_613,VPWR,li1,290.2600,160.4800,1.800000
FILLER_54_601,VPWR,li1,284.7400,160.4800,1.800000
FILLER_54_589,VPWR,li1,279.2200,160.4800,1.800000
FILLER_54_587,VPWR,li1,275.7700,160.4800,1.800000
FILLER_54_581,VPWR,li1,274.1600,160.4800,1.800000
FILLER_54_569,VPWR,li1,270.0200,160.4800,1.800000
FILLER_54_557,VPWR,li1,264.5000,160.4800,1.800000
FILLER_54_545,VPWR,li1,258.9800,160.4800,1.800000
FILLER_54_533,VPWR,li1,253.4600,160.4800,1.800000
FILLER_54_531,VPWR,li1,250.0100,160.4800,1.800000
FILLER_54_525,VPWR,li1,248.4000,160.4800,1.800000
FILLER_54_513,VPWR,li1,244.2600,160.4800,1.800000
FILLER_54_501,VPWR,li1,238.7400,160.4800,1.800000
FILLER_54_489,VPWR,li1,233.2200,160.4800,1.800000
FILLER_54_477,VPWR,li1,227.7000,160.4800,1.800000
FILLER_54_475,VPWR,li1,224.2500,160.4800,1.800000
FILLER_54_469,VPWR,li1,222.6400,160.4800,1.800000
FILLER_54_457,VPWR,li1,218.5000,160.4800,1.800000
FILLER_54_445,VPWR,li1,212.9800,160.4800,1.800000
FILLER_54_433,VPWR,li1,207.4600,160.4800,1.800000
FILLER_54_421,VPWR,li1,201.9400,160.4800,1.800000
FILLER_54_419,VPWR,li1,198.4900,160.4800,1.800000
FILLER_54_413,VPWR,li1,196.8800,160.4800,1.800000
FILLER_54_401,VPWR,li1,192.7400,160.4800,1.800000
FILLER_54_389,VPWR,li1,187.2200,160.4800,1.800000
FILLER_54_377,VPWR,li1,181.7000,160.4800,1.800000
FILLER_54_365,VPWR,li1,176.1800,160.4800,1.800000
FILLER_54_363,VPWR,li1,172.7300,160.4800,1.800000
FILLER_54_357,VPWR,li1,171.1200,160.4800,1.800000
FILLER_54_345,VPWR,li1,166.9800,160.4800,1.800000
FILLER_54_333,VPWR,li1,161.4600,160.4800,1.800000
FILLER_54_321,VPWR,li1,155.9400,160.4800,1.800000
FILLER_54_309,VPWR,li1,150.4200,160.4800,1.800000
FILLER_54_307,VPWR,li1,146.9700,160.4800,1.800000
FILLER_54_301,VPWR,li1,145.3600,160.4800,1.800000
FILLER_54_289,VPWR,li1,141.2200,160.4800,1.800000
FILLER_54_277,VPWR,li1,135.7000,160.4800,1.800000
FILLER_54_265,VPWR,li1,130.1800,160.4800,1.800000
FILLER_54_253,VPWR,li1,124.6600,160.4800,1.800000
FILLER_54_251,VPWR,li1,121.2100,160.4800,1.800000
FILLER_54_245,VPWR,li1,119.6000,160.4800,1.800000
FILLER_54_233,VPWR,li1,115.4600,160.4800,1.800000
FILLER_54_221,VPWR,li1,109.9400,160.4800,1.800000
FILLER_54_209,VPWR,li1,104.4200,160.4800,1.800000
FILLER_54_197,VPWR,li1,98.9000,160.4800,1.800000
FILLER_54_195,VPWR,li1,95.4500,160.4800,1.800000
FILLER_54_189,VPWR,li1,93.8400,160.4800,1.800000
FILLER_54_177,VPWR,li1,89.7000,160.4800,1.800000
FILLER_54_165,VPWR,li1,84.1800,160.4800,1.800000
FILLER_54_153,VPWR,li1,78.6600,160.4800,1.800000
FILLER_54_141,VPWR,li1,73.1400,160.4800,1.800000
FILLER_54_139,VPWR,li1,69.6900,160.4800,1.800000
FILLER_54_133,VPWR,li1,68.0800,160.4800,1.800000
FILLER_54_121,VPWR,li1,63.9400,160.4800,1.800000
FILLER_54_109,VPWR,li1,58.4200,160.4800,1.800000
FILLER_54_97,VPWR,li1,52.9000,160.4800,1.800000
FILLER_54_85,VPWR,li1,47.3800,160.4800,1.800000
FILLER_54_83,VPWR,li1,43.9300,160.4800,1.800000
FILLER_54_77,VPWR,li1,42.3200,160.4800,1.800000
FILLER_54_65,VPWR,li1,38.1800,160.4800,1.800000
FILLER_54_53,VPWR,li1,32.6600,160.4800,1.800000
FILLER_54_41,VPWR,li1,27.1400,160.4800,1.800000
FILLER_54_29,VPWR,li1,21.6200,160.4800,1.800000
FILLER_54_26,VPWR,li1,17.9400,160.4800,1.800000
FILLER_54_18,VPWR,li1,15.6400,160.4800,1.800000
FILLER_54_6,VPWR,li1,11.0400,160.4800,1.800000
FILLER_53_665,VPWR,li1,312.1100,155.0400,1.800000
FILLER_53_653,VPWR,li1,308.6600,155.0400,1.800000
FILLER_53_641,VPWR,li1,303.1400,155.0400,1.800000
FILLER_53_629,VPWR,li1,297.6200,155.0400,1.800000
FILLER_53_617,VPWR,li1,292.1000,155.0400,1.800000
FILLER_53_615,VPWR,li1,288.6500,155.0400,1.800000
FILLER_53_609,VPWR,li1,287.0400,155.0400,1.800000
FILLER_53_597,VPWR,li1,282.9000,155.0400,1.800000
FILLER_53_585,VPWR,li1,277.3800,155.0400,1.800000
FILLER_53_573,VPWR,li1,271.8600,155.0400,1.800000
FILLER_53_561,VPWR,li1,266.3400,155.0400,1.800000
FILLER_53_559,VPWR,li1,262.8900,155.0400,1.800000
FILLER_53_553,VPWR,li1,261.2800,155.0400,1.800000
FILLER_53_541,VPWR,li1,257.1400,155.0400,1.800000
FILLER_53_529,VPWR,li1,251.6200,155.0400,1.800000
FILLER_53_517,VPWR,li1,246.1000,155.0400,1.800000
FILLER_53_505,VPWR,li1,240.5800,155.0400,1.800000
FILLER_53_503,VPWR,li1,237.1300,155.0400,1.800000
FILLER_53_497,VPWR,li1,235.5200,155.0400,1.800000
FILLER_53_485,VPWR,li1,231.3800,155.0400,1.800000
FILLER_53_473,VPWR,li1,225.8600,155.0400,1.800000
FILLER_53_461,VPWR,li1,220.3400,155.0400,1.800000
FILLER_53_449,VPWR,li1,214.8200,155.0400,1.800000
FILLER_53_447,VPWR,li1,211.3700,155.0400,1.800000
FILLER_53_441,VPWR,li1,209.7600,155.0400,1.800000
FILLER_53_429,VPWR,li1,205.6200,155.0400,1.800000
FILLER_53_417,VPWR,li1,200.1000,155.0400,1.800000
FILLER_53_405,VPWR,li1,194.5800,155.0400,1.800000
FILLER_53_393,VPWR,li1,189.0600,155.0400,1.800000
FILLER_53_391,VPWR,li1,185.6100,155.0400,1.800000
FILLER_53_385,VPWR,li1,184.0000,155.0400,1.800000
FILLER_53_373,VPWR,li1,179.8600,155.0400,1.800000
FILLER_53_361,VPWR,li1,174.3400,155.0400,1.800000
FILLER_53_349,VPWR,li1,168.8200,155.0400,1.800000
FILLER_53_337,VPWR,li1,163.3000,155.0400,1.800000
FILLER_53_335,VPWR,li1,159.8500,155.0400,1.800000
FILLER_53_329,VPWR,li1,158.2400,155.0400,1.800000
FILLER_53_317,VPWR,li1,154.1000,155.0400,1.800000
FILLER_53_305,VPWR,li1,148.5800,155.0400,1.800000
FILLER_53_293,VPWR,li1,143.0600,155.0400,1.800000
FILLER_53_281,VPWR,li1,137.5400,155.0400,1.800000
FILLER_53_279,VPWR,li1,134.0900,155.0400,1.800000
FILLER_53_273,VPWR,li1,132.4800,155.0400,1.800000
FILLER_53_261,VPWR,li1,128.3400,155.0400,1.800000
FILLER_53_249,VPWR,li1,122.8200,155.0400,1.800000
FILLER_53_237,VPWR,li1,117.3000,155.0400,1.800000
FILLER_53_225,VPWR,li1,111.7800,155.0400,1.800000
FILLER_53_223,VPWR,li1,108.3300,155.0400,1.800000
FILLER_53_217,VPWR,li1,106.7200,155.0400,1.800000
FILLER_53_205,VPWR,li1,102.5800,155.0400,1.800000
FILLER_53_193,VPWR,li1,97.0600,155.0400,1.800000
FILLER_53_181,VPWR,li1,91.5400,155.0400,1.800000
FILLER_53_169,VPWR,li1,86.0200,155.0400,1.800000
FILLER_53_167,VPWR,li1,82.5700,155.0400,1.800000
FILLER_53_161,VPWR,li1,80.9600,155.0400,1.800000
FILLER_53_149,VPWR,li1,76.8200,155.0400,1.800000
FILLER_53_137,VPWR,li1,71.3000,155.0400,1.800000
FILLER_53_125,VPWR,li1,65.7800,155.0400,1.800000
FILLER_53_113,VPWR,li1,60.2600,155.0400,1.800000
FILLER_53_111,VPWR,li1,56.8100,155.0400,1.800000
FILLER_53_105,VPWR,li1,55.2000,155.0400,1.800000
FILLER_53_93,VPWR,li1,51.0600,155.0400,1.800000
FILLER_53_81,VPWR,li1,45.5400,155.0400,1.800000
FILLER_53_69,VPWR,li1,40.0200,155.0400,1.800000
FILLER_53_57,VPWR,li1,34.5000,155.0400,1.800000
FILLER_53_55,VPWR,li1,31.0500,155.0400,1.800000
FILLER_53_51,VPWR,li1,29.9000,155.0400,1.800000
FILLER_53_39,VPWR,li1,26.2200,155.0400,1.800000
FILLER_53_27,VPWR,li1,20.7000,155.0400,1.800000
FILLER_53_15,VPWR,li1,15.1800,155.0400,1.800000
FILLER_53_3,VPWR,li1,9.6600,155.0400,1.800000
FILLER_52_657,VPWR,li1,309.5800,155.0400,1.800000
FILLER_52_645,VPWR,li1,304.9800,155.0400,1.800000
FILLER_52_643,VPWR,li1,301.5300,155.0400,1.800000
FILLER_52_637,VPWR,li1,299.9200,155.0400,1.800000
FILLER_52_625,VPWR,li1,295.7800,155.0400,1.800000
FILLER_52_613,VPWR,li1,290.2600,155.0400,1.800000
FILLER_52_601,VPWR,li1,284.7400,155.0400,1.800000
FILLER_52_589,VPWR,li1,279.2200,155.0400,1.800000
FILLER_52_587,VPWR,li1,275.7700,155.0400,1.800000
FILLER_52_581,VPWR,li1,274.1600,155.0400,1.800000
FILLER_52_569,VPWR,li1,270.0200,155.0400,1.800000
FILLER_52_557,VPWR,li1,264.5000,155.0400,1.800000
FILLER_52_545,VPWR,li1,258.9800,155.0400,1.800000
FILLER_52_533,VPWR,li1,253.4600,155.0400,1.800000
FILLER_52_531,VPWR,li1,250.0100,155.0400,1.800000
FILLER_52_525,VPWR,li1,248.4000,155.0400,1.800000
FILLER_52_513,VPWR,li1,244.2600,155.0400,1.800000
FILLER_52_501,VPWR,li1,238.7400,155.0400,1.800000
FILLER_52_489,VPWR,li1,233.2200,155.0400,1.800000
FILLER_52_477,VPWR,li1,227.7000,155.0400,1.800000
FILLER_52_475,VPWR,li1,224.2500,155.0400,1.800000
FILLER_52_469,VPWR,li1,222.6400,155.0400,1.800000
FILLER_52_457,VPWR,li1,218.5000,155.0400,1.800000
FILLER_52_445,VPWR,li1,212.9800,155.0400,1.800000
FILLER_52_433,VPWR,li1,207.4600,155.0400,1.800000
FILLER_52_421,VPWR,li1,201.9400,155.0400,1.800000
FILLER_52_419,VPWR,li1,198.4900,155.0400,1.800000
FILLER_52_413,VPWR,li1,196.8800,155.0400,1.800000
FILLER_52_401,VPWR,li1,192.7400,155.0400,1.800000
FILLER_52_389,VPWR,li1,187.2200,155.0400,1.800000
FILLER_52_377,VPWR,li1,181.7000,155.0400,1.800000
FILLER_52_365,VPWR,li1,176.1800,155.0400,1.800000
FILLER_52_363,VPWR,li1,172.7300,155.0400,1.800000
FILLER_52_357,VPWR,li1,171.1200,155.0400,1.800000
FILLER_52_345,VPWR,li1,166.9800,155.0400,1.800000
FILLER_52_333,VPWR,li1,161.4600,155.0400,1.800000
FILLER_52_321,VPWR,li1,155.9400,155.0400,1.800000
FILLER_52_309,VPWR,li1,150.4200,155.0400,1.800000
FILLER_52_307,VPWR,li1,146.9700,155.0400,1.800000
FILLER_52_301,VPWR,li1,145.3600,155.0400,1.800000
FILLER_52_289,VPWR,li1,141.2200,155.0400,1.800000
FILLER_52_277,VPWR,li1,135.7000,155.0400,1.800000
FILLER_52_265,VPWR,li1,130.1800,155.0400,1.800000
FILLER_52_253,VPWR,li1,124.6600,155.0400,1.800000
FILLER_52_251,VPWR,li1,121.2100,155.0400,1.800000
FILLER_52_245,VPWR,li1,119.6000,155.0400,1.800000
FILLER_52_233,VPWR,li1,115.4600,155.0400,1.800000
FILLER_52_221,VPWR,li1,109.9400,155.0400,1.800000
FILLER_52_209,VPWR,li1,104.4200,155.0400,1.800000
FILLER_52_197,VPWR,li1,98.9000,155.0400,1.800000
FILLER_52_195,VPWR,li1,95.4500,155.0400,1.800000
FILLER_52_189,VPWR,li1,93.8400,155.0400,1.800000
FILLER_52_177,VPWR,li1,89.7000,155.0400,1.800000
FILLER_52_165,VPWR,li1,84.1800,155.0400,1.800000
FILLER_52_153,VPWR,li1,78.6600,155.0400,1.800000
FILLER_52_141,VPWR,li1,73.1400,155.0400,1.800000
FILLER_52_139,VPWR,li1,69.6900,155.0400,1.800000
FILLER_52_133,VPWR,li1,68.0800,155.0400,1.800000
FILLER_52_121,VPWR,li1,63.9400,155.0400,1.800000
FILLER_52_109,VPWR,li1,58.4200,155.0400,1.800000
FILLER_52_97,VPWR,li1,52.9000,155.0400,1.800000
FILLER_52_85,VPWR,li1,47.3800,155.0400,1.800000
FILLER_52_83,VPWR,li1,43.9300,155.0400,1.800000
FILLER_52_77,VPWR,li1,42.3200,155.0400,1.800000
FILLER_52_65,VPWR,li1,38.1800,155.0400,1.800000
FILLER_52_53,VPWR,li1,32.6600,155.0400,1.800000
FILLER_52_41,VPWR,li1,27.1400,155.0400,1.800000
FILLER_52_29,VPWR,li1,21.6200,155.0400,1.800000
FILLER_52_26,VPWR,li1,17.9400,155.0400,1.800000
FILLER_52_18,VPWR,li1,15.6400,155.0400,1.800000
FILLER_52_6,VPWR,li1,11.0400,155.0400,1.800000
FILLER_51_653,VPWR,li1,308.6600,149.6000,1.800000
FILLER_51_641,VPWR,li1,303.1400,149.6000,1.800000
FILLER_51_629,VPWR,li1,297.6200,149.6000,1.800000
FILLER_51_617,VPWR,li1,292.1000,149.6000,1.800000
FILLER_51_615,VPWR,li1,288.6500,149.6000,1.800000
FILLER_51_609,VPWR,li1,287.0400,149.6000,1.800000
FILLER_51_597,VPWR,li1,282.9000,149.6000,1.800000
FILLER_51_585,VPWR,li1,277.3800,149.6000,1.800000
FILLER_51_573,VPWR,li1,271.8600,149.6000,1.800000
FILLER_51_561,VPWR,li1,266.3400,149.6000,1.800000
FILLER_51_559,VPWR,li1,262.8900,149.6000,1.800000
FILLER_51_553,VPWR,li1,261.2800,149.6000,1.800000
FILLER_51_541,VPWR,li1,257.1400,149.6000,1.800000
FILLER_51_529,VPWR,li1,251.6200,149.6000,1.800000
FILLER_51_517,VPWR,li1,246.1000,149.6000,1.800000
FILLER_51_505,VPWR,li1,240.5800,149.6000,1.800000
FILLER_51_503,VPWR,li1,237.1300,149.6000,1.800000
FILLER_51_497,VPWR,li1,235.5200,149.6000,1.800000
FILLER_51_485,VPWR,li1,231.3800,149.6000,1.800000
FILLER_51_473,VPWR,li1,225.8600,149.6000,1.800000
FILLER_51_461,VPWR,li1,220.3400,149.6000,1.800000
FILLER_51_449,VPWR,li1,214.8200,149.6000,1.800000
FILLER_51_447,VPWR,li1,211.3700,149.6000,1.800000
FILLER_51_441,VPWR,li1,209.7600,149.6000,1.800000
FILLER_51_429,VPWR,li1,205.6200,149.6000,1.800000
FILLER_51_417,VPWR,li1,200.1000,149.6000,1.800000
FILLER_51_405,VPWR,li1,194.5800,149.6000,1.800000
FILLER_51_393,VPWR,li1,189.0600,149.6000,1.800000
FILLER_51_391,VPWR,li1,185.6100,149.6000,1.800000
FILLER_51_385,VPWR,li1,184.0000,149.6000,1.800000
FILLER_51_373,VPWR,li1,179.8600,149.6000,1.800000
FILLER_51_361,VPWR,li1,174.3400,149.6000,1.800000
FILLER_51_349,VPWR,li1,168.8200,149.6000,1.800000
FILLER_51_337,VPWR,li1,163.3000,149.6000,1.800000
FILLER_51_335,VPWR,li1,159.8500,149.6000,1.800000
FILLER_51_329,VPWR,li1,158.2400,149.6000,1.800000
FILLER_51_317,VPWR,li1,154.1000,149.6000,1.800000
FILLER_51_305,VPWR,li1,148.5800,149.6000,1.800000
FILLER_51_293,VPWR,li1,143.0600,149.6000,1.800000
FILLER_51_281,VPWR,li1,137.5400,149.6000,1.800000
FILLER_51_279,VPWR,li1,134.0900,149.6000,1.800000
FILLER_51_273,VPWR,li1,132.4800,149.6000,1.800000
FILLER_51_261,VPWR,li1,128.3400,149.6000,1.800000
FILLER_51_249,VPWR,li1,122.8200,149.6000,1.800000
FILLER_51_237,VPWR,li1,117.3000,149.6000,1.800000
FILLER_51_225,VPWR,li1,111.7800,149.6000,1.800000
FILLER_51_223,VPWR,li1,108.3300,149.6000,1.800000
FILLER_51_217,VPWR,li1,106.7200,149.6000,1.800000
FILLER_51_205,VPWR,li1,102.5800,149.6000,1.800000
FILLER_51_193,VPWR,li1,97.0600,149.6000,1.800000
FILLER_51_181,VPWR,li1,91.5400,149.6000,1.800000
FILLER_51_169,VPWR,li1,86.0200,149.6000,1.800000
FILLER_51_167,VPWR,li1,82.5700,149.6000,1.800000
FILLER_51_161,VPWR,li1,80.9600,149.6000,1.800000
FILLER_51_149,VPWR,li1,76.8200,149.6000,1.800000
FILLER_51_137,VPWR,li1,71.3000,149.6000,1.800000
FILLER_51_125,VPWR,li1,65.7800,149.6000,1.800000
FILLER_51_113,VPWR,li1,60.2600,149.6000,1.800000
FILLER_51_111,VPWR,li1,56.8100,149.6000,1.800000
FILLER_51_105,VPWR,li1,55.2000,149.6000,1.800000
FILLER_51_93,VPWR,li1,51.0600,149.6000,1.800000
FILLER_51_81,VPWR,li1,45.5400,149.6000,1.800000
FILLER_51_69,VPWR,li1,40.0200,149.6000,1.800000
FILLER_51_57,VPWR,li1,34.5000,149.6000,1.800000
FILLER_51_54,VPWR,li1,30.8200,149.6000,1.800000
FILLER_51_42,VPWR,li1,27.6000,149.6000,1.800000
FILLER_51_30,VPWR,li1,22.0800,149.6000,1.800000
FILLER_51_18,VPWR,li1,16.5600,149.6000,1.800000
FILLER_51_6,VPWR,li1,11.0400,149.6000,1.800000
FILLER_50_657,VPWR,li1,309.5800,149.6000,1.800000
FILLER_50_645,VPWR,li1,304.9800,149.6000,1.800000
FILLER_50_643,VPWR,li1,301.5300,149.6000,1.800000
FILLER_50_637,VPWR,li1,299.9200,149.6000,1.800000
FILLER_50_625,VPWR,li1,295.7800,149.6000,1.800000
FILLER_50_613,VPWR,li1,290.2600,149.6000,1.800000
FILLER_50_601,VPWR,li1,284.7400,149.6000,1.800000
FILLER_50_589,VPWR,li1,279.2200,149.6000,1.800000
FILLER_50_587,VPWR,li1,275.7700,149.6000,1.800000
FILLER_50_581,VPWR,li1,274.1600,149.6000,1.800000
FILLER_50_569,VPWR,li1,270.0200,149.6000,1.800000
FILLER_50_557,VPWR,li1,264.5000,149.6000,1.800000
FILLER_50_545,VPWR,li1,258.9800,149.6000,1.800000
FILLER_50_533,VPWR,li1,253.4600,149.6000,1.800000
FILLER_50_531,VPWR,li1,250.0100,149.6000,1.800000
FILLER_50_525,VPWR,li1,248.4000,149.6000,1.800000
FILLER_50_513,VPWR,li1,244.2600,149.6000,1.800000
FILLER_50_501,VPWR,li1,238.7400,149.6000,1.800000
FILLER_50_489,VPWR,li1,233.2200,149.6000,1.800000
FILLER_50_477,VPWR,li1,227.7000,149.6000,1.800000
FILLER_50_475,VPWR,li1,224.2500,149.6000,1.800000
FILLER_50_469,VPWR,li1,222.6400,149.6000,1.800000
FILLER_50_457,VPWR,li1,218.5000,149.6000,1.800000
FILLER_50_445,VPWR,li1,212.9800,149.6000,1.800000
FILLER_50_433,VPWR,li1,207.4600,149.6000,1.800000
FILLER_50_421,VPWR,li1,201.9400,149.6000,1.800000
FILLER_50_419,VPWR,li1,198.4900,149.6000,1.800000
FILLER_50_413,VPWR,li1,196.8800,149.6000,1.800000
FILLER_50_401,VPWR,li1,192.7400,149.6000,1.800000
FILLER_50_389,VPWR,li1,187.2200,149.6000,1.800000
FILLER_50_377,VPWR,li1,181.7000,149.6000,1.800000
FILLER_50_365,VPWR,li1,176.1800,149.6000,1.800000
FILLER_50_363,VPWR,li1,172.7300,149.6000,1.800000
FILLER_50_357,VPWR,li1,171.1200,149.6000,1.800000
FILLER_50_345,VPWR,li1,166.9800,149.6000,1.800000
FILLER_50_333,VPWR,li1,161.4600,149.6000,1.800000
FILLER_50_321,VPWR,li1,155.9400,149.6000,1.800000
FILLER_50_309,VPWR,li1,150.4200,149.6000,1.800000
FILLER_50_307,VPWR,li1,146.9700,149.6000,1.800000
FILLER_50_301,VPWR,li1,145.3600,149.6000,1.800000
FILLER_50_289,VPWR,li1,141.2200,149.6000,1.800000
FILLER_50_277,VPWR,li1,135.7000,149.6000,1.800000
FILLER_50_265,VPWR,li1,130.1800,149.6000,1.800000
FILLER_50_253,VPWR,li1,124.6600,149.6000,1.800000
FILLER_50_251,VPWR,li1,121.2100,149.6000,1.800000
FILLER_50_245,VPWR,li1,119.6000,149.6000,1.800000
FILLER_50_233,VPWR,li1,115.4600,149.6000,1.800000
FILLER_50_221,VPWR,li1,109.9400,149.6000,1.800000
FILLER_50_209,VPWR,li1,104.4200,149.6000,1.800000
FILLER_50_197,VPWR,li1,98.9000,149.6000,1.800000
FILLER_50_195,VPWR,li1,95.4500,149.6000,1.800000
FILLER_50_189,VPWR,li1,93.8400,149.6000,1.800000
FILLER_50_177,VPWR,li1,89.7000,149.6000,1.800000
FILLER_50_165,VPWR,li1,84.1800,149.6000,1.800000
FILLER_50_153,VPWR,li1,78.6600,149.6000,1.800000
FILLER_50_141,VPWR,li1,73.1400,149.6000,1.800000
FILLER_50_139,VPWR,li1,69.6900,149.6000,1.800000
FILLER_50_133,VPWR,li1,68.0800,149.6000,1.800000
FILLER_50_121,VPWR,li1,63.9400,149.6000,1.800000
FILLER_50_109,VPWR,li1,58.4200,149.6000,1.800000
FILLER_50_97,VPWR,li1,52.9000,149.6000,1.800000
FILLER_50_85,VPWR,li1,47.3800,149.6000,1.800000
FILLER_50_83,VPWR,li1,43.9300,149.6000,1.800000
FILLER_50_77,VPWR,li1,42.3200,149.6000,1.800000
FILLER_50_65,VPWR,li1,38.1800,149.6000,1.800000
FILLER_50_53,VPWR,li1,32.6600,149.6000,1.800000
FILLER_50_41,VPWR,li1,27.1400,149.6000,1.800000
FILLER_50_29,VPWR,li1,21.6200,149.6000,1.800000
FILLER_50_26,VPWR,li1,17.9400,149.6000,1.800000
FILLER_50_18,VPWR,li1,15.6400,149.6000,1.800000
FILLER_50_6,VPWR,li1,11.0400,149.6000,1.800000
FILLER_49_653,VPWR,li1,308.6600,144.1600,1.800000
FILLER_49_641,VPWR,li1,303.1400,144.1600,1.800000
FILLER_49_629,VPWR,li1,297.6200,144.1600,1.800000
FILLER_49_617,VPWR,li1,292.1000,144.1600,1.800000
FILLER_49_615,VPWR,li1,288.6500,144.1600,1.800000
FILLER_49_609,VPWR,li1,287.0400,144.1600,1.800000
FILLER_49_597,VPWR,li1,282.9000,144.1600,1.800000
FILLER_49_585,VPWR,li1,277.3800,144.1600,1.800000
FILLER_49_573,VPWR,li1,271.8600,144.1600,1.800000
FILLER_49_561,VPWR,li1,266.3400,144.1600,1.800000
FILLER_49_559,VPWR,li1,262.8900,144.1600,1.800000
FILLER_49_553,VPWR,li1,261.2800,144.1600,1.800000
FILLER_49_541,VPWR,li1,257.1400,144.1600,1.800000
FILLER_49_529,VPWR,li1,251.6200,144.1600,1.800000
FILLER_49_517,VPWR,li1,246.1000,144.1600,1.800000
FILLER_49_505,VPWR,li1,240.5800,144.1600,1.800000
FILLER_49_503,VPWR,li1,237.1300,144.1600,1.800000
FILLER_49_497,VPWR,li1,235.5200,144.1600,1.800000
FILLER_49_485,VPWR,li1,231.3800,144.1600,1.800000
FILLER_49_473,VPWR,li1,225.8600,144.1600,1.800000
FILLER_49_461,VPWR,li1,220.3400,144.1600,1.800000
FILLER_49_449,VPWR,li1,214.8200,144.1600,1.800000
FILLER_49_447,VPWR,li1,211.3700,144.1600,1.800000
FILLER_49_441,VPWR,li1,209.7600,144.1600,1.800000
FILLER_49_429,VPWR,li1,205.6200,144.1600,1.800000
FILLER_49_417,VPWR,li1,200.1000,144.1600,1.800000
FILLER_49_405,VPWR,li1,194.5800,144.1600,1.800000
FILLER_49_393,VPWR,li1,189.0600,144.1600,1.800000
FILLER_49_391,VPWR,li1,185.6100,144.1600,1.800000
FILLER_49_385,VPWR,li1,184.0000,144.1600,1.800000
FILLER_49_373,VPWR,li1,179.8600,144.1600,1.800000
FILLER_49_361,VPWR,li1,174.3400,144.1600,1.800000
FILLER_49_349,VPWR,li1,168.8200,144.1600,1.800000
FILLER_49_337,VPWR,li1,163.3000,144.1600,1.800000
FILLER_49_335,VPWR,li1,159.8500,144.1600,1.800000
FILLER_49_329,VPWR,li1,158.2400,144.1600,1.800000
FILLER_49_317,VPWR,li1,154.1000,144.1600,1.800000
FILLER_49_305,VPWR,li1,148.5800,144.1600,1.800000
FILLER_49_293,VPWR,li1,143.0600,144.1600,1.800000
FILLER_49_281,VPWR,li1,137.5400,144.1600,1.800000
FILLER_49_279,VPWR,li1,134.0900,144.1600,1.800000
FILLER_49_273,VPWR,li1,132.4800,144.1600,1.800000
FILLER_49_261,VPWR,li1,128.3400,144.1600,1.800000
FILLER_49_249,VPWR,li1,122.8200,144.1600,1.800000
FILLER_49_237,VPWR,li1,117.3000,144.1600,1.800000
FILLER_49_225,VPWR,li1,111.7800,144.1600,1.800000
FILLER_49_223,VPWR,li1,108.3300,144.1600,1.800000
FILLER_49_217,VPWR,li1,106.7200,144.1600,1.800000
FILLER_49_205,VPWR,li1,102.5800,144.1600,1.800000
FILLER_49_193,VPWR,li1,97.0600,144.1600,1.800000
FILLER_49_181,VPWR,li1,91.5400,144.1600,1.800000
FILLER_49_169,VPWR,li1,86.0200,144.1600,1.800000
FILLER_49_167,VPWR,li1,82.5700,144.1600,1.800000
FILLER_49_161,VPWR,li1,80.9600,144.1600,1.800000
FILLER_49_149,VPWR,li1,76.8200,144.1600,1.800000
FILLER_49_137,VPWR,li1,71.3000,144.1600,1.800000
FILLER_49_125,VPWR,li1,65.7800,144.1600,1.800000
FILLER_49_113,VPWR,li1,60.2600,144.1600,1.800000
FILLER_49_111,VPWR,li1,56.8100,144.1600,1.800000
FILLER_49_105,VPWR,li1,55.2000,144.1600,1.800000
FILLER_49_93,VPWR,li1,51.0600,144.1600,1.800000
FILLER_49_81,VPWR,li1,45.5400,144.1600,1.800000
FILLER_49_69,VPWR,li1,40.0200,144.1600,1.800000
FILLER_49_57,VPWR,li1,34.5000,144.1600,1.800000
FILLER_49_54,VPWR,li1,30.8200,144.1600,1.800000
FILLER_49_42,VPWR,li1,27.6000,144.1600,1.800000
FILLER_49_30,VPWR,li1,22.0800,144.1600,1.800000
FILLER_49_18,VPWR,li1,16.5600,144.1600,1.800000
FILLER_49_6,VPWR,li1,11.0400,144.1600,1.800000
FILLER_48_665,VPWR,li1,312.1100,144.1600,1.800000
FILLER_48_657,VPWR,li1,309.5800,144.1600,1.800000
FILLER_48_645,VPWR,li1,304.9800,144.1600,1.800000
FILLER_48_643,VPWR,li1,301.5300,144.1600,1.800000
FILLER_48_637,VPWR,li1,299.9200,144.1600,1.800000
FILLER_48_625,VPWR,li1,295.7800,144.1600,1.800000
FILLER_48_613,VPWR,li1,290.2600,144.1600,1.800000
FILLER_48_601,VPWR,li1,284.7400,144.1600,1.800000
FILLER_48_589,VPWR,li1,279.2200,144.1600,1.800000
FILLER_48_587,VPWR,li1,275.7700,144.1600,1.800000
FILLER_48_581,VPWR,li1,274.1600,144.1600,1.800000
FILLER_48_569,VPWR,li1,270.0200,144.1600,1.800000
FILLER_48_557,VPWR,li1,264.5000,144.1600,1.800000
FILLER_48_545,VPWR,li1,258.9800,144.1600,1.800000
FILLER_48_533,VPWR,li1,253.4600,144.1600,1.800000
FILLER_48_531,VPWR,li1,250.0100,144.1600,1.800000
FILLER_48_525,VPWR,li1,248.4000,144.1600,1.800000
FILLER_48_513,VPWR,li1,244.2600,144.1600,1.800000
FILLER_48_501,VPWR,li1,238.7400,144.1600,1.800000
FILLER_48_489,VPWR,li1,233.2200,144.1600,1.800000
FILLER_48_477,VPWR,li1,227.7000,144.1600,1.800000
FILLER_48_475,VPWR,li1,224.2500,144.1600,1.800000
FILLER_48_469,VPWR,li1,222.6400,144.1600,1.800000
FILLER_48_457,VPWR,li1,218.5000,144.1600,1.800000
FILLER_48_445,VPWR,li1,212.9800,144.1600,1.800000
FILLER_48_433,VPWR,li1,207.4600,144.1600,1.800000
FILLER_48_421,VPWR,li1,201.9400,144.1600,1.800000
FILLER_48_419,VPWR,li1,198.4900,144.1600,1.800000
FILLER_48_413,VPWR,li1,196.8800,144.1600,1.800000
FILLER_48_401,VPWR,li1,192.7400,144.1600,1.800000
FILLER_48_389,VPWR,li1,187.2200,144.1600,1.800000
FILLER_48_377,VPWR,li1,181.7000,144.1600,1.800000
FILLER_48_365,VPWR,li1,176.1800,144.1600,1.800000
FILLER_48_363,VPWR,li1,172.7300,144.1600,1.800000
FILLER_48_357,VPWR,li1,171.1200,144.1600,1.800000
FILLER_48_345,VPWR,li1,166.9800,144.1600,1.800000
FILLER_48_333,VPWR,li1,161.4600,144.1600,1.800000
FILLER_48_321,VPWR,li1,155.9400,144.1600,1.800000
FILLER_48_309,VPWR,li1,150.4200,144.1600,1.800000
FILLER_48_307,VPWR,li1,146.9700,144.1600,1.800000
FILLER_48_301,VPWR,li1,145.3600,144.1600,1.800000
FILLER_48_289,VPWR,li1,141.2200,144.1600,1.800000
FILLER_48_277,VPWR,li1,135.7000,144.1600,1.800000
FILLER_48_265,VPWR,li1,130.1800,144.1600,1.800000
FILLER_48_253,VPWR,li1,124.6600,144.1600,1.800000
FILLER_48_251,VPWR,li1,121.2100,144.1600,1.800000
FILLER_48_245,VPWR,li1,119.6000,144.1600,1.800000
FILLER_48_233,VPWR,li1,115.4600,144.1600,1.800000
FILLER_48_221,VPWR,li1,109.9400,144.1600,1.800000
FILLER_48_209,VPWR,li1,104.4200,144.1600,1.800000
FILLER_48_197,VPWR,li1,98.9000,144.1600,1.800000
FILLER_48_195,VPWR,li1,95.4500,144.1600,1.800000
FILLER_48_189,VPWR,li1,93.8400,144.1600,1.800000
FILLER_48_177,VPWR,li1,89.7000,144.1600,1.800000
FILLER_48_165,VPWR,li1,84.1800,144.1600,1.800000
FILLER_48_153,VPWR,li1,78.6600,144.1600,1.800000
FILLER_48_141,VPWR,li1,73.1400,144.1600,1.800000
FILLER_48_139,VPWR,li1,69.6900,144.1600,1.800000
FILLER_48_133,VPWR,li1,68.0800,144.1600,1.800000
FILLER_48_121,VPWR,li1,63.9400,144.1600,1.800000
FILLER_48_109,VPWR,li1,58.4200,144.1600,1.800000
FILLER_48_97,VPWR,li1,52.9000,144.1600,1.800000
FILLER_48_85,VPWR,li1,47.3800,144.1600,1.800000
FILLER_48_83,VPWR,li1,43.9300,144.1600,1.800000
FILLER_48_77,VPWR,li1,42.3200,144.1600,1.800000
FILLER_48_65,VPWR,li1,38.1800,144.1600,1.800000
FILLER_48_53,VPWR,li1,32.6600,144.1600,1.800000
FILLER_48_41,VPWR,li1,27.1400,144.1600,1.800000
FILLER_48_29,VPWR,li1,21.6200,144.1600,1.800000
FILLER_48_27,VPWR,li1,18.1700,144.1600,1.800000
FILLER_48_15,VPWR,li1,15.1800,144.1600,1.800000
FILLER_48_3,VPWR,li1,9.6600,144.1600,1.800000
FILLER_47_653,VPWR,li1,308.6600,138.7200,1.800000
FILLER_47_641,VPWR,li1,303.1400,138.7200,1.800000
FILLER_47_629,VPWR,li1,297.6200,138.7200,1.800000
FILLER_47_617,VPWR,li1,292.1000,138.7200,1.800000
FILLER_47_615,VPWR,li1,288.6500,138.7200,1.800000
FILLER_47_609,VPWR,li1,287.0400,138.7200,1.800000
FILLER_47_597,VPWR,li1,282.9000,138.7200,1.800000
FILLER_47_585,VPWR,li1,277.3800,138.7200,1.800000
FILLER_47_573,VPWR,li1,271.8600,138.7200,1.800000
FILLER_47_561,VPWR,li1,266.3400,138.7200,1.800000
FILLER_47_559,VPWR,li1,262.8900,138.7200,1.800000
FILLER_47_553,VPWR,li1,261.2800,138.7200,1.800000
FILLER_47_541,VPWR,li1,257.1400,138.7200,1.800000
FILLER_47_529,VPWR,li1,251.6200,138.7200,1.800000
FILLER_47_517,VPWR,li1,246.1000,138.7200,1.800000
FILLER_47_505,VPWR,li1,240.5800,138.7200,1.800000
FILLER_47_503,VPWR,li1,237.1300,138.7200,1.800000
FILLER_47_497,VPWR,li1,235.5200,138.7200,1.800000
FILLER_47_485,VPWR,li1,231.3800,138.7200,1.800000
FILLER_47_473,VPWR,li1,225.8600,138.7200,1.800000
FILLER_47_461,VPWR,li1,220.3400,138.7200,1.800000
FILLER_47_449,VPWR,li1,214.8200,138.7200,1.800000
FILLER_47_447,VPWR,li1,211.3700,138.7200,1.800000
FILLER_47_441,VPWR,li1,209.7600,138.7200,1.800000
FILLER_47_429,VPWR,li1,205.6200,138.7200,1.800000
FILLER_47_417,VPWR,li1,200.1000,138.7200,1.800000
FILLER_47_405,VPWR,li1,194.5800,138.7200,1.800000
FILLER_47_393,VPWR,li1,189.0600,138.7200,1.800000
FILLER_47_391,VPWR,li1,185.6100,138.7200,1.800000
FILLER_47_385,VPWR,li1,184.0000,138.7200,1.800000
FILLER_47_373,VPWR,li1,179.8600,138.7200,1.800000
FILLER_47_361,VPWR,li1,174.3400,138.7200,1.800000
FILLER_47_349,VPWR,li1,168.8200,138.7200,1.800000
FILLER_47_337,VPWR,li1,163.3000,138.7200,1.800000
FILLER_47_335,VPWR,li1,159.8500,138.7200,1.800000
FILLER_47_329,VPWR,li1,158.2400,138.7200,1.800000
FILLER_47_317,VPWR,li1,154.1000,138.7200,1.800000
FILLER_47_305,VPWR,li1,148.5800,138.7200,1.800000
FILLER_47_293,VPWR,li1,143.0600,138.7200,1.800000
FILLER_47_281,VPWR,li1,137.5400,138.7200,1.800000
FILLER_47_279,VPWR,li1,134.0900,138.7200,1.800000
FILLER_47_273,VPWR,li1,132.4800,138.7200,1.800000
FILLER_47_261,VPWR,li1,128.3400,138.7200,1.800000
FILLER_47_249,VPWR,li1,122.8200,138.7200,1.800000
FILLER_47_237,VPWR,li1,117.3000,138.7200,1.800000
FILLER_47_225,VPWR,li1,111.7800,138.7200,1.800000
FILLER_47_223,VPWR,li1,108.3300,138.7200,1.800000
FILLER_47_217,VPWR,li1,106.7200,138.7200,1.800000
FILLER_47_205,VPWR,li1,102.5800,138.7200,1.800000
FILLER_47_193,VPWR,li1,97.0600,138.7200,1.800000
FILLER_47_181,VPWR,li1,91.5400,138.7200,1.800000
FILLER_47_169,VPWR,li1,86.0200,138.7200,1.800000
FILLER_47_167,VPWR,li1,82.5700,138.7200,1.800000
FILLER_47_161,VPWR,li1,80.9600,138.7200,1.800000
FILLER_47_149,VPWR,li1,76.8200,138.7200,1.800000
FILLER_47_137,VPWR,li1,71.3000,138.7200,1.800000
FILLER_47_125,VPWR,li1,65.7800,138.7200,1.800000
FILLER_47_113,VPWR,li1,60.2600,138.7200,1.800000
FILLER_47_111,VPWR,li1,56.8100,138.7200,1.800000
FILLER_47_105,VPWR,li1,55.2000,138.7200,1.800000
FILLER_47_93,VPWR,li1,51.0600,138.7200,1.800000
FILLER_47_81,VPWR,li1,45.5400,138.7200,1.800000
FILLER_47_69,VPWR,li1,40.0200,138.7200,1.800000
FILLER_47_57,VPWR,li1,34.5000,138.7200,1.800000
FILLER_47_54,VPWR,li1,30.8200,138.7200,1.800000
FILLER_47_42,VPWR,li1,27.6000,138.7200,1.800000
FILLER_47_30,VPWR,li1,22.0800,138.7200,1.800000
FILLER_47_18,VPWR,li1,16.5600,138.7200,1.800000
FILLER_47_6,VPWR,li1,11.0400,138.7200,1.800000
FILLER_46_657,VPWR,li1,309.5800,138.7200,1.800000
FILLER_46_645,VPWR,li1,304.9800,138.7200,1.800000
FILLER_46_643,VPWR,li1,301.5300,138.7200,1.800000
FILLER_46_637,VPWR,li1,299.9200,138.7200,1.800000
FILLER_46_625,VPWR,li1,295.7800,138.7200,1.800000
FILLER_46_613,VPWR,li1,290.2600,138.7200,1.800000
FILLER_46_601,VPWR,li1,284.7400,138.7200,1.800000
FILLER_46_589,VPWR,li1,279.2200,138.7200,1.800000
FILLER_46_587,VPWR,li1,275.7700,138.7200,1.800000
FILLER_46_581,VPWR,li1,274.1600,138.7200,1.800000
FILLER_46_569,VPWR,li1,270.0200,138.7200,1.800000
FILLER_46_557,VPWR,li1,264.5000,138.7200,1.800000
FILLER_46_545,VPWR,li1,258.9800,138.7200,1.800000
FILLER_46_533,VPWR,li1,253.4600,138.7200,1.800000
FILLER_46_531,VPWR,li1,250.0100,138.7200,1.800000
FILLER_46_525,VPWR,li1,248.4000,138.7200,1.800000
FILLER_46_513,VPWR,li1,244.2600,138.7200,1.800000
FILLER_46_501,VPWR,li1,238.7400,138.7200,1.800000
FILLER_46_489,VPWR,li1,233.2200,138.7200,1.800000
FILLER_46_477,VPWR,li1,227.7000,138.7200,1.800000
FILLER_46_475,VPWR,li1,224.2500,138.7200,1.800000
FILLER_46_469,VPWR,li1,222.6400,138.7200,1.800000
FILLER_46_457,VPWR,li1,218.5000,138.7200,1.800000
FILLER_46_445,VPWR,li1,212.9800,138.7200,1.800000
FILLER_46_433,VPWR,li1,207.4600,138.7200,1.800000
FILLER_46_421,VPWR,li1,201.9400,138.7200,1.800000
FILLER_46_419,VPWR,li1,198.4900,138.7200,1.800000
FILLER_46_413,VPWR,li1,196.8800,138.7200,1.800000
FILLER_46_401,VPWR,li1,192.7400,138.7200,1.800000
FILLER_46_389,VPWR,li1,187.2200,138.7200,1.800000
FILLER_46_377,VPWR,li1,181.7000,138.7200,1.800000
FILLER_46_365,VPWR,li1,176.1800,138.7200,1.800000
FILLER_46_363,VPWR,li1,172.7300,138.7200,1.800000
FILLER_46_357,VPWR,li1,171.1200,138.7200,1.800000
FILLER_46_345,VPWR,li1,166.9800,138.7200,1.800000
FILLER_46_333,VPWR,li1,161.4600,138.7200,1.800000
FILLER_46_321,VPWR,li1,155.9400,138.7200,1.800000
FILLER_46_309,VPWR,li1,150.4200,138.7200,1.800000
FILLER_46_307,VPWR,li1,146.9700,138.7200,1.800000
FILLER_46_301,VPWR,li1,145.3600,138.7200,1.800000
FILLER_46_289,VPWR,li1,141.2200,138.7200,1.800000
FILLER_46_277,VPWR,li1,135.7000,138.7200,1.800000
FILLER_46_265,VPWR,li1,130.1800,138.7200,1.800000
FILLER_46_253,VPWR,li1,124.6600,138.7200,1.800000
FILLER_46_251,VPWR,li1,121.2100,138.7200,1.800000
FILLER_46_245,VPWR,li1,119.6000,138.7200,1.800000
FILLER_46_233,VPWR,li1,115.4600,138.7200,1.800000
FILLER_46_221,VPWR,li1,109.9400,138.7200,1.800000
FILLER_46_209,VPWR,li1,104.4200,138.7200,1.800000
FILLER_46_197,VPWR,li1,98.9000,138.7200,1.800000
FILLER_46_195,VPWR,li1,95.4500,138.7200,1.800000
FILLER_46_189,VPWR,li1,93.8400,138.7200,1.800000
FILLER_46_177,VPWR,li1,89.7000,138.7200,1.800000
FILLER_46_165,VPWR,li1,84.1800,138.7200,1.800000
FILLER_46_153,VPWR,li1,78.6600,138.7200,1.800000
FILLER_46_141,VPWR,li1,73.1400,138.7200,1.800000
FILLER_46_139,VPWR,li1,69.6900,138.7200,1.800000
FILLER_46_133,VPWR,li1,68.0800,138.7200,1.800000
FILLER_46_121,VPWR,li1,63.9400,138.7200,1.800000
FILLER_46_109,VPWR,li1,58.4200,138.7200,1.800000
FILLER_46_97,VPWR,li1,52.9000,138.7200,1.800000
FILLER_46_85,VPWR,li1,47.3800,138.7200,1.800000
FILLER_46_83,VPWR,li1,43.9300,138.7200,1.800000
FILLER_46_77,VPWR,li1,42.3200,138.7200,1.800000
FILLER_46_65,VPWR,li1,38.1800,138.7200,1.800000
FILLER_46_53,VPWR,li1,32.6600,138.7200,1.800000
FILLER_46_41,VPWR,li1,27.1400,138.7200,1.800000
FILLER_46_29,VPWR,li1,21.6200,138.7200,1.800000
FILLER_46_27,VPWR,li1,18.1700,138.7200,1.800000
FILLER_46_15,VPWR,li1,15.1800,138.7200,1.800000
FILLER_46_3,VPWR,li1,9.6600,138.7200,1.800000
FILLER_45_653,VPWR,li1,308.6600,133.2800,1.800000
FILLER_45_641,VPWR,li1,303.1400,133.2800,1.800000
FILLER_45_629,VPWR,li1,297.6200,133.2800,1.800000
FILLER_45_617,VPWR,li1,292.1000,133.2800,1.800000
FILLER_45_615,VPWR,li1,288.6500,133.2800,1.800000
FILLER_45_609,VPWR,li1,287.0400,133.2800,1.800000
FILLER_45_597,VPWR,li1,282.9000,133.2800,1.800000
FILLER_45_585,VPWR,li1,277.3800,133.2800,1.800000
FILLER_45_573,VPWR,li1,271.8600,133.2800,1.800000
FILLER_45_561,VPWR,li1,266.3400,133.2800,1.800000
FILLER_45_559,VPWR,li1,262.8900,133.2800,1.800000
FILLER_45_553,VPWR,li1,261.2800,133.2800,1.800000
FILLER_45_541,VPWR,li1,257.1400,133.2800,1.800000
FILLER_45_529,VPWR,li1,251.6200,133.2800,1.800000
FILLER_45_517,VPWR,li1,246.1000,133.2800,1.800000
FILLER_45_505,VPWR,li1,240.5800,133.2800,1.800000
FILLER_45_503,VPWR,li1,237.1300,133.2800,1.800000
FILLER_45_497,VPWR,li1,235.5200,133.2800,1.800000
FILLER_45_485,VPWR,li1,231.3800,133.2800,1.800000
FILLER_45_473,VPWR,li1,225.8600,133.2800,1.800000
FILLER_45_461,VPWR,li1,220.3400,133.2800,1.800000
FILLER_45_449,VPWR,li1,214.8200,133.2800,1.800000
FILLER_45_447,VPWR,li1,211.3700,133.2800,1.800000
FILLER_45_441,VPWR,li1,209.7600,133.2800,1.800000
FILLER_45_429,VPWR,li1,205.6200,133.2800,1.800000
FILLER_45_417,VPWR,li1,200.1000,133.2800,1.800000
FILLER_45_405,VPWR,li1,194.5800,133.2800,1.800000
FILLER_45_393,VPWR,li1,189.0600,133.2800,1.800000
FILLER_45_391,VPWR,li1,185.6100,133.2800,1.800000
FILLER_45_385,VPWR,li1,184.0000,133.2800,1.800000
FILLER_45_373,VPWR,li1,179.8600,133.2800,1.800000
FILLER_45_361,VPWR,li1,174.3400,133.2800,1.800000
FILLER_45_349,VPWR,li1,168.8200,133.2800,1.800000
FILLER_45_337,VPWR,li1,163.3000,133.2800,1.800000
FILLER_45_335,VPWR,li1,159.8500,133.2800,1.800000
FILLER_45_329,VPWR,li1,158.2400,133.2800,1.800000
FILLER_45_317,VPWR,li1,154.1000,133.2800,1.800000
FILLER_45_305,VPWR,li1,148.5800,133.2800,1.800000
FILLER_45_293,VPWR,li1,143.0600,133.2800,1.800000
FILLER_45_281,VPWR,li1,137.5400,133.2800,1.800000
FILLER_45_279,VPWR,li1,134.0900,133.2800,1.800000
FILLER_45_273,VPWR,li1,132.4800,133.2800,1.800000
FILLER_45_261,VPWR,li1,128.3400,133.2800,1.800000
FILLER_45_249,VPWR,li1,122.8200,133.2800,1.800000
FILLER_45_237,VPWR,li1,117.3000,133.2800,1.800000
FILLER_45_225,VPWR,li1,111.7800,133.2800,1.800000
FILLER_45_223,VPWR,li1,108.3300,133.2800,1.800000
FILLER_45_217,VPWR,li1,106.7200,133.2800,1.800000
FILLER_45_205,VPWR,li1,102.5800,133.2800,1.800000
FILLER_45_193,VPWR,li1,97.0600,133.2800,1.800000
FILLER_45_181,VPWR,li1,91.5400,133.2800,1.800000
FILLER_45_169,VPWR,li1,86.0200,133.2800,1.800000
FILLER_45_167,VPWR,li1,82.5700,133.2800,1.800000
FILLER_45_161,VPWR,li1,80.9600,133.2800,1.800000
FILLER_45_149,VPWR,li1,76.8200,133.2800,1.800000
FILLER_45_137,VPWR,li1,71.3000,133.2800,1.800000
FILLER_45_125,VPWR,li1,65.7800,133.2800,1.800000
FILLER_45_113,VPWR,li1,60.2600,133.2800,1.800000
FILLER_45_111,VPWR,li1,56.8100,133.2800,1.800000
FILLER_45_105,VPWR,li1,55.2000,133.2800,1.800000
FILLER_45_93,VPWR,li1,51.0600,133.2800,1.800000
FILLER_45_81,VPWR,li1,45.5400,133.2800,1.800000
FILLER_45_69,VPWR,li1,40.0200,133.2800,1.800000
FILLER_45_57,VPWR,li1,34.5000,133.2800,1.800000
FILLER_45_55,VPWR,li1,31.0500,133.2800,1.800000
FILLER_45_51,VPWR,li1,29.9000,133.2800,1.800000
FILLER_45_39,VPWR,li1,26.2200,133.2800,1.800000
FILLER_45_27,VPWR,li1,20.7000,133.2800,1.800000
FILLER_45_15,VPWR,li1,15.1800,133.2800,1.800000
FILLER_45_3,VPWR,li1,9.6600,133.2800,1.800000
FILLER_44_657,VPWR,li1,309.5800,133.2800,1.800000
FILLER_44_645,VPWR,li1,304.9800,133.2800,1.800000
FILLER_44_643,VPWR,li1,301.5300,133.2800,1.800000
FILLER_44_637,VPWR,li1,299.9200,133.2800,1.800000
FILLER_44_625,VPWR,li1,295.7800,133.2800,1.800000
FILLER_44_613,VPWR,li1,290.2600,133.2800,1.800000
FILLER_44_601,VPWR,li1,284.7400,133.2800,1.800000
FILLER_44_589,VPWR,li1,279.2200,133.2800,1.800000
FILLER_44_587,VPWR,li1,275.7700,133.2800,1.800000
FILLER_44_581,VPWR,li1,274.1600,133.2800,1.800000
FILLER_44_569,VPWR,li1,270.0200,133.2800,1.800000
FILLER_44_557,VPWR,li1,264.5000,133.2800,1.800000
FILLER_44_545,VPWR,li1,258.9800,133.2800,1.800000
FILLER_44_533,VPWR,li1,253.4600,133.2800,1.800000
FILLER_44_531,VPWR,li1,250.0100,133.2800,1.800000
FILLER_44_525,VPWR,li1,248.4000,133.2800,1.800000
FILLER_44_513,VPWR,li1,244.2600,133.2800,1.800000
FILLER_44_501,VPWR,li1,238.7400,133.2800,1.800000
FILLER_44_489,VPWR,li1,233.2200,133.2800,1.800000
FILLER_44_477,VPWR,li1,227.7000,133.2800,1.800000
FILLER_44_475,VPWR,li1,224.2500,133.2800,1.800000
FILLER_44_469,VPWR,li1,222.6400,133.2800,1.800000
FILLER_44_457,VPWR,li1,218.5000,133.2800,1.800000
FILLER_44_445,VPWR,li1,212.9800,133.2800,1.800000
FILLER_44_433,VPWR,li1,207.4600,133.2800,1.800000
FILLER_44_421,VPWR,li1,201.9400,133.2800,1.800000
FILLER_44_419,VPWR,li1,198.4900,133.2800,1.800000
FILLER_44_413,VPWR,li1,196.8800,133.2800,1.800000
FILLER_44_401,VPWR,li1,192.7400,133.2800,1.800000
FILLER_44_389,VPWR,li1,187.2200,133.2800,1.800000
FILLER_44_377,VPWR,li1,181.7000,133.2800,1.800000
FILLER_44_365,VPWR,li1,176.1800,133.2800,1.800000
FILLER_44_363,VPWR,li1,172.7300,133.2800,1.800000
FILLER_44_357,VPWR,li1,171.1200,133.2800,1.800000
FILLER_44_345,VPWR,li1,166.9800,133.2800,1.800000
FILLER_44_333,VPWR,li1,161.4600,133.2800,1.800000
FILLER_44_321,VPWR,li1,155.9400,133.2800,1.800000
FILLER_44_309,VPWR,li1,150.4200,133.2800,1.800000
FILLER_44_307,VPWR,li1,146.9700,133.2800,1.800000
FILLER_44_301,VPWR,li1,145.3600,133.2800,1.800000
FILLER_44_289,VPWR,li1,141.2200,133.2800,1.800000
FILLER_44_277,VPWR,li1,135.7000,133.2800,1.800000
FILLER_44_265,VPWR,li1,130.1800,133.2800,1.800000
FILLER_44_253,VPWR,li1,124.6600,133.2800,1.800000
FILLER_44_251,VPWR,li1,121.2100,133.2800,1.800000
FILLER_44_245,VPWR,li1,119.6000,133.2800,1.800000
FILLER_44_233,VPWR,li1,115.4600,133.2800,1.800000
FILLER_44_221,VPWR,li1,109.9400,133.2800,1.800000
FILLER_44_209,VPWR,li1,104.4200,133.2800,1.800000
FILLER_44_197,VPWR,li1,98.9000,133.2800,1.800000
FILLER_44_195,VPWR,li1,95.4500,133.2800,1.800000
FILLER_44_189,VPWR,li1,93.8400,133.2800,1.800000
FILLER_44_177,VPWR,li1,89.7000,133.2800,1.800000
FILLER_44_165,VPWR,li1,84.1800,133.2800,1.800000
FILLER_44_153,VPWR,li1,78.6600,133.2800,1.800000
FILLER_44_141,VPWR,li1,73.1400,133.2800,1.800000
FILLER_44_139,VPWR,li1,69.6900,133.2800,1.800000
FILLER_44_133,VPWR,li1,68.0800,133.2800,1.800000
FILLER_44_121,VPWR,li1,63.9400,133.2800,1.800000
FILLER_44_109,VPWR,li1,58.4200,133.2800,1.800000
FILLER_44_97,VPWR,li1,52.9000,133.2800,1.800000
FILLER_44_85,VPWR,li1,47.3800,133.2800,1.800000
FILLER_44_83,VPWR,li1,43.9300,133.2800,1.800000
FILLER_44_77,VPWR,li1,42.3200,133.2800,1.800000
FILLER_44_65,VPWR,li1,38.1800,133.2800,1.800000
FILLER_44_53,VPWR,li1,32.6600,133.2800,1.800000
FILLER_44_41,VPWR,li1,27.1400,133.2800,1.800000
FILLER_44_29,VPWR,li1,21.6200,133.2800,1.800000
FILLER_44_27,VPWR,li1,18.1700,133.2800,1.800000
FILLER_44_15,VPWR,li1,15.1800,133.2800,1.800000
FILLER_44_3,VPWR,li1,9.6600,133.2800,1.800000
FILLER_43_665,VPWR,li1,312.1100,127.8400,1.800000
FILLER_43_653,VPWR,li1,308.6600,127.8400,1.800000
FILLER_43_641,VPWR,li1,303.1400,127.8400,1.800000
FILLER_43_629,VPWR,li1,297.6200,127.8400,1.800000
FILLER_43_617,VPWR,li1,292.1000,127.8400,1.800000
FILLER_43_615,VPWR,li1,288.6500,127.8400,1.800000
FILLER_43_609,VPWR,li1,287.0400,127.8400,1.800000
FILLER_43_597,VPWR,li1,282.9000,127.8400,1.800000
FILLER_43_585,VPWR,li1,277.3800,127.8400,1.800000
FILLER_43_573,VPWR,li1,271.8600,127.8400,1.800000
FILLER_43_561,VPWR,li1,266.3400,127.8400,1.800000
FILLER_43_559,VPWR,li1,262.8900,127.8400,1.800000
FILLER_43_553,VPWR,li1,261.2800,127.8400,1.800000
FILLER_43_541,VPWR,li1,257.1400,127.8400,1.800000
FILLER_43_529,VPWR,li1,251.6200,127.8400,1.800000
FILLER_43_517,VPWR,li1,246.1000,127.8400,1.800000
FILLER_43_505,VPWR,li1,240.5800,127.8400,1.800000
FILLER_43_503,VPWR,li1,237.1300,127.8400,1.800000
FILLER_43_497,VPWR,li1,235.5200,127.8400,1.800000
FILLER_43_485,VPWR,li1,231.3800,127.8400,1.800000
FILLER_43_473,VPWR,li1,225.8600,127.8400,1.800000
FILLER_43_461,VPWR,li1,220.3400,127.8400,1.800000
FILLER_43_449,VPWR,li1,214.8200,127.8400,1.800000
FILLER_43_447,VPWR,li1,211.3700,127.8400,1.800000
FILLER_43_441,VPWR,li1,209.7600,127.8400,1.800000
FILLER_43_429,VPWR,li1,205.6200,127.8400,1.800000
FILLER_43_417,VPWR,li1,200.1000,127.8400,1.800000
FILLER_43_405,VPWR,li1,194.5800,127.8400,1.800000
FILLER_43_393,VPWR,li1,189.0600,127.8400,1.800000
FILLER_43_391,VPWR,li1,185.6100,127.8400,1.800000
FILLER_43_385,VPWR,li1,184.0000,127.8400,1.800000
FILLER_43_373,VPWR,li1,179.8600,127.8400,1.800000
FILLER_43_361,VPWR,li1,174.3400,127.8400,1.800000
FILLER_43_349,VPWR,li1,168.8200,127.8400,1.800000
FILLER_43_337,VPWR,li1,163.3000,127.8400,1.800000
FILLER_43_335,VPWR,li1,159.8500,127.8400,1.800000
FILLER_43_329,VPWR,li1,158.2400,127.8400,1.800000
FILLER_43_317,VPWR,li1,154.1000,127.8400,1.800000
FILLER_43_305,VPWR,li1,148.5800,127.8400,1.800000
FILLER_43_293,VPWR,li1,143.0600,127.8400,1.800000
FILLER_43_281,VPWR,li1,137.5400,127.8400,1.800000
FILLER_43_279,VPWR,li1,134.0900,127.8400,1.800000
FILLER_43_273,VPWR,li1,132.4800,127.8400,1.800000
FILLER_43_261,VPWR,li1,128.3400,127.8400,1.800000
FILLER_43_249,VPWR,li1,122.8200,127.8400,1.800000
FILLER_43_237,VPWR,li1,117.3000,127.8400,1.800000
FILLER_43_225,VPWR,li1,111.7800,127.8400,1.800000
FILLER_43_223,VPWR,li1,108.3300,127.8400,1.800000
FILLER_43_217,VPWR,li1,106.7200,127.8400,1.800000
FILLER_43_205,VPWR,li1,102.5800,127.8400,1.800000
FILLER_43_193,VPWR,li1,97.0600,127.8400,1.800000
FILLER_43_181,VPWR,li1,91.5400,127.8400,1.800000
FILLER_43_169,VPWR,li1,86.0200,127.8400,1.800000
FILLER_43_167,VPWR,li1,82.5700,127.8400,1.800000
FILLER_43_161,VPWR,li1,80.9600,127.8400,1.800000
FILLER_43_149,VPWR,li1,76.8200,127.8400,1.800000
FILLER_43_137,VPWR,li1,71.3000,127.8400,1.800000
FILLER_43_125,VPWR,li1,65.7800,127.8400,1.800000
FILLER_43_113,VPWR,li1,60.2600,127.8400,1.800000
FILLER_43_111,VPWR,li1,56.8100,127.8400,1.800000
FILLER_43_105,VPWR,li1,55.2000,127.8400,1.800000
FILLER_43_93,VPWR,li1,51.0600,127.8400,1.800000
FILLER_43_81,VPWR,li1,45.5400,127.8400,1.800000
FILLER_43_69,VPWR,li1,40.0200,127.8400,1.800000
FILLER_43_57,VPWR,li1,34.5000,127.8400,1.800000
FILLER_43_55,VPWR,li1,31.0500,127.8400,1.800000
FILLER_43_51,VPWR,li1,29.9000,127.8400,1.800000
FILLER_43_39,VPWR,li1,26.2200,127.8400,1.800000
FILLER_43_27,VPWR,li1,20.7000,127.8400,1.800000
FILLER_43_15,VPWR,li1,15.1800,127.8400,1.800000
FILLER_43_3,VPWR,li1,9.6600,127.8400,1.800000
FILLER_42_657,VPWR,li1,309.5800,127.8400,1.800000
FILLER_42_645,VPWR,li1,304.9800,127.8400,1.800000
FILLER_42_643,VPWR,li1,301.5300,127.8400,1.800000
FILLER_42_637,VPWR,li1,299.9200,127.8400,1.800000
FILLER_42_625,VPWR,li1,295.7800,127.8400,1.800000
FILLER_42_613,VPWR,li1,290.2600,127.8400,1.800000
FILLER_42_601,VPWR,li1,284.7400,127.8400,1.800000
FILLER_42_589,VPWR,li1,279.2200,127.8400,1.800000
FILLER_42_587,VPWR,li1,275.7700,127.8400,1.800000
FILLER_42_581,VPWR,li1,274.1600,127.8400,1.800000
FILLER_42_569,VPWR,li1,270.0200,127.8400,1.800000
FILLER_42_557,VPWR,li1,264.5000,127.8400,1.800000
FILLER_42_545,VPWR,li1,258.9800,127.8400,1.800000
FILLER_42_533,VPWR,li1,253.4600,127.8400,1.800000
FILLER_42_531,VPWR,li1,250.0100,127.8400,1.800000
FILLER_42_525,VPWR,li1,248.4000,127.8400,1.800000
FILLER_42_513,VPWR,li1,244.2600,127.8400,1.800000
FILLER_42_501,VPWR,li1,238.7400,127.8400,1.800000
FILLER_42_489,VPWR,li1,233.2200,127.8400,1.800000
FILLER_42_477,VPWR,li1,227.7000,127.8400,1.800000
FILLER_42_475,VPWR,li1,224.2500,127.8400,1.800000
FILLER_42_469,VPWR,li1,222.6400,127.8400,1.800000
FILLER_42_457,VPWR,li1,218.5000,127.8400,1.800000
FILLER_42_445,VPWR,li1,212.9800,127.8400,1.800000
FILLER_42_433,VPWR,li1,207.4600,127.8400,1.800000
FILLER_42_421,VPWR,li1,201.9400,127.8400,1.800000
FILLER_42_419,VPWR,li1,198.4900,127.8400,1.800000
FILLER_42_413,VPWR,li1,196.8800,127.8400,1.800000
FILLER_42_401,VPWR,li1,192.7400,127.8400,1.800000
FILLER_42_389,VPWR,li1,187.2200,127.8400,1.800000
FILLER_42_377,VPWR,li1,181.7000,127.8400,1.800000
FILLER_42_365,VPWR,li1,176.1800,127.8400,1.800000
FILLER_42_363,VPWR,li1,172.7300,127.8400,1.800000
FILLER_42_357,VPWR,li1,171.1200,127.8400,1.800000
FILLER_42_345,VPWR,li1,166.9800,127.8400,1.800000
FILLER_42_333,VPWR,li1,161.4600,127.8400,1.800000
FILLER_42_321,VPWR,li1,155.9400,127.8400,1.800000
FILLER_42_309,VPWR,li1,150.4200,127.8400,1.800000
FILLER_42_307,VPWR,li1,146.9700,127.8400,1.800000
FILLER_42_301,VPWR,li1,145.3600,127.8400,1.800000
FILLER_42_289,VPWR,li1,141.2200,127.8400,1.800000
FILLER_42_277,VPWR,li1,135.7000,127.8400,1.800000
FILLER_42_265,VPWR,li1,130.1800,127.8400,1.800000
FILLER_42_253,VPWR,li1,124.6600,127.8400,1.800000
FILLER_42_251,VPWR,li1,121.2100,127.8400,1.800000
FILLER_42_245,VPWR,li1,119.6000,127.8400,1.800000
FILLER_42_233,VPWR,li1,115.4600,127.8400,1.800000
FILLER_42_221,VPWR,li1,109.9400,127.8400,1.800000
FILLER_42_209,VPWR,li1,104.4200,127.8400,1.800000
FILLER_42_197,VPWR,li1,98.9000,127.8400,1.800000
FILLER_42_195,VPWR,li1,95.4500,127.8400,1.800000
FILLER_42_189,VPWR,li1,93.8400,127.8400,1.800000
FILLER_42_177,VPWR,li1,89.7000,127.8400,1.800000
FILLER_42_165,VPWR,li1,84.1800,127.8400,1.800000
FILLER_42_153,VPWR,li1,78.6600,127.8400,1.800000
FILLER_42_141,VPWR,li1,73.1400,127.8400,1.800000
FILLER_42_139,VPWR,li1,69.6900,127.8400,1.800000
FILLER_42_133,VPWR,li1,68.0800,127.8400,1.800000
FILLER_42_121,VPWR,li1,63.9400,127.8400,1.800000
FILLER_42_109,VPWR,li1,58.4200,127.8400,1.800000
FILLER_42_97,VPWR,li1,52.9000,127.8400,1.800000
FILLER_42_85,VPWR,li1,47.3800,127.8400,1.800000
FILLER_42_83,VPWR,li1,43.9300,127.8400,1.800000
FILLER_42_77,VPWR,li1,42.3200,127.8400,1.800000
FILLER_42_65,VPWR,li1,38.1800,127.8400,1.800000
FILLER_42_53,VPWR,li1,32.6600,127.8400,1.800000
FILLER_42_41,VPWR,li1,27.1400,127.8400,1.800000
FILLER_42_29,VPWR,li1,21.6200,127.8400,1.800000
FILLER_42_27,VPWR,li1,18.1700,127.8400,1.800000
FILLER_42_15,VPWR,li1,15.1800,127.8400,1.800000
FILLER_42_3,VPWR,li1,9.6600,127.8400,1.800000
FILLER_41_653,VPWR,li1,308.6600,122.4000,1.800000
FILLER_41_641,VPWR,li1,303.1400,122.4000,1.800000
FILLER_41_629,VPWR,li1,297.6200,122.4000,1.800000
FILLER_41_617,VPWR,li1,292.1000,122.4000,1.800000
FILLER_41_615,VPWR,li1,288.6500,122.4000,1.800000
FILLER_41_609,VPWR,li1,287.0400,122.4000,1.800000
FILLER_41_597,VPWR,li1,282.9000,122.4000,1.800000
FILLER_41_585,VPWR,li1,277.3800,122.4000,1.800000
FILLER_41_573,VPWR,li1,271.8600,122.4000,1.800000
FILLER_41_561,VPWR,li1,266.3400,122.4000,1.800000
FILLER_41_559,VPWR,li1,262.8900,122.4000,1.800000
FILLER_41_553,VPWR,li1,261.2800,122.4000,1.800000
FILLER_41_541,VPWR,li1,257.1400,122.4000,1.800000
FILLER_41_529,VPWR,li1,251.6200,122.4000,1.800000
FILLER_41_517,VPWR,li1,246.1000,122.4000,1.800000
FILLER_41_505,VPWR,li1,240.5800,122.4000,1.800000
FILLER_41_503,VPWR,li1,237.1300,122.4000,1.800000
FILLER_41_497,VPWR,li1,235.5200,122.4000,1.800000
FILLER_41_485,VPWR,li1,231.3800,122.4000,1.800000
FILLER_41_473,VPWR,li1,225.8600,122.4000,1.800000
FILLER_41_461,VPWR,li1,220.3400,122.4000,1.800000
FILLER_41_449,VPWR,li1,214.8200,122.4000,1.800000
FILLER_41_447,VPWR,li1,211.3700,122.4000,1.800000
FILLER_41_441,VPWR,li1,209.7600,122.4000,1.800000
FILLER_41_429,VPWR,li1,205.6200,122.4000,1.800000
FILLER_41_417,VPWR,li1,200.1000,122.4000,1.800000
FILLER_41_405,VPWR,li1,194.5800,122.4000,1.800000
FILLER_41_393,VPWR,li1,189.0600,122.4000,1.800000
FILLER_41_391,VPWR,li1,185.6100,122.4000,1.800000
FILLER_41_385,VPWR,li1,184.0000,122.4000,1.800000
FILLER_41_373,VPWR,li1,179.8600,122.4000,1.800000
FILLER_41_361,VPWR,li1,174.3400,122.4000,1.800000
FILLER_41_349,VPWR,li1,168.8200,122.4000,1.800000
FILLER_41_337,VPWR,li1,163.3000,122.4000,1.800000
FILLER_41_335,VPWR,li1,159.8500,122.4000,1.800000
FILLER_41_329,VPWR,li1,158.2400,122.4000,1.800000
FILLER_41_317,VPWR,li1,154.1000,122.4000,1.800000
FILLER_41_305,VPWR,li1,148.5800,122.4000,1.800000
FILLER_41_293,VPWR,li1,143.0600,122.4000,1.800000
FILLER_41_281,VPWR,li1,137.5400,122.4000,1.800000
FILLER_41_279,VPWR,li1,134.0900,122.4000,1.800000
FILLER_41_273,VPWR,li1,132.4800,122.4000,1.800000
FILLER_41_261,VPWR,li1,128.3400,122.4000,1.800000
FILLER_41_249,VPWR,li1,122.8200,122.4000,1.800000
FILLER_41_237,VPWR,li1,117.3000,122.4000,1.800000
FILLER_41_225,VPWR,li1,111.7800,122.4000,1.800000
FILLER_41_223,VPWR,li1,108.3300,122.4000,1.800000
FILLER_41_217,VPWR,li1,106.7200,122.4000,1.800000
FILLER_41_205,VPWR,li1,102.5800,122.4000,1.800000
FILLER_41_193,VPWR,li1,97.0600,122.4000,1.800000
FILLER_41_181,VPWR,li1,91.5400,122.4000,1.800000
FILLER_41_169,VPWR,li1,86.0200,122.4000,1.800000
FILLER_41_167,VPWR,li1,82.5700,122.4000,1.800000
FILLER_41_161,VPWR,li1,80.9600,122.4000,1.800000
FILLER_41_149,VPWR,li1,76.8200,122.4000,1.800000
FILLER_41_137,VPWR,li1,71.3000,122.4000,1.800000
FILLER_41_125,VPWR,li1,65.7800,122.4000,1.800000
FILLER_41_113,VPWR,li1,60.2600,122.4000,1.800000
FILLER_41_111,VPWR,li1,56.8100,122.4000,1.800000
FILLER_41_105,VPWR,li1,55.2000,122.4000,1.800000
FILLER_41_93,VPWR,li1,51.0600,122.4000,1.800000
FILLER_41_81,VPWR,li1,45.5400,122.4000,1.800000
FILLER_41_69,VPWR,li1,40.0200,122.4000,1.800000
FILLER_41_57,VPWR,li1,34.5000,122.4000,1.800000
FILLER_41_55,VPWR,li1,31.0500,122.4000,1.800000
FILLER_41_51,VPWR,li1,29.9000,122.4000,1.800000
FILLER_41_39,VPWR,li1,26.2200,122.4000,1.800000
FILLER_41_27,VPWR,li1,20.7000,122.4000,1.800000
FILLER_41_15,VPWR,li1,15.1800,122.4000,1.800000
FILLER_41_3,VPWR,li1,9.6600,122.4000,1.800000
FILLER_40_657,VPWR,li1,309.5800,122.4000,1.800000
FILLER_40_645,VPWR,li1,304.9800,122.4000,1.800000
FILLER_40_643,VPWR,li1,301.5300,122.4000,1.800000
FILLER_40_637,VPWR,li1,299.9200,122.4000,1.800000
FILLER_40_625,VPWR,li1,295.7800,122.4000,1.800000
FILLER_40_613,VPWR,li1,290.2600,122.4000,1.800000
FILLER_40_601,VPWR,li1,284.7400,122.4000,1.800000
FILLER_40_589,VPWR,li1,279.2200,122.4000,1.800000
FILLER_40_587,VPWR,li1,275.7700,122.4000,1.800000
FILLER_40_581,VPWR,li1,274.1600,122.4000,1.800000
FILLER_40_569,VPWR,li1,270.0200,122.4000,1.800000
FILLER_40_557,VPWR,li1,264.5000,122.4000,1.800000
FILLER_40_545,VPWR,li1,258.9800,122.4000,1.800000
FILLER_40_533,VPWR,li1,253.4600,122.4000,1.800000
FILLER_40_531,VPWR,li1,250.0100,122.4000,1.800000
FILLER_40_525,VPWR,li1,248.4000,122.4000,1.800000
FILLER_40_513,VPWR,li1,244.2600,122.4000,1.800000
FILLER_40_501,VPWR,li1,238.7400,122.4000,1.800000
FILLER_40_489,VPWR,li1,233.2200,122.4000,1.800000
FILLER_40_477,VPWR,li1,227.7000,122.4000,1.800000
FILLER_40_475,VPWR,li1,224.2500,122.4000,1.800000
FILLER_40_469,VPWR,li1,222.6400,122.4000,1.800000
FILLER_40_457,VPWR,li1,218.5000,122.4000,1.800000
FILLER_40_445,VPWR,li1,212.9800,122.4000,1.800000
FILLER_40_433,VPWR,li1,207.4600,122.4000,1.800000
FILLER_40_421,VPWR,li1,201.9400,122.4000,1.800000
FILLER_40_419,VPWR,li1,198.4900,122.4000,1.800000
FILLER_40_413,VPWR,li1,196.8800,122.4000,1.800000
FILLER_40_401,VPWR,li1,192.7400,122.4000,1.800000
FILLER_40_389,VPWR,li1,187.2200,122.4000,1.800000
FILLER_40_377,VPWR,li1,181.7000,122.4000,1.800000
FILLER_40_365,VPWR,li1,176.1800,122.4000,1.800000
FILLER_40_363,VPWR,li1,172.7300,122.4000,1.800000
FILLER_40_357,VPWR,li1,171.1200,122.4000,1.800000
FILLER_40_345,VPWR,li1,166.9800,122.4000,1.800000
FILLER_40_333,VPWR,li1,161.4600,122.4000,1.800000
FILLER_40_321,VPWR,li1,155.9400,122.4000,1.800000
FILLER_40_309,VPWR,li1,150.4200,122.4000,1.800000
FILLER_40_307,VPWR,li1,146.9700,122.4000,1.800000
FILLER_40_301,VPWR,li1,145.3600,122.4000,1.800000
FILLER_40_289,VPWR,li1,141.2200,122.4000,1.800000
FILLER_40_277,VPWR,li1,135.7000,122.4000,1.800000
FILLER_40_265,VPWR,li1,130.1800,122.4000,1.800000
FILLER_40_253,VPWR,li1,124.6600,122.4000,1.800000
FILLER_40_251,VPWR,li1,121.2100,122.4000,1.800000
FILLER_40_245,VPWR,li1,119.6000,122.4000,1.800000
FILLER_40_233,VPWR,li1,115.4600,122.4000,1.800000
FILLER_40_221,VPWR,li1,109.9400,122.4000,1.800000
FILLER_40_209,VPWR,li1,104.4200,122.4000,1.800000
FILLER_40_197,VPWR,li1,98.9000,122.4000,1.800000
FILLER_40_195,VPWR,li1,95.4500,122.4000,1.800000
FILLER_40_189,VPWR,li1,93.8400,122.4000,1.800000
FILLER_40_177,VPWR,li1,89.7000,122.4000,1.800000
FILLER_40_165,VPWR,li1,84.1800,122.4000,1.800000
FILLER_40_153,VPWR,li1,78.6600,122.4000,1.800000
FILLER_40_141,VPWR,li1,73.1400,122.4000,1.800000
FILLER_40_139,VPWR,li1,69.6900,122.4000,1.800000
FILLER_40_133,VPWR,li1,68.0800,122.4000,1.800000
FILLER_40_121,VPWR,li1,63.9400,122.4000,1.800000
FILLER_40_109,VPWR,li1,58.4200,122.4000,1.800000
FILLER_40_97,VPWR,li1,52.9000,122.4000,1.800000
FILLER_40_85,VPWR,li1,47.3800,122.4000,1.800000
FILLER_40_83,VPWR,li1,43.9300,122.4000,1.800000
FILLER_40_77,VPWR,li1,42.3200,122.4000,1.800000
FILLER_40_65,VPWR,li1,38.1800,122.4000,1.800000
FILLER_40_53,VPWR,li1,32.6600,122.4000,1.800000
FILLER_40_41,VPWR,li1,27.1400,122.4000,1.800000
FILLER_40_29,VPWR,li1,21.6200,122.4000,1.800000
FILLER_40_27,VPWR,li1,18.1700,122.4000,1.800000
FILLER_40_15,VPWR,li1,15.1800,122.4000,1.800000
FILLER_40_3,VPWR,li1,9.6600,122.4000,1.800000
FILLER_39_665,VPWR,li1,312.1100,116.9600,1.800000
FILLER_39_653,VPWR,li1,308.6600,116.9600,1.800000
FILLER_39_641,VPWR,li1,303.1400,116.9600,1.800000
FILLER_39_629,VPWR,li1,297.6200,116.9600,1.800000
FILLER_39_617,VPWR,li1,292.1000,116.9600,1.800000
FILLER_39_615,VPWR,li1,288.6500,116.9600,1.800000
FILLER_39_609,VPWR,li1,287.0400,116.9600,1.800000
FILLER_39_597,VPWR,li1,282.9000,116.9600,1.800000
FILLER_39_585,VPWR,li1,277.3800,116.9600,1.800000
FILLER_39_573,VPWR,li1,271.8600,116.9600,1.800000
FILLER_39_561,VPWR,li1,266.3400,116.9600,1.800000
FILLER_39_559,VPWR,li1,262.8900,116.9600,1.800000
FILLER_39_553,VPWR,li1,261.2800,116.9600,1.800000
FILLER_39_541,VPWR,li1,257.1400,116.9600,1.800000
FILLER_39_529,VPWR,li1,251.6200,116.9600,1.800000
FILLER_39_517,VPWR,li1,246.1000,116.9600,1.800000
FILLER_39_505,VPWR,li1,240.5800,116.9600,1.800000
FILLER_39_503,VPWR,li1,237.1300,116.9600,1.800000
FILLER_39_497,VPWR,li1,235.5200,116.9600,1.800000
FILLER_39_485,VPWR,li1,231.3800,116.9600,1.800000
FILLER_39_473,VPWR,li1,225.8600,116.9600,1.800000
FILLER_39_461,VPWR,li1,220.3400,116.9600,1.800000
FILLER_39_449,VPWR,li1,214.8200,116.9600,1.800000
FILLER_39_447,VPWR,li1,211.3700,116.9600,1.800000
FILLER_39_441,VPWR,li1,209.7600,116.9600,1.800000
FILLER_39_429,VPWR,li1,205.6200,116.9600,1.800000
FILLER_39_417,VPWR,li1,200.1000,116.9600,1.800000
FILLER_39_405,VPWR,li1,194.5800,116.9600,1.800000
FILLER_39_393,VPWR,li1,189.0600,116.9600,1.800000
FILLER_39_391,VPWR,li1,185.6100,116.9600,1.800000
FILLER_39_385,VPWR,li1,184.0000,116.9600,1.800000
FILLER_39_373,VPWR,li1,179.8600,116.9600,1.800000
FILLER_39_361,VPWR,li1,174.3400,116.9600,1.800000
FILLER_39_349,VPWR,li1,168.8200,116.9600,1.800000
FILLER_39_337,VPWR,li1,163.3000,116.9600,1.800000
FILLER_39_335,VPWR,li1,159.8500,116.9600,1.800000
FILLER_39_329,VPWR,li1,158.2400,116.9600,1.800000
FILLER_39_317,VPWR,li1,154.1000,116.9600,1.800000
FILLER_39_305,VPWR,li1,148.5800,116.9600,1.800000
FILLER_39_293,VPWR,li1,143.0600,116.9600,1.800000
FILLER_39_281,VPWR,li1,137.5400,116.9600,1.800000
FILLER_39_279,VPWR,li1,134.0900,116.9600,1.800000
FILLER_39_273,VPWR,li1,132.4800,116.9600,1.800000
FILLER_39_261,VPWR,li1,128.3400,116.9600,1.800000
FILLER_39_249,VPWR,li1,122.8200,116.9600,1.800000
FILLER_39_237,VPWR,li1,117.3000,116.9600,1.800000
FILLER_39_225,VPWR,li1,111.7800,116.9600,1.800000
FILLER_39_223,VPWR,li1,108.3300,116.9600,1.800000
FILLER_39_217,VPWR,li1,106.7200,116.9600,1.800000
FILLER_39_205,VPWR,li1,102.5800,116.9600,1.800000
FILLER_39_193,VPWR,li1,97.0600,116.9600,1.800000
FILLER_39_181,VPWR,li1,91.5400,116.9600,1.800000
FILLER_39_169,VPWR,li1,86.0200,116.9600,1.800000
FILLER_39_167,VPWR,li1,82.5700,116.9600,1.800000
FILLER_39_161,VPWR,li1,80.9600,116.9600,1.800000
FILLER_39_149,VPWR,li1,76.8200,116.9600,1.800000
FILLER_39_137,VPWR,li1,71.3000,116.9600,1.800000
FILLER_39_125,VPWR,li1,65.7800,116.9600,1.800000
FILLER_39_113,VPWR,li1,60.2600,116.9600,1.800000
FILLER_39_111,VPWR,li1,56.8100,116.9600,1.800000
FILLER_39_105,VPWR,li1,55.2000,116.9600,1.800000
FILLER_39_93,VPWR,li1,51.0600,116.9600,1.800000
FILLER_39_81,VPWR,li1,45.5400,116.9600,1.800000
FILLER_39_69,VPWR,li1,40.0200,116.9600,1.800000
FILLER_39_57,VPWR,li1,34.5000,116.9600,1.800000
FILLER_39_55,VPWR,li1,31.0500,116.9600,1.800000
FILLER_39_51,VPWR,li1,29.9000,116.9600,1.800000
FILLER_39_39,VPWR,li1,26.2200,116.9600,1.800000
FILLER_39_27,VPWR,li1,20.7000,116.9600,1.800000
FILLER_39_15,VPWR,li1,15.1800,116.9600,1.800000
FILLER_39_3,VPWR,li1,9.6600,116.9600,1.800000
FILLER_38_665,VPWR,li1,312.1100,116.9600,1.800000
FILLER_38_657,VPWR,li1,309.5800,116.9600,1.800000
FILLER_38_645,VPWR,li1,304.9800,116.9600,1.800000
FILLER_38_643,VPWR,li1,301.5300,116.9600,1.800000
FILLER_38_637,VPWR,li1,299.9200,116.9600,1.800000
FILLER_38_625,VPWR,li1,295.7800,116.9600,1.800000
FILLER_38_613,VPWR,li1,290.2600,116.9600,1.800000
FILLER_38_601,VPWR,li1,284.7400,116.9600,1.800000
FILLER_38_589,VPWR,li1,279.2200,116.9600,1.800000
FILLER_38_587,VPWR,li1,275.7700,116.9600,1.800000
FILLER_38_581,VPWR,li1,274.1600,116.9600,1.800000
FILLER_38_569,VPWR,li1,270.0200,116.9600,1.800000
FILLER_38_557,VPWR,li1,264.5000,116.9600,1.800000
FILLER_38_545,VPWR,li1,258.9800,116.9600,1.800000
FILLER_38_533,VPWR,li1,253.4600,116.9600,1.800000
FILLER_38_531,VPWR,li1,250.0100,116.9600,1.800000
FILLER_38_525,VPWR,li1,248.4000,116.9600,1.800000
FILLER_38_513,VPWR,li1,244.2600,116.9600,1.800000
FILLER_38_501,VPWR,li1,238.7400,116.9600,1.800000
FILLER_38_489,VPWR,li1,233.2200,116.9600,1.800000
FILLER_38_477,VPWR,li1,227.7000,116.9600,1.800000
FILLER_38_475,VPWR,li1,224.2500,116.9600,1.800000
FILLER_38_469,VPWR,li1,222.6400,116.9600,1.800000
FILLER_38_457,VPWR,li1,218.5000,116.9600,1.800000
FILLER_38_445,VPWR,li1,212.9800,116.9600,1.800000
FILLER_38_433,VPWR,li1,207.4600,116.9600,1.800000
FILLER_38_421,VPWR,li1,201.9400,116.9600,1.800000
FILLER_38_419,VPWR,li1,198.4900,116.9600,1.800000
FILLER_38_413,VPWR,li1,196.8800,116.9600,1.800000
FILLER_38_401,VPWR,li1,192.7400,116.9600,1.800000
FILLER_38_389,VPWR,li1,187.2200,116.9600,1.800000
FILLER_38_377,VPWR,li1,181.7000,116.9600,1.800000
FILLER_38_365,VPWR,li1,176.1800,116.9600,1.800000
FILLER_38_363,VPWR,li1,172.7300,116.9600,1.800000
FILLER_38_357,VPWR,li1,171.1200,116.9600,1.800000
FILLER_38_345,VPWR,li1,166.9800,116.9600,1.800000
FILLER_38_333,VPWR,li1,161.4600,116.9600,1.800000
FILLER_38_321,VPWR,li1,155.9400,116.9600,1.800000
FILLER_38_309,VPWR,li1,150.4200,116.9600,1.800000
FILLER_38_307,VPWR,li1,146.9700,116.9600,1.800000
FILLER_38_301,VPWR,li1,145.3600,116.9600,1.800000
FILLER_38_289,VPWR,li1,141.2200,116.9600,1.800000
FILLER_38_277,VPWR,li1,135.7000,116.9600,1.800000
FILLER_38_265,VPWR,li1,130.1800,116.9600,1.800000
FILLER_38_253,VPWR,li1,124.6600,116.9600,1.800000
FILLER_38_251,VPWR,li1,121.2100,116.9600,1.800000
FILLER_38_245,VPWR,li1,119.6000,116.9600,1.800000
FILLER_38_233,VPWR,li1,115.4600,116.9600,1.800000
FILLER_38_221,VPWR,li1,109.9400,116.9600,1.800000
FILLER_38_209,VPWR,li1,104.4200,116.9600,1.800000
FILLER_38_197,VPWR,li1,98.9000,116.9600,1.800000
FILLER_38_195,VPWR,li1,95.4500,116.9600,1.800000
FILLER_38_189,VPWR,li1,93.8400,116.9600,1.800000
FILLER_38_177,VPWR,li1,89.7000,116.9600,1.800000
FILLER_38_165,VPWR,li1,84.1800,116.9600,1.800000
FILLER_38_153,VPWR,li1,78.6600,116.9600,1.800000
FILLER_38_141,VPWR,li1,73.1400,116.9600,1.800000
FILLER_38_139,VPWR,li1,69.6900,116.9600,1.800000
FILLER_38_133,VPWR,li1,68.0800,116.9600,1.800000
FILLER_38_121,VPWR,li1,63.9400,116.9600,1.800000
FILLER_38_109,VPWR,li1,58.4200,116.9600,1.800000
FILLER_38_97,VPWR,li1,52.9000,116.9600,1.800000
FILLER_38_85,VPWR,li1,47.3800,116.9600,1.800000
FILLER_38_83,VPWR,li1,43.9300,116.9600,1.800000
FILLER_38_77,VPWR,li1,42.3200,116.9600,1.800000
FILLER_38_65,VPWR,li1,38.1800,116.9600,1.800000
FILLER_38_53,VPWR,li1,32.6600,116.9600,1.800000
FILLER_38_41,VPWR,li1,27.1400,116.9600,1.800000
FILLER_38_29,VPWR,li1,21.6200,116.9600,1.800000
FILLER_38_27,VPWR,li1,18.1700,116.9600,1.800000
FILLER_38_15,VPWR,li1,15.1800,116.9600,1.800000
FILLER_38_3,VPWR,li1,9.6600,116.9600,1.800000
FILLER_37_665,VPWR,li1,312.1100,111.5200,1.800000
FILLER_37_653,VPWR,li1,308.6600,111.5200,1.800000
FILLER_37_641,VPWR,li1,303.1400,111.5200,1.800000
FILLER_37_629,VPWR,li1,297.6200,111.5200,1.800000
FILLER_37_617,VPWR,li1,292.1000,111.5200,1.800000
FILLER_37_615,VPWR,li1,288.6500,111.5200,1.800000
FILLER_37_609,VPWR,li1,287.0400,111.5200,1.800000
FILLER_37_597,VPWR,li1,282.9000,111.5200,1.800000
FILLER_37_585,VPWR,li1,277.3800,111.5200,1.800000
FILLER_37_573,VPWR,li1,271.8600,111.5200,1.800000
FILLER_37_561,VPWR,li1,266.3400,111.5200,1.800000
FILLER_37_559,VPWR,li1,262.8900,111.5200,1.800000
FILLER_37_553,VPWR,li1,261.2800,111.5200,1.800000
FILLER_37_541,VPWR,li1,257.1400,111.5200,1.800000
FILLER_37_529,VPWR,li1,251.6200,111.5200,1.800000
FILLER_37_517,VPWR,li1,246.1000,111.5200,1.800000
FILLER_37_505,VPWR,li1,240.5800,111.5200,1.800000
FILLER_37_503,VPWR,li1,237.1300,111.5200,1.800000
FILLER_37_497,VPWR,li1,235.5200,111.5200,1.800000
FILLER_37_485,VPWR,li1,231.3800,111.5200,1.800000
FILLER_37_473,VPWR,li1,225.8600,111.5200,1.800000
FILLER_37_461,VPWR,li1,220.3400,111.5200,1.800000
FILLER_37_449,VPWR,li1,214.8200,111.5200,1.800000
FILLER_37_447,VPWR,li1,211.3700,111.5200,1.800000
FILLER_37_441,VPWR,li1,209.7600,111.5200,1.800000
FILLER_37_429,VPWR,li1,205.6200,111.5200,1.800000
FILLER_37_417,VPWR,li1,200.1000,111.5200,1.800000
FILLER_37_405,VPWR,li1,194.5800,111.5200,1.800000
FILLER_37_393,VPWR,li1,189.0600,111.5200,1.800000
FILLER_37_391,VPWR,li1,185.6100,111.5200,1.800000
FILLER_37_385,VPWR,li1,184.0000,111.5200,1.800000
FILLER_37_373,VPWR,li1,179.8600,111.5200,1.800000
FILLER_37_361,VPWR,li1,174.3400,111.5200,1.800000
FILLER_37_349,VPWR,li1,168.8200,111.5200,1.800000
FILLER_37_337,VPWR,li1,163.3000,111.5200,1.800000
FILLER_37_335,VPWR,li1,159.8500,111.5200,1.800000
FILLER_37_329,VPWR,li1,158.2400,111.5200,1.800000
FILLER_37_317,VPWR,li1,154.1000,111.5200,1.800000
FILLER_37_305,VPWR,li1,148.5800,111.5200,1.800000
FILLER_37_293,VPWR,li1,143.0600,111.5200,1.800000
FILLER_37_281,VPWR,li1,137.5400,111.5200,1.800000
FILLER_37_279,VPWR,li1,134.0900,111.5200,1.800000
FILLER_37_273,VPWR,li1,132.4800,111.5200,1.800000
FILLER_37_261,VPWR,li1,128.3400,111.5200,1.800000
FILLER_37_249,VPWR,li1,122.8200,111.5200,1.800000
FILLER_37_237,VPWR,li1,117.3000,111.5200,1.800000
FILLER_37_225,VPWR,li1,111.7800,111.5200,1.800000
FILLER_37_223,VPWR,li1,108.3300,111.5200,1.800000
FILLER_37_217,VPWR,li1,106.7200,111.5200,1.800000
FILLER_37_205,VPWR,li1,102.5800,111.5200,1.800000
FILLER_37_193,VPWR,li1,97.0600,111.5200,1.800000
FILLER_37_181,VPWR,li1,91.5400,111.5200,1.800000
FILLER_37_169,VPWR,li1,86.0200,111.5200,1.800000
FILLER_37_167,VPWR,li1,82.5700,111.5200,1.800000
FILLER_37_161,VPWR,li1,80.9600,111.5200,1.800000
FILLER_37_149,VPWR,li1,76.8200,111.5200,1.800000
FILLER_37_137,VPWR,li1,71.3000,111.5200,1.800000
FILLER_37_125,VPWR,li1,65.7800,111.5200,1.800000
FILLER_37_113,VPWR,li1,60.2600,111.5200,1.800000
FILLER_37_111,VPWR,li1,56.8100,111.5200,1.800000
FILLER_37_105,VPWR,li1,55.2000,111.5200,1.800000
FILLER_37_93,VPWR,li1,51.0600,111.5200,1.800000
FILLER_37_81,VPWR,li1,45.5400,111.5200,1.800000
FILLER_37_69,VPWR,li1,40.0200,111.5200,1.800000
FILLER_37_57,VPWR,li1,34.5000,111.5200,1.800000
FILLER_37_55,VPWR,li1,31.0500,111.5200,1.800000
FILLER_37_51,VPWR,li1,29.9000,111.5200,1.800000
FILLER_37_39,VPWR,li1,26.2200,111.5200,1.800000
FILLER_37_27,VPWR,li1,20.7000,111.5200,1.800000
FILLER_37_15,VPWR,li1,15.1800,111.5200,1.800000
FILLER_37_3,VPWR,li1,9.6600,111.5200,1.800000
FILLER_36_665,VPWR,li1,312.1100,111.5200,1.800000
FILLER_36_657,VPWR,li1,309.5800,111.5200,1.800000
FILLER_36_645,VPWR,li1,304.9800,111.5200,1.800000
FILLER_36_643,VPWR,li1,301.5300,111.5200,1.800000
FILLER_36_637,VPWR,li1,299.9200,111.5200,1.800000
FILLER_36_625,VPWR,li1,295.7800,111.5200,1.800000
FILLER_36_613,VPWR,li1,290.2600,111.5200,1.800000
FILLER_36_601,VPWR,li1,284.7400,111.5200,1.800000
FILLER_36_589,VPWR,li1,279.2200,111.5200,1.800000
FILLER_36_587,VPWR,li1,275.7700,111.5200,1.800000
FILLER_36_581,VPWR,li1,274.1600,111.5200,1.800000
FILLER_36_569,VPWR,li1,270.0200,111.5200,1.800000
FILLER_36_557,VPWR,li1,264.5000,111.5200,1.800000
FILLER_36_545,VPWR,li1,258.9800,111.5200,1.800000
FILLER_36_533,VPWR,li1,253.4600,111.5200,1.800000
FILLER_36_531,VPWR,li1,250.0100,111.5200,1.800000
FILLER_36_525,VPWR,li1,248.4000,111.5200,1.800000
FILLER_36_513,VPWR,li1,244.2600,111.5200,1.800000
FILLER_36_501,VPWR,li1,238.7400,111.5200,1.800000
FILLER_36_489,VPWR,li1,233.2200,111.5200,1.800000
FILLER_36_477,VPWR,li1,227.7000,111.5200,1.800000
FILLER_36_475,VPWR,li1,224.2500,111.5200,1.800000
FILLER_36_469,VPWR,li1,222.6400,111.5200,1.800000
FILLER_36_457,VPWR,li1,218.5000,111.5200,1.800000
FILLER_36_445,VPWR,li1,212.9800,111.5200,1.800000
FILLER_36_433,VPWR,li1,207.4600,111.5200,1.800000
FILLER_36_421,VPWR,li1,201.9400,111.5200,1.800000
FILLER_36_419,VPWR,li1,198.4900,111.5200,1.800000
FILLER_36_413,VPWR,li1,196.8800,111.5200,1.800000
FILLER_36_401,VPWR,li1,192.7400,111.5200,1.800000
FILLER_36_389,VPWR,li1,187.2200,111.5200,1.800000
FILLER_36_377,VPWR,li1,181.7000,111.5200,1.800000
FILLER_36_365,VPWR,li1,176.1800,111.5200,1.800000
FILLER_36_363,VPWR,li1,172.7300,111.5200,1.800000
FILLER_36_357,VPWR,li1,171.1200,111.5200,1.800000
FILLER_36_345,VPWR,li1,166.9800,111.5200,1.800000
FILLER_36_333,VPWR,li1,161.4600,111.5200,1.800000
FILLER_36_321,VPWR,li1,155.9400,111.5200,1.800000
FILLER_36_309,VPWR,li1,150.4200,111.5200,1.800000
FILLER_36_307,VPWR,li1,146.9700,111.5200,1.800000
FILLER_36_301,VPWR,li1,145.3600,111.5200,1.800000
FILLER_36_289,VPWR,li1,141.2200,111.5200,1.800000
FILLER_36_277,VPWR,li1,135.7000,111.5200,1.800000
FILLER_36_265,VPWR,li1,130.1800,111.5200,1.800000
FILLER_36_253,VPWR,li1,124.6600,111.5200,1.800000
FILLER_36_251,VPWR,li1,121.2100,111.5200,1.800000
FILLER_36_245,VPWR,li1,119.6000,111.5200,1.800000
FILLER_36_233,VPWR,li1,115.4600,111.5200,1.800000
FILLER_36_221,VPWR,li1,109.9400,111.5200,1.800000
FILLER_36_209,VPWR,li1,104.4200,111.5200,1.800000
FILLER_36_197,VPWR,li1,98.9000,111.5200,1.800000
FILLER_36_195,VPWR,li1,95.4500,111.5200,1.800000
FILLER_36_189,VPWR,li1,93.8400,111.5200,1.800000
FILLER_36_177,VPWR,li1,89.7000,111.5200,1.800000
FILLER_36_165,VPWR,li1,84.1800,111.5200,1.800000
FILLER_36_153,VPWR,li1,78.6600,111.5200,1.800000
FILLER_36_141,VPWR,li1,73.1400,111.5200,1.800000
FILLER_36_139,VPWR,li1,69.6900,111.5200,1.800000
FILLER_36_133,VPWR,li1,68.0800,111.5200,1.800000
FILLER_36_121,VPWR,li1,63.9400,111.5200,1.800000
FILLER_36_109,VPWR,li1,58.4200,111.5200,1.800000
FILLER_36_97,VPWR,li1,52.9000,111.5200,1.800000
FILLER_36_85,VPWR,li1,47.3800,111.5200,1.800000
FILLER_36_83,VPWR,li1,43.9300,111.5200,1.800000
FILLER_36_77,VPWR,li1,42.3200,111.5200,1.800000
FILLER_36_65,VPWR,li1,38.1800,111.5200,1.800000
FILLER_36_53,VPWR,li1,32.6600,111.5200,1.800000
FILLER_36_41,VPWR,li1,27.1400,111.5200,1.800000
FILLER_36_29,VPWR,li1,21.6200,111.5200,1.800000
FILLER_36_27,VPWR,li1,18.1700,111.5200,1.800000
FILLER_36_15,VPWR,li1,15.1800,111.5200,1.800000
FILLER_36_3,VPWR,li1,9.6600,111.5200,1.800000
FILLER_35_665,VPWR,li1,312.1100,106.0800,1.800000
FILLER_35_653,VPWR,li1,308.6600,106.0800,1.800000
FILLER_35_641,VPWR,li1,303.1400,106.0800,1.800000
FILLER_35_629,VPWR,li1,297.6200,106.0800,1.800000
FILLER_35_617,VPWR,li1,292.1000,106.0800,1.800000
FILLER_35_615,VPWR,li1,288.6500,106.0800,1.800000
FILLER_35_609,VPWR,li1,287.0400,106.0800,1.800000
FILLER_35_597,VPWR,li1,282.9000,106.0800,1.800000
FILLER_35_585,VPWR,li1,277.3800,106.0800,1.800000
FILLER_35_573,VPWR,li1,271.8600,106.0800,1.800000
FILLER_35_561,VPWR,li1,266.3400,106.0800,1.800000
FILLER_35_559,VPWR,li1,262.8900,106.0800,1.800000
FILLER_35_553,VPWR,li1,261.2800,106.0800,1.800000
FILLER_35_541,VPWR,li1,257.1400,106.0800,1.800000
FILLER_35_529,VPWR,li1,251.6200,106.0800,1.800000
FILLER_35_517,VPWR,li1,246.1000,106.0800,1.800000
FILLER_35_505,VPWR,li1,240.5800,106.0800,1.800000
FILLER_35_503,VPWR,li1,237.1300,106.0800,1.800000
FILLER_35_497,VPWR,li1,235.5200,106.0800,1.800000
FILLER_35_485,VPWR,li1,231.3800,106.0800,1.800000
FILLER_35_473,VPWR,li1,225.8600,106.0800,1.800000
FILLER_35_461,VPWR,li1,220.3400,106.0800,1.800000
FILLER_35_449,VPWR,li1,214.8200,106.0800,1.800000
FILLER_35_447,VPWR,li1,211.3700,106.0800,1.800000
FILLER_35_441,VPWR,li1,209.7600,106.0800,1.800000
FILLER_35_429,VPWR,li1,205.6200,106.0800,1.800000
FILLER_35_417,VPWR,li1,200.1000,106.0800,1.800000
FILLER_35_405,VPWR,li1,194.5800,106.0800,1.800000
FILLER_35_393,VPWR,li1,189.0600,106.0800,1.800000
FILLER_35_391,VPWR,li1,185.6100,106.0800,1.800000
FILLER_35_385,VPWR,li1,184.0000,106.0800,1.800000
FILLER_35_373,VPWR,li1,179.8600,106.0800,1.800000
FILLER_35_361,VPWR,li1,174.3400,106.0800,1.800000
FILLER_35_349,VPWR,li1,168.8200,106.0800,1.800000
FILLER_35_337,VPWR,li1,163.3000,106.0800,1.800000
FILLER_35_335,VPWR,li1,159.8500,106.0800,1.800000
FILLER_35_329,VPWR,li1,158.2400,106.0800,1.800000
FILLER_35_317,VPWR,li1,154.1000,106.0800,1.800000
FILLER_35_305,VPWR,li1,148.5800,106.0800,1.800000
FILLER_35_293,VPWR,li1,143.0600,106.0800,1.800000
FILLER_35_281,VPWR,li1,137.5400,106.0800,1.800000
FILLER_35_279,VPWR,li1,134.0900,106.0800,1.800000
FILLER_35_273,VPWR,li1,132.4800,106.0800,1.800000
FILLER_35_261,VPWR,li1,128.3400,106.0800,1.800000
FILLER_35_249,VPWR,li1,122.8200,106.0800,1.800000
FILLER_35_237,VPWR,li1,117.3000,106.0800,1.800000
FILLER_35_225,VPWR,li1,111.7800,106.0800,1.800000
FILLER_35_223,VPWR,li1,108.3300,106.0800,1.800000
FILLER_35_217,VPWR,li1,106.7200,106.0800,1.800000
FILLER_35_205,VPWR,li1,102.5800,106.0800,1.800000
FILLER_35_193,VPWR,li1,97.0600,106.0800,1.800000
FILLER_35_181,VPWR,li1,91.5400,106.0800,1.800000
FILLER_35_169,VPWR,li1,86.0200,106.0800,1.800000
FILLER_35_167,VPWR,li1,82.5700,106.0800,1.800000
FILLER_35_161,VPWR,li1,80.9600,106.0800,1.800000
FILLER_35_149,VPWR,li1,76.8200,106.0800,1.800000
FILLER_35_137,VPWR,li1,71.3000,106.0800,1.800000
FILLER_35_125,VPWR,li1,65.7800,106.0800,1.800000
FILLER_35_113,VPWR,li1,60.2600,106.0800,1.800000
FILLER_35_111,VPWR,li1,56.8100,106.0800,1.800000
FILLER_35_105,VPWR,li1,55.2000,106.0800,1.800000
FILLER_35_93,VPWR,li1,51.0600,106.0800,1.800000
FILLER_35_81,VPWR,li1,45.5400,106.0800,1.800000
FILLER_35_69,VPWR,li1,40.0200,106.0800,1.800000
FILLER_35_57,VPWR,li1,34.5000,106.0800,1.800000
FILLER_35_55,VPWR,li1,31.0500,106.0800,1.800000
FILLER_35_51,VPWR,li1,29.9000,106.0800,1.800000
FILLER_35_39,VPWR,li1,26.2200,106.0800,1.800000
FILLER_35_27,VPWR,li1,20.7000,106.0800,1.800000
FILLER_35_15,VPWR,li1,15.1800,106.0800,1.800000
FILLER_35_3,VPWR,li1,9.6600,106.0800,1.800000
FILLER_34_665,VPWR,li1,312.1100,106.0800,1.800000
FILLER_34_657,VPWR,li1,309.5800,106.0800,1.800000
FILLER_34_645,VPWR,li1,304.9800,106.0800,1.800000
FILLER_34_643,VPWR,li1,301.5300,106.0800,1.800000
FILLER_34_637,VPWR,li1,299.9200,106.0800,1.800000
FILLER_34_625,VPWR,li1,295.7800,106.0800,1.800000
FILLER_34_613,VPWR,li1,290.2600,106.0800,1.800000
FILLER_34_601,VPWR,li1,284.7400,106.0800,1.800000
FILLER_34_589,VPWR,li1,279.2200,106.0800,1.800000
FILLER_34_587,VPWR,li1,275.7700,106.0800,1.800000
FILLER_34_581,VPWR,li1,274.1600,106.0800,1.800000
FILLER_34_569,VPWR,li1,270.0200,106.0800,1.800000
FILLER_34_557,VPWR,li1,264.5000,106.0800,1.800000
FILLER_34_545,VPWR,li1,258.9800,106.0800,1.800000
FILLER_34_533,VPWR,li1,253.4600,106.0800,1.800000
FILLER_34_531,VPWR,li1,250.0100,106.0800,1.800000
FILLER_34_525,VPWR,li1,248.4000,106.0800,1.800000
FILLER_34_513,VPWR,li1,244.2600,106.0800,1.800000
FILLER_34_501,VPWR,li1,238.7400,106.0800,1.800000
FILLER_34_489,VPWR,li1,233.2200,106.0800,1.800000
FILLER_34_477,VPWR,li1,227.7000,106.0800,1.800000
FILLER_34_475,VPWR,li1,224.2500,106.0800,1.800000
FILLER_34_469,VPWR,li1,222.6400,106.0800,1.800000
FILLER_34_457,VPWR,li1,218.5000,106.0800,1.800000
FILLER_34_445,VPWR,li1,212.9800,106.0800,1.800000
FILLER_34_433,VPWR,li1,207.4600,106.0800,1.800000
FILLER_34_421,VPWR,li1,201.9400,106.0800,1.800000
FILLER_34_419,VPWR,li1,198.4900,106.0800,1.800000
FILLER_34_413,VPWR,li1,196.8800,106.0800,1.800000
FILLER_34_401,VPWR,li1,192.7400,106.0800,1.800000
FILLER_34_389,VPWR,li1,187.2200,106.0800,1.800000
FILLER_34_377,VPWR,li1,181.7000,106.0800,1.800000
FILLER_34_365,VPWR,li1,176.1800,106.0800,1.800000
FILLER_34_363,VPWR,li1,172.7300,106.0800,1.800000
FILLER_34_357,VPWR,li1,171.1200,106.0800,1.800000
FILLER_34_345,VPWR,li1,166.9800,106.0800,1.800000
FILLER_34_333,VPWR,li1,161.4600,106.0800,1.800000
FILLER_34_321,VPWR,li1,155.9400,106.0800,1.800000
FILLER_34_309,VPWR,li1,150.4200,106.0800,1.800000
FILLER_34_307,VPWR,li1,146.9700,106.0800,1.800000
FILLER_34_301,VPWR,li1,145.3600,106.0800,1.800000
FILLER_34_289,VPWR,li1,141.2200,106.0800,1.800000
FILLER_34_277,VPWR,li1,135.7000,106.0800,1.800000
FILLER_34_265,VPWR,li1,130.1800,106.0800,1.800000
FILLER_34_253,VPWR,li1,124.6600,106.0800,1.800000
FILLER_34_251,VPWR,li1,121.2100,106.0800,1.800000
FILLER_34_245,VPWR,li1,119.6000,106.0800,1.800000
FILLER_34_233,VPWR,li1,115.4600,106.0800,1.800000
FILLER_34_221,VPWR,li1,109.9400,106.0800,1.800000
FILLER_34_209,VPWR,li1,104.4200,106.0800,1.800000
FILLER_34_197,VPWR,li1,98.9000,106.0800,1.800000
FILLER_34_195,VPWR,li1,95.4500,106.0800,1.800000
FILLER_34_189,VPWR,li1,93.8400,106.0800,1.800000
FILLER_34_177,VPWR,li1,89.7000,106.0800,1.800000
FILLER_34_165,VPWR,li1,84.1800,106.0800,1.800000
FILLER_34_153,VPWR,li1,78.6600,106.0800,1.800000
FILLER_34_141,VPWR,li1,73.1400,106.0800,1.800000
FILLER_34_139,VPWR,li1,69.6900,106.0800,1.800000
FILLER_34_133,VPWR,li1,68.0800,106.0800,1.800000
FILLER_34_121,VPWR,li1,63.9400,106.0800,1.800000
FILLER_34_109,VPWR,li1,58.4200,106.0800,1.800000
FILLER_34_97,VPWR,li1,52.9000,106.0800,1.800000
FILLER_34_85,VPWR,li1,47.3800,106.0800,1.800000
FILLER_34_83,VPWR,li1,43.9300,106.0800,1.800000
FILLER_34_77,VPWR,li1,42.3200,106.0800,1.800000
FILLER_34_65,VPWR,li1,38.1800,106.0800,1.800000
FILLER_34_53,VPWR,li1,32.6600,106.0800,1.800000
FILLER_34_41,VPWR,li1,27.1400,106.0800,1.800000
FILLER_34_29,VPWR,li1,21.6200,106.0800,1.800000
FILLER_34_27,VPWR,li1,18.1700,106.0800,1.800000
FILLER_34_15,VPWR,li1,15.1800,106.0800,1.800000
FILLER_34_3,VPWR,li1,9.6600,106.0800,1.800000
FILLER_33_665,VPWR,li1,312.1100,100.6400,1.800000
FILLER_33_653,VPWR,li1,308.6600,100.6400,1.800000
FILLER_33_641,VPWR,li1,303.1400,100.6400,1.800000
FILLER_33_629,VPWR,li1,297.6200,100.6400,1.800000
FILLER_33_617,VPWR,li1,292.1000,100.6400,1.800000
FILLER_33_615,VPWR,li1,288.6500,100.6400,1.800000
FILLER_33_609,VPWR,li1,287.0400,100.6400,1.800000
FILLER_33_597,VPWR,li1,282.9000,100.6400,1.800000
FILLER_33_585,VPWR,li1,277.3800,100.6400,1.800000
FILLER_33_573,VPWR,li1,271.8600,100.6400,1.800000
FILLER_33_561,VPWR,li1,266.3400,100.6400,1.800000
FILLER_33_559,VPWR,li1,262.8900,100.6400,1.800000
FILLER_33_553,VPWR,li1,261.2800,100.6400,1.800000
FILLER_33_541,VPWR,li1,257.1400,100.6400,1.800000
FILLER_33_529,VPWR,li1,251.6200,100.6400,1.800000
FILLER_33_517,VPWR,li1,246.1000,100.6400,1.800000
FILLER_33_505,VPWR,li1,240.5800,100.6400,1.800000
FILLER_33_503,VPWR,li1,237.1300,100.6400,1.800000
FILLER_33_497,VPWR,li1,235.5200,100.6400,1.800000
FILLER_33_485,VPWR,li1,231.3800,100.6400,1.800000
FILLER_33_473,VPWR,li1,225.8600,100.6400,1.800000
FILLER_33_461,VPWR,li1,220.3400,100.6400,1.800000
FILLER_33_449,VPWR,li1,214.8200,100.6400,1.800000
FILLER_33_447,VPWR,li1,211.3700,100.6400,1.800000
FILLER_33_441,VPWR,li1,209.7600,100.6400,1.800000
FILLER_33_429,VPWR,li1,205.6200,100.6400,1.800000
FILLER_33_417,VPWR,li1,200.1000,100.6400,1.800000
FILLER_33_405,VPWR,li1,194.5800,100.6400,1.800000
FILLER_33_393,VPWR,li1,189.0600,100.6400,1.800000
FILLER_33_391,VPWR,li1,185.6100,100.6400,1.800000
FILLER_33_385,VPWR,li1,184.0000,100.6400,1.800000
FILLER_33_373,VPWR,li1,179.8600,100.6400,1.800000
FILLER_33_361,VPWR,li1,174.3400,100.6400,1.800000
FILLER_33_349,VPWR,li1,168.8200,100.6400,1.800000
FILLER_33_337,VPWR,li1,163.3000,100.6400,1.800000
FILLER_33_335,VPWR,li1,159.8500,100.6400,1.800000
FILLER_33_329,VPWR,li1,158.2400,100.6400,1.800000
FILLER_33_317,VPWR,li1,154.1000,100.6400,1.800000
FILLER_33_305,VPWR,li1,148.5800,100.6400,1.800000
FILLER_33_293,VPWR,li1,143.0600,100.6400,1.800000
FILLER_33_281,VPWR,li1,137.5400,100.6400,1.800000
FILLER_33_279,VPWR,li1,134.0900,100.6400,1.800000
FILLER_33_273,VPWR,li1,132.4800,100.6400,1.800000
FILLER_33_261,VPWR,li1,128.3400,100.6400,1.800000
FILLER_33_249,VPWR,li1,122.8200,100.6400,1.800000
FILLER_33_237,VPWR,li1,117.3000,100.6400,1.800000
FILLER_33_225,VPWR,li1,111.7800,100.6400,1.800000
FILLER_33_223,VPWR,li1,108.3300,100.6400,1.800000
FILLER_33_217,VPWR,li1,106.7200,100.6400,1.800000
FILLER_33_205,VPWR,li1,102.5800,100.6400,1.800000
FILLER_33_193,VPWR,li1,97.0600,100.6400,1.800000
FILLER_33_181,VPWR,li1,91.5400,100.6400,1.800000
FILLER_33_169,VPWR,li1,86.0200,100.6400,1.800000
FILLER_33_167,VPWR,li1,82.5700,100.6400,1.800000
FILLER_33_161,VPWR,li1,80.9600,100.6400,1.800000
FILLER_33_149,VPWR,li1,76.8200,100.6400,1.800000
FILLER_33_137,VPWR,li1,71.3000,100.6400,1.800000
FILLER_33_125,VPWR,li1,65.7800,100.6400,1.800000
FILLER_33_113,VPWR,li1,60.2600,100.6400,1.800000
FILLER_33_111,VPWR,li1,56.8100,100.6400,1.800000
FILLER_33_105,VPWR,li1,55.2000,100.6400,1.800000
FILLER_33_93,VPWR,li1,51.0600,100.6400,1.800000
FILLER_33_81,VPWR,li1,45.5400,100.6400,1.800000
FILLER_33_69,VPWR,li1,40.0200,100.6400,1.800000
FILLER_33_57,VPWR,li1,34.5000,100.6400,1.800000
FILLER_33_55,VPWR,li1,31.0500,100.6400,1.800000
FILLER_33_51,VPWR,li1,29.9000,100.6400,1.800000
FILLER_33_39,VPWR,li1,26.2200,100.6400,1.800000
FILLER_33_27,VPWR,li1,20.7000,100.6400,1.800000
FILLER_33_15,VPWR,li1,15.1800,100.6400,1.800000
FILLER_33_3,VPWR,li1,9.6600,100.6400,1.800000
FILLER_32_665,VPWR,li1,312.1100,100.6400,1.800000
FILLER_32_657,VPWR,li1,309.5800,100.6400,1.800000
FILLER_32_645,VPWR,li1,304.9800,100.6400,1.800000
FILLER_32_643,VPWR,li1,301.5300,100.6400,1.800000
FILLER_32_637,VPWR,li1,299.9200,100.6400,1.800000
FILLER_32_625,VPWR,li1,295.7800,100.6400,1.800000
FILLER_32_613,VPWR,li1,290.2600,100.6400,1.800000
FILLER_32_601,VPWR,li1,284.7400,100.6400,1.800000
FILLER_32_589,VPWR,li1,279.2200,100.6400,1.800000
FILLER_32_587,VPWR,li1,275.7700,100.6400,1.800000
FILLER_32_581,VPWR,li1,274.1600,100.6400,1.800000
FILLER_32_569,VPWR,li1,270.0200,100.6400,1.800000
FILLER_32_557,VPWR,li1,264.5000,100.6400,1.800000
FILLER_32_545,VPWR,li1,258.9800,100.6400,1.800000
FILLER_32_533,VPWR,li1,253.4600,100.6400,1.800000
FILLER_32_531,VPWR,li1,250.0100,100.6400,1.800000
FILLER_32_525,VPWR,li1,248.4000,100.6400,1.800000
FILLER_32_513,VPWR,li1,244.2600,100.6400,1.800000
FILLER_32_501,VPWR,li1,238.7400,100.6400,1.800000
FILLER_32_489,VPWR,li1,233.2200,100.6400,1.800000
FILLER_32_477,VPWR,li1,227.7000,100.6400,1.800000
FILLER_32_475,VPWR,li1,224.2500,100.6400,1.800000
FILLER_32_469,VPWR,li1,222.6400,100.6400,1.800000
FILLER_32_457,VPWR,li1,218.5000,100.6400,1.800000
FILLER_32_445,VPWR,li1,212.9800,100.6400,1.800000
FILLER_32_433,VPWR,li1,207.4600,100.6400,1.800000
FILLER_32_421,VPWR,li1,201.9400,100.6400,1.800000
FILLER_32_419,VPWR,li1,198.4900,100.6400,1.800000
FILLER_32_413,VPWR,li1,196.8800,100.6400,1.800000
FILLER_32_401,VPWR,li1,192.7400,100.6400,1.800000
FILLER_32_389,VPWR,li1,187.2200,100.6400,1.800000
FILLER_32_377,VPWR,li1,181.7000,100.6400,1.800000
FILLER_32_365,VPWR,li1,176.1800,100.6400,1.800000
FILLER_32_363,VPWR,li1,172.7300,100.6400,1.800000
FILLER_32_357,VPWR,li1,171.1200,100.6400,1.800000
FILLER_32_345,VPWR,li1,166.9800,100.6400,1.800000
FILLER_32_333,VPWR,li1,161.4600,100.6400,1.800000
FILLER_32_321,VPWR,li1,155.9400,100.6400,1.800000
FILLER_32_309,VPWR,li1,150.4200,100.6400,1.800000
FILLER_32_307,VPWR,li1,146.9700,100.6400,1.800000
FILLER_32_301,VPWR,li1,145.3600,100.6400,1.800000
FILLER_32_289,VPWR,li1,141.2200,100.6400,1.800000
FILLER_32_277,VPWR,li1,135.7000,100.6400,1.800000
FILLER_32_265,VPWR,li1,130.1800,100.6400,1.800000
FILLER_32_253,VPWR,li1,124.6600,100.6400,1.800000
FILLER_32_251,VPWR,li1,121.2100,100.6400,1.800000
FILLER_32_245,VPWR,li1,119.6000,100.6400,1.800000
FILLER_32_233,VPWR,li1,115.4600,100.6400,1.800000
FILLER_32_221,VPWR,li1,109.9400,100.6400,1.800000
FILLER_32_209,VPWR,li1,104.4200,100.6400,1.800000
FILLER_32_197,VPWR,li1,98.9000,100.6400,1.800000
FILLER_32_195,VPWR,li1,95.4500,100.6400,1.800000
FILLER_32_189,VPWR,li1,93.8400,100.6400,1.800000
FILLER_32_177,VPWR,li1,89.7000,100.6400,1.800000
FILLER_32_165,VPWR,li1,84.1800,100.6400,1.800000
FILLER_32_153,VPWR,li1,78.6600,100.6400,1.800000
FILLER_32_141,VPWR,li1,73.1400,100.6400,1.800000
FILLER_32_139,VPWR,li1,69.6900,100.6400,1.800000
FILLER_32_133,VPWR,li1,68.0800,100.6400,1.800000
FILLER_32_121,VPWR,li1,63.9400,100.6400,1.800000
FILLER_32_109,VPWR,li1,58.4200,100.6400,1.800000
FILLER_32_97,VPWR,li1,52.9000,100.6400,1.800000
FILLER_32_85,VPWR,li1,47.3800,100.6400,1.800000
FILLER_32_83,VPWR,li1,43.9300,100.6400,1.800000
FILLER_32_77,VPWR,li1,42.3200,100.6400,1.800000
FILLER_32_65,VPWR,li1,38.1800,100.6400,1.800000
FILLER_32_53,VPWR,li1,32.6600,100.6400,1.800000
FILLER_32_41,VPWR,li1,27.1400,100.6400,1.800000
FILLER_32_29,VPWR,li1,21.6200,100.6400,1.800000
FILLER_32_27,VPWR,li1,18.1700,100.6400,1.800000
FILLER_32_15,VPWR,li1,15.1800,100.6400,1.800000
FILLER_32_3,VPWR,li1,9.6600,100.6400,1.800000
FILLER_31_665,VPWR,li1,312.1100,95.2000,1.800000
FILLER_31_653,VPWR,li1,308.6600,95.2000,1.800000
FILLER_31_641,VPWR,li1,303.1400,95.2000,1.800000
FILLER_31_629,VPWR,li1,297.6200,95.2000,1.800000
FILLER_31_617,VPWR,li1,292.1000,95.2000,1.800000
FILLER_31_615,VPWR,li1,288.6500,95.2000,1.800000
FILLER_31_609,VPWR,li1,287.0400,95.2000,1.800000
FILLER_31_597,VPWR,li1,282.9000,95.2000,1.800000
FILLER_31_585,VPWR,li1,277.3800,95.2000,1.800000
FILLER_31_573,VPWR,li1,271.8600,95.2000,1.800000
FILLER_31_561,VPWR,li1,266.3400,95.2000,1.800000
FILLER_31_559,VPWR,li1,262.8900,95.2000,1.800000
FILLER_31_553,VPWR,li1,261.2800,95.2000,1.800000
FILLER_31_541,VPWR,li1,257.1400,95.2000,1.800000
FILLER_31_529,VPWR,li1,251.6200,95.2000,1.800000
FILLER_31_517,VPWR,li1,246.1000,95.2000,1.800000
FILLER_31_505,VPWR,li1,240.5800,95.2000,1.800000
FILLER_31_503,VPWR,li1,237.1300,95.2000,1.800000
FILLER_31_497,VPWR,li1,235.5200,95.2000,1.800000
FILLER_31_485,VPWR,li1,231.3800,95.2000,1.800000
FILLER_31_473,VPWR,li1,225.8600,95.2000,1.800000
FILLER_31_461,VPWR,li1,220.3400,95.2000,1.800000
FILLER_31_449,VPWR,li1,214.8200,95.2000,1.800000
FILLER_31_447,VPWR,li1,211.3700,95.2000,1.800000
FILLER_31_441,VPWR,li1,209.7600,95.2000,1.800000
FILLER_31_429,VPWR,li1,205.6200,95.2000,1.800000
FILLER_31_417,VPWR,li1,200.1000,95.2000,1.800000
FILLER_31_405,VPWR,li1,194.5800,95.2000,1.800000
FILLER_31_393,VPWR,li1,189.0600,95.2000,1.800000
FILLER_31_391,VPWR,li1,185.6100,95.2000,1.800000
FILLER_31_385,VPWR,li1,184.0000,95.2000,1.800000
FILLER_31_373,VPWR,li1,179.8600,95.2000,1.800000
FILLER_31_361,VPWR,li1,174.3400,95.2000,1.800000
FILLER_31_349,VPWR,li1,168.8200,95.2000,1.800000
FILLER_31_337,VPWR,li1,163.3000,95.2000,1.800000
FILLER_31_335,VPWR,li1,159.8500,95.2000,1.800000
FILLER_31_329,VPWR,li1,158.2400,95.2000,1.800000
FILLER_31_317,VPWR,li1,154.1000,95.2000,1.800000
FILLER_31_305,VPWR,li1,148.5800,95.2000,1.800000
FILLER_31_293,VPWR,li1,143.0600,95.2000,1.800000
FILLER_31_281,VPWR,li1,137.5400,95.2000,1.800000
FILLER_31_279,VPWR,li1,134.0900,95.2000,1.800000
FILLER_31_273,VPWR,li1,132.4800,95.2000,1.800000
FILLER_31_261,VPWR,li1,128.3400,95.2000,1.800000
FILLER_31_249,VPWR,li1,122.8200,95.2000,1.800000
FILLER_31_237,VPWR,li1,117.3000,95.2000,1.800000
FILLER_31_225,VPWR,li1,111.7800,95.2000,1.800000
FILLER_31_223,VPWR,li1,108.3300,95.2000,1.800000
FILLER_31_217,VPWR,li1,106.7200,95.2000,1.800000
FILLER_31_205,VPWR,li1,102.5800,95.2000,1.800000
FILLER_31_193,VPWR,li1,97.0600,95.2000,1.800000
FILLER_31_181,VPWR,li1,91.5400,95.2000,1.800000
FILLER_31_169,VPWR,li1,86.0200,95.2000,1.800000
FILLER_31_167,VPWR,li1,82.5700,95.2000,1.800000
FILLER_31_161,VPWR,li1,80.9600,95.2000,1.800000
FILLER_31_149,VPWR,li1,76.8200,95.2000,1.800000
FILLER_31_137,VPWR,li1,71.3000,95.2000,1.800000
FILLER_31_125,VPWR,li1,65.7800,95.2000,1.800000
FILLER_31_113,VPWR,li1,60.2600,95.2000,1.800000
FILLER_31_111,VPWR,li1,56.8100,95.2000,1.800000
FILLER_31_105,VPWR,li1,55.2000,95.2000,1.800000
FILLER_31_93,VPWR,li1,51.0600,95.2000,1.800000
FILLER_31_81,VPWR,li1,45.5400,95.2000,1.800000
FILLER_31_69,VPWR,li1,40.0200,95.2000,1.800000
FILLER_31_57,VPWR,li1,34.5000,95.2000,1.800000
FILLER_31_55,VPWR,li1,31.0500,95.2000,1.800000
FILLER_31_51,VPWR,li1,29.9000,95.2000,1.800000
FILLER_31_39,VPWR,li1,26.2200,95.2000,1.800000
FILLER_31_27,VPWR,li1,20.7000,95.2000,1.800000
FILLER_31_15,VPWR,li1,15.1800,95.2000,1.800000
FILLER_31_3,VPWR,li1,9.6600,95.2000,1.800000
FILLER_30_665,VPWR,li1,312.1100,95.2000,1.800000
FILLER_30_657,VPWR,li1,309.5800,95.2000,1.800000
FILLER_30_645,VPWR,li1,304.9800,95.2000,1.800000
FILLER_30_643,VPWR,li1,301.5300,95.2000,1.800000
FILLER_30_637,VPWR,li1,299.9200,95.2000,1.800000
FILLER_30_625,VPWR,li1,295.7800,95.2000,1.800000
FILLER_30_613,VPWR,li1,290.2600,95.2000,1.800000
FILLER_30_601,VPWR,li1,284.7400,95.2000,1.800000
FILLER_30_589,VPWR,li1,279.2200,95.2000,1.800000
FILLER_30_587,VPWR,li1,275.7700,95.2000,1.800000
FILLER_30_581,VPWR,li1,274.1600,95.2000,1.800000
FILLER_30_569,VPWR,li1,270.0200,95.2000,1.800000
FILLER_30_557,VPWR,li1,264.5000,95.2000,1.800000
FILLER_30_545,VPWR,li1,258.9800,95.2000,1.800000
FILLER_30_533,VPWR,li1,253.4600,95.2000,1.800000
FILLER_30_531,VPWR,li1,250.0100,95.2000,1.800000
FILLER_30_525,VPWR,li1,248.4000,95.2000,1.800000
FILLER_30_513,VPWR,li1,244.2600,95.2000,1.800000
FILLER_30_501,VPWR,li1,238.7400,95.2000,1.800000
FILLER_30_489,VPWR,li1,233.2200,95.2000,1.800000
FILLER_30_477,VPWR,li1,227.7000,95.2000,1.800000
FILLER_30_475,VPWR,li1,224.2500,95.2000,1.800000
FILLER_30_469,VPWR,li1,222.6400,95.2000,1.800000
FILLER_30_457,VPWR,li1,218.5000,95.2000,1.800000
FILLER_30_445,VPWR,li1,212.9800,95.2000,1.800000
FILLER_30_433,VPWR,li1,207.4600,95.2000,1.800000
FILLER_30_421,VPWR,li1,201.9400,95.2000,1.800000
FILLER_30_419,VPWR,li1,198.4900,95.2000,1.800000
FILLER_30_413,VPWR,li1,196.8800,95.2000,1.800000
FILLER_30_401,VPWR,li1,192.7400,95.2000,1.800000
FILLER_30_389,VPWR,li1,187.2200,95.2000,1.800000
FILLER_30_377,VPWR,li1,181.7000,95.2000,1.800000
FILLER_30_365,VPWR,li1,176.1800,95.2000,1.800000
FILLER_30_363,VPWR,li1,172.7300,95.2000,1.800000
FILLER_30_357,VPWR,li1,171.1200,95.2000,1.800000
FILLER_30_345,VPWR,li1,166.9800,95.2000,1.800000
FILLER_30_333,VPWR,li1,161.4600,95.2000,1.800000
FILLER_30_321,VPWR,li1,155.9400,95.2000,1.800000
FILLER_30_309,VPWR,li1,150.4200,95.2000,1.800000
FILLER_30_307,VPWR,li1,146.9700,95.2000,1.800000
FILLER_30_301,VPWR,li1,145.3600,95.2000,1.800000
FILLER_30_289,VPWR,li1,141.2200,95.2000,1.800000
FILLER_30_277,VPWR,li1,135.7000,95.2000,1.800000
FILLER_30_265,VPWR,li1,130.1800,95.2000,1.800000
FILLER_30_253,VPWR,li1,124.6600,95.2000,1.800000
FILLER_30_251,VPWR,li1,121.2100,95.2000,1.800000
FILLER_30_245,VPWR,li1,119.6000,95.2000,1.800000
FILLER_30_233,VPWR,li1,115.4600,95.2000,1.800000
FILLER_30_221,VPWR,li1,109.9400,95.2000,1.800000
FILLER_30_209,VPWR,li1,104.4200,95.2000,1.800000
FILLER_30_197,VPWR,li1,98.9000,95.2000,1.800000
FILLER_30_195,VPWR,li1,95.4500,95.2000,1.800000
FILLER_30_189,VPWR,li1,93.8400,95.2000,1.800000
FILLER_30_177,VPWR,li1,89.7000,95.2000,1.800000
FILLER_30_165,VPWR,li1,84.1800,95.2000,1.800000
FILLER_30_153,VPWR,li1,78.6600,95.2000,1.800000
FILLER_30_141,VPWR,li1,73.1400,95.2000,1.800000
FILLER_30_139,VPWR,li1,69.6900,95.2000,1.800000
FILLER_30_133,VPWR,li1,68.0800,95.2000,1.800000
FILLER_30_121,VPWR,li1,63.9400,95.2000,1.800000
FILLER_30_109,VPWR,li1,58.4200,95.2000,1.800000
FILLER_30_97,VPWR,li1,52.9000,95.2000,1.800000
FILLER_30_85,VPWR,li1,47.3800,95.2000,1.800000
FILLER_30_83,VPWR,li1,43.9300,95.2000,1.800000
FILLER_30_77,VPWR,li1,42.3200,95.2000,1.800000
FILLER_30_65,VPWR,li1,38.1800,95.2000,1.800000
FILLER_30_53,VPWR,li1,32.6600,95.2000,1.800000
FILLER_30_41,VPWR,li1,27.1400,95.2000,1.800000
FILLER_30_29,VPWR,li1,21.6200,95.2000,1.800000
FILLER_30_27,VPWR,li1,18.1700,95.2000,1.800000
FILLER_30_15,VPWR,li1,15.1800,95.2000,1.800000
FILLER_30_3,VPWR,li1,9.6600,95.2000,1.800000
FILLER_29_665,VPWR,li1,312.1100,89.7600,1.800000
FILLER_29_653,VPWR,li1,308.6600,89.7600,1.800000
FILLER_29_641,VPWR,li1,303.1400,89.7600,1.800000
FILLER_29_629,VPWR,li1,297.6200,89.7600,1.800000
FILLER_29_617,VPWR,li1,292.1000,89.7600,1.800000
FILLER_29_615,VPWR,li1,288.6500,89.7600,1.800000
FILLER_29_609,VPWR,li1,287.0400,89.7600,1.800000
FILLER_29_597,VPWR,li1,282.9000,89.7600,1.800000
FILLER_29_585,VPWR,li1,277.3800,89.7600,1.800000
FILLER_29_573,VPWR,li1,271.8600,89.7600,1.800000
FILLER_29_561,VPWR,li1,266.3400,89.7600,1.800000
FILLER_29_559,VPWR,li1,262.8900,89.7600,1.800000
FILLER_29_553,VPWR,li1,261.2800,89.7600,1.800000
FILLER_29_541,VPWR,li1,257.1400,89.7600,1.800000
FILLER_29_529,VPWR,li1,251.6200,89.7600,1.800000
FILLER_29_517,VPWR,li1,246.1000,89.7600,1.800000
FILLER_29_505,VPWR,li1,240.5800,89.7600,1.800000
FILLER_29_503,VPWR,li1,237.1300,89.7600,1.800000
FILLER_29_497,VPWR,li1,235.5200,89.7600,1.800000
FILLER_29_485,VPWR,li1,231.3800,89.7600,1.800000
FILLER_29_473,VPWR,li1,225.8600,89.7600,1.800000
FILLER_29_461,VPWR,li1,220.3400,89.7600,1.800000
FILLER_29_449,VPWR,li1,214.8200,89.7600,1.800000
FILLER_29_447,VPWR,li1,211.3700,89.7600,1.800000
FILLER_29_441,VPWR,li1,209.7600,89.7600,1.800000
FILLER_29_429,VPWR,li1,205.6200,89.7600,1.800000
FILLER_29_417,VPWR,li1,200.1000,89.7600,1.800000
FILLER_29_405,VPWR,li1,194.5800,89.7600,1.800000
FILLER_29_393,VPWR,li1,189.0600,89.7600,1.800000
FILLER_29_391,VPWR,li1,185.6100,89.7600,1.800000
FILLER_29_385,VPWR,li1,184.0000,89.7600,1.800000
FILLER_29_373,VPWR,li1,179.8600,89.7600,1.800000
FILLER_29_361,VPWR,li1,174.3400,89.7600,1.800000
FILLER_29_349,VPWR,li1,168.8200,89.7600,1.800000
FILLER_29_337,VPWR,li1,163.3000,89.7600,1.800000
FILLER_29_335,VPWR,li1,159.8500,89.7600,1.800000
FILLER_29_329,VPWR,li1,158.2400,89.7600,1.800000
FILLER_29_317,VPWR,li1,154.1000,89.7600,1.800000
FILLER_29_305,VPWR,li1,148.5800,89.7600,1.800000
FILLER_29_293,VPWR,li1,143.0600,89.7600,1.800000
FILLER_29_281,VPWR,li1,137.5400,89.7600,1.800000
FILLER_29_279,VPWR,li1,134.0900,89.7600,1.800000
FILLER_29_273,VPWR,li1,132.4800,89.7600,1.800000
FILLER_29_261,VPWR,li1,128.3400,89.7600,1.800000
FILLER_29_249,VPWR,li1,122.8200,89.7600,1.800000
FILLER_29_237,VPWR,li1,117.3000,89.7600,1.800000
FILLER_29_225,VPWR,li1,111.7800,89.7600,1.800000
FILLER_29_223,VPWR,li1,108.3300,89.7600,1.800000
FILLER_29_217,VPWR,li1,106.7200,89.7600,1.800000
FILLER_29_205,VPWR,li1,102.5800,89.7600,1.800000
FILLER_29_193,VPWR,li1,97.0600,89.7600,1.800000
FILLER_29_181,VPWR,li1,91.5400,89.7600,1.800000
FILLER_29_169,VPWR,li1,86.0200,89.7600,1.800000
FILLER_29_167,VPWR,li1,82.5700,89.7600,1.800000
FILLER_29_161,VPWR,li1,80.9600,89.7600,1.800000
FILLER_29_149,VPWR,li1,76.8200,89.7600,1.800000
FILLER_29_137,VPWR,li1,71.3000,89.7600,1.800000
FILLER_29_125,VPWR,li1,65.7800,89.7600,1.800000
FILLER_29_113,VPWR,li1,60.2600,89.7600,1.800000
FILLER_29_111,VPWR,li1,56.8100,89.7600,1.800000
FILLER_29_105,VPWR,li1,55.2000,89.7600,1.800000
FILLER_29_93,VPWR,li1,51.0600,89.7600,1.800000
FILLER_29_81,VPWR,li1,45.5400,89.7600,1.800000
FILLER_29_69,VPWR,li1,40.0200,89.7600,1.800000
FILLER_29_57,VPWR,li1,34.5000,89.7600,1.800000
FILLER_29_55,VPWR,li1,31.0500,89.7600,1.800000
FILLER_29_51,VPWR,li1,29.9000,89.7600,1.800000
FILLER_29_39,VPWR,li1,26.2200,89.7600,1.800000
FILLER_29_27,VPWR,li1,20.7000,89.7600,1.800000
FILLER_29_15,VPWR,li1,15.1800,89.7600,1.800000
FILLER_29_3,VPWR,li1,9.6600,89.7600,1.800000
FILLER_28_665,VPWR,li1,312.1100,89.7600,1.800000
FILLER_28_657,VPWR,li1,309.5800,89.7600,1.800000
FILLER_28_645,VPWR,li1,304.9800,89.7600,1.800000
FILLER_28_643,VPWR,li1,301.5300,89.7600,1.800000
FILLER_28_637,VPWR,li1,299.9200,89.7600,1.800000
FILLER_28_625,VPWR,li1,295.7800,89.7600,1.800000
FILLER_28_613,VPWR,li1,290.2600,89.7600,1.800000
FILLER_28_601,VPWR,li1,284.7400,89.7600,1.800000
FILLER_28_589,VPWR,li1,279.2200,89.7600,1.800000
FILLER_28_587,VPWR,li1,275.7700,89.7600,1.800000
FILLER_28_581,VPWR,li1,274.1600,89.7600,1.800000
FILLER_28_569,VPWR,li1,270.0200,89.7600,1.800000
FILLER_28_557,VPWR,li1,264.5000,89.7600,1.800000
FILLER_28_545,VPWR,li1,258.9800,89.7600,1.800000
FILLER_28_533,VPWR,li1,253.4600,89.7600,1.800000
FILLER_28_531,VPWR,li1,250.0100,89.7600,1.800000
FILLER_28_525,VPWR,li1,248.4000,89.7600,1.800000
FILLER_28_513,VPWR,li1,244.2600,89.7600,1.800000
FILLER_28_501,VPWR,li1,238.7400,89.7600,1.800000
FILLER_28_489,VPWR,li1,233.2200,89.7600,1.800000
FILLER_28_477,VPWR,li1,227.7000,89.7600,1.800000
FILLER_28_475,VPWR,li1,224.2500,89.7600,1.800000
FILLER_28_469,VPWR,li1,222.6400,89.7600,1.800000
FILLER_28_457,VPWR,li1,218.5000,89.7600,1.800000
FILLER_28_445,VPWR,li1,212.9800,89.7600,1.800000
FILLER_28_433,VPWR,li1,207.4600,89.7600,1.800000
FILLER_28_421,VPWR,li1,201.9400,89.7600,1.800000
FILLER_28_419,VPWR,li1,198.4900,89.7600,1.800000
FILLER_28_413,VPWR,li1,196.8800,89.7600,1.800000
FILLER_28_401,VPWR,li1,192.7400,89.7600,1.800000
FILLER_28_389,VPWR,li1,187.2200,89.7600,1.800000
FILLER_28_377,VPWR,li1,181.7000,89.7600,1.800000
FILLER_28_365,VPWR,li1,176.1800,89.7600,1.800000
FILLER_28_363,VPWR,li1,172.7300,89.7600,1.800000
FILLER_28_357,VPWR,li1,171.1200,89.7600,1.800000
FILLER_28_345,VPWR,li1,166.9800,89.7600,1.800000
FILLER_28_333,VPWR,li1,161.4600,89.7600,1.800000
FILLER_28_321,VPWR,li1,155.9400,89.7600,1.800000
FILLER_28_309,VPWR,li1,150.4200,89.7600,1.800000
FILLER_28_307,VPWR,li1,146.9700,89.7600,1.800000
FILLER_28_301,VPWR,li1,145.3600,89.7600,1.800000
FILLER_28_289,VPWR,li1,141.2200,89.7600,1.800000
FILLER_28_277,VPWR,li1,135.7000,89.7600,1.800000
FILLER_28_265,VPWR,li1,130.1800,89.7600,1.800000
FILLER_28_253,VPWR,li1,124.6600,89.7600,1.800000
FILLER_28_251,VPWR,li1,121.2100,89.7600,1.800000
FILLER_28_245,VPWR,li1,119.6000,89.7600,1.800000
FILLER_28_233,VPWR,li1,115.4600,89.7600,1.800000
FILLER_28_221,VPWR,li1,109.9400,89.7600,1.800000
FILLER_28_209,VPWR,li1,104.4200,89.7600,1.800000
FILLER_28_197,VPWR,li1,98.9000,89.7600,1.800000
FILLER_28_195,VPWR,li1,95.4500,89.7600,1.800000
FILLER_28_189,VPWR,li1,93.8400,89.7600,1.800000
FILLER_28_177,VPWR,li1,89.7000,89.7600,1.800000
FILLER_28_165,VPWR,li1,84.1800,89.7600,1.800000
FILLER_28_153,VPWR,li1,78.6600,89.7600,1.800000
FILLER_28_141,VPWR,li1,73.1400,89.7600,1.800000
FILLER_28_139,VPWR,li1,69.6900,89.7600,1.800000
FILLER_28_133,VPWR,li1,68.0800,89.7600,1.800000
FILLER_28_121,VPWR,li1,63.9400,89.7600,1.800000
FILLER_28_109,VPWR,li1,58.4200,89.7600,1.800000
FILLER_28_97,VPWR,li1,52.9000,89.7600,1.800000
FILLER_28_85,VPWR,li1,47.3800,89.7600,1.800000
FILLER_28_83,VPWR,li1,43.9300,89.7600,1.800000
FILLER_28_77,VPWR,li1,42.3200,89.7600,1.800000
FILLER_28_65,VPWR,li1,38.1800,89.7600,1.800000
FILLER_28_53,VPWR,li1,32.6600,89.7600,1.800000
FILLER_28_41,VPWR,li1,27.1400,89.7600,1.800000
FILLER_28_29,VPWR,li1,21.6200,89.7600,1.800000
FILLER_28_27,VPWR,li1,18.1700,89.7600,1.800000
FILLER_28_15,VPWR,li1,15.1800,89.7600,1.800000
FILLER_28_3,VPWR,li1,9.6600,89.7600,1.800000
FILLER_27_665,VPWR,li1,312.1100,84.3200,1.800000
FILLER_27_653,VPWR,li1,308.6600,84.3200,1.800000
FILLER_27_641,VPWR,li1,303.1400,84.3200,1.800000
FILLER_27_629,VPWR,li1,297.6200,84.3200,1.800000
FILLER_27_617,VPWR,li1,292.1000,84.3200,1.800000
FILLER_27_615,VPWR,li1,288.6500,84.3200,1.800000
FILLER_27_609,VPWR,li1,287.0400,84.3200,1.800000
FILLER_27_597,VPWR,li1,282.9000,84.3200,1.800000
FILLER_27_585,VPWR,li1,277.3800,84.3200,1.800000
FILLER_27_573,VPWR,li1,271.8600,84.3200,1.800000
FILLER_27_561,VPWR,li1,266.3400,84.3200,1.800000
FILLER_27_559,VPWR,li1,262.8900,84.3200,1.800000
FILLER_27_553,VPWR,li1,261.2800,84.3200,1.800000
FILLER_27_541,VPWR,li1,257.1400,84.3200,1.800000
FILLER_27_529,VPWR,li1,251.6200,84.3200,1.800000
FILLER_27_517,VPWR,li1,246.1000,84.3200,1.800000
FILLER_27_505,VPWR,li1,240.5800,84.3200,1.800000
FILLER_27_503,VPWR,li1,237.1300,84.3200,1.800000
FILLER_27_497,VPWR,li1,235.5200,84.3200,1.800000
FILLER_27_485,VPWR,li1,231.3800,84.3200,1.800000
FILLER_27_473,VPWR,li1,225.8600,84.3200,1.800000
FILLER_27_461,VPWR,li1,220.3400,84.3200,1.800000
FILLER_27_449,VPWR,li1,214.8200,84.3200,1.800000
FILLER_27_447,VPWR,li1,211.3700,84.3200,1.800000
FILLER_27_441,VPWR,li1,209.7600,84.3200,1.800000
FILLER_27_429,VPWR,li1,205.6200,84.3200,1.800000
FILLER_27_417,VPWR,li1,200.1000,84.3200,1.800000
FILLER_27_405,VPWR,li1,194.5800,84.3200,1.800000
FILLER_27_393,VPWR,li1,189.0600,84.3200,1.800000
FILLER_27_391,VPWR,li1,185.6100,84.3200,1.800000
FILLER_27_385,VPWR,li1,184.0000,84.3200,1.800000
FILLER_27_373,VPWR,li1,179.8600,84.3200,1.800000
FILLER_27_361,VPWR,li1,174.3400,84.3200,1.800000
FILLER_27_349,VPWR,li1,168.8200,84.3200,1.800000
FILLER_27_337,VPWR,li1,163.3000,84.3200,1.800000
FILLER_27_335,VPWR,li1,159.8500,84.3200,1.800000
FILLER_27_329,VPWR,li1,158.2400,84.3200,1.800000
FILLER_27_317,VPWR,li1,154.1000,84.3200,1.800000
FILLER_27_305,VPWR,li1,148.5800,84.3200,1.800000
FILLER_27_293,VPWR,li1,143.0600,84.3200,1.800000
FILLER_27_281,VPWR,li1,137.5400,84.3200,1.800000
FILLER_27_279,VPWR,li1,134.0900,84.3200,1.800000
FILLER_27_273,VPWR,li1,132.4800,84.3200,1.800000
FILLER_27_261,VPWR,li1,128.3400,84.3200,1.800000
FILLER_27_249,VPWR,li1,122.8200,84.3200,1.800000
FILLER_27_237,VPWR,li1,117.3000,84.3200,1.800000
FILLER_27_225,VPWR,li1,111.7800,84.3200,1.800000
FILLER_27_223,VPWR,li1,108.3300,84.3200,1.800000
FILLER_27_217,VPWR,li1,106.7200,84.3200,1.800000
FILLER_27_205,VPWR,li1,102.5800,84.3200,1.800000
FILLER_27_193,VPWR,li1,97.0600,84.3200,1.800000
FILLER_27_181,VPWR,li1,91.5400,84.3200,1.800000
FILLER_27_169,VPWR,li1,86.0200,84.3200,1.800000
FILLER_27_167,VPWR,li1,82.5700,84.3200,1.800000
FILLER_27_161,VPWR,li1,80.9600,84.3200,1.800000
FILLER_27_149,VPWR,li1,76.8200,84.3200,1.800000
FILLER_27_137,VPWR,li1,71.3000,84.3200,1.800000
FILLER_27_125,VPWR,li1,65.7800,84.3200,1.800000
FILLER_27_113,VPWR,li1,60.2600,84.3200,1.800000
FILLER_27_111,VPWR,li1,56.8100,84.3200,1.800000
FILLER_27_105,VPWR,li1,55.2000,84.3200,1.800000
FILLER_27_93,VPWR,li1,51.0600,84.3200,1.800000
FILLER_27_81,VPWR,li1,45.5400,84.3200,1.800000
FILLER_27_69,VPWR,li1,40.0200,84.3200,1.800000
FILLER_27_57,VPWR,li1,34.5000,84.3200,1.800000
FILLER_27_55,VPWR,li1,31.0500,84.3200,1.800000
FILLER_27_51,VPWR,li1,29.9000,84.3200,1.800000
FILLER_27_39,VPWR,li1,26.2200,84.3200,1.800000
FILLER_27_27,VPWR,li1,20.7000,84.3200,1.800000
FILLER_27_15,VPWR,li1,15.1800,84.3200,1.800000
FILLER_27_3,VPWR,li1,9.6600,84.3200,1.800000
FILLER_26_665,VPWR,li1,312.1100,84.3200,1.800000
FILLER_26_657,VPWR,li1,309.5800,84.3200,1.800000
FILLER_26_645,VPWR,li1,304.9800,84.3200,1.800000
FILLER_26_643,VPWR,li1,301.5300,84.3200,1.800000
FILLER_26_637,VPWR,li1,299.9200,84.3200,1.800000
FILLER_26_625,VPWR,li1,295.7800,84.3200,1.800000
FILLER_26_613,VPWR,li1,290.2600,84.3200,1.800000
FILLER_26_601,VPWR,li1,284.7400,84.3200,1.800000
FILLER_26_589,VPWR,li1,279.2200,84.3200,1.800000
FILLER_26_587,VPWR,li1,275.7700,84.3200,1.800000
FILLER_26_581,VPWR,li1,274.1600,84.3200,1.800000
FILLER_26_569,VPWR,li1,270.0200,84.3200,1.800000
FILLER_26_557,VPWR,li1,264.5000,84.3200,1.800000
FILLER_26_545,VPWR,li1,258.9800,84.3200,1.800000
FILLER_26_533,VPWR,li1,253.4600,84.3200,1.800000
FILLER_26_531,VPWR,li1,250.0100,84.3200,1.800000
FILLER_26_525,VPWR,li1,248.4000,84.3200,1.800000
FILLER_26_513,VPWR,li1,244.2600,84.3200,1.800000
FILLER_26_501,VPWR,li1,238.7400,84.3200,1.800000
FILLER_26_489,VPWR,li1,233.2200,84.3200,1.800000
FILLER_26_477,VPWR,li1,227.7000,84.3200,1.800000
FILLER_26_475,VPWR,li1,224.2500,84.3200,1.800000
FILLER_26_469,VPWR,li1,222.6400,84.3200,1.800000
FILLER_26_457,VPWR,li1,218.5000,84.3200,1.800000
FILLER_26_445,VPWR,li1,212.9800,84.3200,1.800000
FILLER_26_433,VPWR,li1,207.4600,84.3200,1.800000
FILLER_26_421,VPWR,li1,201.9400,84.3200,1.800000
FILLER_26_419,VPWR,li1,198.4900,84.3200,1.800000
FILLER_26_413,VPWR,li1,196.8800,84.3200,1.800000
FILLER_26_401,VPWR,li1,192.7400,84.3200,1.800000
FILLER_26_389,VPWR,li1,187.2200,84.3200,1.800000
FILLER_26_377,VPWR,li1,181.7000,84.3200,1.800000
FILLER_26_365,VPWR,li1,176.1800,84.3200,1.800000
FILLER_26_363,VPWR,li1,172.7300,84.3200,1.800000
FILLER_26_357,VPWR,li1,171.1200,84.3200,1.800000
FILLER_26_345,VPWR,li1,166.9800,84.3200,1.800000
FILLER_26_333,VPWR,li1,161.4600,84.3200,1.800000
FILLER_26_321,VPWR,li1,155.9400,84.3200,1.800000
FILLER_26_309,VPWR,li1,150.4200,84.3200,1.800000
FILLER_26_307,VPWR,li1,146.9700,84.3200,1.800000
FILLER_26_301,VPWR,li1,145.3600,84.3200,1.800000
FILLER_26_289,VPWR,li1,141.2200,84.3200,1.800000
FILLER_26_277,VPWR,li1,135.7000,84.3200,1.800000
FILLER_26_265,VPWR,li1,130.1800,84.3200,1.800000
FILLER_26_253,VPWR,li1,124.6600,84.3200,1.800000
FILLER_26_251,VPWR,li1,121.2100,84.3200,1.800000
FILLER_26_245,VPWR,li1,119.6000,84.3200,1.800000
FILLER_26_233,VPWR,li1,115.4600,84.3200,1.800000
FILLER_26_221,VPWR,li1,109.9400,84.3200,1.800000
FILLER_26_209,VPWR,li1,104.4200,84.3200,1.800000
FILLER_26_197,VPWR,li1,98.9000,84.3200,1.800000
FILLER_26_195,VPWR,li1,95.4500,84.3200,1.800000
FILLER_26_189,VPWR,li1,93.8400,84.3200,1.800000
FILLER_26_177,VPWR,li1,89.7000,84.3200,1.800000
FILLER_26_165,VPWR,li1,84.1800,84.3200,1.800000
FILLER_26_153,VPWR,li1,78.6600,84.3200,1.800000
FILLER_26_141,VPWR,li1,73.1400,84.3200,1.800000
FILLER_26_139,VPWR,li1,69.6900,84.3200,1.800000
FILLER_26_133,VPWR,li1,68.0800,84.3200,1.800000
FILLER_26_121,VPWR,li1,63.9400,84.3200,1.800000
FILLER_26_109,VPWR,li1,58.4200,84.3200,1.800000
FILLER_26_97,VPWR,li1,52.9000,84.3200,1.800000
FILLER_26_85,VPWR,li1,47.3800,84.3200,1.800000
FILLER_26_83,VPWR,li1,43.9300,84.3200,1.800000
FILLER_26_77,VPWR,li1,42.3200,84.3200,1.800000
FILLER_26_65,VPWR,li1,38.1800,84.3200,1.800000
FILLER_26_53,VPWR,li1,32.6600,84.3200,1.800000
FILLER_26_41,VPWR,li1,27.1400,84.3200,1.800000
FILLER_26_29,VPWR,li1,21.6200,84.3200,1.800000
FILLER_26_27,VPWR,li1,18.1700,84.3200,1.800000
FILLER_26_15,VPWR,li1,15.1800,84.3200,1.800000
FILLER_26_3,VPWR,li1,9.6600,84.3200,1.800000
FILLER_25_665,VPWR,li1,312.1100,78.8800,1.800000
FILLER_25_653,VPWR,li1,308.6600,78.8800,1.800000
FILLER_25_641,VPWR,li1,303.1400,78.8800,1.800000
FILLER_25_629,VPWR,li1,297.6200,78.8800,1.800000
FILLER_25_617,VPWR,li1,292.1000,78.8800,1.800000
FILLER_25_615,VPWR,li1,288.6500,78.8800,1.800000
FILLER_25_609,VPWR,li1,287.0400,78.8800,1.800000
FILLER_25_597,VPWR,li1,282.9000,78.8800,1.800000
FILLER_25_585,VPWR,li1,277.3800,78.8800,1.800000
FILLER_25_573,VPWR,li1,271.8600,78.8800,1.800000
FILLER_25_561,VPWR,li1,266.3400,78.8800,1.800000
FILLER_25_559,VPWR,li1,262.8900,78.8800,1.800000
FILLER_25_553,VPWR,li1,261.2800,78.8800,1.800000
FILLER_25_541,VPWR,li1,257.1400,78.8800,1.800000
FILLER_25_529,VPWR,li1,251.6200,78.8800,1.800000
FILLER_25_517,VPWR,li1,246.1000,78.8800,1.800000
FILLER_25_505,VPWR,li1,240.5800,78.8800,1.800000
FILLER_25_503,VPWR,li1,237.1300,78.8800,1.800000
FILLER_25_497,VPWR,li1,235.5200,78.8800,1.800000
FILLER_25_485,VPWR,li1,231.3800,78.8800,1.800000
FILLER_25_473,VPWR,li1,225.8600,78.8800,1.800000
FILLER_25_461,VPWR,li1,220.3400,78.8800,1.800000
FILLER_25_449,VPWR,li1,214.8200,78.8800,1.800000
FILLER_25_447,VPWR,li1,211.3700,78.8800,1.800000
FILLER_25_441,VPWR,li1,209.7600,78.8800,1.800000
FILLER_25_429,VPWR,li1,205.6200,78.8800,1.800000
FILLER_25_417,VPWR,li1,200.1000,78.8800,1.800000
FILLER_25_405,VPWR,li1,194.5800,78.8800,1.800000
FILLER_25_393,VPWR,li1,189.0600,78.8800,1.800000
FILLER_25_391,VPWR,li1,185.6100,78.8800,1.800000
FILLER_25_385,VPWR,li1,184.0000,78.8800,1.800000
FILLER_25_373,VPWR,li1,179.8600,78.8800,1.800000
FILLER_25_361,VPWR,li1,174.3400,78.8800,1.800000
FILLER_25_349,VPWR,li1,168.8200,78.8800,1.800000
FILLER_25_337,VPWR,li1,163.3000,78.8800,1.800000
FILLER_25_335,VPWR,li1,159.8500,78.8800,1.800000
FILLER_25_329,VPWR,li1,158.2400,78.8800,1.800000
FILLER_25_317,VPWR,li1,154.1000,78.8800,1.800000
FILLER_25_305,VPWR,li1,148.5800,78.8800,1.800000
FILLER_25_293,VPWR,li1,143.0600,78.8800,1.800000
FILLER_25_281,VPWR,li1,137.5400,78.8800,1.800000
FILLER_25_279,VPWR,li1,134.0900,78.8800,1.800000
FILLER_25_273,VPWR,li1,132.4800,78.8800,1.800000
FILLER_25_261,VPWR,li1,128.3400,78.8800,1.800000
FILLER_25_249,VPWR,li1,122.8200,78.8800,1.800000
FILLER_25_237,VPWR,li1,117.3000,78.8800,1.800000
FILLER_25_225,VPWR,li1,111.7800,78.8800,1.800000
FILLER_25_223,VPWR,li1,108.3300,78.8800,1.800000
FILLER_25_217,VPWR,li1,106.7200,78.8800,1.800000
FILLER_25_205,VPWR,li1,102.5800,78.8800,1.800000
FILLER_25_193,VPWR,li1,97.0600,78.8800,1.800000
FILLER_25_181,VPWR,li1,91.5400,78.8800,1.800000
FILLER_25_169,VPWR,li1,86.0200,78.8800,1.800000
FILLER_25_167,VPWR,li1,82.5700,78.8800,1.800000
FILLER_25_161,VPWR,li1,80.9600,78.8800,1.800000
FILLER_25_149,VPWR,li1,76.8200,78.8800,1.800000
FILLER_25_137,VPWR,li1,71.3000,78.8800,1.800000
FILLER_25_125,VPWR,li1,65.7800,78.8800,1.800000
FILLER_25_113,VPWR,li1,60.2600,78.8800,1.800000
FILLER_25_111,VPWR,li1,56.8100,78.8800,1.800000
FILLER_25_105,VPWR,li1,55.2000,78.8800,1.800000
FILLER_25_93,VPWR,li1,51.0600,78.8800,1.800000
FILLER_25_81,VPWR,li1,45.5400,78.8800,1.800000
FILLER_25_69,VPWR,li1,40.0200,78.8800,1.800000
FILLER_25_57,VPWR,li1,34.5000,78.8800,1.800000
FILLER_25_55,VPWR,li1,31.0500,78.8800,1.800000
FILLER_25_51,VPWR,li1,29.9000,78.8800,1.800000
FILLER_25_39,VPWR,li1,26.2200,78.8800,1.800000
FILLER_25_27,VPWR,li1,20.7000,78.8800,1.800000
FILLER_25_15,VPWR,li1,15.1800,78.8800,1.800000
FILLER_25_3,VPWR,li1,9.6600,78.8800,1.800000
FILLER_24_665,VPWR,li1,312.1100,78.8800,1.800000
FILLER_24_657,VPWR,li1,309.5800,78.8800,1.800000
FILLER_24_645,VPWR,li1,304.9800,78.8800,1.800000
FILLER_24_643,VPWR,li1,301.5300,78.8800,1.800000
FILLER_24_637,VPWR,li1,299.9200,78.8800,1.800000
FILLER_24_625,VPWR,li1,295.7800,78.8800,1.800000
FILLER_24_613,VPWR,li1,290.2600,78.8800,1.800000
FILLER_24_601,VPWR,li1,284.7400,78.8800,1.800000
FILLER_24_589,VPWR,li1,279.2200,78.8800,1.800000
FILLER_24_587,VPWR,li1,275.7700,78.8800,1.800000
FILLER_24_581,VPWR,li1,274.1600,78.8800,1.800000
FILLER_24_569,VPWR,li1,270.0200,78.8800,1.800000
FILLER_24_557,VPWR,li1,264.5000,78.8800,1.800000
FILLER_24_545,VPWR,li1,258.9800,78.8800,1.800000
FILLER_24_533,VPWR,li1,253.4600,78.8800,1.800000
FILLER_24_531,VPWR,li1,250.0100,78.8800,1.800000
FILLER_24_525,VPWR,li1,248.4000,78.8800,1.800000
FILLER_24_513,VPWR,li1,244.2600,78.8800,1.800000
FILLER_24_501,VPWR,li1,238.7400,78.8800,1.800000
FILLER_24_489,VPWR,li1,233.2200,78.8800,1.800000
FILLER_24_477,VPWR,li1,227.7000,78.8800,1.800000
FILLER_24_475,VPWR,li1,224.2500,78.8800,1.800000
FILLER_24_469,VPWR,li1,222.6400,78.8800,1.800000
FILLER_24_457,VPWR,li1,218.5000,78.8800,1.800000
FILLER_24_445,VPWR,li1,212.9800,78.8800,1.800000
FILLER_24_433,VPWR,li1,207.4600,78.8800,1.800000
FILLER_24_421,VPWR,li1,201.9400,78.8800,1.800000
FILLER_24_419,VPWR,li1,198.4900,78.8800,1.800000
FILLER_24_413,VPWR,li1,196.8800,78.8800,1.800000
FILLER_24_401,VPWR,li1,192.7400,78.8800,1.800000
FILLER_24_389,VPWR,li1,187.2200,78.8800,1.800000
FILLER_24_377,VPWR,li1,181.7000,78.8800,1.800000
FILLER_24_365,VPWR,li1,176.1800,78.8800,1.800000
FILLER_24_363,VPWR,li1,172.7300,78.8800,1.800000
FILLER_24_357,VPWR,li1,171.1200,78.8800,1.800000
FILLER_24_345,VPWR,li1,166.9800,78.8800,1.800000
FILLER_24_333,VPWR,li1,161.4600,78.8800,1.800000
FILLER_24_321,VPWR,li1,155.9400,78.8800,1.800000
FILLER_24_309,VPWR,li1,150.4200,78.8800,1.800000
FILLER_24_307,VPWR,li1,146.9700,78.8800,1.800000
FILLER_24_301,VPWR,li1,145.3600,78.8800,1.800000
FILLER_24_289,VPWR,li1,141.2200,78.8800,1.800000
FILLER_24_277,VPWR,li1,135.7000,78.8800,1.800000
FILLER_24_265,VPWR,li1,130.1800,78.8800,1.800000
FILLER_24_253,VPWR,li1,124.6600,78.8800,1.800000
FILLER_24_251,VPWR,li1,121.2100,78.8800,1.800000
FILLER_24_245,VPWR,li1,119.6000,78.8800,1.800000
FILLER_24_233,VPWR,li1,115.4600,78.8800,1.800000
FILLER_24_221,VPWR,li1,109.9400,78.8800,1.800000
FILLER_24_209,VPWR,li1,104.4200,78.8800,1.800000
FILLER_24_197,VPWR,li1,98.9000,78.8800,1.800000
FILLER_24_195,VPWR,li1,95.4500,78.8800,1.800000
FILLER_24_189,VPWR,li1,93.8400,78.8800,1.800000
FILLER_24_177,VPWR,li1,89.7000,78.8800,1.800000
FILLER_24_165,VPWR,li1,84.1800,78.8800,1.800000
FILLER_24_153,VPWR,li1,78.6600,78.8800,1.800000
FILLER_24_141,VPWR,li1,73.1400,78.8800,1.800000
FILLER_24_139,VPWR,li1,69.6900,78.8800,1.800000
FILLER_24_133,VPWR,li1,68.0800,78.8800,1.800000
FILLER_24_121,VPWR,li1,63.9400,78.8800,1.800000
FILLER_24_109,VPWR,li1,58.4200,78.8800,1.800000
FILLER_24_97,VPWR,li1,52.9000,78.8800,1.800000
FILLER_24_85,VPWR,li1,47.3800,78.8800,1.800000
FILLER_24_83,VPWR,li1,43.9300,78.8800,1.800000
FILLER_24_77,VPWR,li1,42.3200,78.8800,1.800000
FILLER_24_65,VPWR,li1,38.1800,78.8800,1.800000
FILLER_24_53,VPWR,li1,32.6600,78.8800,1.800000
FILLER_24_41,VPWR,li1,27.1400,78.8800,1.800000
FILLER_24_29,VPWR,li1,21.6200,78.8800,1.800000
FILLER_24_27,VPWR,li1,18.1700,78.8800,1.800000
FILLER_24_15,VPWR,li1,15.1800,78.8800,1.800000
FILLER_24_3,VPWR,li1,9.6600,78.8800,1.800000
FILLER_23_665,VPWR,li1,312.1100,73.4400,1.800000
FILLER_23_653,VPWR,li1,308.6600,73.4400,1.800000
FILLER_23_641,VPWR,li1,303.1400,73.4400,1.800000
FILLER_23_629,VPWR,li1,297.6200,73.4400,1.800000
FILLER_23_617,VPWR,li1,292.1000,73.4400,1.800000
FILLER_23_615,VPWR,li1,288.6500,73.4400,1.800000
FILLER_23_609,VPWR,li1,287.0400,73.4400,1.800000
FILLER_23_597,VPWR,li1,282.9000,73.4400,1.800000
FILLER_23_585,VPWR,li1,277.3800,73.4400,1.800000
FILLER_23_573,VPWR,li1,271.8600,73.4400,1.800000
FILLER_23_561,VPWR,li1,266.3400,73.4400,1.800000
FILLER_23_559,VPWR,li1,262.8900,73.4400,1.800000
FILLER_23_553,VPWR,li1,261.2800,73.4400,1.800000
FILLER_23_541,VPWR,li1,257.1400,73.4400,1.800000
FILLER_23_529,VPWR,li1,251.6200,73.4400,1.800000
FILLER_23_517,VPWR,li1,246.1000,73.4400,1.800000
FILLER_23_505,VPWR,li1,240.5800,73.4400,1.800000
FILLER_23_503,VPWR,li1,237.1300,73.4400,1.800000
FILLER_23_497,VPWR,li1,235.5200,73.4400,1.800000
FILLER_23_485,VPWR,li1,231.3800,73.4400,1.800000
FILLER_23_473,VPWR,li1,225.8600,73.4400,1.800000
FILLER_23_461,VPWR,li1,220.3400,73.4400,1.800000
FILLER_23_449,VPWR,li1,214.8200,73.4400,1.800000
FILLER_23_447,VPWR,li1,211.3700,73.4400,1.800000
FILLER_23_441,VPWR,li1,209.7600,73.4400,1.800000
FILLER_23_429,VPWR,li1,205.6200,73.4400,1.800000
FILLER_23_417,VPWR,li1,200.1000,73.4400,1.800000
FILLER_23_405,VPWR,li1,194.5800,73.4400,1.800000
FILLER_23_393,VPWR,li1,189.0600,73.4400,1.800000
FILLER_23_391,VPWR,li1,185.6100,73.4400,1.800000
FILLER_23_385,VPWR,li1,184.0000,73.4400,1.800000
FILLER_23_373,VPWR,li1,179.8600,73.4400,1.800000
FILLER_23_361,VPWR,li1,174.3400,73.4400,1.800000
FILLER_23_349,VPWR,li1,168.8200,73.4400,1.800000
FILLER_23_337,VPWR,li1,163.3000,73.4400,1.800000
FILLER_23_335,VPWR,li1,159.8500,73.4400,1.800000
FILLER_23_329,VPWR,li1,158.2400,73.4400,1.800000
FILLER_23_317,VPWR,li1,154.1000,73.4400,1.800000
FILLER_23_305,VPWR,li1,148.5800,73.4400,1.800000
FILLER_23_293,VPWR,li1,143.0600,73.4400,1.800000
FILLER_23_281,VPWR,li1,137.5400,73.4400,1.800000
FILLER_23_279,VPWR,li1,134.0900,73.4400,1.800000
FILLER_23_273,VPWR,li1,132.4800,73.4400,1.800000
FILLER_23_261,VPWR,li1,128.3400,73.4400,1.800000
FILLER_23_249,VPWR,li1,122.8200,73.4400,1.800000
FILLER_23_237,VPWR,li1,117.3000,73.4400,1.800000
FILLER_23_225,VPWR,li1,111.7800,73.4400,1.800000
FILLER_23_223,VPWR,li1,108.3300,73.4400,1.800000
FILLER_23_217,VPWR,li1,106.7200,73.4400,1.800000
FILLER_23_205,VPWR,li1,102.5800,73.4400,1.800000
FILLER_23_193,VPWR,li1,97.0600,73.4400,1.800000
FILLER_23_181,VPWR,li1,91.5400,73.4400,1.800000
FILLER_23_169,VPWR,li1,86.0200,73.4400,1.800000
FILLER_23_167,VPWR,li1,82.5700,73.4400,1.800000
FILLER_23_161,VPWR,li1,80.9600,73.4400,1.800000
FILLER_23_149,VPWR,li1,76.8200,73.4400,1.800000
FILLER_23_137,VPWR,li1,71.3000,73.4400,1.800000
FILLER_23_125,VPWR,li1,65.7800,73.4400,1.800000
FILLER_23_113,VPWR,li1,60.2600,73.4400,1.800000
FILLER_23_111,VPWR,li1,56.8100,73.4400,1.800000
FILLER_23_105,VPWR,li1,55.2000,73.4400,1.800000
FILLER_23_93,VPWR,li1,51.0600,73.4400,1.800000
FILLER_23_81,VPWR,li1,45.5400,73.4400,1.800000
FILLER_23_69,VPWR,li1,40.0200,73.4400,1.800000
FILLER_23_57,VPWR,li1,34.5000,73.4400,1.800000
FILLER_23_55,VPWR,li1,31.0500,73.4400,1.800000
FILLER_23_51,VPWR,li1,29.9000,73.4400,1.800000
FILLER_23_39,VPWR,li1,26.2200,73.4400,1.800000
FILLER_23_27,VPWR,li1,20.7000,73.4400,1.800000
FILLER_23_15,VPWR,li1,15.1800,73.4400,1.800000
FILLER_23_3,VPWR,li1,9.6600,73.4400,1.800000
FILLER_22_665,VPWR,li1,312.1100,73.4400,1.800000
FILLER_22_657,VPWR,li1,309.5800,73.4400,1.800000
FILLER_22_645,VPWR,li1,304.9800,73.4400,1.800000
FILLER_22_643,VPWR,li1,301.5300,73.4400,1.800000
FILLER_22_637,VPWR,li1,299.9200,73.4400,1.800000
FILLER_22_625,VPWR,li1,295.7800,73.4400,1.800000
FILLER_22_613,VPWR,li1,290.2600,73.4400,1.800000
FILLER_22_601,VPWR,li1,284.7400,73.4400,1.800000
FILLER_22_589,VPWR,li1,279.2200,73.4400,1.800000
FILLER_22_587,VPWR,li1,275.7700,73.4400,1.800000
FILLER_22_581,VPWR,li1,274.1600,73.4400,1.800000
FILLER_22_569,VPWR,li1,270.0200,73.4400,1.800000
FILLER_22_557,VPWR,li1,264.5000,73.4400,1.800000
FILLER_22_545,VPWR,li1,258.9800,73.4400,1.800000
FILLER_22_533,VPWR,li1,253.4600,73.4400,1.800000
FILLER_22_531,VPWR,li1,250.0100,73.4400,1.800000
FILLER_22_525,VPWR,li1,248.4000,73.4400,1.800000
FILLER_22_513,VPWR,li1,244.2600,73.4400,1.800000
FILLER_22_501,VPWR,li1,238.7400,73.4400,1.800000
FILLER_22_489,VPWR,li1,233.2200,73.4400,1.800000
FILLER_22_477,VPWR,li1,227.7000,73.4400,1.800000
FILLER_22_475,VPWR,li1,224.2500,73.4400,1.800000
FILLER_22_469,VPWR,li1,222.6400,73.4400,1.800000
FILLER_22_457,VPWR,li1,218.5000,73.4400,1.800000
FILLER_22_445,VPWR,li1,212.9800,73.4400,1.800000
FILLER_22_433,VPWR,li1,207.4600,73.4400,1.800000
FILLER_22_421,VPWR,li1,201.9400,73.4400,1.800000
FILLER_22_419,VPWR,li1,198.4900,73.4400,1.800000
FILLER_22_413,VPWR,li1,196.8800,73.4400,1.800000
FILLER_22_401,VPWR,li1,192.7400,73.4400,1.800000
FILLER_22_389,VPWR,li1,187.2200,73.4400,1.800000
FILLER_22_377,VPWR,li1,181.7000,73.4400,1.800000
FILLER_22_365,VPWR,li1,176.1800,73.4400,1.800000
FILLER_22_363,VPWR,li1,172.7300,73.4400,1.800000
FILLER_22_357,VPWR,li1,171.1200,73.4400,1.800000
FILLER_22_345,VPWR,li1,166.9800,73.4400,1.800000
FILLER_22_333,VPWR,li1,161.4600,73.4400,1.800000
FILLER_22_321,VPWR,li1,155.9400,73.4400,1.800000
FILLER_22_309,VPWR,li1,150.4200,73.4400,1.800000
FILLER_22_307,VPWR,li1,146.9700,73.4400,1.800000
FILLER_22_301,VPWR,li1,145.3600,73.4400,1.800000
FILLER_22_289,VPWR,li1,141.2200,73.4400,1.800000
FILLER_22_277,VPWR,li1,135.7000,73.4400,1.800000
FILLER_22_265,VPWR,li1,130.1800,73.4400,1.800000
FILLER_22_253,VPWR,li1,124.6600,73.4400,1.800000
FILLER_22_251,VPWR,li1,121.2100,73.4400,1.800000
FILLER_22_245,VPWR,li1,119.6000,73.4400,1.800000
FILLER_22_233,VPWR,li1,115.4600,73.4400,1.800000
FILLER_22_221,VPWR,li1,109.9400,73.4400,1.800000
FILLER_22_209,VPWR,li1,104.4200,73.4400,1.800000
FILLER_22_197,VPWR,li1,98.9000,73.4400,1.800000
FILLER_22_195,VPWR,li1,95.4500,73.4400,1.800000
FILLER_22_189,VPWR,li1,93.8400,73.4400,1.800000
FILLER_22_177,VPWR,li1,89.7000,73.4400,1.800000
FILLER_22_165,VPWR,li1,84.1800,73.4400,1.800000
FILLER_22_153,VPWR,li1,78.6600,73.4400,1.800000
FILLER_22_141,VPWR,li1,73.1400,73.4400,1.800000
FILLER_22_139,VPWR,li1,69.6900,73.4400,1.800000
FILLER_22_133,VPWR,li1,68.0800,73.4400,1.800000
FILLER_22_121,VPWR,li1,63.9400,73.4400,1.800000
FILLER_22_109,VPWR,li1,58.4200,73.4400,1.800000
FILLER_22_97,VPWR,li1,52.9000,73.4400,1.800000
FILLER_22_85,VPWR,li1,47.3800,73.4400,1.800000
FILLER_22_83,VPWR,li1,43.9300,73.4400,1.800000
FILLER_22_77,VPWR,li1,42.3200,73.4400,1.800000
FILLER_22_65,VPWR,li1,38.1800,73.4400,1.800000
FILLER_22_53,VPWR,li1,32.6600,73.4400,1.800000
FILLER_22_41,VPWR,li1,27.1400,73.4400,1.800000
FILLER_22_29,VPWR,li1,21.6200,73.4400,1.800000
FILLER_22_27,VPWR,li1,18.1700,73.4400,1.800000
FILLER_22_15,VPWR,li1,15.1800,73.4400,1.800000
FILLER_22_3,VPWR,li1,9.6600,73.4400,1.800000
FILLER_21_665,VPWR,li1,312.1100,68.0000,1.800000
FILLER_21_653,VPWR,li1,308.6600,68.0000,1.800000
FILLER_21_641,VPWR,li1,303.1400,68.0000,1.800000
FILLER_21_629,VPWR,li1,297.6200,68.0000,1.800000
FILLER_21_617,VPWR,li1,292.1000,68.0000,1.800000
FILLER_21_615,VPWR,li1,288.6500,68.0000,1.800000
FILLER_21_609,VPWR,li1,287.0400,68.0000,1.800000
FILLER_21_597,VPWR,li1,282.9000,68.0000,1.800000
FILLER_21_585,VPWR,li1,277.3800,68.0000,1.800000
FILLER_21_573,VPWR,li1,271.8600,68.0000,1.800000
FILLER_21_561,VPWR,li1,266.3400,68.0000,1.800000
FILLER_21_559,VPWR,li1,262.8900,68.0000,1.800000
FILLER_21_553,VPWR,li1,261.2800,68.0000,1.800000
FILLER_21_541,VPWR,li1,257.1400,68.0000,1.800000
FILLER_21_529,VPWR,li1,251.6200,68.0000,1.800000
FILLER_21_517,VPWR,li1,246.1000,68.0000,1.800000
FILLER_21_505,VPWR,li1,240.5800,68.0000,1.800000
FILLER_21_503,VPWR,li1,237.1300,68.0000,1.800000
FILLER_21_497,VPWR,li1,235.5200,68.0000,1.800000
FILLER_21_485,VPWR,li1,231.3800,68.0000,1.800000
FILLER_21_473,VPWR,li1,225.8600,68.0000,1.800000
FILLER_21_461,VPWR,li1,220.3400,68.0000,1.800000
FILLER_21_449,VPWR,li1,214.8200,68.0000,1.800000
FILLER_21_447,VPWR,li1,211.3700,68.0000,1.800000
FILLER_21_441,VPWR,li1,209.7600,68.0000,1.800000
FILLER_21_429,VPWR,li1,205.6200,68.0000,1.800000
FILLER_21_417,VPWR,li1,200.1000,68.0000,1.800000
FILLER_21_405,VPWR,li1,194.5800,68.0000,1.800000
FILLER_21_393,VPWR,li1,189.0600,68.0000,1.800000
FILLER_21_391,VPWR,li1,185.6100,68.0000,1.800000
FILLER_21_385,VPWR,li1,184.0000,68.0000,1.800000
FILLER_21_373,VPWR,li1,179.8600,68.0000,1.800000
FILLER_21_361,VPWR,li1,174.3400,68.0000,1.800000
FILLER_21_349,VPWR,li1,168.8200,68.0000,1.800000
FILLER_21_337,VPWR,li1,163.3000,68.0000,1.800000
FILLER_21_335,VPWR,li1,159.8500,68.0000,1.800000
FILLER_21_329,VPWR,li1,158.2400,68.0000,1.800000
FILLER_21_317,VPWR,li1,154.1000,68.0000,1.800000
FILLER_21_305,VPWR,li1,148.5800,68.0000,1.800000
FILLER_21_293,VPWR,li1,143.0600,68.0000,1.800000
FILLER_21_281,VPWR,li1,137.5400,68.0000,1.800000
FILLER_21_279,VPWR,li1,134.0900,68.0000,1.800000
FILLER_21_273,VPWR,li1,132.4800,68.0000,1.800000
FILLER_21_261,VPWR,li1,128.3400,68.0000,1.800000
FILLER_21_249,VPWR,li1,122.8200,68.0000,1.800000
FILLER_21_237,VPWR,li1,117.3000,68.0000,1.800000
FILLER_21_225,VPWR,li1,111.7800,68.0000,1.800000
FILLER_21_223,VPWR,li1,108.3300,68.0000,1.800000
FILLER_21_217,VPWR,li1,106.7200,68.0000,1.800000
FILLER_21_205,VPWR,li1,102.5800,68.0000,1.800000
FILLER_21_193,VPWR,li1,97.0600,68.0000,1.800000
FILLER_21_181,VPWR,li1,91.5400,68.0000,1.800000
FILLER_21_169,VPWR,li1,86.0200,68.0000,1.800000
FILLER_21_167,VPWR,li1,82.5700,68.0000,1.800000
FILLER_21_161,VPWR,li1,80.9600,68.0000,1.800000
FILLER_21_149,VPWR,li1,76.8200,68.0000,1.800000
FILLER_21_137,VPWR,li1,71.3000,68.0000,1.800000
FILLER_21_125,VPWR,li1,65.7800,68.0000,1.800000
FILLER_21_113,VPWR,li1,60.2600,68.0000,1.800000
FILLER_21_111,VPWR,li1,56.8100,68.0000,1.800000
FILLER_21_105,VPWR,li1,55.2000,68.0000,1.800000
FILLER_21_93,VPWR,li1,51.0600,68.0000,1.800000
FILLER_21_81,VPWR,li1,45.5400,68.0000,1.800000
FILLER_21_69,VPWR,li1,40.0200,68.0000,1.800000
FILLER_21_57,VPWR,li1,34.5000,68.0000,1.800000
FILLER_21_55,VPWR,li1,31.0500,68.0000,1.800000
FILLER_21_51,VPWR,li1,29.9000,68.0000,1.800000
FILLER_21_39,VPWR,li1,26.2200,68.0000,1.800000
FILLER_21_27,VPWR,li1,20.7000,68.0000,1.800000
FILLER_21_15,VPWR,li1,15.1800,68.0000,1.800000
FILLER_21_3,VPWR,li1,9.6600,68.0000,1.800000
FILLER_20_665,VPWR,li1,312.1100,68.0000,1.800000
FILLER_20_657,VPWR,li1,309.5800,68.0000,1.800000
FILLER_20_645,VPWR,li1,304.9800,68.0000,1.800000
FILLER_20_643,VPWR,li1,301.5300,68.0000,1.800000
FILLER_20_637,VPWR,li1,299.9200,68.0000,1.800000
FILLER_20_625,VPWR,li1,295.7800,68.0000,1.800000
FILLER_20_613,VPWR,li1,290.2600,68.0000,1.800000
FILLER_20_601,VPWR,li1,284.7400,68.0000,1.800000
FILLER_20_589,VPWR,li1,279.2200,68.0000,1.800000
FILLER_20_587,VPWR,li1,275.7700,68.0000,1.800000
FILLER_20_581,VPWR,li1,274.1600,68.0000,1.800000
FILLER_20_569,VPWR,li1,270.0200,68.0000,1.800000
FILLER_20_557,VPWR,li1,264.5000,68.0000,1.800000
FILLER_20_545,VPWR,li1,258.9800,68.0000,1.800000
FILLER_20_533,VPWR,li1,253.4600,68.0000,1.800000
FILLER_20_531,VPWR,li1,250.0100,68.0000,1.800000
FILLER_20_525,VPWR,li1,248.4000,68.0000,1.800000
FILLER_20_513,VPWR,li1,244.2600,68.0000,1.800000
FILLER_20_501,VPWR,li1,238.7400,68.0000,1.800000
FILLER_20_489,VPWR,li1,233.2200,68.0000,1.800000
FILLER_20_477,VPWR,li1,227.7000,68.0000,1.800000
FILLER_20_475,VPWR,li1,224.2500,68.0000,1.800000
FILLER_20_469,VPWR,li1,222.6400,68.0000,1.800000
FILLER_20_457,VPWR,li1,218.5000,68.0000,1.800000
FILLER_20_445,VPWR,li1,212.9800,68.0000,1.800000
FILLER_20_433,VPWR,li1,207.4600,68.0000,1.800000
FILLER_20_421,VPWR,li1,201.9400,68.0000,1.800000
FILLER_20_419,VPWR,li1,198.4900,68.0000,1.800000
FILLER_20_413,VPWR,li1,196.8800,68.0000,1.800000
FILLER_20_401,VPWR,li1,192.7400,68.0000,1.800000
FILLER_20_389,VPWR,li1,187.2200,68.0000,1.800000
FILLER_20_377,VPWR,li1,181.7000,68.0000,1.800000
FILLER_20_365,VPWR,li1,176.1800,68.0000,1.800000
FILLER_20_363,VPWR,li1,172.7300,68.0000,1.800000
FILLER_20_357,VPWR,li1,171.1200,68.0000,1.800000
FILLER_20_345,VPWR,li1,166.9800,68.0000,1.800000
FILLER_20_333,VPWR,li1,161.4600,68.0000,1.800000
FILLER_20_321,VPWR,li1,155.9400,68.0000,1.800000
FILLER_20_309,VPWR,li1,150.4200,68.0000,1.800000
FILLER_20_307,VPWR,li1,146.9700,68.0000,1.800000
FILLER_20_301,VPWR,li1,145.3600,68.0000,1.800000
FILLER_20_289,VPWR,li1,141.2200,68.0000,1.800000
FILLER_20_277,VPWR,li1,135.7000,68.0000,1.800000
FILLER_20_265,VPWR,li1,130.1800,68.0000,1.800000
FILLER_20_253,VPWR,li1,124.6600,68.0000,1.800000
FILLER_20_251,VPWR,li1,121.2100,68.0000,1.800000
FILLER_20_245,VPWR,li1,119.6000,68.0000,1.800000
FILLER_20_233,VPWR,li1,115.4600,68.0000,1.800000
FILLER_20_221,VPWR,li1,109.9400,68.0000,1.800000
FILLER_20_209,VPWR,li1,104.4200,68.0000,1.800000
FILLER_20_197,VPWR,li1,98.9000,68.0000,1.800000
FILLER_20_195,VPWR,li1,95.4500,68.0000,1.800000
FILLER_20_189,VPWR,li1,93.8400,68.0000,1.800000
FILLER_20_177,VPWR,li1,89.7000,68.0000,1.800000
FILLER_20_165,VPWR,li1,84.1800,68.0000,1.800000
FILLER_20_153,VPWR,li1,78.6600,68.0000,1.800000
FILLER_20_141,VPWR,li1,73.1400,68.0000,1.800000
FILLER_20_139,VPWR,li1,69.6900,68.0000,1.800000
FILLER_20_133,VPWR,li1,68.0800,68.0000,1.800000
FILLER_20_121,VPWR,li1,63.9400,68.0000,1.800000
FILLER_20_109,VPWR,li1,58.4200,68.0000,1.800000
FILLER_20_97,VPWR,li1,52.9000,68.0000,1.800000
FILLER_20_85,VPWR,li1,47.3800,68.0000,1.800000
FILLER_20_83,VPWR,li1,43.9300,68.0000,1.800000
FILLER_20_77,VPWR,li1,42.3200,68.0000,1.800000
FILLER_20_65,VPWR,li1,38.1800,68.0000,1.800000
FILLER_20_53,VPWR,li1,32.6600,68.0000,1.800000
FILLER_20_41,VPWR,li1,27.1400,68.0000,1.800000
FILLER_20_29,VPWR,li1,21.6200,68.0000,1.800000
FILLER_20_27,VPWR,li1,18.1700,68.0000,1.800000
FILLER_20_15,VPWR,li1,15.1800,68.0000,1.800000
FILLER_20_3,VPWR,li1,9.6600,68.0000,1.800000
FILLER_19_665,VPWR,li1,312.1100,62.5600,1.800000
FILLER_19_653,VPWR,li1,308.6600,62.5600,1.800000
FILLER_19_641,VPWR,li1,303.1400,62.5600,1.800000
FILLER_19_629,VPWR,li1,297.6200,62.5600,1.800000
FILLER_19_617,VPWR,li1,292.1000,62.5600,1.800000
FILLER_19_615,VPWR,li1,288.6500,62.5600,1.800000
FILLER_19_609,VPWR,li1,287.0400,62.5600,1.800000
FILLER_19_597,VPWR,li1,282.9000,62.5600,1.800000
FILLER_19_585,VPWR,li1,277.3800,62.5600,1.800000
FILLER_19_573,VPWR,li1,271.8600,62.5600,1.800000
FILLER_19_561,VPWR,li1,266.3400,62.5600,1.800000
FILLER_19_559,VPWR,li1,262.8900,62.5600,1.800000
FILLER_19_553,VPWR,li1,261.2800,62.5600,1.800000
FILLER_19_541,VPWR,li1,257.1400,62.5600,1.800000
FILLER_19_529,VPWR,li1,251.6200,62.5600,1.800000
FILLER_19_517,VPWR,li1,246.1000,62.5600,1.800000
FILLER_19_505,VPWR,li1,240.5800,62.5600,1.800000
FILLER_19_503,VPWR,li1,237.1300,62.5600,1.800000
FILLER_19_497,VPWR,li1,235.5200,62.5600,1.800000
FILLER_19_485,VPWR,li1,231.3800,62.5600,1.800000
FILLER_19_473,VPWR,li1,225.8600,62.5600,1.800000
FILLER_19_461,VPWR,li1,220.3400,62.5600,1.800000
FILLER_19_449,VPWR,li1,214.8200,62.5600,1.800000
FILLER_19_447,VPWR,li1,211.3700,62.5600,1.800000
FILLER_19_441,VPWR,li1,209.7600,62.5600,1.800000
FILLER_19_429,VPWR,li1,205.6200,62.5600,1.800000
FILLER_19_417,VPWR,li1,200.1000,62.5600,1.800000
FILLER_19_405,VPWR,li1,194.5800,62.5600,1.800000
FILLER_19_393,VPWR,li1,189.0600,62.5600,1.800000
FILLER_19_391,VPWR,li1,185.6100,62.5600,1.800000
FILLER_19_385,VPWR,li1,184.0000,62.5600,1.800000
FILLER_19_373,VPWR,li1,179.8600,62.5600,1.800000
FILLER_19_361,VPWR,li1,174.3400,62.5600,1.800000
FILLER_19_349,VPWR,li1,168.8200,62.5600,1.800000
FILLER_19_337,VPWR,li1,163.3000,62.5600,1.800000
FILLER_19_335,VPWR,li1,159.8500,62.5600,1.800000
FILLER_19_329,VPWR,li1,158.2400,62.5600,1.800000
FILLER_19_317,VPWR,li1,154.1000,62.5600,1.800000
FILLER_19_305,VPWR,li1,148.5800,62.5600,1.800000
FILLER_19_293,VPWR,li1,143.0600,62.5600,1.800000
FILLER_19_281,VPWR,li1,137.5400,62.5600,1.800000
FILLER_19_279,VPWR,li1,134.0900,62.5600,1.800000
FILLER_19_273,VPWR,li1,132.4800,62.5600,1.800000
FILLER_19_261,VPWR,li1,128.3400,62.5600,1.800000
FILLER_19_249,VPWR,li1,122.8200,62.5600,1.800000
FILLER_19_237,VPWR,li1,117.3000,62.5600,1.800000
FILLER_19_225,VPWR,li1,111.7800,62.5600,1.800000
FILLER_19_223,VPWR,li1,108.3300,62.5600,1.800000
FILLER_19_217,VPWR,li1,106.7200,62.5600,1.800000
FILLER_19_205,VPWR,li1,102.5800,62.5600,1.800000
FILLER_19_193,VPWR,li1,97.0600,62.5600,1.800000
FILLER_19_181,VPWR,li1,91.5400,62.5600,1.800000
FILLER_19_169,VPWR,li1,86.0200,62.5600,1.800000
FILLER_19_167,VPWR,li1,82.5700,62.5600,1.800000
FILLER_19_161,VPWR,li1,80.9600,62.5600,1.800000
FILLER_19_149,VPWR,li1,76.8200,62.5600,1.800000
FILLER_19_137,VPWR,li1,71.3000,62.5600,1.800000
FILLER_19_125,VPWR,li1,65.7800,62.5600,1.800000
FILLER_19_113,VPWR,li1,60.2600,62.5600,1.800000
FILLER_19_111,VPWR,li1,56.8100,62.5600,1.800000
FILLER_19_105,VPWR,li1,55.2000,62.5600,1.800000
FILLER_19_93,VPWR,li1,51.0600,62.5600,1.800000
FILLER_19_81,VPWR,li1,45.5400,62.5600,1.800000
FILLER_19_69,VPWR,li1,40.0200,62.5600,1.800000
FILLER_19_57,VPWR,li1,34.5000,62.5600,1.800000
FILLER_19_55,VPWR,li1,31.0500,62.5600,1.800000
FILLER_19_51,VPWR,li1,29.9000,62.5600,1.800000
FILLER_19_39,VPWR,li1,26.2200,62.5600,1.800000
FILLER_19_27,VPWR,li1,20.7000,62.5600,1.800000
FILLER_19_15,VPWR,li1,15.1800,62.5600,1.800000
FILLER_19_3,VPWR,li1,9.6600,62.5600,1.800000
FILLER_18_665,VPWR,li1,312.1100,62.5600,1.800000
FILLER_18_657,VPWR,li1,309.5800,62.5600,1.800000
FILLER_18_645,VPWR,li1,304.9800,62.5600,1.800000
FILLER_18_643,VPWR,li1,301.5300,62.5600,1.800000
FILLER_18_637,VPWR,li1,299.9200,62.5600,1.800000
FILLER_18_625,VPWR,li1,295.7800,62.5600,1.800000
FILLER_18_613,VPWR,li1,290.2600,62.5600,1.800000
FILLER_18_601,VPWR,li1,284.7400,62.5600,1.800000
FILLER_18_589,VPWR,li1,279.2200,62.5600,1.800000
FILLER_18_587,VPWR,li1,275.7700,62.5600,1.800000
FILLER_18_581,VPWR,li1,274.1600,62.5600,1.800000
FILLER_18_569,VPWR,li1,270.0200,62.5600,1.800000
FILLER_18_557,VPWR,li1,264.5000,62.5600,1.800000
FILLER_18_545,VPWR,li1,258.9800,62.5600,1.800000
FILLER_18_533,VPWR,li1,253.4600,62.5600,1.800000
FILLER_18_531,VPWR,li1,250.0100,62.5600,1.800000
FILLER_18_525,VPWR,li1,248.4000,62.5600,1.800000
FILLER_18_513,VPWR,li1,244.2600,62.5600,1.800000
FILLER_18_501,VPWR,li1,238.7400,62.5600,1.800000
FILLER_18_489,VPWR,li1,233.2200,62.5600,1.800000
FILLER_18_477,VPWR,li1,227.7000,62.5600,1.800000
FILLER_18_475,VPWR,li1,224.2500,62.5600,1.800000
FILLER_18_469,VPWR,li1,222.6400,62.5600,1.800000
FILLER_18_457,VPWR,li1,218.5000,62.5600,1.800000
FILLER_18_445,VPWR,li1,212.9800,62.5600,1.800000
FILLER_18_433,VPWR,li1,207.4600,62.5600,1.800000
FILLER_18_421,VPWR,li1,201.9400,62.5600,1.800000
FILLER_18_419,VPWR,li1,198.4900,62.5600,1.800000
FILLER_18_413,VPWR,li1,196.8800,62.5600,1.800000
FILLER_18_401,VPWR,li1,192.7400,62.5600,1.800000
FILLER_18_389,VPWR,li1,187.2200,62.5600,1.800000
FILLER_18_377,VPWR,li1,181.7000,62.5600,1.800000
FILLER_18_365,VPWR,li1,176.1800,62.5600,1.800000
FILLER_18_363,VPWR,li1,172.7300,62.5600,1.800000
FILLER_18_357,VPWR,li1,171.1200,62.5600,1.800000
FILLER_18_345,VPWR,li1,166.9800,62.5600,1.800000
FILLER_18_333,VPWR,li1,161.4600,62.5600,1.800000
FILLER_18_321,VPWR,li1,155.9400,62.5600,1.800000
FILLER_18_309,VPWR,li1,150.4200,62.5600,1.800000
FILLER_18_307,VPWR,li1,146.9700,62.5600,1.800000
FILLER_18_301,VPWR,li1,145.3600,62.5600,1.800000
FILLER_18_289,VPWR,li1,141.2200,62.5600,1.800000
FILLER_18_277,VPWR,li1,135.7000,62.5600,1.800000
FILLER_18_265,VPWR,li1,130.1800,62.5600,1.800000
FILLER_18_253,VPWR,li1,124.6600,62.5600,1.800000
FILLER_18_251,VPWR,li1,121.2100,62.5600,1.800000
FILLER_18_245,VPWR,li1,119.6000,62.5600,1.800000
FILLER_18_233,VPWR,li1,115.4600,62.5600,1.800000
FILLER_18_221,VPWR,li1,109.9400,62.5600,1.800000
FILLER_18_209,VPWR,li1,104.4200,62.5600,1.800000
FILLER_18_197,VPWR,li1,98.9000,62.5600,1.800000
FILLER_18_195,VPWR,li1,95.4500,62.5600,1.800000
FILLER_18_189,VPWR,li1,93.8400,62.5600,1.800000
FILLER_18_177,VPWR,li1,89.7000,62.5600,1.800000
FILLER_18_165,VPWR,li1,84.1800,62.5600,1.800000
FILLER_18_153,VPWR,li1,78.6600,62.5600,1.800000
FILLER_18_141,VPWR,li1,73.1400,62.5600,1.800000
FILLER_18_139,VPWR,li1,69.6900,62.5600,1.800000
FILLER_18_133,VPWR,li1,68.0800,62.5600,1.800000
FILLER_18_121,VPWR,li1,63.9400,62.5600,1.800000
FILLER_18_109,VPWR,li1,58.4200,62.5600,1.800000
FILLER_18_97,VPWR,li1,52.9000,62.5600,1.800000
FILLER_18_85,VPWR,li1,47.3800,62.5600,1.800000
FILLER_18_83,VPWR,li1,43.9300,62.5600,1.800000
FILLER_18_77,VPWR,li1,42.3200,62.5600,1.800000
FILLER_18_65,VPWR,li1,38.1800,62.5600,1.800000
FILLER_18_53,VPWR,li1,32.6600,62.5600,1.800000
FILLER_18_41,VPWR,li1,27.1400,62.5600,1.800000
FILLER_18_29,VPWR,li1,21.6200,62.5600,1.800000
FILLER_18_27,VPWR,li1,18.1700,62.5600,1.800000
FILLER_18_15,VPWR,li1,15.1800,62.5600,1.800000
FILLER_18_3,VPWR,li1,9.6600,62.5600,1.800000
FILLER_17_665,VPWR,li1,312.1100,57.1200,1.800000
FILLER_17_653,VPWR,li1,308.6600,57.1200,1.800000
FILLER_17_641,VPWR,li1,303.1400,57.1200,1.800000
FILLER_17_629,VPWR,li1,297.6200,57.1200,1.800000
FILLER_17_617,VPWR,li1,292.1000,57.1200,1.800000
FILLER_17_615,VPWR,li1,288.6500,57.1200,1.800000
FILLER_17_609,VPWR,li1,287.0400,57.1200,1.800000
FILLER_17_597,VPWR,li1,282.9000,57.1200,1.800000
FILLER_17_585,VPWR,li1,277.3800,57.1200,1.800000
FILLER_17_573,VPWR,li1,271.8600,57.1200,1.800000
FILLER_17_561,VPWR,li1,266.3400,57.1200,1.800000
FILLER_17_559,VPWR,li1,262.8900,57.1200,1.800000
FILLER_17_553,VPWR,li1,261.2800,57.1200,1.800000
FILLER_17_541,VPWR,li1,257.1400,57.1200,1.800000
FILLER_17_529,VPWR,li1,251.6200,57.1200,1.800000
FILLER_17_517,VPWR,li1,246.1000,57.1200,1.800000
FILLER_17_505,VPWR,li1,240.5800,57.1200,1.800000
FILLER_17_503,VPWR,li1,237.1300,57.1200,1.800000
FILLER_17_497,VPWR,li1,235.5200,57.1200,1.800000
FILLER_17_485,VPWR,li1,231.3800,57.1200,1.800000
FILLER_17_473,VPWR,li1,225.8600,57.1200,1.800000
FILLER_17_461,VPWR,li1,220.3400,57.1200,1.800000
FILLER_17_449,VPWR,li1,214.8200,57.1200,1.800000
FILLER_17_447,VPWR,li1,211.3700,57.1200,1.800000
FILLER_17_441,VPWR,li1,209.7600,57.1200,1.800000
FILLER_17_429,VPWR,li1,205.6200,57.1200,1.800000
FILLER_17_417,VPWR,li1,200.1000,57.1200,1.800000
FILLER_17_405,VPWR,li1,194.5800,57.1200,1.800000
FILLER_17_393,VPWR,li1,189.0600,57.1200,1.800000
FILLER_17_391,VPWR,li1,185.6100,57.1200,1.800000
FILLER_17_385,VPWR,li1,184.0000,57.1200,1.800000
FILLER_17_373,VPWR,li1,179.8600,57.1200,1.800000
FILLER_17_361,VPWR,li1,174.3400,57.1200,1.800000
FILLER_17_349,VPWR,li1,168.8200,57.1200,1.800000
FILLER_17_337,VPWR,li1,163.3000,57.1200,1.800000
FILLER_17_335,VPWR,li1,159.8500,57.1200,1.800000
FILLER_17_329,VPWR,li1,158.2400,57.1200,1.800000
FILLER_17_317,VPWR,li1,154.1000,57.1200,1.800000
FILLER_17_305,VPWR,li1,148.5800,57.1200,1.800000
FILLER_17_293,VPWR,li1,143.0600,57.1200,1.800000
FILLER_17_281,VPWR,li1,137.5400,57.1200,1.800000
FILLER_17_279,VPWR,li1,134.0900,57.1200,1.800000
FILLER_17_273,VPWR,li1,132.4800,57.1200,1.800000
FILLER_17_261,VPWR,li1,128.3400,57.1200,1.800000
FILLER_17_249,VPWR,li1,122.8200,57.1200,1.800000
FILLER_17_237,VPWR,li1,117.3000,57.1200,1.800000
FILLER_17_225,VPWR,li1,111.7800,57.1200,1.800000
FILLER_17_223,VPWR,li1,108.3300,57.1200,1.800000
FILLER_17_217,VPWR,li1,106.7200,57.1200,1.800000
FILLER_17_205,VPWR,li1,102.5800,57.1200,1.800000
FILLER_17_193,VPWR,li1,97.0600,57.1200,1.800000
FILLER_17_181,VPWR,li1,91.5400,57.1200,1.800000
FILLER_17_169,VPWR,li1,86.0200,57.1200,1.800000
FILLER_17_167,VPWR,li1,82.5700,57.1200,1.800000
FILLER_17_161,VPWR,li1,80.9600,57.1200,1.800000
FILLER_17_149,VPWR,li1,76.8200,57.1200,1.800000
FILLER_17_137,VPWR,li1,71.3000,57.1200,1.800000
FILLER_17_125,VPWR,li1,65.7800,57.1200,1.800000
FILLER_17_113,VPWR,li1,60.2600,57.1200,1.800000
FILLER_17_111,VPWR,li1,56.8100,57.1200,1.800000
FILLER_17_105,VPWR,li1,55.2000,57.1200,1.800000
FILLER_17_93,VPWR,li1,51.0600,57.1200,1.800000
FILLER_17_81,VPWR,li1,45.5400,57.1200,1.800000
FILLER_17_69,VPWR,li1,40.0200,57.1200,1.800000
FILLER_17_57,VPWR,li1,34.5000,57.1200,1.800000
FILLER_17_55,VPWR,li1,31.0500,57.1200,1.800000
FILLER_17_51,VPWR,li1,29.9000,57.1200,1.800000
FILLER_17_39,VPWR,li1,26.2200,57.1200,1.800000
FILLER_17_27,VPWR,li1,20.7000,57.1200,1.800000
FILLER_17_15,VPWR,li1,15.1800,57.1200,1.800000
FILLER_17_3,VPWR,li1,9.6600,57.1200,1.800000
FILLER_16_665,VPWR,li1,312.1100,57.1200,1.800000
FILLER_16_657,VPWR,li1,309.5800,57.1200,1.800000
FILLER_16_645,VPWR,li1,304.9800,57.1200,1.800000
FILLER_16_643,VPWR,li1,301.5300,57.1200,1.800000
FILLER_16_637,VPWR,li1,299.9200,57.1200,1.800000
FILLER_16_625,VPWR,li1,295.7800,57.1200,1.800000
FILLER_16_613,VPWR,li1,290.2600,57.1200,1.800000
FILLER_16_601,VPWR,li1,284.7400,57.1200,1.800000
FILLER_16_589,VPWR,li1,279.2200,57.1200,1.800000
FILLER_16_587,VPWR,li1,275.7700,57.1200,1.800000
FILLER_16_581,VPWR,li1,274.1600,57.1200,1.800000
FILLER_16_569,VPWR,li1,270.0200,57.1200,1.800000
FILLER_16_557,VPWR,li1,264.5000,57.1200,1.800000
FILLER_16_545,VPWR,li1,258.9800,57.1200,1.800000
FILLER_16_533,VPWR,li1,253.4600,57.1200,1.800000
FILLER_16_531,VPWR,li1,250.0100,57.1200,1.800000
FILLER_16_525,VPWR,li1,248.4000,57.1200,1.800000
FILLER_16_513,VPWR,li1,244.2600,57.1200,1.800000
FILLER_16_501,VPWR,li1,238.7400,57.1200,1.800000
FILLER_16_489,VPWR,li1,233.2200,57.1200,1.800000
FILLER_16_477,VPWR,li1,227.7000,57.1200,1.800000
FILLER_16_475,VPWR,li1,224.2500,57.1200,1.800000
FILLER_16_469,VPWR,li1,222.6400,57.1200,1.800000
FILLER_16_457,VPWR,li1,218.5000,57.1200,1.800000
FILLER_16_445,VPWR,li1,212.9800,57.1200,1.800000
FILLER_16_433,VPWR,li1,207.4600,57.1200,1.800000
FILLER_16_421,VPWR,li1,201.9400,57.1200,1.800000
FILLER_16_419,VPWR,li1,198.4900,57.1200,1.800000
FILLER_16_413,VPWR,li1,196.8800,57.1200,1.800000
FILLER_16_401,VPWR,li1,192.7400,57.1200,1.800000
FILLER_16_389,VPWR,li1,187.2200,57.1200,1.800000
FILLER_16_377,VPWR,li1,181.7000,57.1200,1.800000
FILLER_16_365,VPWR,li1,176.1800,57.1200,1.800000
FILLER_16_363,VPWR,li1,172.7300,57.1200,1.800000
FILLER_16_357,VPWR,li1,171.1200,57.1200,1.800000
FILLER_16_345,VPWR,li1,166.9800,57.1200,1.800000
FILLER_16_333,VPWR,li1,161.4600,57.1200,1.800000
FILLER_16_321,VPWR,li1,155.9400,57.1200,1.800000
FILLER_16_309,VPWR,li1,150.4200,57.1200,1.800000
FILLER_16_307,VPWR,li1,146.9700,57.1200,1.800000
FILLER_16_301,VPWR,li1,145.3600,57.1200,1.800000
FILLER_16_289,VPWR,li1,141.2200,57.1200,1.800000
FILLER_16_277,VPWR,li1,135.7000,57.1200,1.800000
FILLER_16_265,VPWR,li1,130.1800,57.1200,1.800000
FILLER_16_253,VPWR,li1,124.6600,57.1200,1.800000
FILLER_16_251,VPWR,li1,121.2100,57.1200,1.800000
FILLER_16_245,VPWR,li1,119.6000,57.1200,1.800000
FILLER_16_233,VPWR,li1,115.4600,57.1200,1.800000
FILLER_16_221,VPWR,li1,109.9400,57.1200,1.800000
FILLER_16_209,VPWR,li1,104.4200,57.1200,1.800000
FILLER_16_197,VPWR,li1,98.9000,57.1200,1.800000
FILLER_16_195,VPWR,li1,95.4500,57.1200,1.800000
FILLER_16_189,VPWR,li1,93.8400,57.1200,1.800000
FILLER_16_177,VPWR,li1,89.7000,57.1200,1.800000
FILLER_16_165,VPWR,li1,84.1800,57.1200,1.800000
FILLER_16_153,VPWR,li1,78.6600,57.1200,1.800000
FILLER_16_141,VPWR,li1,73.1400,57.1200,1.800000
FILLER_16_139,VPWR,li1,69.6900,57.1200,1.800000
FILLER_16_133,VPWR,li1,68.0800,57.1200,1.800000
FILLER_16_121,VPWR,li1,63.9400,57.1200,1.800000
FILLER_16_109,VPWR,li1,58.4200,57.1200,1.800000
FILLER_16_97,VPWR,li1,52.9000,57.1200,1.800000
FILLER_16_85,VPWR,li1,47.3800,57.1200,1.800000
FILLER_16_83,VPWR,li1,43.9300,57.1200,1.800000
FILLER_16_77,VPWR,li1,42.3200,57.1200,1.800000
FILLER_16_65,VPWR,li1,38.1800,57.1200,1.800000
FILLER_16_53,VPWR,li1,32.6600,57.1200,1.800000
FILLER_16_41,VPWR,li1,27.1400,57.1200,1.800000
FILLER_16_29,VPWR,li1,21.6200,57.1200,1.800000
FILLER_16_27,VPWR,li1,18.1700,57.1200,1.800000
FILLER_16_15,VPWR,li1,15.1800,57.1200,1.800000
FILLER_16_3,VPWR,li1,9.6600,57.1200,1.800000
FILLER_15_665,VPWR,li1,312.1100,51.6800,1.800000
FILLER_15_653,VPWR,li1,308.6600,51.6800,1.800000
FILLER_15_641,VPWR,li1,303.1400,51.6800,1.800000
FILLER_15_629,VPWR,li1,297.6200,51.6800,1.800000
FILLER_15_617,VPWR,li1,292.1000,51.6800,1.800000
FILLER_15_615,VPWR,li1,288.6500,51.6800,1.800000
FILLER_15_609,VPWR,li1,287.0400,51.6800,1.800000
FILLER_15_597,VPWR,li1,282.9000,51.6800,1.800000
FILLER_15_585,VPWR,li1,277.3800,51.6800,1.800000
FILLER_15_573,VPWR,li1,271.8600,51.6800,1.800000
FILLER_15_561,VPWR,li1,266.3400,51.6800,1.800000
FILLER_15_559,VPWR,li1,262.8900,51.6800,1.800000
FILLER_15_553,VPWR,li1,261.2800,51.6800,1.800000
FILLER_15_541,VPWR,li1,257.1400,51.6800,1.800000
FILLER_15_529,VPWR,li1,251.6200,51.6800,1.800000
FILLER_15_517,VPWR,li1,246.1000,51.6800,1.800000
FILLER_15_505,VPWR,li1,240.5800,51.6800,1.800000
FILLER_15_503,VPWR,li1,237.1300,51.6800,1.800000
FILLER_15_497,VPWR,li1,235.5200,51.6800,1.800000
FILLER_15_485,VPWR,li1,231.3800,51.6800,1.800000
FILLER_15_473,VPWR,li1,225.8600,51.6800,1.800000
FILLER_15_461,VPWR,li1,220.3400,51.6800,1.800000
FILLER_15_449,VPWR,li1,214.8200,51.6800,1.800000
FILLER_15_447,VPWR,li1,211.3700,51.6800,1.800000
FILLER_15_441,VPWR,li1,209.7600,51.6800,1.800000
FILLER_15_429,VPWR,li1,205.6200,51.6800,1.800000
FILLER_15_417,VPWR,li1,200.1000,51.6800,1.800000
FILLER_15_405,VPWR,li1,194.5800,51.6800,1.800000
FILLER_15_393,VPWR,li1,189.0600,51.6800,1.800000
FILLER_15_391,VPWR,li1,185.6100,51.6800,1.800000
FILLER_15_385,VPWR,li1,184.0000,51.6800,1.800000
FILLER_15_373,VPWR,li1,179.8600,51.6800,1.800000
FILLER_15_361,VPWR,li1,174.3400,51.6800,1.800000
FILLER_15_349,VPWR,li1,168.8200,51.6800,1.800000
FILLER_15_337,VPWR,li1,163.3000,51.6800,1.800000
FILLER_15_335,VPWR,li1,159.8500,51.6800,1.800000
FILLER_15_329,VPWR,li1,158.2400,51.6800,1.800000
FILLER_15_317,VPWR,li1,154.1000,51.6800,1.800000
FILLER_15_305,VPWR,li1,148.5800,51.6800,1.800000
FILLER_15_293,VPWR,li1,143.0600,51.6800,1.800000
FILLER_15_281,VPWR,li1,137.5400,51.6800,1.800000
FILLER_15_279,VPWR,li1,134.0900,51.6800,1.800000
FILLER_15_273,VPWR,li1,132.4800,51.6800,1.800000
FILLER_15_261,VPWR,li1,128.3400,51.6800,1.800000
FILLER_15_249,VPWR,li1,122.8200,51.6800,1.800000
FILLER_15_237,VPWR,li1,117.3000,51.6800,1.800000
FILLER_15_225,VPWR,li1,111.7800,51.6800,1.800000
FILLER_15_223,VPWR,li1,108.3300,51.6800,1.800000
FILLER_15_217,VPWR,li1,106.7200,51.6800,1.800000
FILLER_15_205,VPWR,li1,102.5800,51.6800,1.800000
FILLER_15_193,VPWR,li1,97.0600,51.6800,1.800000
FILLER_15_181,VPWR,li1,91.5400,51.6800,1.800000
FILLER_15_169,VPWR,li1,86.0200,51.6800,1.800000
FILLER_15_167,VPWR,li1,82.5700,51.6800,1.800000
FILLER_15_161,VPWR,li1,80.9600,51.6800,1.800000
FILLER_15_149,VPWR,li1,76.8200,51.6800,1.800000
FILLER_15_137,VPWR,li1,71.3000,51.6800,1.800000
FILLER_15_125,VPWR,li1,65.7800,51.6800,1.800000
FILLER_15_113,VPWR,li1,60.2600,51.6800,1.800000
FILLER_15_111,VPWR,li1,56.8100,51.6800,1.800000
FILLER_15_105,VPWR,li1,55.2000,51.6800,1.800000
FILLER_15_93,VPWR,li1,51.0600,51.6800,1.800000
FILLER_15_81,VPWR,li1,45.5400,51.6800,1.800000
FILLER_15_69,VPWR,li1,40.0200,51.6800,1.800000
FILLER_15_57,VPWR,li1,34.5000,51.6800,1.800000
FILLER_15_55,VPWR,li1,31.0500,51.6800,1.800000
FILLER_15_51,VPWR,li1,29.9000,51.6800,1.800000
FILLER_15_39,VPWR,li1,26.2200,51.6800,1.800000
FILLER_15_27,VPWR,li1,20.7000,51.6800,1.800000
FILLER_15_15,VPWR,li1,15.1800,51.6800,1.800000
FILLER_15_3,VPWR,li1,9.6600,51.6800,1.800000
FILLER_14_665,VPWR,li1,312.1100,51.6800,1.800000
FILLER_14_657,VPWR,li1,309.5800,51.6800,1.800000
FILLER_14_645,VPWR,li1,304.9800,51.6800,1.800000
FILLER_14_643,VPWR,li1,301.5300,51.6800,1.800000
FILLER_14_637,VPWR,li1,299.9200,51.6800,1.800000
FILLER_14_625,VPWR,li1,295.7800,51.6800,1.800000
FILLER_14_613,VPWR,li1,290.2600,51.6800,1.800000
FILLER_14_601,VPWR,li1,284.7400,51.6800,1.800000
FILLER_14_589,VPWR,li1,279.2200,51.6800,1.800000
FILLER_14_587,VPWR,li1,275.7700,51.6800,1.800000
FILLER_14_581,VPWR,li1,274.1600,51.6800,1.800000
FILLER_14_569,VPWR,li1,270.0200,51.6800,1.800000
FILLER_14_557,VPWR,li1,264.5000,51.6800,1.800000
FILLER_14_545,VPWR,li1,258.9800,51.6800,1.800000
FILLER_14_533,VPWR,li1,253.4600,51.6800,1.800000
FILLER_14_531,VPWR,li1,250.0100,51.6800,1.800000
FILLER_14_525,VPWR,li1,248.4000,51.6800,1.800000
FILLER_14_513,VPWR,li1,244.2600,51.6800,1.800000
FILLER_14_501,VPWR,li1,238.7400,51.6800,1.800000
FILLER_14_489,VPWR,li1,233.2200,51.6800,1.800000
FILLER_14_477,VPWR,li1,227.7000,51.6800,1.800000
FILLER_14_475,VPWR,li1,224.2500,51.6800,1.800000
FILLER_14_469,VPWR,li1,222.6400,51.6800,1.800000
FILLER_14_457,VPWR,li1,218.5000,51.6800,1.800000
FILLER_14_445,VPWR,li1,212.9800,51.6800,1.800000
FILLER_14_433,VPWR,li1,207.4600,51.6800,1.800000
FILLER_14_421,VPWR,li1,201.9400,51.6800,1.800000
FILLER_14_419,VPWR,li1,198.4900,51.6800,1.800000
FILLER_14_413,VPWR,li1,196.8800,51.6800,1.800000
FILLER_14_401,VPWR,li1,192.7400,51.6800,1.800000
FILLER_14_389,VPWR,li1,187.2200,51.6800,1.800000
FILLER_14_377,VPWR,li1,181.7000,51.6800,1.800000
FILLER_14_365,VPWR,li1,176.1800,51.6800,1.800000
FILLER_14_363,VPWR,li1,172.7300,51.6800,1.800000
FILLER_14_357,VPWR,li1,171.1200,51.6800,1.800000
FILLER_14_345,VPWR,li1,166.9800,51.6800,1.800000
FILLER_14_333,VPWR,li1,161.4600,51.6800,1.800000
FILLER_14_321,VPWR,li1,155.9400,51.6800,1.800000
FILLER_14_309,VPWR,li1,150.4200,51.6800,1.800000
FILLER_14_307,VPWR,li1,146.9700,51.6800,1.800000
FILLER_14_301,VPWR,li1,145.3600,51.6800,1.800000
FILLER_14_289,VPWR,li1,141.2200,51.6800,1.800000
FILLER_14_277,VPWR,li1,135.7000,51.6800,1.800000
FILLER_14_265,VPWR,li1,130.1800,51.6800,1.800000
FILLER_14_253,VPWR,li1,124.6600,51.6800,1.800000
FILLER_14_251,VPWR,li1,121.2100,51.6800,1.800000
FILLER_14_245,VPWR,li1,119.6000,51.6800,1.800000
FILLER_14_233,VPWR,li1,115.4600,51.6800,1.800000
FILLER_14_221,VPWR,li1,109.9400,51.6800,1.800000
FILLER_14_209,VPWR,li1,104.4200,51.6800,1.800000
FILLER_14_197,VPWR,li1,98.9000,51.6800,1.800000
FILLER_14_195,VPWR,li1,95.4500,51.6800,1.800000
FILLER_14_189,VPWR,li1,93.8400,51.6800,1.800000
FILLER_14_177,VPWR,li1,89.7000,51.6800,1.800000
FILLER_14_165,VPWR,li1,84.1800,51.6800,1.800000
FILLER_14_153,VPWR,li1,78.6600,51.6800,1.800000
FILLER_14_141,VPWR,li1,73.1400,51.6800,1.800000
FILLER_14_139,VPWR,li1,69.6900,51.6800,1.800000
FILLER_14_133,VPWR,li1,68.0800,51.6800,1.800000
FILLER_14_121,VPWR,li1,63.9400,51.6800,1.800000
FILLER_14_109,VPWR,li1,58.4200,51.6800,1.800000
FILLER_14_97,VPWR,li1,52.9000,51.6800,1.800000
FILLER_14_85,VPWR,li1,47.3800,51.6800,1.800000
FILLER_14_83,VPWR,li1,43.9300,51.6800,1.800000
FILLER_14_77,VPWR,li1,42.3200,51.6800,1.800000
FILLER_14_65,VPWR,li1,38.1800,51.6800,1.800000
FILLER_14_53,VPWR,li1,32.6600,51.6800,1.800000
FILLER_14_41,VPWR,li1,27.1400,51.6800,1.800000
FILLER_14_29,VPWR,li1,21.6200,51.6800,1.800000
FILLER_14_27,VPWR,li1,18.1700,51.6800,1.800000
FILLER_14_15,VPWR,li1,15.1800,51.6800,1.800000
FILLER_14_3,VPWR,li1,9.6600,51.6800,1.800000
FILLER_13_665,VPWR,li1,312.1100,46.2400,1.800000
FILLER_13_653,VPWR,li1,308.6600,46.2400,1.800000
FILLER_13_641,VPWR,li1,303.1400,46.2400,1.800000
FILLER_13_629,VPWR,li1,297.6200,46.2400,1.800000
FILLER_13_617,VPWR,li1,292.1000,46.2400,1.800000
FILLER_13_615,VPWR,li1,288.6500,46.2400,1.800000
FILLER_13_609,VPWR,li1,287.0400,46.2400,1.800000
FILLER_13_597,VPWR,li1,282.9000,46.2400,1.800000
FILLER_13_585,VPWR,li1,277.3800,46.2400,1.800000
FILLER_13_573,VPWR,li1,271.8600,46.2400,1.800000
FILLER_13_561,VPWR,li1,266.3400,46.2400,1.800000
FILLER_13_559,VPWR,li1,262.8900,46.2400,1.800000
FILLER_13_553,VPWR,li1,261.2800,46.2400,1.800000
FILLER_13_541,VPWR,li1,257.1400,46.2400,1.800000
FILLER_13_529,VPWR,li1,251.6200,46.2400,1.800000
FILLER_13_517,VPWR,li1,246.1000,46.2400,1.800000
FILLER_13_505,VPWR,li1,240.5800,46.2400,1.800000
FILLER_13_503,VPWR,li1,237.1300,46.2400,1.800000
FILLER_13_497,VPWR,li1,235.5200,46.2400,1.800000
FILLER_13_485,VPWR,li1,231.3800,46.2400,1.800000
FILLER_13_473,VPWR,li1,225.8600,46.2400,1.800000
FILLER_13_461,VPWR,li1,220.3400,46.2400,1.800000
FILLER_13_449,VPWR,li1,214.8200,46.2400,1.800000
FILLER_13_447,VPWR,li1,211.3700,46.2400,1.800000
FILLER_13_441,VPWR,li1,209.7600,46.2400,1.800000
FILLER_13_429,VPWR,li1,205.6200,46.2400,1.800000
FILLER_13_417,VPWR,li1,200.1000,46.2400,1.800000
FILLER_13_405,VPWR,li1,194.5800,46.2400,1.800000
FILLER_13_393,VPWR,li1,189.0600,46.2400,1.800000
FILLER_13_391,VPWR,li1,185.6100,46.2400,1.800000
FILLER_13_385,VPWR,li1,184.0000,46.2400,1.800000
FILLER_13_373,VPWR,li1,179.8600,46.2400,1.800000
FILLER_13_361,VPWR,li1,174.3400,46.2400,1.800000
FILLER_13_349,VPWR,li1,168.8200,46.2400,1.800000
FILLER_13_337,VPWR,li1,163.3000,46.2400,1.800000
FILLER_13_335,VPWR,li1,159.8500,46.2400,1.800000
FILLER_13_329,VPWR,li1,158.2400,46.2400,1.800000
FILLER_13_317,VPWR,li1,154.1000,46.2400,1.800000
FILLER_13_305,VPWR,li1,148.5800,46.2400,1.800000
FILLER_13_293,VPWR,li1,143.0600,46.2400,1.800000
FILLER_13_281,VPWR,li1,137.5400,46.2400,1.800000
FILLER_13_279,VPWR,li1,134.0900,46.2400,1.800000
FILLER_13_273,VPWR,li1,132.4800,46.2400,1.800000
FILLER_13_261,VPWR,li1,128.3400,46.2400,1.800000
FILLER_13_249,VPWR,li1,122.8200,46.2400,1.800000
FILLER_13_237,VPWR,li1,117.3000,46.2400,1.800000
FILLER_13_225,VPWR,li1,111.7800,46.2400,1.800000
FILLER_13_223,VPWR,li1,108.3300,46.2400,1.800000
FILLER_13_217,VPWR,li1,106.7200,46.2400,1.800000
FILLER_13_205,VPWR,li1,102.5800,46.2400,1.800000
FILLER_13_193,VPWR,li1,97.0600,46.2400,1.800000
FILLER_13_181,VPWR,li1,91.5400,46.2400,1.800000
FILLER_13_169,VPWR,li1,86.0200,46.2400,1.800000
FILLER_13_167,VPWR,li1,82.5700,46.2400,1.800000
FILLER_13_161,VPWR,li1,80.9600,46.2400,1.800000
FILLER_13_149,VPWR,li1,76.8200,46.2400,1.800000
FILLER_13_137,VPWR,li1,71.3000,46.2400,1.800000
FILLER_13_125,VPWR,li1,65.7800,46.2400,1.800000
FILLER_13_113,VPWR,li1,60.2600,46.2400,1.800000
FILLER_13_111,VPWR,li1,56.8100,46.2400,1.800000
FILLER_13_105,VPWR,li1,55.2000,46.2400,1.800000
FILLER_13_93,VPWR,li1,51.0600,46.2400,1.800000
FILLER_13_81,VPWR,li1,45.5400,46.2400,1.800000
FILLER_13_69,VPWR,li1,40.0200,46.2400,1.800000
FILLER_13_57,VPWR,li1,34.5000,46.2400,1.800000
FILLER_13_55,VPWR,li1,31.0500,46.2400,1.800000
FILLER_13_51,VPWR,li1,29.9000,46.2400,1.800000
FILLER_13_39,VPWR,li1,26.2200,46.2400,1.800000
FILLER_13_27,VPWR,li1,20.7000,46.2400,1.800000
FILLER_13_15,VPWR,li1,15.1800,46.2400,1.800000
FILLER_13_3,VPWR,li1,9.6600,46.2400,1.800000
FILLER_12_665,VPWR,li1,312.1100,46.2400,1.800000
FILLER_12_657,VPWR,li1,309.5800,46.2400,1.800000
FILLER_12_645,VPWR,li1,304.9800,46.2400,1.800000
FILLER_12_643,VPWR,li1,301.5300,46.2400,1.800000
FILLER_12_637,VPWR,li1,299.9200,46.2400,1.800000
FILLER_12_625,VPWR,li1,295.7800,46.2400,1.800000
FILLER_12_613,VPWR,li1,290.2600,46.2400,1.800000
FILLER_12_601,VPWR,li1,284.7400,46.2400,1.800000
FILLER_12_589,VPWR,li1,279.2200,46.2400,1.800000
FILLER_12_587,VPWR,li1,275.7700,46.2400,1.800000
FILLER_12_581,VPWR,li1,274.1600,46.2400,1.800000
FILLER_12_569,VPWR,li1,270.0200,46.2400,1.800000
FILLER_12_557,VPWR,li1,264.5000,46.2400,1.800000
FILLER_12_545,VPWR,li1,258.9800,46.2400,1.800000
FILLER_12_533,VPWR,li1,253.4600,46.2400,1.800000
FILLER_12_531,VPWR,li1,250.0100,46.2400,1.800000
FILLER_12_525,VPWR,li1,248.4000,46.2400,1.800000
FILLER_12_513,VPWR,li1,244.2600,46.2400,1.800000
FILLER_12_501,VPWR,li1,238.7400,46.2400,1.800000
FILLER_12_489,VPWR,li1,233.2200,46.2400,1.800000
FILLER_12_477,VPWR,li1,227.7000,46.2400,1.800000
FILLER_12_475,VPWR,li1,224.2500,46.2400,1.800000
FILLER_12_469,VPWR,li1,222.6400,46.2400,1.800000
FILLER_12_457,VPWR,li1,218.5000,46.2400,1.800000
FILLER_12_445,VPWR,li1,212.9800,46.2400,1.800000
FILLER_12_433,VPWR,li1,207.4600,46.2400,1.800000
FILLER_12_421,VPWR,li1,201.9400,46.2400,1.800000
FILLER_12_419,VPWR,li1,198.4900,46.2400,1.800000
FILLER_12_413,VPWR,li1,196.8800,46.2400,1.800000
FILLER_12_401,VPWR,li1,192.7400,46.2400,1.800000
FILLER_12_389,VPWR,li1,187.2200,46.2400,1.800000
FILLER_12_377,VPWR,li1,181.7000,46.2400,1.800000
FILLER_12_365,VPWR,li1,176.1800,46.2400,1.800000
FILLER_12_363,VPWR,li1,172.7300,46.2400,1.800000
FILLER_12_357,VPWR,li1,171.1200,46.2400,1.800000
FILLER_12_345,VPWR,li1,166.9800,46.2400,1.800000
FILLER_12_333,VPWR,li1,161.4600,46.2400,1.800000
FILLER_12_321,VPWR,li1,155.9400,46.2400,1.800000
FILLER_12_309,VPWR,li1,150.4200,46.2400,1.800000
FILLER_12_307,VPWR,li1,146.9700,46.2400,1.800000
FILLER_12_301,VPWR,li1,145.3600,46.2400,1.800000
FILLER_12_289,VPWR,li1,141.2200,46.2400,1.800000
FILLER_12_277,VPWR,li1,135.7000,46.2400,1.800000
FILLER_12_265,VPWR,li1,130.1800,46.2400,1.800000
FILLER_12_253,VPWR,li1,124.6600,46.2400,1.800000
FILLER_12_251,VPWR,li1,121.2100,46.2400,1.800000
FILLER_12_245,VPWR,li1,119.6000,46.2400,1.800000
FILLER_12_233,VPWR,li1,115.4600,46.2400,1.800000
FILLER_12_221,VPWR,li1,109.9400,46.2400,1.800000
FILLER_12_209,VPWR,li1,104.4200,46.2400,1.800000
FILLER_12_197,VPWR,li1,98.9000,46.2400,1.800000
FILLER_12_195,VPWR,li1,95.4500,46.2400,1.800000
FILLER_12_189,VPWR,li1,93.8400,46.2400,1.800000
FILLER_12_177,VPWR,li1,89.7000,46.2400,1.800000
FILLER_12_165,VPWR,li1,84.1800,46.2400,1.800000
FILLER_12_153,VPWR,li1,78.6600,46.2400,1.800000
FILLER_12_141,VPWR,li1,73.1400,46.2400,1.800000
FILLER_12_139,VPWR,li1,69.6900,46.2400,1.800000
FILLER_12_133,VPWR,li1,68.0800,46.2400,1.800000
FILLER_12_121,VPWR,li1,63.9400,46.2400,1.800000
FILLER_12_109,VPWR,li1,58.4200,46.2400,1.800000
FILLER_12_97,VPWR,li1,52.9000,46.2400,1.800000
FILLER_12_85,VPWR,li1,47.3800,46.2400,1.800000
FILLER_12_83,VPWR,li1,43.9300,46.2400,1.800000
FILLER_12_77,VPWR,li1,42.3200,46.2400,1.800000
FILLER_12_65,VPWR,li1,38.1800,46.2400,1.800000
FILLER_12_53,VPWR,li1,32.6600,46.2400,1.800000
FILLER_12_41,VPWR,li1,27.1400,46.2400,1.800000
FILLER_12_29,VPWR,li1,21.6200,46.2400,1.800000
FILLER_12_27,VPWR,li1,18.1700,46.2400,1.800000
FILLER_12_15,VPWR,li1,15.1800,46.2400,1.800000
FILLER_12_3,VPWR,li1,9.6600,46.2400,1.800000
FILLER_11_665,VPWR,li1,312.1100,40.8000,1.800000
FILLER_11_653,VPWR,li1,308.6600,40.8000,1.800000
FILLER_11_641,VPWR,li1,303.1400,40.8000,1.800000
FILLER_11_629,VPWR,li1,297.6200,40.8000,1.800000
FILLER_11_617,VPWR,li1,292.1000,40.8000,1.800000
FILLER_11_615,VPWR,li1,288.6500,40.8000,1.800000
FILLER_11_609,VPWR,li1,287.0400,40.8000,1.800000
FILLER_11_597,VPWR,li1,282.9000,40.8000,1.800000
FILLER_11_585,VPWR,li1,277.3800,40.8000,1.800000
FILLER_11_573,VPWR,li1,271.8600,40.8000,1.800000
FILLER_11_561,VPWR,li1,266.3400,40.8000,1.800000
FILLER_11_559,VPWR,li1,262.8900,40.8000,1.800000
FILLER_11_553,VPWR,li1,261.2800,40.8000,1.800000
FILLER_11_541,VPWR,li1,257.1400,40.8000,1.800000
FILLER_11_529,VPWR,li1,251.6200,40.8000,1.800000
FILLER_11_517,VPWR,li1,246.1000,40.8000,1.800000
FILLER_11_505,VPWR,li1,240.5800,40.8000,1.800000
FILLER_11_503,VPWR,li1,237.1300,40.8000,1.800000
FILLER_11_497,VPWR,li1,235.5200,40.8000,1.800000
FILLER_11_485,VPWR,li1,231.3800,40.8000,1.800000
FILLER_11_473,VPWR,li1,225.8600,40.8000,1.800000
FILLER_11_461,VPWR,li1,220.3400,40.8000,1.800000
FILLER_11_449,VPWR,li1,214.8200,40.8000,1.800000
FILLER_11_447,VPWR,li1,211.3700,40.8000,1.800000
FILLER_11_441,VPWR,li1,209.7600,40.8000,1.800000
FILLER_11_429,VPWR,li1,205.6200,40.8000,1.800000
FILLER_11_417,VPWR,li1,200.1000,40.8000,1.800000
FILLER_11_405,VPWR,li1,194.5800,40.8000,1.800000
FILLER_11_393,VPWR,li1,189.0600,40.8000,1.800000
FILLER_11_391,VPWR,li1,185.6100,40.8000,1.800000
FILLER_11_385,VPWR,li1,184.0000,40.8000,1.800000
FILLER_11_373,VPWR,li1,179.8600,40.8000,1.800000
FILLER_11_361,VPWR,li1,174.3400,40.8000,1.800000
FILLER_11_349,VPWR,li1,168.8200,40.8000,1.800000
FILLER_11_337,VPWR,li1,163.3000,40.8000,1.800000
FILLER_11_335,VPWR,li1,159.8500,40.8000,1.800000
FILLER_11_329,VPWR,li1,158.2400,40.8000,1.800000
FILLER_11_317,VPWR,li1,154.1000,40.8000,1.800000
FILLER_11_305,VPWR,li1,148.5800,40.8000,1.800000
FILLER_11_293,VPWR,li1,143.0600,40.8000,1.800000
FILLER_11_281,VPWR,li1,137.5400,40.8000,1.800000
FILLER_11_279,VPWR,li1,134.0900,40.8000,1.800000
FILLER_11_273,VPWR,li1,132.4800,40.8000,1.800000
FILLER_11_261,VPWR,li1,128.3400,40.8000,1.800000
FILLER_11_249,VPWR,li1,122.8200,40.8000,1.800000
FILLER_11_237,VPWR,li1,117.3000,40.8000,1.800000
FILLER_11_225,VPWR,li1,111.7800,40.8000,1.800000
FILLER_11_223,VPWR,li1,108.3300,40.8000,1.800000
FILLER_11_217,VPWR,li1,106.7200,40.8000,1.800000
FILLER_11_205,VPWR,li1,102.5800,40.8000,1.800000
FILLER_11_193,VPWR,li1,97.0600,40.8000,1.800000
FILLER_11_181,VPWR,li1,91.5400,40.8000,1.800000
FILLER_11_169,VPWR,li1,86.0200,40.8000,1.800000
FILLER_11_167,VPWR,li1,82.5700,40.8000,1.800000
FILLER_11_161,VPWR,li1,80.9600,40.8000,1.800000
FILLER_11_149,VPWR,li1,76.8200,40.8000,1.800000
FILLER_11_137,VPWR,li1,71.3000,40.8000,1.800000
FILLER_11_125,VPWR,li1,65.7800,40.8000,1.800000
FILLER_11_113,VPWR,li1,60.2600,40.8000,1.800000
FILLER_11_111,VPWR,li1,56.8100,40.8000,1.800000
FILLER_11_105,VPWR,li1,55.2000,40.8000,1.800000
FILLER_11_93,VPWR,li1,51.0600,40.8000,1.800000
FILLER_11_81,VPWR,li1,45.5400,40.8000,1.800000
FILLER_11_69,VPWR,li1,40.0200,40.8000,1.800000
FILLER_11_57,VPWR,li1,34.5000,40.8000,1.800000
FILLER_11_55,VPWR,li1,31.0500,40.8000,1.800000
FILLER_11_51,VPWR,li1,29.9000,40.8000,1.800000
FILLER_11_39,VPWR,li1,26.2200,40.8000,1.800000
FILLER_11_27,VPWR,li1,20.7000,40.8000,1.800000
FILLER_11_15,VPWR,li1,15.1800,40.8000,1.800000
FILLER_11_3,VPWR,li1,9.6600,40.8000,1.800000
FILLER_10_665,VPWR,li1,312.1100,40.8000,1.800000
FILLER_10_657,VPWR,li1,309.5800,40.8000,1.800000
FILLER_10_645,VPWR,li1,304.9800,40.8000,1.800000
FILLER_10_643,VPWR,li1,301.5300,40.8000,1.800000
FILLER_10_637,VPWR,li1,299.9200,40.8000,1.800000
FILLER_10_625,VPWR,li1,295.7800,40.8000,1.800000
FILLER_10_613,VPWR,li1,290.2600,40.8000,1.800000
FILLER_10_601,VPWR,li1,284.7400,40.8000,1.800000
FILLER_10_589,VPWR,li1,279.2200,40.8000,1.800000
FILLER_10_587,VPWR,li1,275.7700,40.8000,1.800000
FILLER_10_581,VPWR,li1,274.1600,40.8000,1.800000
FILLER_10_569,VPWR,li1,270.0200,40.8000,1.800000
FILLER_10_557,VPWR,li1,264.5000,40.8000,1.800000
FILLER_10_545,VPWR,li1,258.9800,40.8000,1.800000
FILLER_10_533,VPWR,li1,253.4600,40.8000,1.800000
FILLER_10_531,VPWR,li1,250.0100,40.8000,1.800000
FILLER_10_525,VPWR,li1,248.4000,40.8000,1.800000
FILLER_10_513,VPWR,li1,244.2600,40.8000,1.800000
FILLER_10_501,VPWR,li1,238.7400,40.8000,1.800000
FILLER_10_489,VPWR,li1,233.2200,40.8000,1.800000
FILLER_10_477,VPWR,li1,227.7000,40.8000,1.800000
FILLER_10_475,VPWR,li1,224.2500,40.8000,1.800000
FILLER_10_469,VPWR,li1,222.6400,40.8000,1.800000
FILLER_10_457,VPWR,li1,218.5000,40.8000,1.800000
FILLER_10_445,VPWR,li1,212.9800,40.8000,1.800000
FILLER_10_433,VPWR,li1,207.4600,40.8000,1.800000
FILLER_10_421,VPWR,li1,201.9400,40.8000,1.800000
FILLER_10_419,VPWR,li1,198.4900,40.8000,1.800000
FILLER_10_413,VPWR,li1,196.8800,40.8000,1.800000
FILLER_10_401,VPWR,li1,192.7400,40.8000,1.800000
FILLER_10_389,VPWR,li1,187.2200,40.8000,1.800000
FILLER_10_377,VPWR,li1,181.7000,40.8000,1.800000
FILLER_10_365,VPWR,li1,176.1800,40.8000,1.800000
FILLER_10_363,VPWR,li1,172.7300,40.8000,1.800000
FILLER_10_357,VPWR,li1,171.1200,40.8000,1.800000
FILLER_10_345,VPWR,li1,166.9800,40.8000,1.800000
FILLER_10_333,VPWR,li1,161.4600,40.8000,1.800000
FILLER_10_321,VPWR,li1,155.9400,40.8000,1.800000
FILLER_10_309,VPWR,li1,150.4200,40.8000,1.800000
FILLER_10_307,VPWR,li1,146.9700,40.8000,1.800000
FILLER_10_301,VPWR,li1,145.3600,40.8000,1.800000
FILLER_10_289,VPWR,li1,141.2200,40.8000,1.800000
FILLER_10_277,VPWR,li1,135.7000,40.8000,1.800000
FILLER_10_265,VPWR,li1,130.1800,40.8000,1.800000
FILLER_10_253,VPWR,li1,124.6600,40.8000,1.800000
FILLER_10_251,VPWR,li1,121.2100,40.8000,1.800000
FILLER_10_245,VPWR,li1,119.6000,40.8000,1.800000
FILLER_10_233,VPWR,li1,115.4600,40.8000,1.800000
FILLER_10_221,VPWR,li1,109.9400,40.8000,1.800000
FILLER_10_209,VPWR,li1,104.4200,40.8000,1.800000
FILLER_10_197,VPWR,li1,98.9000,40.8000,1.800000
FILLER_10_195,VPWR,li1,95.4500,40.8000,1.800000
FILLER_10_189,VPWR,li1,93.8400,40.8000,1.800000
FILLER_10_177,VPWR,li1,89.7000,40.8000,1.800000
FILLER_10_165,VPWR,li1,84.1800,40.8000,1.800000
FILLER_10_153,VPWR,li1,78.6600,40.8000,1.800000
FILLER_10_141,VPWR,li1,73.1400,40.8000,1.800000
FILLER_10_139,VPWR,li1,69.6900,40.8000,1.800000
FILLER_10_133,VPWR,li1,68.0800,40.8000,1.800000
FILLER_10_121,VPWR,li1,63.9400,40.8000,1.800000
FILLER_10_109,VPWR,li1,58.4200,40.8000,1.800000
FILLER_10_97,VPWR,li1,52.9000,40.8000,1.800000
FILLER_10_85,VPWR,li1,47.3800,40.8000,1.800000
FILLER_10_83,VPWR,li1,43.9300,40.8000,1.800000
FILLER_10_77,VPWR,li1,42.3200,40.8000,1.800000
FILLER_10_65,VPWR,li1,38.1800,40.8000,1.800000
FILLER_10_53,VPWR,li1,32.6600,40.8000,1.800000
FILLER_10_41,VPWR,li1,27.1400,40.8000,1.800000
FILLER_10_29,VPWR,li1,21.6200,40.8000,1.800000
FILLER_10_27,VPWR,li1,18.1700,40.8000,1.800000
FILLER_10_15,VPWR,li1,15.1800,40.8000,1.800000
FILLER_10_3,VPWR,li1,9.6600,40.8000,1.800000
FILLER_9_665,VPWR,li1,312.1100,35.3600,1.800000
FILLER_9_653,VPWR,li1,308.6600,35.3600,1.800000
FILLER_9_641,VPWR,li1,303.1400,35.3600,1.800000
FILLER_9_629,VPWR,li1,297.6200,35.3600,1.800000
FILLER_9_617,VPWR,li1,292.1000,35.3600,1.800000
FILLER_9_615,VPWR,li1,288.6500,35.3600,1.800000
FILLER_9_609,VPWR,li1,287.0400,35.3600,1.800000
FILLER_9_597,VPWR,li1,282.9000,35.3600,1.800000
FILLER_9_585,VPWR,li1,277.3800,35.3600,1.800000
FILLER_9_573,VPWR,li1,271.8600,35.3600,1.800000
FILLER_9_561,VPWR,li1,266.3400,35.3600,1.800000
FILLER_9_559,VPWR,li1,262.8900,35.3600,1.800000
FILLER_9_553,VPWR,li1,261.2800,35.3600,1.800000
FILLER_9_541,VPWR,li1,257.1400,35.3600,1.800000
FILLER_9_529,VPWR,li1,251.6200,35.3600,1.800000
FILLER_9_517,VPWR,li1,246.1000,35.3600,1.800000
FILLER_9_505,VPWR,li1,240.5800,35.3600,1.800000
FILLER_9_503,VPWR,li1,237.1300,35.3600,1.800000
FILLER_9_497,VPWR,li1,235.5200,35.3600,1.800000
FILLER_9_485,VPWR,li1,231.3800,35.3600,1.800000
FILLER_9_473,VPWR,li1,225.8600,35.3600,1.800000
FILLER_9_461,VPWR,li1,220.3400,35.3600,1.800000
FILLER_9_449,VPWR,li1,214.8200,35.3600,1.800000
FILLER_9_447,VPWR,li1,211.3700,35.3600,1.800000
FILLER_9_441,VPWR,li1,209.7600,35.3600,1.800000
FILLER_9_429,VPWR,li1,205.6200,35.3600,1.800000
FILLER_9_417,VPWR,li1,200.1000,35.3600,1.800000
FILLER_9_405,VPWR,li1,194.5800,35.3600,1.800000
FILLER_9_393,VPWR,li1,189.0600,35.3600,1.800000
FILLER_9_391,VPWR,li1,185.6100,35.3600,1.800000
FILLER_9_385,VPWR,li1,184.0000,35.3600,1.800000
FILLER_9_373,VPWR,li1,179.8600,35.3600,1.800000
FILLER_9_361,VPWR,li1,174.3400,35.3600,1.800000
FILLER_9_349,VPWR,li1,168.8200,35.3600,1.800000
FILLER_9_337,VPWR,li1,163.3000,35.3600,1.800000
FILLER_9_335,VPWR,li1,159.8500,35.3600,1.800000
FILLER_9_329,VPWR,li1,158.2400,35.3600,1.800000
FILLER_9_317,VPWR,li1,154.1000,35.3600,1.800000
FILLER_9_305,VPWR,li1,148.5800,35.3600,1.800000
FILLER_9_293,VPWR,li1,143.0600,35.3600,1.800000
FILLER_9_281,VPWR,li1,137.5400,35.3600,1.800000
FILLER_9_279,VPWR,li1,134.0900,35.3600,1.800000
FILLER_9_273,VPWR,li1,132.4800,35.3600,1.800000
FILLER_9_261,VPWR,li1,128.3400,35.3600,1.800000
FILLER_9_249,VPWR,li1,122.8200,35.3600,1.800000
FILLER_9_237,VPWR,li1,117.3000,35.3600,1.800000
FILLER_9_225,VPWR,li1,111.7800,35.3600,1.800000
FILLER_9_223,VPWR,li1,108.3300,35.3600,1.800000
FILLER_9_217,VPWR,li1,106.7200,35.3600,1.800000
FILLER_9_205,VPWR,li1,102.5800,35.3600,1.800000
FILLER_9_193,VPWR,li1,97.0600,35.3600,1.800000
FILLER_9_181,VPWR,li1,91.5400,35.3600,1.800000
FILLER_9_169,VPWR,li1,86.0200,35.3600,1.800000
FILLER_9_167,VPWR,li1,82.5700,35.3600,1.800000
FILLER_9_161,VPWR,li1,80.9600,35.3600,1.800000
FILLER_9_149,VPWR,li1,76.8200,35.3600,1.800000
FILLER_9_137,VPWR,li1,71.3000,35.3600,1.800000
FILLER_9_125,VPWR,li1,65.7800,35.3600,1.800000
FILLER_9_113,VPWR,li1,60.2600,35.3600,1.800000
FILLER_9_111,VPWR,li1,56.8100,35.3600,1.800000
FILLER_9_105,VPWR,li1,55.2000,35.3600,1.800000
FILLER_9_93,VPWR,li1,51.0600,35.3600,1.800000
FILLER_9_81,VPWR,li1,45.5400,35.3600,1.800000
FILLER_9_69,VPWR,li1,40.0200,35.3600,1.800000
FILLER_9_57,VPWR,li1,34.5000,35.3600,1.800000
FILLER_9_55,VPWR,li1,31.0500,35.3600,1.800000
FILLER_9_51,VPWR,li1,29.9000,35.3600,1.800000
FILLER_9_39,VPWR,li1,26.2200,35.3600,1.800000
FILLER_9_27,VPWR,li1,20.7000,35.3600,1.800000
FILLER_9_15,VPWR,li1,15.1800,35.3600,1.800000
FILLER_9_3,VPWR,li1,9.6600,35.3600,1.800000
FILLER_8_665,VPWR,li1,312.1100,35.3600,1.800000
FILLER_8_657,VPWR,li1,309.5800,35.3600,1.800000
FILLER_8_645,VPWR,li1,304.9800,35.3600,1.800000
FILLER_8_643,VPWR,li1,301.5300,35.3600,1.800000
FILLER_8_637,VPWR,li1,299.9200,35.3600,1.800000
FILLER_8_625,VPWR,li1,295.7800,35.3600,1.800000
FILLER_8_613,VPWR,li1,290.2600,35.3600,1.800000
FILLER_8_601,VPWR,li1,284.7400,35.3600,1.800000
FILLER_8_589,VPWR,li1,279.2200,35.3600,1.800000
FILLER_8_587,VPWR,li1,275.7700,35.3600,1.800000
FILLER_8_581,VPWR,li1,274.1600,35.3600,1.800000
FILLER_8_569,VPWR,li1,270.0200,35.3600,1.800000
FILLER_8_557,VPWR,li1,264.5000,35.3600,1.800000
FILLER_8_545,VPWR,li1,258.9800,35.3600,1.800000
FILLER_8_533,VPWR,li1,253.4600,35.3600,1.800000
FILLER_8_531,VPWR,li1,250.0100,35.3600,1.800000
FILLER_8_525,VPWR,li1,248.4000,35.3600,1.800000
FILLER_8_513,VPWR,li1,244.2600,35.3600,1.800000
FILLER_8_501,VPWR,li1,238.7400,35.3600,1.800000
FILLER_8_489,VPWR,li1,233.2200,35.3600,1.800000
FILLER_8_477,VPWR,li1,227.7000,35.3600,1.800000
FILLER_8_475,VPWR,li1,224.2500,35.3600,1.800000
FILLER_8_469,VPWR,li1,222.6400,35.3600,1.800000
FILLER_8_457,VPWR,li1,218.5000,35.3600,1.800000
FILLER_8_445,VPWR,li1,212.9800,35.3600,1.800000
FILLER_8_433,VPWR,li1,207.4600,35.3600,1.800000
FILLER_8_421,VPWR,li1,201.9400,35.3600,1.800000
FILLER_8_419,VPWR,li1,198.4900,35.3600,1.800000
FILLER_8_413,VPWR,li1,196.8800,35.3600,1.800000
FILLER_8_401,VPWR,li1,192.7400,35.3600,1.800000
FILLER_8_389,VPWR,li1,187.2200,35.3600,1.800000
FILLER_8_377,VPWR,li1,181.7000,35.3600,1.800000
FILLER_8_365,VPWR,li1,176.1800,35.3600,1.800000
FILLER_8_363,VPWR,li1,172.7300,35.3600,1.800000
FILLER_8_357,VPWR,li1,171.1200,35.3600,1.800000
FILLER_8_345,VPWR,li1,166.9800,35.3600,1.800000
FILLER_8_333,VPWR,li1,161.4600,35.3600,1.800000
FILLER_8_321,VPWR,li1,155.9400,35.3600,1.800000
FILLER_8_309,VPWR,li1,150.4200,35.3600,1.800000
FILLER_8_307,VPWR,li1,146.9700,35.3600,1.800000
FILLER_8_301,VPWR,li1,145.3600,35.3600,1.800000
FILLER_8_289,VPWR,li1,141.2200,35.3600,1.800000
FILLER_8_277,VPWR,li1,135.7000,35.3600,1.800000
FILLER_8_265,VPWR,li1,130.1800,35.3600,1.800000
FILLER_8_253,VPWR,li1,124.6600,35.3600,1.800000
FILLER_8_251,VPWR,li1,121.2100,35.3600,1.800000
FILLER_8_245,VPWR,li1,119.6000,35.3600,1.800000
FILLER_8_233,VPWR,li1,115.4600,35.3600,1.800000
FILLER_8_221,VPWR,li1,109.9400,35.3600,1.800000
FILLER_8_209,VPWR,li1,104.4200,35.3600,1.800000
FILLER_8_197,VPWR,li1,98.9000,35.3600,1.800000
FILLER_8_195,VPWR,li1,95.4500,35.3600,1.800000
FILLER_8_189,VPWR,li1,93.8400,35.3600,1.800000
FILLER_8_177,VPWR,li1,89.7000,35.3600,1.800000
FILLER_8_165,VPWR,li1,84.1800,35.3600,1.800000
FILLER_8_153,VPWR,li1,78.6600,35.3600,1.800000
FILLER_8_141,VPWR,li1,73.1400,35.3600,1.800000
FILLER_8_139,VPWR,li1,69.6900,35.3600,1.800000
FILLER_8_133,VPWR,li1,68.0800,35.3600,1.800000
FILLER_8_121,VPWR,li1,63.9400,35.3600,1.800000
FILLER_8_109,VPWR,li1,58.4200,35.3600,1.800000
FILLER_8_97,VPWR,li1,52.9000,35.3600,1.800000
FILLER_8_85,VPWR,li1,47.3800,35.3600,1.800000
FILLER_8_83,VPWR,li1,43.9300,35.3600,1.800000
FILLER_8_77,VPWR,li1,42.3200,35.3600,1.800000
FILLER_8_65,VPWR,li1,38.1800,35.3600,1.800000
FILLER_8_53,VPWR,li1,32.6600,35.3600,1.800000
FILLER_8_41,VPWR,li1,27.1400,35.3600,1.800000
FILLER_8_29,VPWR,li1,21.6200,35.3600,1.800000
FILLER_8_27,VPWR,li1,18.1700,35.3600,1.800000
FILLER_8_15,VPWR,li1,15.1800,35.3600,1.800000
FILLER_8_3,VPWR,li1,9.6600,35.3600,1.800000
FILLER_7_665,VPWR,li1,312.1100,29.9200,1.800000
FILLER_7_653,VPWR,li1,308.6600,29.9200,1.800000
FILLER_7_641,VPWR,li1,303.1400,29.9200,1.800000
FILLER_7_629,VPWR,li1,297.6200,29.9200,1.800000
FILLER_7_617,VPWR,li1,292.1000,29.9200,1.800000
FILLER_7_615,VPWR,li1,288.6500,29.9200,1.800000
FILLER_7_609,VPWR,li1,287.0400,29.9200,1.800000
FILLER_7_597,VPWR,li1,282.9000,29.9200,1.800000
FILLER_7_585,VPWR,li1,277.3800,29.9200,1.800000
FILLER_7_573,VPWR,li1,271.8600,29.9200,1.800000
FILLER_7_561,VPWR,li1,266.3400,29.9200,1.800000
FILLER_7_559,VPWR,li1,262.8900,29.9200,1.800000
FILLER_7_553,VPWR,li1,261.2800,29.9200,1.800000
FILLER_7_541,VPWR,li1,257.1400,29.9200,1.800000
FILLER_7_529,VPWR,li1,251.6200,29.9200,1.800000
FILLER_7_517,VPWR,li1,246.1000,29.9200,1.800000
FILLER_7_505,VPWR,li1,240.5800,29.9200,1.800000
FILLER_7_503,VPWR,li1,237.1300,29.9200,1.800000
FILLER_7_497,VPWR,li1,235.5200,29.9200,1.800000
FILLER_7_485,VPWR,li1,231.3800,29.9200,1.800000
FILLER_7_473,VPWR,li1,225.8600,29.9200,1.800000
FILLER_7_461,VPWR,li1,220.3400,29.9200,1.800000
FILLER_7_449,VPWR,li1,214.8200,29.9200,1.800000
FILLER_7_447,VPWR,li1,211.3700,29.9200,1.800000
FILLER_7_441,VPWR,li1,209.7600,29.9200,1.800000
FILLER_7_429,VPWR,li1,205.6200,29.9200,1.800000
FILLER_7_417,VPWR,li1,200.1000,29.9200,1.800000
FILLER_7_405,VPWR,li1,194.5800,29.9200,1.800000
FILLER_7_393,VPWR,li1,189.0600,29.9200,1.800000
FILLER_7_391,VPWR,li1,185.6100,29.9200,1.800000
FILLER_7_385,VPWR,li1,184.0000,29.9200,1.800000
FILLER_7_373,VPWR,li1,179.8600,29.9200,1.800000
FILLER_7_361,VPWR,li1,174.3400,29.9200,1.800000
FILLER_7_349,VPWR,li1,168.8200,29.9200,1.800000
FILLER_7_337,VPWR,li1,163.3000,29.9200,1.800000
FILLER_7_335,VPWR,li1,159.8500,29.9200,1.800000
FILLER_7_329,VPWR,li1,158.2400,29.9200,1.800000
FILLER_7_317,VPWR,li1,154.1000,29.9200,1.800000
FILLER_7_305,VPWR,li1,148.5800,29.9200,1.800000
FILLER_7_293,VPWR,li1,143.0600,29.9200,1.800000
FILLER_7_281,VPWR,li1,137.5400,29.9200,1.800000
FILLER_7_279,VPWR,li1,134.0900,29.9200,1.800000
FILLER_7_273,VPWR,li1,132.4800,29.9200,1.800000
FILLER_7_261,VPWR,li1,128.3400,29.9200,1.800000
FILLER_7_249,VPWR,li1,122.8200,29.9200,1.800000
FILLER_7_237,VPWR,li1,117.3000,29.9200,1.800000
FILLER_7_225,VPWR,li1,111.7800,29.9200,1.800000
FILLER_7_223,VPWR,li1,108.3300,29.9200,1.800000
FILLER_7_217,VPWR,li1,106.7200,29.9200,1.800000
FILLER_7_205,VPWR,li1,102.5800,29.9200,1.800000
FILLER_7_193,VPWR,li1,97.0600,29.9200,1.800000
FILLER_7_181,VPWR,li1,91.5400,29.9200,1.800000
FILLER_7_169,VPWR,li1,86.0200,29.9200,1.800000
FILLER_7_167,VPWR,li1,82.5700,29.9200,1.800000
FILLER_7_161,VPWR,li1,80.9600,29.9200,1.800000
FILLER_7_149,VPWR,li1,76.8200,29.9200,1.800000
FILLER_7_137,VPWR,li1,71.3000,29.9200,1.800000
FILLER_7_125,VPWR,li1,65.7800,29.9200,1.800000
FILLER_7_113,VPWR,li1,60.2600,29.9200,1.800000
FILLER_7_111,VPWR,li1,56.8100,29.9200,1.800000
FILLER_7_105,VPWR,li1,55.2000,29.9200,1.800000
FILLER_7_93,VPWR,li1,51.0600,29.9200,1.800000
FILLER_7_81,VPWR,li1,45.5400,29.9200,1.800000
FILLER_7_69,VPWR,li1,40.0200,29.9200,1.800000
FILLER_7_57,VPWR,li1,34.5000,29.9200,1.800000
FILLER_7_55,VPWR,li1,31.0500,29.9200,1.800000
FILLER_7_51,VPWR,li1,29.9000,29.9200,1.800000
FILLER_7_39,VPWR,li1,26.2200,29.9200,1.800000
FILLER_7_27,VPWR,li1,20.7000,29.9200,1.800000
FILLER_7_15,VPWR,li1,15.1800,29.9200,1.800000
FILLER_7_3,VPWR,li1,9.6600,29.9200,1.800000
FILLER_6_665,VPWR,li1,312.1100,29.9200,1.800000
FILLER_6_657,VPWR,li1,309.5800,29.9200,1.800000
FILLER_6_645,VPWR,li1,304.9800,29.9200,1.800000
FILLER_6_643,VPWR,li1,301.5300,29.9200,1.800000
FILLER_6_637,VPWR,li1,299.9200,29.9200,1.800000
FILLER_6_625,VPWR,li1,295.7800,29.9200,1.800000
FILLER_6_613,VPWR,li1,290.2600,29.9200,1.800000
FILLER_6_601,VPWR,li1,284.7400,29.9200,1.800000
FILLER_6_589,VPWR,li1,279.2200,29.9200,1.800000
FILLER_6_587,VPWR,li1,275.7700,29.9200,1.800000
FILLER_6_581,VPWR,li1,274.1600,29.9200,1.800000
FILLER_6_569,VPWR,li1,270.0200,29.9200,1.800000
FILLER_6_557,VPWR,li1,264.5000,29.9200,1.800000
FILLER_6_545,VPWR,li1,258.9800,29.9200,1.800000
FILLER_6_533,VPWR,li1,253.4600,29.9200,1.800000
FILLER_6_531,VPWR,li1,250.0100,29.9200,1.800000
FILLER_6_525,VPWR,li1,248.4000,29.9200,1.800000
FILLER_6_513,VPWR,li1,244.2600,29.9200,1.800000
FILLER_6_501,VPWR,li1,238.7400,29.9200,1.800000
FILLER_6_489,VPWR,li1,233.2200,29.9200,1.800000
FILLER_6_477,VPWR,li1,227.7000,29.9200,1.800000
FILLER_6_475,VPWR,li1,224.2500,29.9200,1.800000
FILLER_6_469,VPWR,li1,222.6400,29.9200,1.800000
FILLER_6_457,VPWR,li1,218.5000,29.9200,1.800000
FILLER_6_445,VPWR,li1,212.9800,29.9200,1.800000
FILLER_6_433,VPWR,li1,207.4600,29.9200,1.800000
FILLER_6_421,VPWR,li1,201.9400,29.9200,1.800000
FILLER_6_419,VPWR,li1,198.4900,29.9200,1.800000
FILLER_6_413,VPWR,li1,196.8800,29.9200,1.800000
FILLER_6_401,VPWR,li1,192.7400,29.9200,1.800000
FILLER_6_389,VPWR,li1,187.2200,29.9200,1.800000
FILLER_6_377,VPWR,li1,181.7000,29.9200,1.800000
FILLER_6_365,VPWR,li1,176.1800,29.9200,1.800000
FILLER_6_363,VPWR,li1,172.7300,29.9200,1.800000
FILLER_6_357,VPWR,li1,171.1200,29.9200,1.800000
FILLER_6_345,VPWR,li1,166.9800,29.9200,1.800000
FILLER_6_333,VPWR,li1,161.4600,29.9200,1.800000
FILLER_6_321,VPWR,li1,155.9400,29.9200,1.800000
FILLER_6_309,VPWR,li1,150.4200,29.9200,1.800000
FILLER_6_307,VPWR,li1,146.9700,29.9200,1.800000
FILLER_6_301,VPWR,li1,145.3600,29.9200,1.800000
FILLER_6_289,VPWR,li1,141.2200,29.9200,1.800000
FILLER_6_277,VPWR,li1,135.7000,29.9200,1.800000
FILLER_6_265,VPWR,li1,130.1800,29.9200,1.800000
FILLER_6_253,VPWR,li1,124.6600,29.9200,1.800000
FILLER_6_251,VPWR,li1,121.2100,29.9200,1.800000
FILLER_6_245,VPWR,li1,119.6000,29.9200,1.800000
FILLER_6_233,VPWR,li1,115.4600,29.9200,1.800000
FILLER_6_221,VPWR,li1,109.9400,29.9200,1.800000
FILLER_6_209,VPWR,li1,104.4200,29.9200,1.800000
FILLER_6_197,VPWR,li1,98.9000,29.9200,1.800000
FILLER_6_195,VPWR,li1,95.4500,29.9200,1.800000
FILLER_6_189,VPWR,li1,93.8400,29.9200,1.800000
FILLER_6_177,VPWR,li1,89.7000,29.9200,1.800000
FILLER_6_165,VPWR,li1,84.1800,29.9200,1.800000
FILLER_6_153,VPWR,li1,78.6600,29.9200,1.800000
FILLER_6_141,VPWR,li1,73.1400,29.9200,1.800000
FILLER_6_139,VPWR,li1,69.6900,29.9200,1.800000
FILLER_6_133,VPWR,li1,68.0800,29.9200,1.800000
FILLER_6_121,VPWR,li1,63.9400,29.9200,1.800000
FILLER_6_109,VPWR,li1,58.4200,29.9200,1.800000
FILLER_6_97,VPWR,li1,52.9000,29.9200,1.800000
FILLER_6_85,VPWR,li1,47.3800,29.9200,1.800000
FILLER_6_83,VPWR,li1,43.9300,29.9200,1.800000
FILLER_6_77,VPWR,li1,42.3200,29.9200,1.800000
FILLER_6_65,VPWR,li1,38.1800,29.9200,1.800000
FILLER_6_53,VPWR,li1,32.6600,29.9200,1.800000
FILLER_6_41,VPWR,li1,27.1400,29.9200,1.800000
FILLER_6_29,VPWR,li1,21.6200,29.9200,1.800000
FILLER_6_27,VPWR,li1,18.1700,29.9200,1.800000
FILLER_6_15,VPWR,li1,15.1800,29.9200,1.800000
FILLER_6_3,VPWR,li1,9.6600,29.9200,1.800000
FILLER_5_665,VPWR,li1,312.1100,24.4800,1.800000
FILLER_5_653,VPWR,li1,308.6600,24.4800,1.800000
FILLER_5_641,VPWR,li1,303.1400,24.4800,1.800000
FILLER_5_629,VPWR,li1,297.6200,24.4800,1.800000
FILLER_5_617,VPWR,li1,292.1000,24.4800,1.800000
FILLER_5_615,VPWR,li1,288.6500,24.4800,1.800000
FILLER_5_609,VPWR,li1,287.0400,24.4800,1.800000
FILLER_5_597,VPWR,li1,282.9000,24.4800,1.800000
FILLER_5_585,VPWR,li1,277.3800,24.4800,1.800000
FILLER_5_573,VPWR,li1,271.8600,24.4800,1.800000
FILLER_5_561,VPWR,li1,266.3400,24.4800,1.800000
FILLER_5_559,VPWR,li1,262.8900,24.4800,1.800000
FILLER_5_553,VPWR,li1,261.2800,24.4800,1.800000
FILLER_5_541,VPWR,li1,257.1400,24.4800,1.800000
FILLER_5_529,VPWR,li1,251.6200,24.4800,1.800000
FILLER_5_517,VPWR,li1,246.1000,24.4800,1.800000
FILLER_5_505,VPWR,li1,240.5800,24.4800,1.800000
FILLER_5_503,VPWR,li1,237.1300,24.4800,1.800000
FILLER_5_497,VPWR,li1,235.5200,24.4800,1.800000
FILLER_5_485,VPWR,li1,231.3800,24.4800,1.800000
FILLER_5_473,VPWR,li1,225.8600,24.4800,1.800000
FILLER_5_461,VPWR,li1,220.3400,24.4800,1.800000
FILLER_5_449,VPWR,li1,214.8200,24.4800,1.800000
FILLER_5_447,VPWR,li1,211.3700,24.4800,1.800000
FILLER_5_441,VPWR,li1,209.7600,24.4800,1.800000
FILLER_5_429,VPWR,li1,205.6200,24.4800,1.800000
FILLER_5_417,VPWR,li1,200.1000,24.4800,1.800000
FILLER_5_405,VPWR,li1,194.5800,24.4800,1.800000
FILLER_5_393,VPWR,li1,189.0600,24.4800,1.800000
FILLER_5_391,VPWR,li1,185.6100,24.4800,1.800000
FILLER_5_385,VPWR,li1,184.0000,24.4800,1.800000
FILLER_5_373,VPWR,li1,179.8600,24.4800,1.800000
FILLER_5_361,VPWR,li1,174.3400,24.4800,1.800000
FILLER_5_349,VPWR,li1,168.8200,24.4800,1.800000
FILLER_5_337,VPWR,li1,163.3000,24.4800,1.800000
FILLER_5_335,VPWR,li1,159.8500,24.4800,1.800000
FILLER_5_329,VPWR,li1,158.2400,24.4800,1.800000
FILLER_5_317,VPWR,li1,154.1000,24.4800,1.800000
FILLER_5_305,VPWR,li1,148.5800,24.4800,1.800000
FILLER_5_293,VPWR,li1,143.0600,24.4800,1.800000
FILLER_5_281,VPWR,li1,137.5400,24.4800,1.800000
FILLER_5_279,VPWR,li1,134.0900,24.4800,1.800000
FILLER_5_273,VPWR,li1,132.4800,24.4800,1.800000
FILLER_5_261,VPWR,li1,128.3400,24.4800,1.800000
FILLER_5_249,VPWR,li1,122.8200,24.4800,1.800000
FILLER_5_237,VPWR,li1,117.3000,24.4800,1.800000
FILLER_5_225,VPWR,li1,111.7800,24.4800,1.800000
FILLER_5_223,VPWR,li1,108.3300,24.4800,1.800000
FILLER_5_217,VPWR,li1,106.7200,24.4800,1.800000
FILLER_5_205,VPWR,li1,102.5800,24.4800,1.800000
FILLER_5_193,VPWR,li1,97.0600,24.4800,1.800000
FILLER_5_181,VPWR,li1,91.5400,24.4800,1.800000
FILLER_5_169,VPWR,li1,86.0200,24.4800,1.800000
FILLER_5_167,VPWR,li1,82.5700,24.4800,1.800000
FILLER_5_161,VPWR,li1,80.9600,24.4800,1.800000
FILLER_5_149,VPWR,li1,76.8200,24.4800,1.800000
FILLER_5_137,VPWR,li1,71.3000,24.4800,1.800000
FILLER_5_125,VPWR,li1,65.7800,24.4800,1.800000
FILLER_5_113,VPWR,li1,60.2600,24.4800,1.800000
FILLER_5_111,VPWR,li1,56.8100,24.4800,1.800000
FILLER_5_105,VPWR,li1,55.2000,24.4800,1.800000
FILLER_5_93,VPWR,li1,51.0600,24.4800,1.800000
FILLER_5_81,VPWR,li1,45.5400,24.4800,1.800000
FILLER_5_69,VPWR,li1,40.0200,24.4800,1.800000
FILLER_5_57,VPWR,li1,34.5000,24.4800,1.800000
FILLER_5_55,VPWR,li1,31.0500,24.4800,1.800000
FILLER_5_51,VPWR,li1,29.9000,24.4800,1.800000
FILLER_5_39,VPWR,li1,26.2200,24.4800,1.800000
FILLER_5_27,VPWR,li1,20.7000,24.4800,1.800000
FILLER_5_15,VPWR,li1,15.1800,24.4800,1.800000
FILLER_5_3,VPWR,li1,9.6600,24.4800,1.800000
FILLER_4_665,VPWR,li1,312.1100,24.4800,1.800000
FILLER_4_657,VPWR,li1,309.5800,24.4800,1.800000
FILLER_4_645,VPWR,li1,304.9800,24.4800,1.800000
FILLER_4_643,VPWR,li1,301.5300,24.4800,1.800000
FILLER_4_637,VPWR,li1,299.9200,24.4800,1.800000
FILLER_4_625,VPWR,li1,295.7800,24.4800,1.800000
FILLER_4_613,VPWR,li1,290.2600,24.4800,1.800000
FILLER_4_601,VPWR,li1,284.7400,24.4800,1.800000
FILLER_4_589,VPWR,li1,279.2200,24.4800,1.800000
FILLER_4_587,VPWR,li1,275.7700,24.4800,1.800000
FILLER_4_581,VPWR,li1,274.1600,24.4800,1.800000
FILLER_4_569,VPWR,li1,270.0200,24.4800,1.800000
FILLER_4_557,VPWR,li1,264.5000,24.4800,1.800000
FILLER_4_545,VPWR,li1,258.9800,24.4800,1.800000
FILLER_4_533,VPWR,li1,253.4600,24.4800,1.800000
FILLER_4_531,VPWR,li1,250.0100,24.4800,1.800000
FILLER_4_525,VPWR,li1,248.4000,24.4800,1.800000
FILLER_4_513,VPWR,li1,244.2600,24.4800,1.800000
FILLER_4_501,VPWR,li1,238.7400,24.4800,1.800000
FILLER_4_489,VPWR,li1,233.2200,24.4800,1.800000
FILLER_4_477,VPWR,li1,227.7000,24.4800,1.800000
FILLER_4_475,VPWR,li1,224.2500,24.4800,1.800000
FILLER_4_469,VPWR,li1,222.6400,24.4800,1.800000
FILLER_4_457,VPWR,li1,218.5000,24.4800,1.800000
FILLER_4_445,VPWR,li1,212.9800,24.4800,1.800000
FILLER_4_433,VPWR,li1,207.4600,24.4800,1.800000
FILLER_4_421,VPWR,li1,201.9400,24.4800,1.800000
FILLER_4_419,VPWR,li1,198.4900,24.4800,1.800000
FILLER_4_413,VPWR,li1,196.8800,24.4800,1.800000
FILLER_4_401,VPWR,li1,192.7400,24.4800,1.800000
FILLER_4_389,VPWR,li1,187.2200,24.4800,1.800000
FILLER_4_377,VPWR,li1,181.7000,24.4800,1.800000
FILLER_4_365,VPWR,li1,176.1800,24.4800,1.800000
FILLER_4_363,VPWR,li1,172.7300,24.4800,1.800000
FILLER_4_357,VPWR,li1,171.1200,24.4800,1.800000
FILLER_4_345,VPWR,li1,166.9800,24.4800,1.800000
FILLER_4_333,VPWR,li1,161.4600,24.4800,1.800000
FILLER_4_321,VPWR,li1,155.9400,24.4800,1.800000
FILLER_4_309,VPWR,li1,150.4200,24.4800,1.800000
FILLER_4_307,VPWR,li1,146.9700,24.4800,1.800000
FILLER_4_301,VPWR,li1,145.3600,24.4800,1.800000
FILLER_4_289,VPWR,li1,141.2200,24.4800,1.800000
FILLER_4_277,VPWR,li1,135.7000,24.4800,1.800000
FILLER_4_265,VPWR,li1,130.1800,24.4800,1.800000
FILLER_4_253,VPWR,li1,124.6600,24.4800,1.800000
FILLER_4_251,VPWR,li1,121.2100,24.4800,1.800000
FILLER_4_245,VPWR,li1,119.6000,24.4800,1.800000
FILLER_4_233,VPWR,li1,115.4600,24.4800,1.800000
FILLER_4_221,VPWR,li1,109.9400,24.4800,1.800000
FILLER_4_209,VPWR,li1,104.4200,24.4800,1.800000
FILLER_4_197,VPWR,li1,98.9000,24.4800,1.800000
FILLER_4_195,VPWR,li1,95.4500,24.4800,1.800000
FILLER_4_189,VPWR,li1,93.8400,24.4800,1.800000
FILLER_4_177,VPWR,li1,89.7000,24.4800,1.800000
FILLER_4_165,VPWR,li1,84.1800,24.4800,1.800000
FILLER_4_153,VPWR,li1,78.6600,24.4800,1.800000
FILLER_4_141,VPWR,li1,73.1400,24.4800,1.800000
FILLER_4_139,VPWR,li1,69.6900,24.4800,1.800000
FILLER_4_133,VPWR,li1,68.0800,24.4800,1.800000
FILLER_4_121,VPWR,li1,63.9400,24.4800,1.800000
FILLER_4_109,VPWR,li1,58.4200,24.4800,1.800000
FILLER_4_97,VPWR,li1,52.9000,24.4800,1.800000
FILLER_4_85,VPWR,li1,47.3800,24.4800,1.800000
FILLER_4_83,VPWR,li1,43.9300,24.4800,1.800000
FILLER_4_77,VPWR,li1,42.3200,24.4800,1.800000
FILLER_4_65,VPWR,li1,38.1800,24.4800,1.800000
FILLER_4_53,VPWR,li1,32.6600,24.4800,1.800000
FILLER_4_41,VPWR,li1,27.1400,24.4800,1.800000
FILLER_4_29,VPWR,li1,21.6200,24.4800,1.800000
FILLER_4_27,VPWR,li1,18.1700,24.4800,1.800000
FILLER_4_15,VPWR,li1,15.1800,24.4800,1.800000
FILLER_4_3,VPWR,li1,9.6600,24.4800,1.800000
FILLER_3_665,VPWR,li1,312.1100,19.0400,1.800000
FILLER_3_653,VPWR,li1,308.6600,19.0400,1.800000
FILLER_3_641,VPWR,li1,303.1400,19.0400,1.800000
FILLER_3_629,VPWR,li1,297.6200,19.0400,1.800000
FILLER_3_617,VPWR,li1,292.1000,19.0400,1.800000
FILLER_3_615,VPWR,li1,288.6500,19.0400,1.800000
FILLER_3_609,VPWR,li1,287.0400,19.0400,1.800000
FILLER_3_597,VPWR,li1,282.9000,19.0400,1.800000
FILLER_3_585,VPWR,li1,277.3800,19.0400,1.800000
FILLER_3_573,VPWR,li1,271.8600,19.0400,1.800000
FILLER_3_561,VPWR,li1,266.3400,19.0400,1.800000
FILLER_3_559,VPWR,li1,262.8900,19.0400,1.800000
FILLER_3_553,VPWR,li1,261.2800,19.0400,1.800000
FILLER_3_541,VPWR,li1,257.1400,19.0400,1.800000
FILLER_3_529,VPWR,li1,251.6200,19.0400,1.800000
FILLER_3_517,VPWR,li1,246.1000,19.0400,1.800000
FILLER_3_505,VPWR,li1,240.5800,19.0400,1.800000
FILLER_3_503,VPWR,li1,237.1300,19.0400,1.800000
FILLER_3_497,VPWR,li1,235.5200,19.0400,1.800000
FILLER_3_485,VPWR,li1,231.3800,19.0400,1.800000
FILLER_3_473,VPWR,li1,225.8600,19.0400,1.800000
FILLER_3_461,VPWR,li1,220.3400,19.0400,1.800000
FILLER_3_449,VPWR,li1,214.8200,19.0400,1.800000
FILLER_3_447,VPWR,li1,211.3700,19.0400,1.800000
FILLER_3_441,VPWR,li1,209.7600,19.0400,1.800000
FILLER_3_429,VPWR,li1,205.6200,19.0400,1.800000
FILLER_3_417,VPWR,li1,200.1000,19.0400,1.800000
FILLER_3_405,VPWR,li1,194.5800,19.0400,1.800000
FILLER_3_393,VPWR,li1,189.0600,19.0400,1.800000
FILLER_3_391,VPWR,li1,185.6100,19.0400,1.800000
FILLER_3_385,VPWR,li1,184.0000,19.0400,1.800000
FILLER_3_373,VPWR,li1,179.8600,19.0400,1.800000
FILLER_3_361,VPWR,li1,174.3400,19.0400,1.800000
FILLER_3_349,VPWR,li1,168.8200,19.0400,1.800000
FILLER_3_337,VPWR,li1,163.3000,19.0400,1.800000
FILLER_3_335,VPWR,li1,159.8500,19.0400,1.800000
FILLER_3_329,VPWR,li1,158.2400,19.0400,1.800000
FILLER_3_317,VPWR,li1,154.1000,19.0400,1.800000
FILLER_3_305,VPWR,li1,148.5800,19.0400,1.800000
FILLER_3_293,VPWR,li1,143.0600,19.0400,1.800000
FILLER_3_281,VPWR,li1,137.5400,19.0400,1.800000
FILLER_3_279,VPWR,li1,134.0900,19.0400,1.800000
FILLER_3_273,VPWR,li1,132.4800,19.0400,1.800000
FILLER_3_261,VPWR,li1,128.3400,19.0400,1.800000
FILLER_3_249,VPWR,li1,122.8200,19.0400,1.800000
FILLER_3_237,VPWR,li1,117.3000,19.0400,1.800000
FILLER_3_225,VPWR,li1,111.7800,19.0400,1.800000
FILLER_3_223,VPWR,li1,108.3300,19.0400,1.800000
FILLER_3_217,VPWR,li1,106.7200,19.0400,1.800000
FILLER_3_205,VPWR,li1,102.5800,19.0400,1.800000
FILLER_3_193,VPWR,li1,97.0600,19.0400,1.800000
FILLER_3_181,VPWR,li1,91.5400,19.0400,1.800000
FILLER_3_169,VPWR,li1,86.0200,19.0400,1.800000
FILLER_3_167,VPWR,li1,82.5700,19.0400,1.800000
FILLER_3_161,VPWR,li1,80.9600,19.0400,1.800000
FILLER_3_149,VPWR,li1,76.8200,19.0400,1.800000
FILLER_3_137,VPWR,li1,71.3000,19.0400,1.800000
FILLER_3_125,VPWR,li1,65.7800,19.0400,1.800000
FILLER_3_113,VPWR,li1,60.2600,19.0400,1.800000
FILLER_3_111,VPWR,li1,56.8100,19.0400,1.800000
FILLER_3_105,VPWR,li1,55.2000,19.0400,1.800000
FILLER_3_93,VPWR,li1,51.0600,19.0400,1.800000
FILLER_3_81,VPWR,li1,45.5400,19.0400,1.800000
FILLER_3_69,VPWR,li1,40.0200,19.0400,1.800000
FILLER_3_57,VPWR,li1,34.5000,19.0400,1.800000
FILLER_3_55,VPWR,li1,31.0500,19.0400,1.800000
FILLER_3_51,VPWR,li1,29.9000,19.0400,1.800000
FILLER_3_39,VPWR,li1,26.2200,19.0400,1.800000
FILLER_3_27,VPWR,li1,20.7000,19.0400,1.800000
FILLER_3_15,VPWR,li1,15.1800,19.0400,1.800000
FILLER_3_3,VPWR,li1,9.6600,19.0400,1.800000
FILLER_2_665,VPWR,li1,312.1100,19.0400,1.800000
FILLER_2_657,VPWR,li1,309.5800,19.0400,1.800000
FILLER_2_645,VPWR,li1,304.9800,19.0400,1.800000
FILLER_2_643,VPWR,li1,301.5300,19.0400,1.800000
FILLER_2_637,VPWR,li1,299.9200,19.0400,1.800000
FILLER_2_625,VPWR,li1,295.7800,19.0400,1.800000
FILLER_2_613,VPWR,li1,290.2600,19.0400,1.800000
FILLER_2_601,VPWR,li1,284.7400,19.0400,1.800000
FILLER_2_589,VPWR,li1,279.2200,19.0400,1.800000
FILLER_2_587,VPWR,li1,275.7700,19.0400,1.800000
FILLER_2_581,VPWR,li1,274.1600,19.0400,1.800000
FILLER_2_569,VPWR,li1,270.0200,19.0400,1.800000
FILLER_2_557,VPWR,li1,264.5000,19.0400,1.800000
FILLER_2_545,VPWR,li1,258.9800,19.0400,1.800000
FILLER_2_533,VPWR,li1,253.4600,19.0400,1.800000
FILLER_2_531,VPWR,li1,250.0100,19.0400,1.800000
FILLER_2_525,VPWR,li1,248.4000,19.0400,1.800000
FILLER_2_513,VPWR,li1,244.2600,19.0400,1.800000
FILLER_2_501,VPWR,li1,238.7400,19.0400,1.800000
FILLER_2_489,VPWR,li1,233.2200,19.0400,1.800000
FILLER_2_477,VPWR,li1,227.7000,19.0400,1.800000
FILLER_2_475,VPWR,li1,224.2500,19.0400,1.800000
FILLER_2_469,VPWR,li1,222.6400,19.0400,1.800000
FILLER_2_457,VPWR,li1,218.5000,19.0400,1.800000
FILLER_2_445,VPWR,li1,212.9800,19.0400,1.800000
FILLER_2_433,VPWR,li1,207.4600,19.0400,1.800000
FILLER_2_421,VPWR,li1,201.9400,19.0400,1.800000
FILLER_2_419,VPWR,li1,198.4900,19.0400,1.800000
FILLER_2_413,VPWR,li1,196.8800,19.0400,1.800000
FILLER_2_401,VPWR,li1,192.7400,19.0400,1.800000
FILLER_2_389,VPWR,li1,187.2200,19.0400,1.800000
FILLER_2_377,VPWR,li1,181.7000,19.0400,1.800000
FILLER_2_365,VPWR,li1,176.1800,19.0400,1.800000
FILLER_2_363,VPWR,li1,172.7300,19.0400,1.800000
FILLER_2_357,VPWR,li1,171.1200,19.0400,1.800000
FILLER_2_345,VPWR,li1,166.9800,19.0400,1.800000
FILLER_2_333,VPWR,li1,161.4600,19.0400,1.800000
FILLER_2_321,VPWR,li1,155.9400,19.0400,1.800000
FILLER_2_309,VPWR,li1,150.4200,19.0400,1.800000
FILLER_2_307,VPWR,li1,146.9700,19.0400,1.800000
FILLER_2_301,VPWR,li1,145.3600,19.0400,1.800000
FILLER_2_289,VPWR,li1,141.2200,19.0400,1.800000
FILLER_2_277,VPWR,li1,135.7000,19.0400,1.800000
FILLER_2_265,VPWR,li1,130.1800,19.0400,1.800000
FILLER_2_253,VPWR,li1,124.6600,19.0400,1.800000
FILLER_2_251,VPWR,li1,121.2100,19.0400,1.800000
FILLER_2_245,VPWR,li1,119.6000,19.0400,1.800000
FILLER_2_233,VPWR,li1,115.4600,19.0400,1.800000
FILLER_2_221,VPWR,li1,109.9400,19.0400,1.800000
FILLER_2_209,VPWR,li1,104.4200,19.0400,1.800000
FILLER_2_197,VPWR,li1,98.9000,19.0400,1.800000
FILLER_2_195,VPWR,li1,95.4500,19.0400,1.800000
FILLER_2_189,VPWR,li1,93.8400,19.0400,1.800000
FILLER_2_177,VPWR,li1,89.7000,19.0400,1.800000
FILLER_2_165,VPWR,li1,84.1800,19.0400,1.800000
FILLER_2_153,VPWR,li1,78.6600,19.0400,1.800000
FILLER_2_141,VPWR,li1,73.1400,19.0400,1.800000
FILLER_2_139,VPWR,li1,69.6900,19.0400,1.800000
FILLER_2_133,VPWR,li1,68.0800,19.0400,1.800000
FILLER_2_121,VPWR,li1,63.9400,19.0400,1.800000
FILLER_2_109,VPWR,li1,58.4200,19.0400,1.800000
FILLER_2_97,VPWR,li1,52.9000,19.0400,1.800000
FILLER_2_85,VPWR,li1,47.3800,19.0400,1.800000
FILLER_2_83,VPWR,li1,43.9300,19.0400,1.800000
FILLER_2_77,VPWR,li1,42.3200,19.0400,1.800000
FILLER_2_65,VPWR,li1,38.1800,19.0400,1.800000
FILLER_2_53,VPWR,li1,32.6600,19.0400,1.800000
FILLER_2_41,VPWR,li1,27.1400,19.0400,1.800000
FILLER_2_29,VPWR,li1,21.6200,19.0400,1.800000
FILLER_2_27,VPWR,li1,18.1700,19.0400,1.800000
FILLER_2_15,VPWR,li1,15.1800,19.0400,1.800000
FILLER_2_3,VPWR,li1,9.6600,19.0400,1.800000
FILLER_1_665,VPWR,li1,312.1100,13.6000,1.800000
FILLER_1_653,VPWR,li1,308.6600,13.6000,1.800000
FILLER_1_641,VPWR,li1,303.1400,13.6000,1.800000
FILLER_1_629,VPWR,li1,297.6200,13.6000,1.800000
FILLER_1_617,VPWR,li1,292.1000,13.6000,1.800000
FILLER_1_615,VPWR,li1,288.6500,13.6000,1.800000
FILLER_1_609,VPWR,li1,287.0400,13.6000,1.800000
FILLER_1_597,VPWR,li1,282.9000,13.6000,1.800000
FILLER_1_585,VPWR,li1,277.3800,13.6000,1.800000
FILLER_1_573,VPWR,li1,271.8600,13.6000,1.800000
FILLER_1_561,VPWR,li1,266.3400,13.6000,1.800000
FILLER_1_559,VPWR,li1,262.8900,13.6000,1.800000
FILLER_1_553,VPWR,li1,261.2800,13.6000,1.800000
FILLER_1_541,VPWR,li1,257.1400,13.6000,1.800000
FILLER_1_529,VPWR,li1,251.6200,13.6000,1.800000
FILLER_1_517,VPWR,li1,246.1000,13.6000,1.800000
FILLER_1_505,VPWR,li1,240.5800,13.6000,1.800000
FILLER_1_503,VPWR,li1,237.1300,13.6000,1.800000
FILLER_1_497,VPWR,li1,235.5200,13.6000,1.800000
FILLER_1_485,VPWR,li1,231.3800,13.6000,1.800000
FILLER_1_473,VPWR,li1,225.8600,13.6000,1.800000
FILLER_1_461,VPWR,li1,220.3400,13.6000,1.800000
FILLER_1_449,VPWR,li1,214.8200,13.6000,1.800000
FILLER_1_447,VPWR,li1,211.3700,13.6000,1.800000
FILLER_1_441,VPWR,li1,209.7600,13.6000,1.800000
FILLER_1_429,VPWR,li1,205.6200,13.6000,1.800000
FILLER_1_417,VPWR,li1,200.1000,13.6000,1.800000
FILLER_1_405,VPWR,li1,194.5800,13.6000,1.800000
FILLER_1_393,VPWR,li1,189.0600,13.6000,1.800000
FILLER_1_391,VPWR,li1,185.6100,13.6000,1.800000
FILLER_1_385,VPWR,li1,184.0000,13.6000,1.800000
FILLER_1_373,VPWR,li1,179.8600,13.6000,1.800000
FILLER_1_361,VPWR,li1,174.3400,13.6000,1.800000
FILLER_1_349,VPWR,li1,168.8200,13.6000,1.800000
FILLER_1_337,VPWR,li1,163.3000,13.6000,1.800000
FILLER_1_335,VPWR,li1,159.8500,13.6000,1.800000
FILLER_1_329,VPWR,li1,158.2400,13.6000,1.800000
FILLER_1_317,VPWR,li1,154.1000,13.6000,1.800000
FILLER_1_305,VPWR,li1,148.5800,13.6000,1.800000
FILLER_1_293,VPWR,li1,143.0600,13.6000,1.800000
FILLER_1_281,VPWR,li1,137.5400,13.6000,1.800000
FILLER_1_279,VPWR,li1,134.0900,13.6000,1.800000
FILLER_1_273,VPWR,li1,132.4800,13.6000,1.800000
FILLER_1_261,VPWR,li1,128.3400,13.6000,1.800000
FILLER_1_249,VPWR,li1,122.8200,13.6000,1.800000
FILLER_1_237,VPWR,li1,117.3000,13.6000,1.800000
FILLER_1_225,VPWR,li1,111.7800,13.6000,1.800000
FILLER_1_223,VPWR,li1,108.3300,13.6000,1.800000
FILLER_1_217,VPWR,li1,106.7200,13.6000,1.800000
FILLER_1_205,VPWR,li1,102.5800,13.6000,1.800000
FILLER_1_193,VPWR,li1,97.0600,13.6000,1.800000
FILLER_1_181,VPWR,li1,91.5400,13.6000,1.800000
FILLER_1_169,VPWR,li1,86.0200,13.6000,1.800000
FILLER_1_167,VPWR,li1,82.5700,13.6000,1.800000
FILLER_1_161,VPWR,li1,80.9600,13.6000,1.800000
FILLER_1_149,VPWR,li1,76.8200,13.6000,1.800000
FILLER_1_137,VPWR,li1,71.3000,13.6000,1.800000
FILLER_1_125,VPWR,li1,65.7800,13.6000,1.800000
FILLER_1_113,VPWR,li1,60.2600,13.6000,1.800000
FILLER_1_111,VPWR,li1,56.8100,13.6000,1.800000
FILLER_1_105,VPWR,li1,55.2000,13.6000,1.800000
FILLER_1_93,VPWR,li1,51.0600,13.6000,1.800000
FILLER_1_81,VPWR,li1,45.5400,13.6000,1.800000
FILLER_1_69,VPWR,li1,40.0200,13.6000,1.800000
FILLER_1_57,VPWR,li1,34.5000,13.6000,1.800000
FILLER_1_55,VPWR,li1,31.0500,13.6000,1.800000
FILLER_1_51,VPWR,li1,29.9000,13.6000,1.800000
FILLER_1_39,VPWR,li1,26.2200,13.6000,1.800000
FILLER_1_27,VPWR,li1,20.7000,13.6000,1.800000
FILLER_1_15,VPWR,li1,15.1800,13.6000,1.800000
FILLER_1_3,VPWR,li1,9.6600,13.6000,1.800000
FILLER_0_665,VPWR,li1,312.1100,13.6000,1.800000
FILLER_0_657,VPWR,li1,309.5800,13.6000,1.800000
FILLER_0_645,VPWR,li1,304.9800,13.6000,1.800000
FILLER_0_641,VPWR,li1,301.0700,13.6000,1.800000
FILLER_0_629,VPWR,li1,297.6200,13.6000,1.800000
FILLER_0_617,VPWR,li1,292.1000,13.6000,1.800000
FILLER_0_613,VPWR,li1,288.1900,13.6000,1.800000
FILLER_0_601,VPWR,li1,284.7400,13.6000,1.800000
FILLER_0_589,VPWR,li1,279.2200,13.6000,1.800000
FILLER_0_585,VPWR,li1,275.3100,13.6000,1.800000
FILLER_0_573,VPWR,li1,271.8600,13.6000,1.800000
FILLER_0_561,VPWR,li1,266.3400,13.6000,1.800000
FILLER_0_557,VPWR,li1,262.4300,13.6000,1.800000
FILLER_0_545,VPWR,li1,258.9800,13.6000,1.800000
FILLER_0_533,VPWR,li1,253.4600,13.6000,1.800000
FILLER_0_529,VPWR,li1,249.5500,13.6000,1.800000
FILLER_0_517,VPWR,li1,246.1000,13.6000,1.800000
FILLER_0_505,VPWR,li1,240.5800,13.6000,1.800000
FILLER_0_501,VPWR,li1,236.6700,13.6000,1.800000
FILLER_0_489,VPWR,li1,233.2200,13.6000,1.800000
FILLER_0_477,VPWR,li1,227.7000,13.6000,1.800000
FILLER_0_473,VPWR,li1,223.7900,13.6000,1.800000
FILLER_0_461,VPWR,li1,220.3400,13.6000,1.800000
FILLER_0_449,VPWR,li1,214.8200,13.6000,1.800000
FILLER_0_445,VPWR,li1,210.9100,13.6000,1.800000
FILLER_0_433,VPWR,li1,207.4600,13.6000,1.800000
FILLER_0_421,VPWR,li1,201.9400,13.6000,1.800000
FILLER_0_417,VPWR,li1,198.0300,13.6000,1.800000
FILLER_0_405,VPWR,li1,194.5800,13.6000,1.800000
FILLER_0_393,VPWR,li1,189.0600,13.6000,1.800000
FILLER_0_389,VPWR,li1,185.1500,13.6000,1.800000
FILLER_0_377,VPWR,li1,181.7000,13.6000,1.800000
FILLER_0_365,VPWR,li1,176.1800,13.6000,1.800000
FILLER_0_356,VPWR,li1,171.1200,13.6000,1.800000
FILLER_0_349,VPWR,li1,166.9800,13.6000,1.800000
FILLER_0_342,VPWR,li1,163.7600,13.6000,1.800000
FILLER_0_337,VPWR,li1,161.0000,13.6000,1.800000
FILLER_0_335,VPWR,li1,159.8500,13.6000,1.800000
FILLER_0_328,VPWR,li1,157.3200,13.6000,1.800000
FILLER_0_321,VPWR,li1,154.1000,13.6000,1.800000
FILLER_0_314,VPWR,li1,150.8800,13.6000,1.800000
FILLER_0_309,VPWR,li1,148.1200,13.6000,1.800000
FILLER_0_305,VPWR,li1,146.5100,13.6000,1.800000
FILLER_0_293,VPWR,li1,143.0600,13.6000,1.800000
FILLER_0_281,VPWR,li1,137.5400,13.6000,1.800000
FILLER_0_277,VPWR,li1,133.6300,13.6000,1.800000
FILLER_0_265,VPWR,li1,130.1800,13.6000,1.800000
FILLER_0_253,VPWR,li1,124.6600,13.6000,1.800000
FILLER_0_249,VPWR,li1,120.7500,13.6000,1.800000
FILLER_0_237,VPWR,li1,117.3000,13.6000,1.800000
FILLER_0_225,VPWR,li1,111.7800,13.6000,1.800000
FILLER_0_221,VPWR,li1,107.8700,13.6000,1.800000
FILLER_0_209,VPWR,li1,104.4200,13.6000,1.800000
FILLER_0_197,VPWR,li1,98.9000,13.6000,1.800000
FILLER_0_193,VPWR,li1,94.9900,13.6000,1.800000
FILLER_0_181,VPWR,li1,91.5400,13.6000,1.800000
FILLER_0_169,VPWR,li1,86.0200,13.6000,1.800000
FILLER_0_165,VPWR,li1,82.1100,13.6000,1.800000
FILLER_0_153,VPWR,li1,78.6600,13.6000,1.800000
FILLER_0_141,VPWR,li1,73.1400,13.6000,1.800000
FILLER_0_137,VPWR,li1,69.2300,13.6000,1.800000
FILLER_0_125,VPWR,li1,65.7800,13.6000,1.800000
FILLER_0_113,VPWR,li1,60.2600,13.6000,1.800000
FILLER_0_109,VPWR,li1,56.3500,13.6000,1.800000
FILLER_0_97,VPWR,li1,52.9000,13.6000,1.800000
FILLER_0_85,VPWR,li1,47.3800,13.6000,1.800000
FILLER_0_81,VPWR,li1,43.4700,13.6000,1.800000
FILLER_0_69,VPWR,li1,40.0200,13.6000,1.800000
FILLER_0_57,VPWR,li1,34.5000,13.6000,1.800000
FILLER_0_53,VPWR,li1,30.5900,13.6000,1.800000
FILLER_0_41,VPWR,li1,27.1400,13.6000,1.800000
FILLER_0_29,VPWR,li1,21.6200,13.6000,1.800000
FILLER_0_27,VPWR,li1,18.1700,13.6000,1.800000
FILLER_0_15,VPWR,li1,15.1800,13.6000,1.800000
FILLER_0_3,VPWR,li1,9.6600,13.6000,1.800000
clkbuf_1_1__f_clk,VPWR,li1,168.3600,307.3600,1.799854
clkbuf_1_0__f_clk,VPWR,li1,142.6000,307.3600,1.799758
clkbuf_0_clk,VPWR,li1,155.4800,307.3600,1.799778
soc_top_3,VPWR,li1,7.5900,165.9200,1.800000
output2,VPWR,li1,158.9300,301.9200,1.799936
output1,VPWR,li1,150.1900,307.3600,1.799764
soc_top_80,VPWR,li1,7.5900,144.1600,1.800000
soc_top_79,VPWR,li1,7.5900,176.8000,1.800000
soc_top_78,VPWR,li1,107.4100,307.3600,1.799826
soc_top_77,VPWR,li1,7.5900,176.8000,1.800000
soc_top_76,VPWR,li1,312.1100,122.4000,1.800000
soc_top_75,VPWR,li1,213.6700,307.3600,1.799915
soc_top_74,VPWR,li1,168.5900,13.6000,1.800000
soc_top_73,VPWR,li1,113.8500,307.3600,1.799811
soc_top_72,VPWR,li1,312.1100,160.4800,1.800000
soc_top_71,VPWR,li1,7.5900,160.4800,1.800000
soc_top_70,VPWR,li1,7.5900,187.6800,1.800000
soc_top_69,VPWR,li1,174.1100,307.3600,1.799895
soc_top_68,VPWR,li1,165.3700,13.6000,1.800000
soc_top_67,VPWR,li1,7.5900,155.0400,1.800000
soc_top_66,VPWR,li1,312.1100,193.1200,1.800000
soc_top_65,VPWR,li1,312.1100,149.6000,1.800000
soc_top_64,VPWR,li1,148.8100,307.3600,1.799762
soc_top_63,VPWR,li1,187.9100,307.3600,1.799915
soc_top_62,VPWR,li1,200.7900,307.3600,1.799915
soc_top_61,VPWR,li1,7.5900,160.4800,1.800000
soc_top_60,VPWR,li1,7.5900,182.2400,1.800000
soc_top_59,VPWR,li1,312.1100,182.2400,1.800000
soc_top_58,VPWR,li1,312.1100,127.8400,1.800000
soc_top_57,VPWR,li1,110.6300,307.3600,1.799817
soc_top_56,VPWR,li1,312.1100,149.6000,1.800000
soc_top_55,VPWR,li1,155.7100,13.6000,1.800000
soc_top_54,VPWR,li1,152.4900,13.6000,1.800000
soc_top_53,VPWR,li1,146.0500,301.9200,1.799936
soc_top_52,VPWR,li1,158.9300,13.6000,1.800000
soc_top_51,VPWR,li1,120.2900,307.3600,1.799799
soc_top_50,VPWR,li1,207.2300,307.3600,1.799915
soc_top_49,VPWR,li1,7.5900,149.6000,1.800000
soc_top_48,VPWR,li1,312.1100,165.9200,1.800000
soc_top_47,VPWR,li1,312.1100,176.8000,1.800000
soc_top_46,VPWR,li1,312.1100,133.2800,1.800000
soc_top_45,VPWR,li1,210.4500,307.3600,1.799915
soc_top_44,VPWR,li1,194.3500,307.3600,1.799915
soc_top_43,VPWR,li1,181.4700,307.3600,1.799915
soc_top_42,VPWR,li1,312.1100,187.6800,1.800000
soc_top_41,VPWR,li1,312.1100,155.0400,1.800000
soc_top_40,VPWR,li1,197.5700,307.3600,1.799915
soc_top_39,VPWR,li1,312.1100,176.8000,1.800000
soc_top_38,VPWR,li1,149.2700,13.6000,1.800000
soc_top_37,VPWR,li1,312.1100,144.1600,1.800000
soc_top_36,VPWR,li1,137.3100,307.3600,1.799771
soc_top_35,VPWR,li1,162.1500,13.6000,1.800000
soc_top_34,VPWR,li1,312.1100,138.7200,1.800000
soc_top_33,VPWR,li1,117.0700,307.3600,1.799805
soc_top_32,VPWR,li1,129.9500,307.3600,1.799785
soc_top_31,VPWR,li1,312.1100,171.3600,1.800000
soc_top_30,VPWR,li1,204.0100,307.3600,1.799915
soc_top_29,VPWR,li1,312.1100,193.1200,1.800000
soc_top_28,VPWR,li1,191.1300,307.3600,1.799915
soc_top_27,VPWR,li1,168.5900,301.9200,1.799955
soc_top_26,VPWR,li1,126.7300,307.3600,1.799791
soc_top_25,VPWR,li1,312.1100,138.7200,1.800000
soc_top_24,VPWR,li1,7.5900,171.3600,1.800000
soc_top_23,VPWR,li1,123.5100,307.3600,1.799796
soc_top_22,VPWR,li1,163.0700,307.3600,1.799815
soc_top_21,VPWR,li1,7.5900,165.9200,1.800000
soc_top_20,VPWR,li1,312.1100,133.2800,1.800000
soc_top_19,VPWR,li1,133.1700,307.3600,1.799779
soc_top_18,VPWR,li1,7.5900,149.6000,1.800000
soc_top_17,VPWR,li1,7.5900,138.7200,1.800000
soc_top_16,VPWR,li1,312.1100,165.9200,1.800000
soc_top_15,VPWR,li1,178.2500,307.3600,1.799915
soc_top_14,VPWR,li1,312.1100,198.5600,1.800000
soc_top_13,VPWR,li1,312.1100,122.4000,1.800000
soc_top_12,VPWR,li1,142.8300,301.9200,1.799937
soc_top_11,VPWR,li1,175.4900,307.3600,1.799915
soc_top_10,VPWR,li1,184.6900,307.3600,1.799915
soc_top_9,VPWR,li1,312.1100,160.4800,1.800000
soc_top_8,VPWR,li1,312.1100,187.6800,1.800000
soc_top_7,VPWR,li1,135.9300,307.3600,1.799771
soc_top_6,VPWR,li1,216.8900,307.3600,1.799915
soc_top_5,VPWR,li1,161.6900,307.3600,1.799815
soc_top_4,VPWR,li1,156.1700,301.9200,1.799934
TAP_TAPCELL_ROW_108_1493,VPWR,li1,301.9900,307.0530,1.799915
TAP_TAPCELL_ROW_108_1492,VPWR,li1,289.1100,307.0530,1.799915
TAP_TAPCELL_ROW_108_1491,VPWR,li1,276.2300,307.0530,1.799915
TAP_TAPCELL_ROW_108_1490,VPWR,li1,263.3500,307.0530,1.799915
TAP_TAPCELL_ROW_108_1489,VPWR,li1,250.4700,307.0530,1.799915
TAP_TAPCELL_ROW_108_1488,VPWR,li1,237.5900,307.0530,1.799915
TAP_TAPCELL_ROW_108_1487,VPWR,li1,224.7100,307.0530,1.799915
TAP_TAPCELL_ROW_108_1486,VPWR,li1,211.8300,307.0530,1.799915
TAP_TAPCELL_ROW_108_1485,VPWR,li1,198.9500,307.0530,1.799915
TAP_TAPCELL_ROW_108_1484,VPWR,li1,186.0700,307.0530,1.799915
TAP_TAPCELL_ROW_108_1483,VPWR,li1,173.1900,307.0530,1.799895
TAP_TAPCELL_ROW_108_1482,VPWR,li1,160.3100,307.0530,1.799804
TAP_TAPCELL_ROW_108_1481,VPWR,li1,147.4300,307.0530,1.799762
TAP_TAPCELL_ROW_108_1480,VPWR,li1,134.5500,307.0530,1.799774
TAP_TAPCELL_ROW_108_1479,VPWR,li1,121.6700,307.0530,1.799799
TAP_TAPCELL_ROW_108_1478,VPWR,li1,108.7900,307.0530,1.799822
TAP_TAPCELL_ROW_108_1477,VPWR,li1,95.9100,307.0530,1.799846
TAP_TAPCELL_ROW_108_1476,VPWR,li1,83.0300,307.0530,1.799870
TAP_TAPCELL_ROW_108_1475,VPWR,li1,70.1500,307.0530,1.799894
TAP_TAPCELL_ROW_108_1474,VPWR,li1,57.2700,307.0530,1.799917
TAP_TAPCELL_ROW_108_1473,VPWR,li1,44.3900,307.0530,1.799941
TAP_TAPCELL_ROW_108_1472,VPWR,li1,31.5100,307.0530,1.799965
TAP_TAPCELL_ROW_108_1471,VPWR,li1,18.6300,307.0530,1.799982
TAP_TAPCELL_ROW_107_1470,VPWR,li1,289.1100,302.2260,1.799976
TAP_TAPCELL_ROW_107_1469,VPWR,li1,263.3500,302.2260,1.799976
TAP_TAPCELL_ROW_107_1468,VPWR,li1,237.5900,302.2260,1.799976
TAP_TAPCELL_ROW_107_1467,VPWR,li1,211.8300,302.2260,1.799976
TAP_TAPCELL_ROW_107_1466,VPWR,li1,186.0700,302.2260,1.799976
TAP_TAPCELL_ROW_107_1465,VPWR,li1,160.3100,302.2260,1.799936
TAP_TAPCELL_ROW_107_1464,VPWR,li1,134.5500,302.2260,1.799940
TAP_TAPCELL_ROW_107_1463,VPWR,li1,108.7900,302.2260,1.799953
TAP_TAPCELL_ROW_107_1462,VPWR,li1,83.0300,302.2260,1.799965
TAP_TAPCELL_ROW_107_1461,VPWR,li1,57.2700,302.2260,1.799978
TAP_TAPCELL_ROW_107_1460,VPWR,li1,31.5100,302.2260,1.799991
TAP_TAPCELL_ROW_106_1459,VPWR,li1,301.9900,301.6130,1.799976
TAP_TAPCELL_ROW_106_1458,VPWR,li1,276.2300,301.6130,1.799976
TAP_TAPCELL_ROW_106_1457,VPWR,li1,250.4700,301.6130,1.799976
TAP_TAPCELL_ROW_106_1456,VPWR,li1,224.7100,301.6130,1.799976
TAP_TAPCELL_ROW_106_1455,VPWR,li1,198.9500,301.6130,1.799976
TAP_TAPCELL_ROW_106_1454,VPWR,li1,173.1900,301.6130,1.799970
TAP_TAPCELL_ROW_106_1453,VPWR,li1,147.4300,301.6130,1.799934
TAP_TAPCELL_ROW_106_1452,VPWR,li1,121.6700,301.6130,1.799947
TAP_TAPCELL_ROW_106_1451,VPWR,li1,95.9100,301.6130,1.799959
TAP_TAPCELL_ROW_106_1450,VPWR,li1,70.1500,301.6130,1.799971
TAP_TAPCELL_ROW_106_1449,VPWR,li1,44.3900,301.6130,1.799984
TAP_TAPCELL_ROW_106_1448,VPWR,li1,18.6300,301.6130,1.799995
TAP_TAPCELL_ROW_105_1447,VPWR,li1,289.1100,296.7860,1.800000
TAP_TAPCELL_ROW_105_1446,VPWR,li1,263.3500,296.7860,1.800000
TAP_TAPCELL_ROW_105_1445,VPWR,li1,237.5900,296.7860,1.800000
TAP_TAPCELL_ROW_105_1444,VPWR,li1,211.8300,296.7860,1.800000
TAP_TAPCELL_ROW_105_1443,VPWR,li1,186.0700,296.7860,1.800000
TAP_TAPCELL_ROW_105_1442,VPWR,li1,160.3100,296.7860,1.800000
TAP_TAPCELL_ROW_105_1441,VPWR,li1,134.5500,296.7860,1.800000
TAP_TAPCELL_ROW_105_1440,VPWR,li1,108.7900,296.7860,1.800000
TAP_TAPCELL_ROW_105_1439,VPWR,li1,83.0300,296.7860,1.800000
TAP_TAPCELL_ROW_105_1438,VPWR,li1,57.2700,296.7860,1.800000
TAP_TAPCELL_ROW_105_1437,VPWR,li1,31.5100,296.7860,1.800000
TAP_TAPCELL_ROW_104_1436,VPWR,li1,301.9900,296.1730,1.800000
TAP_TAPCELL_ROW_104_1435,VPWR,li1,276.2300,296.1730,1.800000
TAP_TAPCELL_ROW_104_1434,VPWR,li1,250.4700,296.1730,1.800000
TAP_TAPCELL_ROW_104_1433,VPWR,li1,224.7100,296.1730,1.800000
TAP_TAPCELL_ROW_104_1432,VPWR,li1,198.9500,296.1730,1.800000
TAP_TAPCELL_ROW_104_1431,VPWR,li1,173.1900,296.1730,1.800000
TAP_TAPCELL_ROW_104_1430,VPWR,li1,147.4300,296.1730,1.800000
TAP_TAPCELL_ROW_104_1429,VPWR,li1,121.6700,296.1730,1.800000
TAP_TAPCELL_ROW_104_1428,VPWR,li1,95.9100,296.1730,1.800000
TAP_TAPCELL_ROW_104_1427,VPWR,li1,70.1500,296.1730,1.800000
TAP_TAPCELL_ROW_104_1426,VPWR,li1,44.3900,296.1730,1.800000
TAP_TAPCELL_ROW_104_1425,VPWR,li1,18.6300,296.1730,1.800000
TAP_TAPCELL_ROW_103_1424,VPWR,li1,289.1100,291.3460,1.800000
TAP_TAPCELL_ROW_103_1423,VPWR,li1,263.3500,291.3460,1.800000
TAP_TAPCELL_ROW_103_1422,VPWR,li1,237.5900,291.3460,1.800000
TAP_TAPCELL_ROW_103_1421,VPWR,li1,211.8300,291.3460,1.800000
TAP_TAPCELL_ROW_103_1420,VPWR,li1,186.0700,291.3460,1.800000
TAP_TAPCELL_ROW_103_1419,VPWR,li1,160.3100,291.3460,1.800000
TAP_TAPCELL_ROW_103_1418,VPWR,li1,134.5500,291.3460,1.800000
TAP_TAPCELL_ROW_103_1417,VPWR,li1,108.7900,291.3460,1.800000
TAP_TAPCELL_ROW_103_1416,VPWR,li1,83.0300,291.3460,1.800000
TAP_TAPCELL_ROW_103_1415,VPWR,li1,57.2700,291.3460,1.800000
TAP_TAPCELL_ROW_103_1414,VPWR,li1,31.5100,291.3460,1.800000
TAP_TAPCELL_ROW_102_1413,VPWR,li1,301.9900,290.7330,1.800000
TAP_TAPCELL_ROW_102_1412,VPWR,li1,276.2300,290.7330,1.800000
TAP_TAPCELL_ROW_102_1411,VPWR,li1,250.4700,290.7330,1.800000
TAP_TAPCELL_ROW_102_1410,VPWR,li1,224.7100,290.7330,1.800000
TAP_TAPCELL_ROW_102_1409,VPWR,li1,198.9500,290.7330,1.800000
TAP_TAPCELL_ROW_102_1408,VPWR,li1,173.1900,290.7330,1.800000
TAP_TAPCELL_ROW_102_1407,VPWR,li1,147.4300,290.7330,1.800000
TAP_TAPCELL_ROW_102_1406,VPWR,li1,121.6700,290.7330,1.800000
TAP_TAPCELL_ROW_102_1405,VPWR,li1,95.9100,290.7330,1.800000
TAP_TAPCELL_ROW_102_1404,VPWR,li1,70.1500,290.7330,1.800000
TAP_TAPCELL_ROW_102_1403,VPWR,li1,44.3900,290.7330,1.800000
TAP_TAPCELL_ROW_102_1402,VPWR,li1,18.6300,290.7330,1.800000
TAP_TAPCELL_ROW_101_1401,VPWR,li1,289.1100,285.9060,1.800000
TAP_TAPCELL_ROW_101_1400,VPWR,li1,263.3500,285.9060,1.800000
TAP_TAPCELL_ROW_101_1399,VPWR,li1,237.5900,285.9060,1.800000
TAP_TAPCELL_ROW_101_1398,VPWR,li1,211.8300,285.9060,1.800000
TAP_TAPCELL_ROW_101_1397,VPWR,li1,186.0700,285.9060,1.800000
TAP_TAPCELL_ROW_101_1396,VPWR,li1,160.3100,285.9060,1.800000
TAP_TAPCELL_ROW_101_1395,VPWR,li1,134.5500,285.9060,1.800000
TAP_TAPCELL_ROW_101_1394,VPWR,li1,108.7900,285.9060,1.800000
TAP_TAPCELL_ROW_101_1393,VPWR,li1,83.0300,285.9060,1.800000
TAP_TAPCELL_ROW_101_1392,VPWR,li1,57.2700,285.9060,1.800000
TAP_TAPCELL_ROW_101_1391,VPWR,li1,31.5100,285.9060,1.800000
TAP_TAPCELL_ROW_100_1390,VPWR,li1,301.9900,285.2930,1.800000
TAP_TAPCELL_ROW_100_1389,VPWR,li1,276.2300,285.2930,1.800000
TAP_TAPCELL_ROW_100_1388,VPWR,li1,250.4700,285.2930,1.800000
TAP_TAPCELL_ROW_100_1387,VPWR,li1,224.7100,285.2930,1.800000
TAP_TAPCELL_ROW_100_1386,VPWR,li1,198.9500,285.2930,1.800000
TAP_TAPCELL_ROW_100_1385,VPWR,li1,173.1900,285.2930,1.800000
TAP_TAPCELL_ROW_100_1384,VPWR,li1,147.4300,285.2930,1.800000
TAP_TAPCELL_ROW_100_1383,VPWR,li1,121.6700,285.2930,1.800000
TAP_TAPCELL_ROW_100_1382,VPWR,li1,95.9100,285.2930,1.800000
TAP_TAPCELL_ROW_100_1381,VPWR,li1,70.1500,285.2930,1.800000
TAP_TAPCELL_ROW_100_1380,VPWR,li1,44.3900,285.2930,1.800000
TAP_TAPCELL_ROW_100_1379,VPWR,li1,18.6300,285.2930,1.800000
TAP_TAPCELL_ROW_99_1378,VPWR,li1,289.1100,280.4660,1.800000
TAP_TAPCELL_ROW_99_1377,VPWR,li1,263.3500,280.4660,1.800000
TAP_TAPCELL_ROW_99_1376,VPWR,li1,237.5900,280.4660,1.800000
TAP_TAPCELL_ROW_99_1375,VPWR,li1,211.8300,280.4660,1.800000
TAP_TAPCELL_ROW_99_1374,VPWR,li1,186.0700,280.4660,1.800000
TAP_TAPCELL_ROW_99_1373,VPWR,li1,160.3100,280.4660,1.800000
TAP_TAPCELL_ROW_99_1372,VPWR,li1,134.5500,280.4660,1.800000
TAP_TAPCELL_ROW_99_1371,VPWR,li1,108.7900,280.4660,1.800000
TAP_TAPCELL_ROW_99_1370,VPWR,li1,83.0300,280.4660,1.800000
TAP_TAPCELL_ROW_99_1369,VPWR,li1,57.2700,280.4660,1.800000
TAP_TAPCELL_ROW_99_1368,VPWR,li1,31.5100,280.4660,1.800000
TAP_TAPCELL_ROW_98_1367,VPWR,li1,301.9900,279.8530,1.800000
TAP_TAPCELL_ROW_98_1366,VPWR,li1,276.2300,279.8530,1.800000
TAP_TAPCELL_ROW_98_1365,VPWR,li1,250.4700,279.8530,1.800000
TAP_TAPCELL_ROW_98_1364,VPWR,li1,224.7100,279.8530,1.800000
TAP_TAPCELL_ROW_98_1363,VPWR,li1,198.9500,279.8530,1.800000
TAP_TAPCELL_ROW_98_1362,VPWR,li1,173.1900,279.8530,1.800000
TAP_TAPCELL_ROW_98_1361,VPWR,li1,147.4300,279.8530,1.800000
TAP_TAPCELL_ROW_98_1360,VPWR,li1,121.6700,279.8530,1.800000
TAP_TAPCELL_ROW_98_1359,VPWR,li1,95.9100,279.8530,1.800000
TAP_TAPCELL_ROW_98_1358,VPWR,li1,70.1500,279.8530,1.800000
TAP_TAPCELL_ROW_98_1357,VPWR,li1,44.3900,279.8530,1.800000
TAP_TAPCELL_ROW_98_1356,VPWR,li1,18.6300,279.8530,1.800000
TAP_TAPCELL_ROW_97_1355,VPWR,li1,289.1100,275.0260,1.800000
TAP_TAPCELL_ROW_97_1354,VPWR,li1,263.3500,275.0260,1.800000
TAP_TAPCELL_ROW_97_1353,VPWR,li1,237.5900,275.0260,1.800000
TAP_TAPCELL_ROW_97_1352,VPWR,li1,211.8300,275.0260,1.800000
TAP_TAPCELL_ROW_97_1351,VPWR,li1,186.0700,275.0260,1.800000
TAP_TAPCELL_ROW_97_1350,VPWR,li1,160.3100,275.0260,1.800000
TAP_TAPCELL_ROW_97_1349,VPWR,li1,134.5500,275.0260,1.800000
TAP_TAPCELL_ROW_97_1348,VPWR,li1,108.7900,275.0260,1.800000
TAP_TAPCELL_ROW_97_1347,VPWR,li1,83.0300,275.0260,1.800000
TAP_TAPCELL_ROW_97_1346,VPWR,li1,57.2700,275.0260,1.800000
TAP_TAPCELL_ROW_97_1345,VPWR,li1,31.5100,275.0260,1.800000
TAP_TAPCELL_ROW_96_1344,VPWR,li1,301.9900,274.4130,1.800000
TAP_TAPCELL_ROW_96_1343,VPWR,li1,276.2300,274.4130,1.800000
TAP_TAPCELL_ROW_96_1342,VPWR,li1,250.4700,274.4130,1.800000
TAP_TAPCELL_ROW_96_1341,VPWR,li1,224.7100,274.4130,1.800000
TAP_TAPCELL_ROW_96_1340,VPWR,li1,198.9500,274.4130,1.800000
TAP_TAPCELL_ROW_96_1339,VPWR,li1,173.1900,274.4130,1.800000
TAP_TAPCELL_ROW_96_1338,VPWR,li1,147.4300,274.4130,1.800000
TAP_TAPCELL_ROW_96_1337,VPWR,li1,121.6700,274.4130,1.800000
TAP_TAPCELL_ROW_96_1336,VPWR,li1,95.9100,274.4130,1.800000
TAP_TAPCELL_ROW_96_1335,VPWR,li1,70.1500,274.4130,1.800000
TAP_TAPCELL_ROW_96_1334,VPWR,li1,44.3900,274.4130,1.800000
TAP_TAPCELL_ROW_96_1333,VPWR,li1,18.6300,274.4130,1.800000
TAP_TAPCELL_ROW_95_1332,VPWR,li1,289.1100,269.5860,1.800000
TAP_TAPCELL_ROW_95_1331,VPWR,li1,263.3500,269.5860,1.800000
TAP_TAPCELL_ROW_95_1330,VPWR,li1,237.5900,269.5860,1.800000
TAP_TAPCELL_ROW_95_1329,VPWR,li1,211.8300,269.5860,1.800000
TAP_TAPCELL_ROW_95_1328,VPWR,li1,186.0700,269.5860,1.800000
TAP_TAPCELL_ROW_95_1327,VPWR,li1,160.3100,269.5860,1.800000
TAP_TAPCELL_ROW_95_1326,VPWR,li1,134.5500,269.5860,1.800000
TAP_TAPCELL_ROW_95_1325,VPWR,li1,108.7900,269.5860,1.800000
TAP_TAPCELL_ROW_95_1324,VPWR,li1,83.0300,269.5860,1.800000
TAP_TAPCELL_ROW_95_1323,VPWR,li1,57.2700,269.5860,1.800000
TAP_TAPCELL_ROW_95_1322,VPWR,li1,31.5100,269.5860,1.800000
TAP_TAPCELL_ROW_94_1321,VPWR,li1,301.9900,268.9730,1.800000
TAP_TAPCELL_ROW_94_1320,VPWR,li1,276.2300,268.9730,1.800000
TAP_TAPCELL_ROW_94_1319,VPWR,li1,250.4700,268.9730,1.800000
TAP_TAPCELL_ROW_94_1318,VPWR,li1,224.7100,268.9730,1.800000
TAP_TAPCELL_ROW_94_1317,VPWR,li1,198.9500,268.9730,1.800000
TAP_TAPCELL_ROW_94_1316,VPWR,li1,173.1900,268.9730,1.800000
TAP_TAPCELL_ROW_94_1315,VPWR,li1,147.4300,268.9730,1.800000
TAP_TAPCELL_ROW_94_1314,VPWR,li1,121.6700,268.9730,1.800000
TAP_TAPCELL_ROW_94_1313,VPWR,li1,95.9100,268.9730,1.800000
TAP_TAPCELL_ROW_94_1312,VPWR,li1,70.1500,268.9730,1.800000
TAP_TAPCELL_ROW_94_1311,VPWR,li1,44.3900,268.9730,1.800000
TAP_TAPCELL_ROW_94_1310,VPWR,li1,18.6300,268.9730,1.800000
TAP_TAPCELL_ROW_93_1309,VPWR,li1,289.1100,264.1460,1.800000
TAP_TAPCELL_ROW_93_1308,VPWR,li1,263.3500,264.1460,1.800000
TAP_TAPCELL_ROW_93_1307,VPWR,li1,237.5900,264.1460,1.800000
TAP_TAPCELL_ROW_93_1306,VPWR,li1,211.8300,264.1460,1.800000
TAP_TAPCELL_ROW_93_1305,VPWR,li1,186.0700,264.1460,1.800000
TAP_TAPCELL_ROW_93_1304,VPWR,li1,160.3100,264.1460,1.800000
TAP_TAPCELL_ROW_93_1303,VPWR,li1,134.5500,264.1460,1.800000
TAP_TAPCELL_ROW_93_1302,VPWR,li1,108.7900,264.1460,1.800000
TAP_TAPCELL_ROW_93_1301,VPWR,li1,83.0300,264.1460,1.800000
TAP_TAPCELL_ROW_93_1300,VPWR,li1,57.2700,264.1460,1.800000
TAP_TAPCELL_ROW_93_1299,VPWR,li1,31.5100,264.1460,1.800000
TAP_TAPCELL_ROW_92_1298,VPWR,li1,301.9900,263.5330,1.800000
TAP_TAPCELL_ROW_92_1297,VPWR,li1,276.2300,263.5330,1.800000
TAP_TAPCELL_ROW_92_1296,VPWR,li1,250.4700,263.5330,1.800000
TAP_TAPCELL_ROW_92_1295,VPWR,li1,224.7100,263.5330,1.800000
TAP_TAPCELL_ROW_92_1294,VPWR,li1,198.9500,263.5330,1.800000
TAP_TAPCELL_ROW_92_1293,VPWR,li1,173.1900,263.5330,1.800000
TAP_TAPCELL_ROW_92_1292,VPWR,li1,147.4300,263.5330,1.800000
TAP_TAPCELL_ROW_92_1291,VPWR,li1,121.6700,263.5330,1.800000
TAP_TAPCELL_ROW_92_1290,VPWR,li1,95.9100,263.5330,1.800000
TAP_TAPCELL_ROW_92_1289,VPWR,li1,70.1500,263.5330,1.800000
TAP_TAPCELL_ROW_92_1288,VPWR,li1,44.3900,263.5330,1.800000
TAP_TAPCELL_ROW_92_1287,VPWR,li1,18.6300,263.5330,1.800000
TAP_TAPCELL_ROW_91_1286,VPWR,li1,289.1100,258.7060,1.800000
TAP_TAPCELL_ROW_91_1285,VPWR,li1,263.3500,258.7060,1.800000
TAP_TAPCELL_ROW_91_1284,VPWR,li1,237.5900,258.7060,1.800000
TAP_TAPCELL_ROW_91_1283,VPWR,li1,211.8300,258.7060,1.800000
TAP_TAPCELL_ROW_91_1282,VPWR,li1,186.0700,258.7060,1.800000
TAP_TAPCELL_ROW_91_1281,VPWR,li1,160.3100,258.7060,1.800000
TAP_TAPCELL_ROW_91_1280,VPWR,li1,134.5500,258.7060,1.800000
TAP_TAPCELL_ROW_91_1279,VPWR,li1,108.7900,258.7060,1.800000
TAP_TAPCELL_ROW_91_1278,VPWR,li1,83.0300,258.7060,1.800000
TAP_TAPCELL_ROW_91_1277,VPWR,li1,57.2700,258.7060,1.800000
TAP_TAPCELL_ROW_91_1276,VPWR,li1,31.5100,258.7060,1.800000
TAP_TAPCELL_ROW_90_1275,VPWR,li1,301.9900,258.0930,1.800000
TAP_TAPCELL_ROW_90_1274,VPWR,li1,276.2300,258.0930,1.800000
TAP_TAPCELL_ROW_90_1273,VPWR,li1,250.4700,258.0930,1.800000
TAP_TAPCELL_ROW_90_1272,VPWR,li1,224.7100,258.0930,1.800000
TAP_TAPCELL_ROW_90_1271,VPWR,li1,198.9500,258.0930,1.800000
TAP_TAPCELL_ROW_90_1270,VPWR,li1,173.1900,258.0930,1.800000
TAP_TAPCELL_ROW_90_1269,VPWR,li1,147.4300,258.0930,1.800000
TAP_TAPCELL_ROW_90_1268,VPWR,li1,121.6700,258.0930,1.800000
TAP_TAPCELL_ROW_90_1267,VPWR,li1,95.9100,258.0930,1.800000
TAP_TAPCELL_ROW_90_1266,VPWR,li1,70.1500,258.0930,1.800000
TAP_TAPCELL_ROW_90_1265,VPWR,li1,44.3900,258.0930,1.800000
TAP_TAPCELL_ROW_90_1264,VPWR,li1,18.6300,258.0930,1.800000
TAP_TAPCELL_ROW_89_1263,VPWR,li1,289.1100,253.2660,1.800000
TAP_TAPCELL_ROW_89_1262,VPWR,li1,263.3500,253.2660,1.800000
TAP_TAPCELL_ROW_89_1261,VPWR,li1,237.5900,253.2660,1.800000
TAP_TAPCELL_ROW_89_1260,VPWR,li1,211.8300,253.2660,1.800000
TAP_TAPCELL_ROW_89_1259,VPWR,li1,186.0700,253.2660,1.800000
TAP_TAPCELL_ROW_89_1258,VPWR,li1,160.3100,253.2660,1.800000
TAP_TAPCELL_ROW_89_1257,VPWR,li1,134.5500,253.2660,1.800000
TAP_TAPCELL_ROW_89_1256,VPWR,li1,108.7900,253.2660,1.800000
TAP_TAPCELL_ROW_89_1255,VPWR,li1,83.0300,253.2660,1.800000
TAP_TAPCELL_ROW_89_1254,VPWR,li1,57.2700,253.2660,1.800000
TAP_TAPCELL_ROW_89_1253,VPWR,li1,31.5100,253.2660,1.800000
TAP_TAPCELL_ROW_88_1252,VPWR,li1,301.9900,252.6530,1.800000
TAP_TAPCELL_ROW_88_1251,VPWR,li1,276.2300,252.6530,1.800000
TAP_TAPCELL_ROW_88_1250,VPWR,li1,250.4700,252.6530,1.800000
TAP_TAPCELL_ROW_88_1249,VPWR,li1,224.7100,252.6530,1.800000
TAP_TAPCELL_ROW_88_1248,VPWR,li1,198.9500,252.6530,1.800000
TAP_TAPCELL_ROW_88_1247,VPWR,li1,173.1900,252.6530,1.800000
TAP_TAPCELL_ROW_88_1246,VPWR,li1,147.4300,252.6530,1.800000
TAP_TAPCELL_ROW_88_1245,VPWR,li1,121.6700,252.6530,1.800000
TAP_TAPCELL_ROW_88_1244,VPWR,li1,95.9100,252.6530,1.800000
TAP_TAPCELL_ROW_88_1243,VPWR,li1,70.1500,252.6530,1.800000
TAP_TAPCELL_ROW_88_1242,VPWR,li1,44.3900,252.6530,1.800000
TAP_TAPCELL_ROW_88_1241,VPWR,li1,18.6300,252.6530,1.800000
TAP_TAPCELL_ROW_87_1240,VPWR,li1,289.1100,247.8260,1.800000
TAP_TAPCELL_ROW_87_1239,VPWR,li1,263.3500,247.8260,1.800000
TAP_TAPCELL_ROW_87_1238,VPWR,li1,237.5900,247.8260,1.800000
TAP_TAPCELL_ROW_87_1237,VPWR,li1,211.8300,247.8260,1.800000
TAP_TAPCELL_ROW_87_1236,VPWR,li1,186.0700,247.8260,1.800000
TAP_TAPCELL_ROW_87_1235,VPWR,li1,160.3100,247.8260,1.800000
TAP_TAPCELL_ROW_87_1234,VPWR,li1,134.5500,247.8260,1.800000
TAP_TAPCELL_ROW_87_1233,VPWR,li1,108.7900,247.8260,1.800000
TAP_TAPCELL_ROW_87_1232,VPWR,li1,83.0300,247.8260,1.800000
TAP_TAPCELL_ROW_87_1231,VPWR,li1,57.2700,247.8260,1.800000
TAP_TAPCELL_ROW_87_1230,VPWR,li1,31.5100,247.8260,1.800000
TAP_TAPCELL_ROW_86_1229,VPWR,li1,301.9900,247.2130,1.800000
TAP_TAPCELL_ROW_86_1228,VPWR,li1,276.2300,247.2130,1.800000
TAP_TAPCELL_ROW_86_1227,VPWR,li1,250.4700,247.2130,1.800000
TAP_TAPCELL_ROW_86_1226,VPWR,li1,224.7100,247.2130,1.800000
TAP_TAPCELL_ROW_86_1225,VPWR,li1,198.9500,247.2130,1.800000
TAP_TAPCELL_ROW_86_1224,VPWR,li1,173.1900,247.2130,1.800000
TAP_TAPCELL_ROW_86_1223,VPWR,li1,147.4300,247.2130,1.800000
TAP_TAPCELL_ROW_86_1222,VPWR,li1,121.6700,247.2130,1.800000
TAP_TAPCELL_ROW_86_1221,VPWR,li1,95.9100,247.2130,1.800000
TAP_TAPCELL_ROW_86_1220,VPWR,li1,70.1500,247.2130,1.800000
TAP_TAPCELL_ROW_86_1219,VPWR,li1,44.3900,247.2130,1.800000
TAP_TAPCELL_ROW_86_1218,VPWR,li1,18.6300,247.2130,1.800000
TAP_TAPCELL_ROW_85_1217,VPWR,li1,289.1100,242.3860,1.800000
TAP_TAPCELL_ROW_85_1216,VPWR,li1,263.3500,242.3860,1.800000
TAP_TAPCELL_ROW_85_1215,VPWR,li1,237.5900,242.3860,1.800000
TAP_TAPCELL_ROW_85_1214,VPWR,li1,211.8300,242.3860,1.800000
TAP_TAPCELL_ROW_85_1213,VPWR,li1,186.0700,242.3860,1.800000
TAP_TAPCELL_ROW_85_1212,VPWR,li1,160.3100,242.3860,1.800000
TAP_TAPCELL_ROW_85_1211,VPWR,li1,134.5500,242.3860,1.800000
TAP_TAPCELL_ROW_85_1210,VPWR,li1,108.7900,242.3860,1.800000
TAP_TAPCELL_ROW_85_1209,VPWR,li1,83.0300,242.3860,1.800000
TAP_TAPCELL_ROW_85_1208,VPWR,li1,57.2700,242.3860,1.800000
TAP_TAPCELL_ROW_85_1207,VPWR,li1,31.5100,242.3860,1.800000
TAP_TAPCELL_ROW_84_1206,VPWR,li1,301.9900,241.7730,1.800000
TAP_TAPCELL_ROW_84_1205,VPWR,li1,276.2300,241.7730,1.800000
TAP_TAPCELL_ROW_84_1204,VPWR,li1,250.4700,241.7730,1.800000
TAP_TAPCELL_ROW_84_1203,VPWR,li1,224.7100,241.7730,1.800000
TAP_TAPCELL_ROW_84_1202,VPWR,li1,198.9500,241.7730,1.800000
TAP_TAPCELL_ROW_84_1201,VPWR,li1,173.1900,241.7730,1.800000
TAP_TAPCELL_ROW_84_1200,VPWR,li1,147.4300,241.7730,1.800000
TAP_TAPCELL_ROW_84_1199,VPWR,li1,121.6700,241.7730,1.800000
TAP_TAPCELL_ROW_84_1198,VPWR,li1,95.9100,241.7730,1.800000
TAP_TAPCELL_ROW_84_1197,VPWR,li1,70.1500,241.7730,1.800000
TAP_TAPCELL_ROW_84_1196,VPWR,li1,44.3900,241.7730,1.800000
TAP_TAPCELL_ROW_84_1195,VPWR,li1,18.6300,241.7730,1.800000
TAP_TAPCELL_ROW_83_1194,VPWR,li1,289.1100,236.9460,1.800000
TAP_TAPCELL_ROW_83_1193,VPWR,li1,263.3500,236.9460,1.800000
TAP_TAPCELL_ROW_83_1192,VPWR,li1,237.5900,236.9460,1.800000
TAP_TAPCELL_ROW_83_1191,VPWR,li1,211.8300,236.9460,1.800000
TAP_TAPCELL_ROW_83_1190,VPWR,li1,186.0700,236.9460,1.800000
TAP_TAPCELL_ROW_83_1189,VPWR,li1,160.3100,236.9460,1.800000
TAP_TAPCELL_ROW_83_1188,VPWR,li1,134.5500,236.9460,1.800000
TAP_TAPCELL_ROW_83_1187,VPWR,li1,108.7900,236.9460,1.800000
TAP_TAPCELL_ROW_83_1186,VPWR,li1,83.0300,236.9460,1.800000
TAP_TAPCELL_ROW_83_1185,VPWR,li1,57.2700,236.9460,1.800000
TAP_TAPCELL_ROW_83_1184,VPWR,li1,31.5100,236.9460,1.800000
TAP_TAPCELL_ROW_82_1183,VPWR,li1,301.9900,236.3330,1.800000
TAP_TAPCELL_ROW_82_1182,VPWR,li1,276.2300,236.3330,1.800000
TAP_TAPCELL_ROW_82_1181,VPWR,li1,250.4700,236.3330,1.800000
TAP_TAPCELL_ROW_82_1180,VPWR,li1,224.7100,236.3330,1.800000
TAP_TAPCELL_ROW_82_1179,VPWR,li1,198.9500,236.3330,1.800000
TAP_TAPCELL_ROW_82_1178,VPWR,li1,173.1900,236.3330,1.800000
TAP_TAPCELL_ROW_82_1177,VPWR,li1,147.4300,236.3330,1.800000
TAP_TAPCELL_ROW_82_1176,VPWR,li1,121.6700,236.3330,1.800000
TAP_TAPCELL_ROW_82_1175,VPWR,li1,95.9100,236.3330,1.800000
TAP_TAPCELL_ROW_82_1174,VPWR,li1,70.1500,236.3330,1.800000
TAP_TAPCELL_ROW_82_1173,VPWR,li1,44.3900,236.3330,1.800000
TAP_TAPCELL_ROW_82_1172,VPWR,li1,18.6300,236.3330,1.800000
TAP_TAPCELL_ROW_81_1171,VPWR,li1,289.1100,231.5060,1.800000
TAP_TAPCELL_ROW_81_1170,VPWR,li1,263.3500,231.5060,1.800000
TAP_TAPCELL_ROW_81_1169,VPWR,li1,237.5900,231.5060,1.800000
TAP_TAPCELL_ROW_81_1168,VPWR,li1,211.8300,231.5060,1.800000
TAP_TAPCELL_ROW_81_1167,VPWR,li1,186.0700,231.5060,1.800000
TAP_TAPCELL_ROW_81_1166,VPWR,li1,160.3100,231.5060,1.800000
TAP_TAPCELL_ROW_81_1165,VPWR,li1,134.5500,231.5060,1.800000
TAP_TAPCELL_ROW_81_1164,VPWR,li1,108.7900,231.5060,1.800000
TAP_TAPCELL_ROW_81_1163,VPWR,li1,83.0300,231.5060,1.800000
TAP_TAPCELL_ROW_81_1162,VPWR,li1,57.2700,231.5060,1.800000
TAP_TAPCELL_ROW_81_1161,VPWR,li1,31.5100,231.5060,1.800000
TAP_TAPCELL_ROW_80_1160,VPWR,li1,301.9900,230.8930,1.800000
TAP_TAPCELL_ROW_80_1159,VPWR,li1,276.2300,230.8930,1.800000
TAP_TAPCELL_ROW_80_1158,VPWR,li1,250.4700,230.8930,1.800000
TAP_TAPCELL_ROW_80_1157,VPWR,li1,224.7100,230.8930,1.800000
TAP_TAPCELL_ROW_80_1156,VPWR,li1,198.9500,230.8930,1.800000
TAP_TAPCELL_ROW_80_1155,VPWR,li1,173.1900,230.8930,1.800000
TAP_TAPCELL_ROW_80_1154,VPWR,li1,147.4300,230.8930,1.800000
TAP_TAPCELL_ROW_80_1153,VPWR,li1,121.6700,230.8930,1.800000
TAP_TAPCELL_ROW_80_1152,VPWR,li1,95.9100,230.8930,1.800000
TAP_TAPCELL_ROW_80_1151,VPWR,li1,70.1500,230.8930,1.800000
TAP_TAPCELL_ROW_80_1150,VPWR,li1,44.3900,230.8930,1.800000
TAP_TAPCELL_ROW_80_1149,VPWR,li1,18.6300,230.8930,1.800000
TAP_TAPCELL_ROW_79_1148,VPWR,li1,289.1100,226.0660,1.800000
TAP_TAPCELL_ROW_79_1147,VPWR,li1,263.3500,226.0660,1.800000
TAP_TAPCELL_ROW_79_1146,VPWR,li1,237.5900,226.0660,1.800000
TAP_TAPCELL_ROW_79_1145,VPWR,li1,211.8300,226.0660,1.800000
TAP_TAPCELL_ROW_79_1144,VPWR,li1,186.0700,226.0660,1.800000
TAP_TAPCELL_ROW_79_1143,VPWR,li1,160.3100,226.0660,1.800000
TAP_TAPCELL_ROW_79_1142,VPWR,li1,134.5500,226.0660,1.800000
TAP_TAPCELL_ROW_79_1141,VPWR,li1,108.7900,226.0660,1.800000
TAP_TAPCELL_ROW_79_1140,VPWR,li1,83.0300,226.0660,1.800000
TAP_TAPCELL_ROW_79_1139,VPWR,li1,57.2700,226.0660,1.800000
TAP_TAPCELL_ROW_79_1138,VPWR,li1,31.5100,226.0660,1.800000
TAP_TAPCELL_ROW_78_1137,VPWR,li1,301.9900,225.4530,1.800000
TAP_TAPCELL_ROW_78_1136,VPWR,li1,276.2300,225.4530,1.800000
TAP_TAPCELL_ROW_78_1135,VPWR,li1,250.4700,225.4530,1.800000
TAP_TAPCELL_ROW_78_1134,VPWR,li1,224.7100,225.4530,1.800000
TAP_TAPCELL_ROW_78_1133,VPWR,li1,198.9500,225.4530,1.800000
TAP_TAPCELL_ROW_78_1132,VPWR,li1,173.1900,225.4530,1.800000
TAP_TAPCELL_ROW_78_1131,VPWR,li1,147.4300,225.4530,1.800000
TAP_TAPCELL_ROW_78_1130,VPWR,li1,121.6700,225.4530,1.800000
TAP_TAPCELL_ROW_78_1129,VPWR,li1,95.9100,225.4530,1.800000
TAP_TAPCELL_ROW_78_1128,VPWR,li1,70.1500,225.4530,1.800000
TAP_TAPCELL_ROW_78_1127,VPWR,li1,44.3900,225.4530,1.800000
TAP_TAPCELL_ROW_78_1126,VPWR,li1,18.6300,225.4530,1.800000
TAP_TAPCELL_ROW_77_1125,VPWR,li1,289.1100,220.6260,1.800000
TAP_TAPCELL_ROW_77_1124,VPWR,li1,263.3500,220.6260,1.800000
TAP_TAPCELL_ROW_77_1123,VPWR,li1,237.5900,220.6260,1.800000
TAP_TAPCELL_ROW_77_1122,VPWR,li1,211.8300,220.6260,1.800000
TAP_TAPCELL_ROW_77_1121,VPWR,li1,186.0700,220.6260,1.800000
TAP_TAPCELL_ROW_77_1120,VPWR,li1,160.3100,220.6260,1.800000
TAP_TAPCELL_ROW_77_1119,VPWR,li1,134.5500,220.6260,1.800000
TAP_TAPCELL_ROW_77_1118,VPWR,li1,108.7900,220.6260,1.800000
TAP_TAPCELL_ROW_77_1117,VPWR,li1,83.0300,220.6260,1.800000
TAP_TAPCELL_ROW_77_1116,VPWR,li1,57.2700,220.6260,1.800000
TAP_TAPCELL_ROW_77_1115,VPWR,li1,31.5100,220.6260,1.800000
TAP_TAPCELL_ROW_76_1114,VPWR,li1,301.9900,220.0130,1.800000
TAP_TAPCELL_ROW_76_1113,VPWR,li1,276.2300,220.0130,1.800000
TAP_TAPCELL_ROW_76_1112,VPWR,li1,250.4700,220.0130,1.800000
TAP_TAPCELL_ROW_76_1111,VPWR,li1,224.7100,220.0130,1.800000
TAP_TAPCELL_ROW_76_1110,VPWR,li1,198.9500,220.0130,1.800000
TAP_TAPCELL_ROW_76_1109,VPWR,li1,173.1900,220.0130,1.800000
TAP_TAPCELL_ROW_76_1108,VPWR,li1,147.4300,220.0130,1.800000
TAP_TAPCELL_ROW_76_1107,VPWR,li1,121.6700,220.0130,1.800000
TAP_TAPCELL_ROW_76_1106,VPWR,li1,95.9100,220.0130,1.800000
TAP_TAPCELL_ROW_76_1105,VPWR,li1,70.1500,220.0130,1.800000
TAP_TAPCELL_ROW_76_1104,VPWR,li1,44.3900,220.0130,1.800000
TAP_TAPCELL_ROW_76_1103,VPWR,li1,18.6300,220.0130,1.800000
TAP_TAPCELL_ROW_75_1102,VPWR,li1,289.1100,215.1860,1.800000
TAP_TAPCELL_ROW_75_1101,VPWR,li1,263.3500,215.1860,1.800000
TAP_TAPCELL_ROW_75_1100,VPWR,li1,237.5900,215.1860,1.800000
TAP_TAPCELL_ROW_75_1099,VPWR,li1,211.8300,215.1860,1.800000
TAP_TAPCELL_ROW_75_1098,VPWR,li1,186.0700,215.1860,1.800000
TAP_TAPCELL_ROW_75_1097,VPWR,li1,160.3100,215.1860,1.800000
TAP_TAPCELL_ROW_75_1096,VPWR,li1,134.5500,215.1860,1.800000
TAP_TAPCELL_ROW_75_1095,VPWR,li1,108.7900,215.1860,1.800000
TAP_TAPCELL_ROW_75_1094,VPWR,li1,83.0300,215.1860,1.800000
TAP_TAPCELL_ROW_75_1093,VPWR,li1,57.2700,215.1860,1.800000
TAP_TAPCELL_ROW_75_1092,VPWR,li1,31.5100,215.1860,1.800000
TAP_TAPCELL_ROW_74_1091,VPWR,li1,301.9900,214.5730,1.800000
TAP_TAPCELL_ROW_74_1090,VPWR,li1,276.2300,214.5730,1.800000
TAP_TAPCELL_ROW_74_1089,VPWR,li1,250.4700,214.5730,1.800000
TAP_TAPCELL_ROW_74_1088,VPWR,li1,224.7100,214.5730,1.800000
TAP_TAPCELL_ROW_74_1087,VPWR,li1,198.9500,214.5730,1.800000
TAP_TAPCELL_ROW_74_1086,VPWR,li1,173.1900,214.5730,1.800000
TAP_TAPCELL_ROW_74_1085,VPWR,li1,147.4300,214.5730,1.800000
TAP_TAPCELL_ROW_74_1084,VPWR,li1,121.6700,214.5730,1.800000
TAP_TAPCELL_ROW_74_1083,VPWR,li1,95.9100,214.5730,1.800000
TAP_TAPCELL_ROW_74_1082,VPWR,li1,70.1500,214.5730,1.800000
TAP_TAPCELL_ROW_74_1081,VPWR,li1,44.3900,214.5730,1.800000
TAP_TAPCELL_ROW_74_1080,VPWR,li1,18.6300,214.5730,1.800000
TAP_TAPCELL_ROW_73_1079,VPWR,li1,289.1100,209.7460,1.800000
TAP_TAPCELL_ROW_73_1078,VPWR,li1,263.3500,209.7460,1.800000
TAP_TAPCELL_ROW_73_1077,VPWR,li1,237.5900,209.7460,1.800000
TAP_TAPCELL_ROW_73_1076,VPWR,li1,211.8300,209.7460,1.800000
TAP_TAPCELL_ROW_73_1075,VPWR,li1,186.0700,209.7460,1.800000
TAP_TAPCELL_ROW_73_1074,VPWR,li1,160.3100,209.7460,1.800000
TAP_TAPCELL_ROW_73_1073,VPWR,li1,134.5500,209.7460,1.800000
TAP_TAPCELL_ROW_73_1072,VPWR,li1,108.7900,209.7460,1.800000
TAP_TAPCELL_ROW_73_1071,VPWR,li1,83.0300,209.7460,1.800000
TAP_TAPCELL_ROW_73_1070,VPWR,li1,57.2700,209.7460,1.800000
TAP_TAPCELL_ROW_73_1069,VPWR,li1,31.5100,209.7460,1.800000
TAP_TAPCELL_ROW_72_1068,VPWR,li1,301.9900,209.1330,1.800000
TAP_TAPCELL_ROW_72_1067,VPWR,li1,276.2300,209.1330,1.800000
TAP_TAPCELL_ROW_72_1066,VPWR,li1,250.4700,209.1330,1.800000
TAP_TAPCELL_ROW_72_1065,VPWR,li1,224.7100,209.1330,1.800000
TAP_TAPCELL_ROW_72_1064,VPWR,li1,198.9500,209.1330,1.800000
TAP_TAPCELL_ROW_72_1063,VPWR,li1,173.1900,209.1330,1.800000
TAP_TAPCELL_ROW_72_1062,VPWR,li1,147.4300,209.1330,1.800000
TAP_TAPCELL_ROW_72_1061,VPWR,li1,121.6700,209.1330,1.800000
TAP_TAPCELL_ROW_72_1060,VPWR,li1,95.9100,209.1330,1.800000
TAP_TAPCELL_ROW_72_1059,VPWR,li1,70.1500,209.1330,1.800000
TAP_TAPCELL_ROW_72_1058,VPWR,li1,44.3900,209.1330,1.800000
TAP_TAPCELL_ROW_72_1057,VPWR,li1,18.6300,209.1330,1.800000
TAP_TAPCELL_ROW_71_1056,VPWR,li1,289.1100,204.3060,1.800000
TAP_TAPCELL_ROW_71_1055,VPWR,li1,263.3500,204.3060,1.800000
TAP_TAPCELL_ROW_71_1054,VPWR,li1,237.5900,204.3060,1.800000
TAP_TAPCELL_ROW_71_1053,VPWR,li1,211.8300,204.3060,1.800000
TAP_TAPCELL_ROW_71_1052,VPWR,li1,186.0700,204.3060,1.800000
TAP_TAPCELL_ROW_71_1051,VPWR,li1,160.3100,204.3060,1.800000
TAP_TAPCELL_ROW_71_1050,VPWR,li1,134.5500,204.3060,1.800000
TAP_TAPCELL_ROW_71_1049,VPWR,li1,108.7900,204.3060,1.800000
TAP_TAPCELL_ROW_71_1048,VPWR,li1,83.0300,204.3060,1.800000
TAP_TAPCELL_ROW_71_1047,VPWR,li1,57.2700,204.3060,1.800000
TAP_TAPCELL_ROW_71_1046,VPWR,li1,31.5100,204.3060,1.800000
TAP_TAPCELL_ROW_70_1045,VPWR,li1,301.9900,203.6930,1.800000
TAP_TAPCELL_ROW_70_1044,VPWR,li1,276.2300,203.6930,1.800000
TAP_TAPCELL_ROW_70_1043,VPWR,li1,250.4700,203.6930,1.800000
TAP_TAPCELL_ROW_70_1042,VPWR,li1,224.7100,203.6930,1.800000
TAP_TAPCELL_ROW_70_1041,VPWR,li1,198.9500,203.6930,1.800000
TAP_TAPCELL_ROW_70_1040,VPWR,li1,173.1900,203.6930,1.800000
TAP_TAPCELL_ROW_70_1039,VPWR,li1,147.4300,203.6930,1.800000
TAP_TAPCELL_ROW_70_1038,VPWR,li1,121.6700,203.6930,1.800000
TAP_TAPCELL_ROW_70_1037,VPWR,li1,95.9100,203.6930,1.800000
TAP_TAPCELL_ROW_70_1036,VPWR,li1,70.1500,203.6930,1.800000
TAP_TAPCELL_ROW_70_1035,VPWR,li1,44.3900,203.6930,1.800000
TAP_TAPCELL_ROW_70_1034,VPWR,li1,18.6300,203.6930,1.800000
TAP_TAPCELL_ROW_69_1033,VPWR,li1,289.1100,198.8660,1.800000
TAP_TAPCELL_ROW_69_1032,VPWR,li1,263.3500,198.8660,1.800000
TAP_TAPCELL_ROW_69_1031,VPWR,li1,237.5900,198.8660,1.800000
TAP_TAPCELL_ROW_69_1030,VPWR,li1,211.8300,198.8660,1.800000
TAP_TAPCELL_ROW_69_1029,VPWR,li1,186.0700,198.8660,1.800000
TAP_TAPCELL_ROW_69_1028,VPWR,li1,160.3100,198.8660,1.800000
TAP_TAPCELL_ROW_69_1027,VPWR,li1,134.5500,198.8660,1.800000
TAP_TAPCELL_ROW_69_1026,VPWR,li1,108.7900,198.8660,1.800000
TAP_TAPCELL_ROW_69_1025,VPWR,li1,83.0300,198.8660,1.800000
TAP_TAPCELL_ROW_69_1024,VPWR,li1,57.2700,198.8660,1.800000
TAP_TAPCELL_ROW_69_1023,VPWR,li1,31.5100,198.8660,1.800000
TAP_TAPCELL_ROW_68_1022,VPWR,li1,301.9900,198.2530,1.800000
TAP_TAPCELL_ROW_68_1021,VPWR,li1,276.2300,198.2530,1.800000
TAP_TAPCELL_ROW_68_1020,VPWR,li1,250.4700,198.2530,1.800000
TAP_TAPCELL_ROW_68_1019,VPWR,li1,224.7100,198.2530,1.800000
TAP_TAPCELL_ROW_68_1018,VPWR,li1,198.9500,198.2530,1.800000
TAP_TAPCELL_ROW_68_1017,VPWR,li1,173.1900,198.2530,1.800000
TAP_TAPCELL_ROW_68_1016,VPWR,li1,147.4300,198.2530,1.800000
TAP_TAPCELL_ROW_68_1015,VPWR,li1,121.6700,198.2530,1.800000
TAP_TAPCELL_ROW_68_1014,VPWR,li1,95.9100,198.2530,1.800000
TAP_TAPCELL_ROW_68_1013,VPWR,li1,70.1500,198.2530,1.800000
TAP_TAPCELL_ROW_68_1012,VPWR,li1,44.3900,198.2530,1.800000
TAP_TAPCELL_ROW_68_1011,VPWR,li1,18.6300,198.2530,1.800000
TAP_TAPCELL_ROW_67_1010,VPWR,li1,289.1100,193.4260,1.800000
TAP_TAPCELL_ROW_67_1009,VPWR,li1,263.3500,193.4260,1.800000
TAP_TAPCELL_ROW_67_1008,VPWR,li1,237.5900,193.4260,1.800000
TAP_TAPCELL_ROW_67_1007,VPWR,li1,211.8300,193.4260,1.800000
TAP_TAPCELL_ROW_67_1006,VPWR,li1,186.0700,193.4260,1.800000
TAP_TAPCELL_ROW_67_1005,VPWR,li1,160.3100,193.4260,1.800000
TAP_TAPCELL_ROW_67_1004,VPWR,li1,134.5500,193.4260,1.800000
TAP_TAPCELL_ROW_67_1003,VPWR,li1,108.7900,193.4260,1.800000
TAP_TAPCELL_ROW_67_1002,VPWR,li1,83.0300,193.4260,1.800000
TAP_TAPCELL_ROW_67_1001,VPWR,li1,57.2700,193.4260,1.800000
TAP_TAPCELL_ROW_67_1000,VPWR,li1,31.5100,193.4260,1.800000
TAP_TAPCELL_ROW_66_999,VPWR,li1,301.9900,192.8130,1.800000
TAP_TAPCELL_ROW_66_998,VPWR,li1,276.2300,192.8130,1.800000
TAP_TAPCELL_ROW_66_997,VPWR,li1,250.4700,192.8130,1.800000
TAP_TAPCELL_ROW_66_996,VPWR,li1,224.7100,192.8130,1.800000
TAP_TAPCELL_ROW_66_995,VPWR,li1,198.9500,192.8130,1.800000
TAP_TAPCELL_ROW_66_994,VPWR,li1,173.1900,192.8130,1.800000
TAP_TAPCELL_ROW_66_993,VPWR,li1,147.4300,192.8130,1.800000
TAP_TAPCELL_ROW_66_992,VPWR,li1,121.6700,192.8130,1.800000
TAP_TAPCELL_ROW_66_991,VPWR,li1,95.9100,192.8130,1.800000
TAP_TAPCELL_ROW_66_990,VPWR,li1,70.1500,192.8130,1.800000
TAP_TAPCELL_ROW_66_989,VPWR,li1,44.3900,192.8130,1.800000
TAP_TAPCELL_ROW_66_988,VPWR,li1,18.6300,192.8130,1.800000
TAP_TAPCELL_ROW_65_987,VPWR,li1,289.1100,187.9860,1.800000
TAP_TAPCELL_ROW_65_986,VPWR,li1,263.3500,187.9860,1.800000
TAP_TAPCELL_ROW_65_985,VPWR,li1,237.5900,187.9860,1.800000
TAP_TAPCELL_ROW_65_984,VPWR,li1,211.8300,187.9860,1.800000
TAP_TAPCELL_ROW_65_983,VPWR,li1,186.0700,187.9860,1.800000
TAP_TAPCELL_ROW_65_982,VPWR,li1,160.3100,187.9860,1.800000
TAP_TAPCELL_ROW_65_981,VPWR,li1,134.5500,187.9860,1.800000
TAP_TAPCELL_ROW_65_980,VPWR,li1,108.7900,187.9860,1.800000
TAP_TAPCELL_ROW_65_979,VPWR,li1,83.0300,187.9860,1.800000
TAP_TAPCELL_ROW_65_978,VPWR,li1,57.2700,187.9860,1.800000
TAP_TAPCELL_ROW_65_977,VPWR,li1,31.5100,187.9860,1.800000
TAP_TAPCELL_ROW_64_976,VPWR,li1,301.9900,187.3730,1.800000
TAP_TAPCELL_ROW_64_975,VPWR,li1,276.2300,187.3730,1.800000
TAP_TAPCELL_ROW_64_974,VPWR,li1,250.4700,187.3730,1.800000
TAP_TAPCELL_ROW_64_973,VPWR,li1,224.7100,187.3730,1.800000
TAP_TAPCELL_ROW_64_972,VPWR,li1,198.9500,187.3730,1.800000
TAP_TAPCELL_ROW_64_971,VPWR,li1,173.1900,187.3730,1.800000
TAP_TAPCELL_ROW_64_970,VPWR,li1,147.4300,187.3730,1.800000
TAP_TAPCELL_ROW_64_969,VPWR,li1,121.6700,187.3730,1.800000
TAP_TAPCELL_ROW_64_968,VPWR,li1,95.9100,187.3730,1.800000
TAP_TAPCELL_ROW_64_967,VPWR,li1,70.1500,187.3730,1.800000
TAP_TAPCELL_ROW_64_966,VPWR,li1,44.3900,187.3730,1.800000
TAP_TAPCELL_ROW_64_965,VPWR,li1,18.6300,187.3730,1.800000
TAP_TAPCELL_ROW_63_964,VPWR,li1,289.1100,182.5460,1.800000
TAP_TAPCELL_ROW_63_963,VPWR,li1,263.3500,182.5460,1.800000
TAP_TAPCELL_ROW_63_962,VPWR,li1,237.5900,182.5460,1.800000
TAP_TAPCELL_ROW_63_961,VPWR,li1,211.8300,182.5460,1.800000
TAP_TAPCELL_ROW_63_960,VPWR,li1,186.0700,182.5460,1.800000
TAP_TAPCELL_ROW_63_959,VPWR,li1,160.3100,182.5460,1.800000
TAP_TAPCELL_ROW_63_958,VPWR,li1,134.5500,182.5460,1.800000
TAP_TAPCELL_ROW_63_957,VPWR,li1,108.7900,182.5460,1.800000
TAP_TAPCELL_ROW_63_956,VPWR,li1,83.0300,182.5460,1.800000
TAP_TAPCELL_ROW_63_955,VPWR,li1,57.2700,182.5460,1.800000
TAP_TAPCELL_ROW_63_954,VPWR,li1,31.5100,182.5460,1.800000
TAP_TAPCELL_ROW_62_953,VPWR,li1,301.9900,181.9330,1.800000
TAP_TAPCELL_ROW_62_952,VPWR,li1,276.2300,181.9330,1.800000
TAP_TAPCELL_ROW_62_951,VPWR,li1,250.4700,181.9330,1.800000
TAP_TAPCELL_ROW_62_950,VPWR,li1,224.7100,181.9330,1.800000
TAP_TAPCELL_ROW_62_949,VPWR,li1,198.9500,181.9330,1.800000
TAP_TAPCELL_ROW_62_948,VPWR,li1,173.1900,181.9330,1.800000
TAP_TAPCELL_ROW_62_947,VPWR,li1,147.4300,181.9330,1.800000
TAP_TAPCELL_ROW_62_946,VPWR,li1,121.6700,181.9330,1.800000
TAP_TAPCELL_ROW_62_945,VPWR,li1,95.9100,181.9330,1.800000
TAP_TAPCELL_ROW_62_944,VPWR,li1,70.1500,181.9330,1.800000
TAP_TAPCELL_ROW_62_943,VPWR,li1,44.3900,181.9330,1.800000
TAP_TAPCELL_ROW_62_942,VPWR,li1,18.6300,181.9330,1.800000
TAP_TAPCELL_ROW_61_941,VPWR,li1,289.1100,177.1060,1.800000
TAP_TAPCELL_ROW_61_940,VPWR,li1,263.3500,177.1060,1.800000
TAP_TAPCELL_ROW_61_939,VPWR,li1,237.5900,177.1060,1.800000
TAP_TAPCELL_ROW_61_938,VPWR,li1,211.8300,177.1060,1.800000
TAP_TAPCELL_ROW_61_937,VPWR,li1,186.0700,177.1060,1.800000
TAP_TAPCELL_ROW_61_936,VPWR,li1,160.3100,177.1060,1.800000
TAP_TAPCELL_ROW_61_935,VPWR,li1,134.5500,177.1060,1.800000
TAP_TAPCELL_ROW_61_934,VPWR,li1,108.7900,177.1060,1.800000
TAP_TAPCELL_ROW_61_933,VPWR,li1,83.0300,177.1060,1.800000
TAP_TAPCELL_ROW_61_932,VPWR,li1,57.2700,177.1060,1.800000
TAP_TAPCELL_ROW_61_931,VPWR,li1,31.5100,177.1060,1.800000
TAP_TAPCELL_ROW_60_930,VPWR,li1,301.9900,176.4930,1.800000
TAP_TAPCELL_ROW_60_929,VPWR,li1,276.2300,176.4930,1.800000
TAP_TAPCELL_ROW_60_928,VPWR,li1,250.4700,176.4930,1.800000
TAP_TAPCELL_ROW_60_927,VPWR,li1,224.7100,176.4930,1.800000
TAP_TAPCELL_ROW_60_926,VPWR,li1,198.9500,176.4930,1.800000
TAP_TAPCELL_ROW_60_925,VPWR,li1,173.1900,176.4930,1.800000
TAP_TAPCELL_ROW_60_924,VPWR,li1,147.4300,176.4930,1.800000
TAP_TAPCELL_ROW_60_923,VPWR,li1,121.6700,176.4930,1.800000
TAP_TAPCELL_ROW_60_922,VPWR,li1,95.9100,176.4930,1.800000
TAP_TAPCELL_ROW_60_921,VPWR,li1,70.1500,176.4930,1.800000
TAP_TAPCELL_ROW_60_920,VPWR,li1,44.3900,176.4930,1.800000
TAP_TAPCELL_ROW_60_919,VPWR,li1,18.6300,176.4930,1.800000
TAP_TAPCELL_ROW_59_918,VPWR,li1,289.1100,171.6660,1.800000
TAP_TAPCELL_ROW_59_917,VPWR,li1,263.3500,171.6660,1.800000
TAP_TAPCELL_ROW_59_916,VPWR,li1,237.5900,171.6660,1.800000
TAP_TAPCELL_ROW_59_915,VPWR,li1,211.8300,171.6660,1.800000
TAP_TAPCELL_ROW_59_914,VPWR,li1,186.0700,171.6660,1.800000
TAP_TAPCELL_ROW_59_913,VPWR,li1,160.3100,171.6660,1.800000
TAP_TAPCELL_ROW_59_912,VPWR,li1,134.5500,171.6660,1.800000
TAP_TAPCELL_ROW_59_911,VPWR,li1,108.7900,171.6660,1.800000
TAP_TAPCELL_ROW_59_910,VPWR,li1,83.0300,171.6660,1.800000
TAP_TAPCELL_ROW_59_909,VPWR,li1,57.2700,171.6660,1.800000
TAP_TAPCELL_ROW_59_908,VPWR,li1,31.5100,171.6660,1.800000
TAP_TAPCELL_ROW_58_907,VPWR,li1,301.9900,171.0530,1.800000
TAP_TAPCELL_ROW_58_906,VPWR,li1,276.2300,171.0530,1.800000
TAP_TAPCELL_ROW_58_905,VPWR,li1,250.4700,171.0530,1.800000
TAP_TAPCELL_ROW_58_904,VPWR,li1,224.7100,171.0530,1.800000
TAP_TAPCELL_ROW_58_903,VPWR,li1,198.9500,171.0530,1.800000
TAP_TAPCELL_ROW_58_902,VPWR,li1,173.1900,171.0530,1.800000
TAP_TAPCELL_ROW_58_901,VPWR,li1,147.4300,171.0530,1.800000
TAP_TAPCELL_ROW_58_900,VPWR,li1,121.6700,171.0530,1.800000
TAP_TAPCELL_ROW_58_899,VPWR,li1,95.9100,171.0530,1.800000
TAP_TAPCELL_ROW_58_898,VPWR,li1,70.1500,171.0530,1.800000
TAP_TAPCELL_ROW_58_897,VPWR,li1,44.3900,171.0530,1.800000
TAP_TAPCELL_ROW_58_896,VPWR,li1,18.6300,171.0530,1.800000
TAP_TAPCELL_ROW_57_895,VPWR,li1,289.1100,166.2260,1.800000
TAP_TAPCELL_ROW_57_894,VPWR,li1,263.3500,166.2260,1.800000
TAP_TAPCELL_ROW_57_893,VPWR,li1,237.5900,166.2260,1.800000
TAP_TAPCELL_ROW_57_892,VPWR,li1,211.8300,166.2260,1.800000
TAP_TAPCELL_ROW_57_891,VPWR,li1,186.0700,166.2260,1.800000
TAP_TAPCELL_ROW_57_890,VPWR,li1,160.3100,166.2260,1.800000
TAP_TAPCELL_ROW_57_889,VPWR,li1,134.5500,166.2260,1.800000
TAP_TAPCELL_ROW_57_888,VPWR,li1,108.7900,166.2260,1.800000
TAP_TAPCELL_ROW_57_887,VPWR,li1,83.0300,166.2260,1.800000
TAP_TAPCELL_ROW_57_886,VPWR,li1,57.2700,166.2260,1.800000
TAP_TAPCELL_ROW_57_885,VPWR,li1,31.5100,166.2260,1.800000
TAP_TAPCELL_ROW_56_884,VPWR,li1,301.9900,165.6130,1.800000
TAP_TAPCELL_ROW_56_883,VPWR,li1,276.2300,165.6130,1.800000
TAP_TAPCELL_ROW_56_882,VPWR,li1,250.4700,165.6130,1.800000
TAP_TAPCELL_ROW_56_881,VPWR,li1,224.7100,165.6130,1.800000
TAP_TAPCELL_ROW_56_880,VPWR,li1,198.9500,165.6130,1.800000
TAP_TAPCELL_ROW_56_879,VPWR,li1,173.1900,165.6130,1.800000
TAP_TAPCELL_ROW_56_878,VPWR,li1,147.4300,165.6130,1.800000
TAP_TAPCELL_ROW_56_877,VPWR,li1,121.6700,165.6130,1.800000
TAP_TAPCELL_ROW_56_876,VPWR,li1,95.9100,165.6130,1.800000
TAP_TAPCELL_ROW_56_875,VPWR,li1,70.1500,165.6130,1.800000
TAP_TAPCELL_ROW_56_874,VPWR,li1,44.3900,165.6130,1.800000
TAP_TAPCELL_ROW_56_873,VPWR,li1,18.6300,165.6130,1.800000
TAP_TAPCELL_ROW_55_872,VPWR,li1,289.1100,160.7860,1.800000
TAP_TAPCELL_ROW_55_871,VPWR,li1,263.3500,160.7860,1.800000
TAP_TAPCELL_ROW_55_870,VPWR,li1,237.5900,160.7860,1.800000
TAP_TAPCELL_ROW_55_869,VPWR,li1,211.8300,160.7860,1.800000
TAP_TAPCELL_ROW_55_868,VPWR,li1,186.0700,160.7860,1.800000
TAP_TAPCELL_ROW_55_867,VPWR,li1,160.3100,160.7860,1.800000
TAP_TAPCELL_ROW_55_866,VPWR,li1,134.5500,160.7860,1.800000
TAP_TAPCELL_ROW_55_865,VPWR,li1,108.7900,160.7860,1.800000
TAP_TAPCELL_ROW_55_864,VPWR,li1,83.0300,160.7860,1.800000
TAP_TAPCELL_ROW_55_863,VPWR,li1,57.2700,160.7860,1.800000
TAP_TAPCELL_ROW_55_862,VPWR,li1,31.5100,160.7860,1.800000
TAP_TAPCELL_ROW_54_861,VPWR,li1,301.9900,160.1730,1.800000
TAP_TAPCELL_ROW_54_860,VPWR,li1,276.2300,160.1730,1.800000
TAP_TAPCELL_ROW_54_859,VPWR,li1,250.4700,160.1730,1.800000
TAP_TAPCELL_ROW_54_858,VPWR,li1,224.7100,160.1730,1.800000
TAP_TAPCELL_ROW_54_857,VPWR,li1,198.9500,160.1730,1.800000
TAP_TAPCELL_ROW_54_856,VPWR,li1,173.1900,160.1730,1.800000
TAP_TAPCELL_ROW_54_855,VPWR,li1,147.4300,160.1730,1.800000
TAP_TAPCELL_ROW_54_854,VPWR,li1,121.6700,160.1730,1.800000
TAP_TAPCELL_ROW_54_853,VPWR,li1,95.9100,160.1730,1.800000
TAP_TAPCELL_ROW_54_852,VPWR,li1,70.1500,160.1730,1.800000
TAP_TAPCELL_ROW_54_851,VPWR,li1,44.3900,160.1730,1.800000
TAP_TAPCELL_ROW_54_850,VPWR,li1,18.6300,160.1730,1.800000
TAP_TAPCELL_ROW_53_849,VPWR,li1,289.1100,155.3460,1.800000
TAP_TAPCELL_ROW_53_848,VPWR,li1,263.3500,155.3460,1.800000
TAP_TAPCELL_ROW_53_847,VPWR,li1,237.5900,155.3460,1.800000
TAP_TAPCELL_ROW_53_846,VPWR,li1,211.8300,155.3460,1.800000
TAP_TAPCELL_ROW_53_845,VPWR,li1,186.0700,155.3460,1.800000
TAP_TAPCELL_ROW_53_844,VPWR,li1,160.3100,155.3460,1.800000
TAP_TAPCELL_ROW_53_843,VPWR,li1,134.5500,155.3460,1.800000
TAP_TAPCELL_ROW_53_842,VPWR,li1,108.7900,155.3460,1.800000
TAP_TAPCELL_ROW_53_841,VPWR,li1,83.0300,155.3460,1.800000
TAP_TAPCELL_ROW_53_840,VPWR,li1,57.2700,155.3460,1.800000
TAP_TAPCELL_ROW_53_839,VPWR,li1,31.5100,155.3460,1.800000
TAP_TAPCELL_ROW_52_838,VPWR,li1,301.9900,154.7330,1.800000
TAP_TAPCELL_ROW_52_837,VPWR,li1,276.2300,154.7330,1.800000
TAP_TAPCELL_ROW_52_836,VPWR,li1,250.4700,154.7330,1.800000
TAP_TAPCELL_ROW_52_835,VPWR,li1,224.7100,154.7330,1.800000
TAP_TAPCELL_ROW_52_834,VPWR,li1,198.9500,154.7330,1.800000
TAP_TAPCELL_ROW_52_833,VPWR,li1,173.1900,154.7330,1.800000
TAP_TAPCELL_ROW_52_832,VPWR,li1,147.4300,154.7330,1.800000
TAP_TAPCELL_ROW_52_831,VPWR,li1,121.6700,154.7330,1.800000
TAP_TAPCELL_ROW_52_830,VPWR,li1,95.9100,154.7330,1.800000
TAP_TAPCELL_ROW_52_829,VPWR,li1,70.1500,154.7330,1.800000
TAP_TAPCELL_ROW_52_828,VPWR,li1,44.3900,154.7330,1.800000
TAP_TAPCELL_ROW_52_827,VPWR,li1,18.6300,154.7330,1.800000
TAP_TAPCELL_ROW_51_826,VPWR,li1,289.1100,149.9060,1.800000
TAP_TAPCELL_ROW_51_825,VPWR,li1,263.3500,149.9060,1.800000
TAP_TAPCELL_ROW_51_824,VPWR,li1,237.5900,149.9060,1.800000
TAP_TAPCELL_ROW_51_823,VPWR,li1,211.8300,149.9060,1.800000
TAP_TAPCELL_ROW_51_822,VPWR,li1,186.0700,149.9060,1.800000
TAP_TAPCELL_ROW_51_821,VPWR,li1,160.3100,149.9060,1.800000
TAP_TAPCELL_ROW_51_820,VPWR,li1,134.5500,149.9060,1.800000
TAP_TAPCELL_ROW_51_819,VPWR,li1,108.7900,149.9060,1.800000
TAP_TAPCELL_ROW_51_818,VPWR,li1,83.0300,149.9060,1.800000
TAP_TAPCELL_ROW_51_817,VPWR,li1,57.2700,149.9060,1.800000
TAP_TAPCELL_ROW_51_816,VPWR,li1,31.5100,149.9060,1.800000
TAP_TAPCELL_ROW_50_815,VPWR,li1,301.9900,149.2930,1.800000
TAP_TAPCELL_ROW_50_814,VPWR,li1,276.2300,149.2930,1.800000
TAP_TAPCELL_ROW_50_813,VPWR,li1,250.4700,149.2930,1.800000
TAP_TAPCELL_ROW_50_812,VPWR,li1,224.7100,149.2930,1.800000
TAP_TAPCELL_ROW_50_811,VPWR,li1,198.9500,149.2930,1.800000
TAP_TAPCELL_ROW_50_810,VPWR,li1,173.1900,149.2930,1.800000
TAP_TAPCELL_ROW_50_809,VPWR,li1,147.4300,149.2930,1.800000
TAP_TAPCELL_ROW_50_808,VPWR,li1,121.6700,149.2930,1.800000
TAP_TAPCELL_ROW_50_807,VPWR,li1,95.9100,149.2930,1.800000
TAP_TAPCELL_ROW_50_806,VPWR,li1,70.1500,149.2930,1.800000
TAP_TAPCELL_ROW_50_805,VPWR,li1,44.3900,149.2930,1.800000
TAP_TAPCELL_ROW_50_804,VPWR,li1,18.6300,149.2930,1.800000
TAP_TAPCELL_ROW_49_803,VPWR,li1,289.1100,144.4660,1.800000
TAP_TAPCELL_ROW_49_802,VPWR,li1,263.3500,144.4660,1.800000
TAP_TAPCELL_ROW_49_801,VPWR,li1,237.5900,144.4660,1.800000
TAP_TAPCELL_ROW_49_800,VPWR,li1,211.8300,144.4660,1.800000
TAP_TAPCELL_ROW_49_799,VPWR,li1,186.0700,144.4660,1.800000
TAP_TAPCELL_ROW_49_798,VPWR,li1,160.3100,144.4660,1.800000
TAP_TAPCELL_ROW_49_797,VPWR,li1,134.5500,144.4660,1.800000
TAP_TAPCELL_ROW_49_796,VPWR,li1,108.7900,144.4660,1.800000
TAP_TAPCELL_ROW_49_795,VPWR,li1,83.0300,144.4660,1.800000
TAP_TAPCELL_ROW_49_794,VPWR,li1,57.2700,144.4660,1.800000
TAP_TAPCELL_ROW_49_793,VPWR,li1,31.5100,144.4660,1.800000
TAP_TAPCELL_ROW_48_792,VPWR,li1,301.9900,143.8530,1.800000
TAP_TAPCELL_ROW_48_791,VPWR,li1,276.2300,143.8530,1.800000
TAP_TAPCELL_ROW_48_790,VPWR,li1,250.4700,143.8530,1.800000
TAP_TAPCELL_ROW_48_789,VPWR,li1,224.7100,143.8530,1.800000
TAP_TAPCELL_ROW_48_788,VPWR,li1,198.9500,143.8530,1.800000
TAP_TAPCELL_ROW_48_787,VPWR,li1,173.1900,143.8530,1.800000
TAP_TAPCELL_ROW_48_786,VPWR,li1,147.4300,143.8530,1.800000
TAP_TAPCELL_ROW_48_785,VPWR,li1,121.6700,143.8530,1.800000
TAP_TAPCELL_ROW_48_784,VPWR,li1,95.9100,143.8530,1.800000
TAP_TAPCELL_ROW_48_783,VPWR,li1,70.1500,143.8530,1.800000
TAP_TAPCELL_ROW_48_782,VPWR,li1,44.3900,143.8530,1.800000
TAP_TAPCELL_ROW_48_781,VPWR,li1,18.6300,143.8530,1.800000
TAP_TAPCELL_ROW_47_780,VPWR,li1,289.1100,139.0260,1.800000
TAP_TAPCELL_ROW_47_779,VPWR,li1,263.3500,139.0260,1.800000
TAP_TAPCELL_ROW_47_778,VPWR,li1,237.5900,139.0260,1.800000
TAP_TAPCELL_ROW_47_777,VPWR,li1,211.8300,139.0260,1.800000
TAP_TAPCELL_ROW_47_776,VPWR,li1,186.0700,139.0260,1.800000
TAP_TAPCELL_ROW_47_775,VPWR,li1,160.3100,139.0260,1.800000
TAP_TAPCELL_ROW_47_774,VPWR,li1,134.5500,139.0260,1.800000
TAP_TAPCELL_ROW_47_773,VPWR,li1,108.7900,139.0260,1.800000
TAP_TAPCELL_ROW_47_772,VPWR,li1,83.0300,139.0260,1.800000
TAP_TAPCELL_ROW_47_771,VPWR,li1,57.2700,139.0260,1.800000
TAP_TAPCELL_ROW_47_770,VPWR,li1,31.5100,139.0260,1.800000
TAP_TAPCELL_ROW_46_769,VPWR,li1,301.9900,138.4130,1.800000
TAP_TAPCELL_ROW_46_768,VPWR,li1,276.2300,138.4130,1.800000
TAP_TAPCELL_ROW_46_767,VPWR,li1,250.4700,138.4130,1.800000
TAP_TAPCELL_ROW_46_766,VPWR,li1,224.7100,138.4130,1.800000
TAP_TAPCELL_ROW_46_765,VPWR,li1,198.9500,138.4130,1.800000
TAP_TAPCELL_ROW_46_764,VPWR,li1,173.1900,138.4130,1.800000
TAP_TAPCELL_ROW_46_763,VPWR,li1,147.4300,138.4130,1.800000
TAP_TAPCELL_ROW_46_762,VPWR,li1,121.6700,138.4130,1.800000
TAP_TAPCELL_ROW_46_761,VPWR,li1,95.9100,138.4130,1.800000
TAP_TAPCELL_ROW_46_760,VPWR,li1,70.1500,138.4130,1.800000
TAP_TAPCELL_ROW_46_759,VPWR,li1,44.3900,138.4130,1.800000
TAP_TAPCELL_ROW_46_758,VPWR,li1,18.6300,138.4130,1.800000
TAP_TAPCELL_ROW_45_757,VPWR,li1,289.1100,133.5860,1.800000
TAP_TAPCELL_ROW_45_756,VPWR,li1,263.3500,133.5860,1.800000
TAP_TAPCELL_ROW_45_755,VPWR,li1,237.5900,133.5860,1.800000
TAP_TAPCELL_ROW_45_754,VPWR,li1,211.8300,133.5860,1.800000
TAP_TAPCELL_ROW_45_753,VPWR,li1,186.0700,133.5860,1.800000
TAP_TAPCELL_ROW_45_752,VPWR,li1,160.3100,133.5860,1.800000
TAP_TAPCELL_ROW_45_751,VPWR,li1,134.5500,133.5860,1.800000
TAP_TAPCELL_ROW_45_750,VPWR,li1,108.7900,133.5860,1.800000
TAP_TAPCELL_ROW_45_749,VPWR,li1,83.0300,133.5860,1.800000
TAP_TAPCELL_ROW_45_748,VPWR,li1,57.2700,133.5860,1.800000
TAP_TAPCELL_ROW_45_747,VPWR,li1,31.5100,133.5860,1.800000
TAP_TAPCELL_ROW_44_746,VPWR,li1,301.9900,132.9730,1.800000
TAP_TAPCELL_ROW_44_745,VPWR,li1,276.2300,132.9730,1.800000
TAP_TAPCELL_ROW_44_744,VPWR,li1,250.4700,132.9730,1.800000
TAP_TAPCELL_ROW_44_743,VPWR,li1,224.7100,132.9730,1.800000
TAP_TAPCELL_ROW_44_742,VPWR,li1,198.9500,132.9730,1.800000
TAP_TAPCELL_ROW_44_741,VPWR,li1,173.1900,132.9730,1.800000
TAP_TAPCELL_ROW_44_740,VPWR,li1,147.4300,132.9730,1.800000
TAP_TAPCELL_ROW_44_739,VPWR,li1,121.6700,132.9730,1.800000
TAP_TAPCELL_ROW_44_738,VPWR,li1,95.9100,132.9730,1.800000
TAP_TAPCELL_ROW_44_737,VPWR,li1,70.1500,132.9730,1.800000
TAP_TAPCELL_ROW_44_736,VPWR,li1,44.3900,132.9730,1.800000
TAP_TAPCELL_ROW_44_735,VPWR,li1,18.6300,132.9730,1.800000
TAP_TAPCELL_ROW_43_734,VPWR,li1,289.1100,128.1460,1.800000
TAP_TAPCELL_ROW_43_733,VPWR,li1,263.3500,128.1460,1.800000
TAP_TAPCELL_ROW_43_732,VPWR,li1,237.5900,128.1460,1.800000
TAP_TAPCELL_ROW_43_731,VPWR,li1,211.8300,128.1460,1.800000
TAP_TAPCELL_ROW_43_730,VPWR,li1,186.0700,128.1460,1.800000
TAP_TAPCELL_ROW_43_729,VPWR,li1,160.3100,128.1460,1.800000
TAP_TAPCELL_ROW_43_728,VPWR,li1,134.5500,128.1460,1.800000
TAP_TAPCELL_ROW_43_727,VPWR,li1,108.7900,128.1460,1.800000
TAP_TAPCELL_ROW_43_726,VPWR,li1,83.0300,128.1460,1.800000
TAP_TAPCELL_ROW_43_725,VPWR,li1,57.2700,128.1460,1.800000
TAP_TAPCELL_ROW_43_724,VPWR,li1,31.5100,128.1460,1.800000
TAP_TAPCELL_ROW_42_723,VPWR,li1,301.9900,127.5330,1.800000
TAP_TAPCELL_ROW_42_722,VPWR,li1,276.2300,127.5330,1.800000
TAP_TAPCELL_ROW_42_721,VPWR,li1,250.4700,127.5330,1.800000
TAP_TAPCELL_ROW_42_720,VPWR,li1,224.7100,127.5330,1.800000
TAP_TAPCELL_ROW_42_719,VPWR,li1,198.9500,127.5330,1.800000
TAP_TAPCELL_ROW_42_718,VPWR,li1,173.1900,127.5330,1.800000
TAP_TAPCELL_ROW_42_717,VPWR,li1,147.4300,127.5330,1.800000
TAP_TAPCELL_ROW_42_716,VPWR,li1,121.6700,127.5330,1.800000
TAP_TAPCELL_ROW_42_715,VPWR,li1,95.9100,127.5330,1.800000
TAP_TAPCELL_ROW_42_714,VPWR,li1,70.1500,127.5330,1.800000
TAP_TAPCELL_ROW_42_713,VPWR,li1,44.3900,127.5330,1.800000
TAP_TAPCELL_ROW_42_712,VPWR,li1,18.6300,127.5330,1.800000
TAP_TAPCELL_ROW_41_711,VPWR,li1,289.1100,122.7060,1.800000
TAP_TAPCELL_ROW_41_710,VPWR,li1,263.3500,122.7060,1.800000
TAP_TAPCELL_ROW_41_709,VPWR,li1,237.5900,122.7060,1.800000
TAP_TAPCELL_ROW_41_708,VPWR,li1,211.8300,122.7060,1.800000
TAP_TAPCELL_ROW_41_707,VPWR,li1,186.0700,122.7060,1.800000
TAP_TAPCELL_ROW_41_706,VPWR,li1,160.3100,122.7060,1.800000
TAP_TAPCELL_ROW_41_705,VPWR,li1,134.5500,122.7060,1.800000
TAP_TAPCELL_ROW_41_704,VPWR,li1,108.7900,122.7060,1.800000
TAP_TAPCELL_ROW_41_703,VPWR,li1,83.0300,122.7060,1.800000
TAP_TAPCELL_ROW_41_702,VPWR,li1,57.2700,122.7060,1.800000
TAP_TAPCELL_ROW_41_701,VPWR,li1,31.5100,122.7060,1.800000
TAP_TAPCELL_ROW_40_700,VPWR,li1,301.9900,122.0930,1.800000
TAP_TAPCELL_ROW_40_699,VPWR,li1,276.2300,122.0930,1.800000
TAP_TAPCELL_ROW_40_698,VPWR,li1,250.4700,122.0930,1.800000
TAP_TAPCELL_ROW_40_697,VPWR,li1,224.7100,122.0930,1.800000
TAP_TAPCELL_ROW_40_696,VPWR,li1,198.9500,122.0930,1.800000
TAP_TAPCELL_ROW_40_695,VPWR,li1,173.1900,122.0930,1.800000
TAP_TAPCELL_ROW_40_694,VPWR,li1,147.4300,122.0930,1.800000
TAP_TAPCELL_ROW_40_693,VPWR,li1,121.6700,122.0930,1.800000
TAP_TAPCELL_ROW_40_692,VPWR,li1,95.9100,122.0930,1.800000
TAP_TAPCELL_ROW_40_691,VPWR,li1,70.1500,122.0930,1.800000
TAP_TAPCELL_ROW_40_690,VPWR,li1,44.3900,122.0930,1.800000
TAP_TAPCELL_ROW_40_689,VPWR,li1,18.6300,122.0930,1.800000
TAP_TAPCELL_ROW_39_688,VPWR,li1,289.1100,117.2660,1.800000
TAP_TAPCELL_ROW_39_687,VPWR,li1,263.3500,117.2660,1.800000
TAP_TAPCELL_ROW_39_686,VPWR,li1,237.5900,117.2660,1.800000
TAP_TAPCELL_ROW_39_685,VPWR,li1,211.8300,117.2660,1.800000
TAP_TAPCELL_ROW_39_684,VPWR,li1,186.0700,117.2660,1.800000
TAP_TAPCELL_ROW_39_683,VPWR,li1,160.3100,117.2660,1.800000
TAP_TAPCELL_ROW_39_682,VPWR,li1,134.5500,117.2660,1.800000
TAP_TAPCELL_ROW_39_681,VPWR,li1,108.7900,117.2660,1.800000
TAP_TAPCELL_ROW_39_680,VPWR,li1,83.0300,117.2660,1.800000
TAP_TAPCELL_ROW_39_679,VPWR,li1,57.2700,117.2660,1.800000
TAP_TAPCELL_ROW_39_678,VPWR,li1,31.5100,117.2660,1.800000
TAP_TAPCELL_ROW_38_677,VPWR,li1,301.9900,116.6530,1.800000
TAP_TAPCELL_ROW_38_676,VPWR,li1,276.2300,116.6530,1.800000
TAP_TAPCELL_ROW_38_675,VPWR,li1,250.4700,116.6530,1.800000
TAP_TAPCELL_ROW_38_674,VPWR,li1,224.7100,116.6530,1.800000
TAP_TAPCELL_ROW_38_673,VPWR,li1,198.9500,116.6530,1.800000
TAP_TAPCELL_ROW_38_672,VPWR,li1,173.1900,116.6530,1.800000
TAP_TAPCELL_ROW_38_671,VPWR,li1,147.4300,116.6530,1.800000
TAP_TAPCELL_ROW_38_670,VPWR,li1,121.6700,116.6530,1.800000
TAP_TAPCELL_ROW_38_669,VPWR,li1,95.9100,116.6530,1.800000
TAP_TAPCELL_ROW_38_668,VPWR,li1,70.1500,116.6530,1.800000
TAP_TAPCELL_ROW_38_667,VPWR,li1,44.3900,116.6530,1.800000
TAP_TAPCELL_ROW_38_666,VPWR,li1,18.6300,116.6530,1.800000
TAP_TAPCELL_ROW_37_665,VPWR,li1,289.1100,111.8260,1.800000
TAP_TAPCELL_ROW_37_664,VPWR,li1,263.3500,111.8260,1.800000
TAP_TAPCELL_ROW_37_663,VPWR,li1,237.5900,111.8260,1.800000
TAP_TAPCELL_ROW_37_662,VPWR,li1,211.8300,111.8260,1.800000
TAP_TAPCELL_ROW_37_661,VPWR,li1,186.0700,111.8260,1.800000
TAP_TAPCELL_ROW_37_660,VPWR,li1,160.3100,111.8260,1.800000
TAP_TAPCELL_ROW_37_659,VPWR,li1,134.5500,111.8260,1.800000
TAP_TAPCELL_ROW_37_658,VPWR,li1,108.7900,111.8260,1.800000
TAP_TAPCELL_ROW_37_657,VPWR,li1,83.0300,111.8260,1.800000
TAP_TAPCELL_ROW_37_656,VPWR,li1,57.2700,111.8260,1.800000
TAP_TAPCELL_ROW_37_655,VPWR,li1,31.5100,111.8260,1.800000
TAP_TAPCELL_ROW_36_654,VPWR,li1,301.9900,111.2130,1.800000
TAP_TAPCELL_ROW_36_653,VPWR,li1,276.2300,111.2130,1.800000
TAP_TAPCELL_ROW_36_652,VPWR,li1,250.4700,111.2130,1.800000
TAP_TAPCELL_ROW_36_651,VPWR,li1,224.7100,111.2130,1.800000
TAP_TAPCELL_ROW_36_650,VPWR,li1,198.9500,111.2130,1.800000
TAP_TAPCELL_ROW_36_649,VPWR,li1,173.1900,111.2130,1.800000
TAP_TAPCELL_ROW_36_648,VPWR,li1,147.4300,111.2130,1.800000
TAP_TAPCELL_ROW_36_647,VPWR,li1,121.6700,111.2130,1.800000
TAP_TAPCELL_ROW_36_646,VPWR,li1,95.9100,111.2130,1.800000
TAP_TAPCELL_ROW_36_645,VPWR,li1,70.1500,111.2130,1.800000
TAP_TAPCELL_ROW_36_644,VPWR,li1,44.3900,111.2130,1.800000
TAP_TAPCELL_ROW_36_643,VPWR,li1,18.6300,111.2130,1.800000
TAP_TAPCELL_ROW_35_642,VPWR,li1,289.1100,106.3860,1.800000
TAP_TAPCELL_ROW_35_641,VPWR,li1,263.3500,106.3860,1.800000
TAP_TAPCELL_ROW_35_640,VPWR,li1,237.5900,106.3860,1.800000
TAP_TAPCELL_ROW_35_639,VPWR,li1,211.8300,106.3860,1.800000
TAP_TAPCELL_ROW_35_638,VPWR,li1,186.0700,106.3860,1.800000
TAP_TAPCELL_ROW_35_637,VPWR,li1,160.3100,106.3860,1.800000
TAP_TAPCELL_ROW_35_636,VPWR,li1,134.5500,106.3860,1.800000
TAP_TAPCELL_ROW_35_635,VPWR,li1,108.7900,106.3860,1.800000
TAP_TAPCELL_ROW_35_634,VPWR,li1,83.0300,106.3860,1.800000
TAP_TAPCELL_ROW_35_633,VPWR,li1,57.2700,106.3860,1.800000
TAP_TAPCELL_ROW_35_632,VPWR,li1,31.5100,106.3860,1.800000
TAP_TAPCELL_ROW_34_631,VPWR,li1,301.9900,105.7730,1.800000
TAP_TAPCELL_ROW_34_630,VPWR,li1,276.2300,105.7730,1.800000
TAP_TAPCELL_ROW_34_629,VPWR,li1,250.4700,105.7730,1.800000
TAP_TAPCELL_ROW_34_628,VPWR,li1,224.7100,105.7730,1.800000
TAP_TAPCELL_ROW_34_627,VPWR,li1,198.9500,105.7730,1.800000
TAP_TAPCELL_ROW_34_626,VPWR,li1,173.1900,105.7730,1.800000
TAP_TAPCELL_ROW_34_625,VPWR,li1,147.4300,105.7730,1.800000
TAP_TAPCELL_ROW_34_624,VPWR,li1,121.6700,105.7730,1.800000
TAP_TAPCELL_ROW_34_623,VPWR,li1,95.9100,105.7730,1.800000
TAP_TAPCELL_ROW_34_622,VPWR,li1,70.1500,105.7730,1.800000
TAP_TAPCELL_ROW_34_621,VPWR,li1,44.3900,105.7730,1.800000
TAP_TAPCELL_ROW_34_620,VPWR,li1,18.6300,105.7730,1.800000
TAP_TAPCELL_ROW_33_619,VPWR,li1,289.1100,100.9460,1.800000
TAP_TAPCELL_ROW_33_618,VPWR,li1,263.3500,100.9460,1.800000
TAP_TAPCELL_ROW_33_617,VPWR,li1,237.5900,100.9460,1.800000
TAP_TAPCELL_ROW_33_616,VPWR,li1,211.8300,100.9460,1.800000
TAP_TAPCELL_ROW_33_615,VPWR,li1,186.0700,100.9460,1.800000
TAP_TAPCELL_ROW_33_614,VPWR,li1,160.3100,100.9460,1.800000
TAP_TAPCELL_ROW_33_613,VPWR,li1,134.5500,100.9460,1.800000
TAP_TAPCELL_ROW_33_612,VPWR,li1,108.7900,100.9460,1.800000
TAP_TAPCELL_ROW_33_611,VPWR,li1,83.0300,100.9460,1.800000
TAP_TAPCELL_ROW_33_610,VPWR,li1,57.2700,100.9460,1.800000
TAP_TAPCELL_ROW_33_609,VPWR,li1,31.5100,100.9460,1.800000
TAP_TAPCELL_ROW_32_608,VPWR,li1,301.9900,100.3330,1.800000
TAP_TAPCELL_ROW_32_607,VPWR,li1,276.2300,100.3330,1.800000
TAP_TAPCELL_ROW_32_606,VPWR,li1,250.4700,100.3330,1.800000
TAP_TAPCELL_ROW_32_605,VPWR,li1,224.7100,100.3330,1.800000
TAP_TAPCELL_ROW_32_604,VPWR,li1,198.9500,100.3330,1.800000
TAP_TAPCELL_ROW_32_603,VPWR,li1,173.1900,100.3330,1.800000
TAP_TAPCELL_ROW_32_602,VPWR,li1,147.4300,100.3330,1.800000
TAP_TAPCELL_ROW_32_601,VPWR,li1,121.6700,100.3330,1.800000
TAP_TAPCELL_ROW_32_600,VPWR,li1,95.9100,100.3330,1.800000
TAP_TAPCELL_ROW_32_599,VPWR,li1,70.1500,100.3330,1.800000
TAP_TAPCELL_ROW_32_598,VPWR,li1,44.3900,100.3330,1.800000
TAP_TAPCELL_ROW_32_597,VPWR,li1,18.6300,100.3330,1.800000
TAP_TAPCELL_ROW_31_596,VPWR,li1,289.1100,95.5060,1.800000
TAP_TAPCELL_ROW_31_595,VPWR,li1,263.3500,95.5060,1.800000
TAP_TAPCELL_ROW_31_594,VPWR,li1,237.5900,95.5060,1.800000
TAP_TAPCELL_ROW_31_593,VPWR,li1,211.8300,95.5060,1.800000
TAP_TAPCELL_ROW_31_592,VPWR,li1,186.0700,95.5060,1.800000
TAP_TAPCELL_ROW_31_591,VPWR,li1,160.3100,95.5060,1.800000
TAP_TAPCELL_ROW_31_590,VPWR,li1,134.5500,95.5060,1.800000
TAP_TAPCELL_ROW_31_589,VPWR,li1,108.7900,95.5060,1.800000
TAP_TAPCELL_ROW_31_588,VPWR,li1,83.0300,95.5060,1.800000
TAP_TAPCELL_ROW_31_587,VPWR,li1,57.2700,95.5060,1.800000
TAP_TAPCELL_ROW_31_586,VPWR,li1,31.5100,95.5060,1.800000
TAP_TAPCELL_ROW_30_585,VPWR,li1,301.9900,94.8930,1.800000
TAP_TAPCELL_ROW_30_584,VPWR,li1,276.2300,94.8930,1.800000
TAP_TAPCELL_ROW_30_583,VPWR,li1,250.4700,94.8930,1.800000
TAP_TAPCELL_ROW_30_582,VPWR,li1,224.7100,94.8930,1.800000
TAP_TAPCELL_ROW_30_581,VPWR,li1,198.9500,94.8930,1.800000
TAP_TAPCELL_ROW_30_580,VPWR,li1,173.1900,94.8930,1.800000
TAP_TAPCELL_ROW_30_579,VPWR,li1,147.4300,94.8930,1.800000
TAP_TAPCELL_ROW_30_578,VPWR,li1,121.6700,94.8930,1.800000
TAP_TAPCELL_ROW_30_577,VPWR,li1,95.9100,94.8930,1.800000
TAP_TAPCELL_ROW_30_576,VPWR,li1,70.1500,94.8930,1.800000
TAP_TAPCELL_ROW_30_575,VPWR,li1,44.3900,94.8930,1.800000
TAP_TAPCELL_ROW_30_574,VPWR,li1,18.6300,94.8930,1.800000
TAP_TAPCELL_ROW_29_573,VPWR,li1,289.1100,90.0660,1.800000
TAP_TAPCELL_ROW_29_572,VPWR,li1,263.3500,90.0660,1.800000
TAP_TAPCELL_ROW_29_571,VPWR,li1,237.5900,90.0660,1.800000
TAP_TAPCELL_ROW_29_570,VPWR,li1,211.8300,90.0660,1.800000
TAP_TAPCELL_ROW_29_569,VPWR,li1,186.0700,90.0660,1.800000
TAP_TAPCELL_ROW_29_568,VPWR,li1,160.3100,90.0660,1.800000
TAP_TAPCELL_ROW_29_567,VPWR,li1,134.5500,90.0660,1.800000
TAP_TAPCELL_ROW_29_566,VPWR,li1,108.7900,90.0660,1.800000
TAP_TAPCELL_ROW_29_565,VPWR,li1,83.0300,90.0660,1.800000
TAP_TAPCELL_ROW_29_564,VPWR,li1,57.2700,90.0660,1.800000
TAP_TAPCELL_ROW_29_563,VPWR,li1,31.5100,90.0660,1.800000
TAP_TAPCELL_ROW_28_562,VPWR,li1,301.9900,89.4530,1.800000
TAP_TAPCELL_ROW_28_561,VPWR,li1,276.2300,89.4530,1.800000
TAP_TAPCELL_ROW_28_560,VPWR,li1,250.4700,89.4530,1.800000
TAP_TAPCELL_ROW_28_559,VPWR,li1,224.7100,89.4530,1.800000
TAP_TAPCELL_ROW_28_558,VPWR,li1,198.9500,89.4530,1.800000
TAP_TAPCELL_ROW_28_557,VPWR,li1,173.1900,89.4530,1.800000
TAP_TAPCELL_ROW_28_556,VPWR,li1,147.4300,89.4530,1.800000
TAP_TAPCELL_ROW_28_555,VPWR,li1,121.6700,89.4530,1.800000
TAP_TAPCELL_ROW_28_554,VPWR,li1,95.9100,89.4530,1.800000
TAP_TAPCELL_ROW_28_553,VPWR,li1,70.1500,89.4530,1.800000
TAP_TAPCELL_ROW_28_552,VPWR,li1,44.3900,89.4530,1.800000
TAP_TAPCELL_ROW_28_551,VPWR,li1,18.6300,89.4530,1.800000
TAP_TAPCELL_ROW_27_550,VPWR,li1,289.1100,84.6260,1.800000
TAP_TAPCELL_ROW_27_549,VPWR,li1,263.3500,84.6260,1.800000
TAP_TAPCELL_ROW_27_548,VPWR,li1,237.5900,84.6260,1.800000
TAP_TAPCELL_ROW_27_547,VPWR,li1,211.8300,84.6260,1.800000
TAP_TAPCELL_ROW_27_546,VPWR,li1,186.0700,84.6260,1.800000
TAP_TAPCELL_ROW_27_545,VPWR,li1,160.3100,84.6260,1.800000
TAP_TAPCELL_ROW_27_544,VPWR,li1,134.5500,84.6260,1.800000
TAP_TAPCELL_ROW_27_543,VPWR,li1,108.7900,84.6260,1.800000
TAP_TAPCELL_ROW_27_542,VPWR,li1,83.0300,84.6260,1.800000
TAP_TAPCELL_ROW_27_541,VPWR,li1,57.2700,84.6260,1.800000
TAP_TAPCELL_ROW_27_540,VPWR,li1,31.5100,84.6260,1.800000
TAP_TAPCELL_ROW_26_539,VPWR,li1,301.9900,84.0130,1.800000
TAP_TAPCELL_ROW_26_538,VPWR,li1,276.2300,84.0130,1.800000
TAP_TAPCELL_ROW_26_537,VPWR,li1,250.4700,84.0130,1.800000
TAP_TAPCELL_ROW_26_536,VPWR,li1,224.7100,84.0130,1.800000
TAP_TAPCELL_ROW_26_535,VPWR,li1,198.9500,84.0130,1.800000
TAP_TAPCELL_ROW_26_534,VPWR,li1,173.1900,84.0130,1.800000
TAP_TAPCELL_ROW_26_533,VPWR,li1,147.4300,84.0130,1.800000
TAP_TAPCELL_ROW_26_532,VPWR,li1,121.6700,84.0130,1.800000
TAP_TAPCELL_ROW_26_531,VPWR,li1,95.9100,84.0130,1.800000
TAP_TAPCELL_ROW_26_530,VPWR,li1,70.1500,84.0130,1.800000
TAP_TAPCELL_ROW_26_529,VPWR,li1,44.3900,84.0130,1.800000
TAP_TAPCELL_ROW_26_528,VPWR,li1,18.6300,84.0130,1.800000
TAP_TAPCELL_ROW_25_527,VPWR,li1,289.1100,79.1860,1.800000
TAP_TAPCELL_ROW_25_526,VPWR,li1,263.3500,79.1860,1.800000
TAP_TAPCELL_ROW_25_525,VPWR,li1,237.5900,79.1860,1.800000
TAP_TAPCELL_ROW_25_524,VPWR,li1,211.8300,79.1860,1.800000
TAP_TAPCELL_ROW_25_523,VPWR,li1,186.0700,79.1860,1.800000
TAP_TAPCELL_ROW_25_522,VPWR,li1,160.3100,79.1860,1.800000
TAP_TAPCELL_ROW_25_521,VPWR,li1,134.5500,79.1860,1.800000
TAP_TAPCELL_ROW_25_520,VPWR,li1,108.7900,79.1860,1.800000
TAP_TAPCELL_ROW_25_519,VPWR,li1,83.0300,79.1860,1.800000
TAP_TAPCELL_ROW_25_518,VPWR,li1,57.2700,79.1860,1.800000
TAP_TAPCELL_ROW_25_517,VPWR,li1,31.5100,79.1860,1.800000
TAP_TAPCELL_ROW_24_516,VPWR,li1,301.9900,78.5730,1.800000
TAP_TAPCELL_ROW_24_515,VPWR,li1,276.2300,78.5730,1.800000
TAP_TAPCELL_ROW_24_514,VPWR,li1,250.4700,78.5730,1.800000
TAP_TAPCELL_ROW_24_513,VPWR,li1,224.7100,78.5730,1.800000
TAP_TAPCELL_ROW_24_512,VPWR,li1,198.9500,78.5730,1.800000
TAP_TAPCELL_ROW_24_511,VPWR,li1,173.1900,78.5730,1.800000
TAP_TAPCELL_ROW_24_510,VPWR,li1,147.4300,78.5730,1.800000
TAP_TAPCELL_ROW_24_509,VPWR,li1,121.6700,78.5730,1.800000
TAP_TAPCELL_ROW_24_508,VPWR,li1,95.9100,78.5730,1.800000
TAP_TAPCELL_ROW_24_507,VPWR,li1,70.1500,78.5730,1.800000
TAP_TAPCELL_ROW_24_506,VPWR,li1,44.3900,78.5730,1.800000
TAP_TAPCELL_ROW_24_505,VPWR,li1,18.6300,78.5730,1.800000
TAP_TAPCELL_ROW_23_504,VPWR,li1,289.1100,73.7460,1.800000
TAP_TAPCELL_ROW_23_503,VPWR,li1,263.3500,73.7460,1.800000
TAP_TAPCELL_ROW_23_502,VPWR,li1,237.5900,73.7460,1.800000
TAP_TAPCELL_ROW_23_501,VPWR,li1,211.8300,73.7460,1.800000
TAP_TAPCELL_ROW_23_500,VPWR,li1,186.0700,73.7460,1.800000
TAP_TAPCELL_ROW_23_499,VPWR,li1,160.3100,73.7460,1.800000
TAP_TAPCELL_ROW_23_498,VPWR,li1,134.5500,73.7460,1.800000
TAP_TAPCELL_ROW_23_497,VPWR,li1,108.7900,73.7460,1.800000
TAP_TAPCELL_ROW_23_496,VPWR,li1,83.0300,73.7460,1.800000
TAP_TAPCELL_ROW_23_495,VPWR,li1,57.2700,73.7460,1.800000
TAP_TAPCELL_ROW_23_494,VPWR,li1,31.5100,73.7460,1.800000
TAP_TAPCELL_ROW_22_493,VPWR,li1,301.9900,73.1330,1.800000
TAP_TAPCELL_ROW_22_492,VPWR,li1,276.2300,73.1330,1.800000
TAP_TAPCELL_ROW_22_491,VPWR,li1,250.4700,73.1330,1.800000
TAP_TAPCELL_ROW_22_490,VPWR,li1,224.7100,73.1330,1.800000
TAP_TAPCELL_ROW_22_489,VPWR,li1,198.9500,73.1330,1.800000
TAP_TAPCELL_ROW_22_488,VPWR,li1,173.1900,73.1330,1.800000
TAP_TAPCELL_ROW_22_487,VPWR,li1,147.4300,73.1330,1.800000
TAP_TAPCELL_ROW_22_486,VPWR,li1,121.6700,73.1330,1.800000
TAP_TAPCELL_ROW_22_485,VPWR,li1,95.9100,73.1330,1.800000
TAP_TAPCELL_ROW_22_484,VPWR,li1,70.1500,73.1330,1.800000
TAP_TAPCELL_ROW_22_483,VPWR,li1,44.3900,73.1330,1.800000
TAP_TAPCELL_ROW_22_482,VPWR,li1,18.6300,73.1330,1.800000
TAP_TAPCELL_ROW_21_481,VPWR,li1,289.1100,68.3060,1.800000
TAP_TAPCELL_ROW_21_480,VPWR,li1,263.3500,68.3060,1.800000
TAP_TAPCELL_ROW_21_479,VPWR,li1,237.5900,68.3060,1.800000
TAP_TAPCELL_ROW_21_478,VPWR,li1,211.8300,68.3060,1.800000
TAP_TAPCELL_ROW_21_477,VPWR,li1,186.0700,68.3060,1.800000
TAP_TAPCELL_ROW_21_476,VPWR,li1,160.3100,68.3060,1.800000
TAP_TAPCELL_ROW_21_475,VPWR,li1,134.5500,68.3060,1.800000
TAP_TAPCELL_ROW_21_474,VPWR,li1,108.7900,68.3060,1.800000
TAP_TAPCELL_ROW_21_473,VPWR,li1,83.0300,68.3060,1.800000
TAP_TAPCELL_ROW_21_472,VPWR,li1,57.2700,68.3060,1.800000
TAP_TAPCELL_ROW_21_471,VPWR,li1,31.5100,68.3060,1.800000
TAP_TAPCELL_ROW_20_470,VPWR,li1,301.9900,67.6930,1.800000
TAP_TAPCELL_ROW_20_469,VPWR,li1,276.2300,67.6930,1.800000
TAP_TAPCELL_ROW_20_468,VPWR,li1,250.4700,67.6930,1.800000
TAP_TAPCELL_ROW_20_467,VPWR,li1,224.7100,67.6930,1.800000
TAP_TAPCELL_ROW_20_466,VPWR,li1,198.9500,67.6930,1.800000
TAP_TAPCELL_ROW_20_465,VPWR,li1,173.1900,67.6930,1.800000
TAP_TAPCELL_ROW_20_464,VPWR,li1,147.4300,67.6930,1.800000
TAP_TAPCELL_ROW_20_463,VPWR,li1,121.6700,67.6930,1.800000
TAP_TAPCELL_ROW_20_462,VPWR,li1,95.9100,67.6930,1.800000
TAP_TAPCELL_ROW_20_461,VPWR,li1,70.1500,67.6930,1.800000
TAP_TAPCELL_ROW_20_460,VPWR,li1,44.3900,67.6930,1.800000
TAP_TAPCELL_ROW_20_459,VPWR,li1,18.6300,67.6930,1.800000
TAP_TAPCELL_ROW_19_458,VPWR,li1,289.1100,62.8660,1.800000
TAP_TAPCELL_ROW_19_457,VPWR,li1,263.3500,62.8660,1.800000
TAP_TAPCELL_ROW_19_456,VPWR,li1,237.5900,62.8660,1.800000
TAP_TAPCELL_ROW_19_455,VPWR,li1,211.8300,62.8660,1.800000
TAP_TAPCELL_ROW_19_454,VPWR,li1,186.0700,62.8660,1.800000
TAP_TAPCELL_ROW_19_453,VPWR,li1,160.3100,62.8660,1.800000
TAP_TAPCELL_ROW_19_452,VPWR,li1,134.5500,62.8660,1.800000
TAP_TAPCELL_ROW_19_451,VPWR,li1,108.7900,62.8660,1.800000
TAP_TAPCELL_ROW_19_450,VPWR,li1,83.0300,62.8660,1.800000
TAP_TAPCELL_ROW_19_449,VPWR,li1,57.2700,62.8660,1.800000
TAP_TAPCELL_ROW_19_448,VPWR,li1,31.5100,62.8660,1.800000
TAP_TAPCELL_ROW_18_447,VPWR,li1,301.9900,62.2530,1.800000
TAP_TAPCELL_ROW_18_446,VPWR,li1,276.2300,62.2530,1.800000
TAP_TAPCELL_ROW_18_445,VPWR,li1,250.4700,62.2530,1.800000
TAP_TAPCELL_ROW_18_444,VPWR,li1,224.7100,62.2530,1.800000
TAP_TAPCELL_ROW_18_443,VPWR,li1,198.9500,62.2530,1.800000
TAP_TAPCELL_ROW_18_442,VPWR,li1,173.1900,62.2530,1.800000
TAP_TAPCELL_ROW_18_441,VPWR,li1,147.4300,62.2530,1.800000
TAP_TAPCELL_ROW_18_440,VPWR,li1,121.6700,62.2530,1.800000
TAP_TAPCELL_ROW_18_439,VPWR,li1,95.9100,62.2530,1.800000
TAP_TAPCELL_ROW_18_438,VPWR,li1,70.1500,62.2530,1.800000
TAP_TAPCELL_ROW_18_437,VPWR,li1,44.3900,62.2530,1.800000
TAP_TAPCELL_ROW_18_436,VPWR,li1,18.6300,62.2530,1.800000
TAP_TAPCELL_ROW_17_435,VPWR,li1,289.1100,57.4260,1.800000
TAP_TAPCELL_ROW_17_434,VPWR,li1,263.3500,57.4260,1.800000
TAP_TAPCELL_ROW_17_433,VPWR,li1,237.5900,57.4260,1.800000
TAP_TAPCELL_ROW_17_432,VPWR,li1,211.8300,57.4260,1.800000
TAP_TAPCELL_ROW_17_431,VPWR,li1,186.0700,57.4260,1.800000
TAP_TAPCELL_ROW_17_430,VPWR,li1,160.3100,57.4260,1.800000
TAP_TAPCELL_ROW_17_429,VPWR,li1,134.5500,57.4260,1.800000
TAP_TAPCELL_ROW_17_428,VPWR,li1,108.7900,57.4260,1.800000
TAP_TAPCELL_ROW_17_427,VPWR,li1,83.0300,57.4260,1.800000
TAP_TAPCELL_ROW_17_426,VPWR,li1,57.2700,57.4260,1.800000
TAP_TAPCELL_ROW_17_425,VPWR,li1,31.5100,57.4260,1.800000
TAP_TAPCELL_ROW_16_424,VPWR,li1,301.9900,56.8130,1.800000
TAP_TAPCELL_ROW_16_423,VPWR,li1,276.2300,56.8130,1.800000
TAP_TAPCELL_ROW_16_422,VPWR,li1,250.4700,56.8130,1.800000
TAP_TAPCELL_ROW_16_421,VPWR,li1,224.7100,56.8130,1.800000
TAP_TAPCELL_ROW_16_420,VPWR,li1,198.9500,56.8130,1.800000
TAP_TAPCELL_ROW_16_419,VPWR,li1,173.1900,56.8130,1.800000
TAP_TAPCELL_ROW_16_418,VPWR,li1,147.4300,56.8130,1.800000
TAP_TAPCELL_ROW_16_417,VPWR,li1,121.6700,56.8130,1.800000
TAP_TAPCELL_ROW_16_416,VPWR,li1,95.9100,56.8130,1.800000
TAP_TAPCELL_ROW_16_415,VPWR,li1,70.1500,56.8130,1.800000
TAP_TAPCELL_ROW_16_414,VPWR,li1,44.3900,56.8130,1.800000
TAP_TAPCELL_ROW_16_413,VPWR,li1,18.6300,56.8130,1.800000
TAP_TAPCELL_ROW_15_412,VPWR,li1,289.1100,51.9860,1.800000
TAP_TAPCELL_ROW_15_411,VPWR,li1,263.3500,51.9860,1.800000
TAP_TAPCELL_ROW_15_410,VPWR,li1,237.5900,51.9860,1.800000
TAP_TAPCELL_ROW_15_409,VPWR,li1,211.8300,51.9860,1.800000
TAP_TAPCELL_ROW_15_408,VPWR,li1,186.0700,51.9860,1.800000
TAP_TAPCELL_ROW_15_407,VPWR,li1,160.3100,51.9860,1.800000
TAP_TAPCELL_ROW_15_406,VPWR,li1,134.5500,51.9860,1.800000
TAP_TAPCELL_ROW_15_405,VPWR,li1,108.7900,51.9860,1.800000
TAP_TAPCELL_ROW_15_404,VPWR,li1,83.0300,51.9860,1.800000
TAP_TAPCELL_ROW_15_403,VPWR,li1,57.2700,51.9860,1.800000
TAP_TAPCELL_ROW_15_402,VPWR,li1,31.5100,51.9860,1.800000
TAP_TAPCELL_ROW_14_401,VPWR,li1,301.9900,51.3730,1.800000
TAP_TAPCELL_ROW_14_400,VPWR,li1,276.2300,51.3730,1.800000
TAP_TAPCELL_ROW_14_399,VPWR,li1,250.4700,51.3730,1.800000
TAP_TAPCELL_ROW_14_398,VPWR,li1,224.7100,51.3730,1.800000
TAP_TAPCELL_ROW_14_397,VPWR,li1,198.9500,51.3730,1.800000
TAP_TAPCELL_ROW_14_396,VPWR,li1,173.1900,51.3730,1.800000
TAP_TAPCELL_ROW_14_395,VPWR,li1,147.4300,51.3730,1.800000
TAP_TAPCELL_ROW_14_394,VPWR,li1,121.6700,51.3730,1.800000
TAP_TAPCELL_ROW_14_393,VPWR,li1,95.9100,51.3730,1.800000
TAP_TAPCELL_ROW_14_392,VPWR,li1,70.1500,51.3730,1.800000
TAP_TAPCELL_ROW_14_391,VPWR,li1,44.3900,51.3730,1.800000
TAP_TAPCELL_ROW_14_390,VPWR,li1,18.6300,51.3730,1.800000
TAP_TAPCELL_ROW_13_389,VPWR,li1,289.1100,46.5460,1.800000
TAP_TAPCELL_ROW_13_388,VPWR,li1,263.3500,46.5460,1.800000
TAP_TAPCELL_ROW_13_387,VPWR,li1,237.5900,46.5460,1.800000
TAP_TAPCELL_ROW_13_386,VPWR,li1,211.8300,46.5460,1.800000
TAP_TAPCELL_ROW_13_385,VPWR,li1,186.0700,46.5460,1.800000
TAP_TAPCELL_ROW_13_384,VPWR,li1,160.3100,46.5460,1.800000
TAP_TAPCELL_ROW_13_383,VPWR,li1,134.5500,46.5460,1.800000
TAP_TAPCELL_ROW_13_382,VPWR,li1,108.7900,46.5460,1.800000
TAP_TAPCELL_ROW_13_381,VPWR,li1,83.0300,46.5460,1.800000
TAP_TAPCELL_ROW_13_380,VPWR,li1,57.2700,46.5460,1.800000
TAP_TAPCELL_ROW_13_379,VPWR,li1,31.5100,46.5460,1.800000
TAP_TAPCELL_ROW_12_378,VPWR,li1,301.9900,45.9330,1.800000
TAP_TAPCELL_ROW_12_377,VPWR,li1,276.2300,45.9330,1.800000
TAP_TAPCELL_ROW_12_376,VPWR,li1,250.4700,45.9330,1.800000
TAP_TAPCELL_ROW_12_375,VPWR,li1,224.7100,45.9330,1.800000
TAP_TAPCELL_ROW_12_374,VPWR,li1,198.9500,45.9330,1.800000
TAP_TAPCELL_ROW_12_373,VPWR,li1,173.1900,45.9330,1.800000
TAP_TAPCELL_ROW_12_372,VPWR,li1,147.4300,45.9330,1.800000
TAP_TAPCELL_ROW_12_371,VPWR,li1,121.6700,45.9330,1.800000
TAP_TAPCELL_ROW_12_370,VPWR,li1,95.9100,45.9330,1.800000
TAP_TAPCELL_ROW_12_369,VPWR,li1,70.1500,45.9330,1.800000
TAP_TAPCELL_ROW_12_368,VPWR,li1,44.3900,45.9330,1.800000
TAP_TAPCELL_ROW_12_367,VPWR,li1,18.6300,45.9330,1.800000
TAP_TAPCELL_ROW_11_366,VPWR,li1,289.1100,41.1060,1.800000
TAP_TAPCELL_ROW_11_365,VPWR,li1,263.3500,41.1060,1.800000
TAP_TAPCELL_ROW_11_364,VPWR,li1,237.5900,41.1060,1.800000
TAP_TAPCELL_ROW_11_363,VPWR,li1,211.8300,41.1060,1.800000
TAP_TAPCELL_ROW_11_362,VPWR,li1,186.0700,41.1060,1.800000
TAP_TAPCELL_ROW_11_361,VPWR,li1,160.3100,41.1060,1.800000
TAP_TAPCELL_ROW_11_360,VPWR,li1,134.5500,41.1060,1.800000
TAP_TAPCELL_ROW_11_359,VPWR,li1,108.7900,41.1060,1.800000
TAP_TAPCELL_ROW_11_358,VPWR,li1,83.0300,41.1060,1.800000
TAP_TAPCELL_ROW_11_357,VPWR,li1,57.2700,41.1060,1.800000
TAP_TAPCELL_ROW_11_356,VPWR,li1,31.5100,41.1060,1.800000
TAP_TAPCELL_ROW_10_355,VPWR,li1,301.9900,40.4930,1.800000
TAP_TAPCELL_ROW_10_354,VPWR,li1,276.2300,40.4930,1.800000
TAP_TAPCELL_ROW_10_353,VPWR,li1,250.4700,40.4930,1.800000
TAP_TAPCELL_ROW_10_352,VPWR,li1,224.7100,40.4930,1.800000
TAP_TAPCELL_ROW_10_351,VPWR,li1,198.9500,40.4930,1.800000
TAP_TAPCELL_ROW_10_350,VPWR,li1,173.1900,40.4930,1.800000
TAP_TAPCELL_ROW_10_349,VPWR,li1,147.4300,40.4930,1.800000
TAP_TAPCELL_ROW_10_348,VPWR,li1,121.6700,40.4930,1.800000
TAP_TAPCELL_ROW_10_347,VPWR,li1,95.9100,40.4930,1.800000
TAP_TAPCELL_ROW_10_346,VPWR,li1,70.1500,40.4930,1.800000
TAP_TAPCELL_ROW_10_345,VPWR,li1,44.3900,40.4930,1.800000
TAP_TAPCELL_ROW_10_344,VPWR,li1,18.6300,40.4930,1.800000
TAP_TAPCELL_ROW_9_343,VPWR,li1,289.1100,35.6660,1.800000
TAP_TAPCELL_ROW_9_342,VPWR,li1,263.3500,35.6660,1.800000
TAP_TAPCELL_ROW_9_341,VPWR,li1,237.5900,35.6660,1.800000
TAP_TAPCELL_ROW_9_340,VPWR,li1,211.8300,35.6660,1.800000
TAP_TAPCELL_ROW_9_339,VPWR,li1,186.0700,35.6660,1.800000
TAP_TAPCELL_ROW_9_338,VPWR,li1,160.3100,35.6660,1.800000
TAP_TAPCELL_ROW_9_337,VPWR,li1,134.5500,35.6660,1.800000
TAP_TAPCELL_ROW_9_336,VPWR,li1,108.7900,35.6660,1.800000
TAP_TAPCELL_ROW_9_335,VPWR,li1,83.0300,35.6660,1.800000
TAP_TAPCELL_ROW_9_334,VPWR,li1,57.2700,35.6660,1.800000
TAP_TAPCELL_ROW_9_333,VPWR,li1,31.5100,35.6660,1.800000
TAP_TAPCELL_ROW_8_332,VPWR,li1,301.9900,35.0530,1.800000
TAP_TAPCELL_ROW_8_331,VPWR,li1,276.2300,35.0530,1.800000
TAP_TAPCELL_ROW_8_330,VPWR,li1,250.4700,35.0530,1.800000
TAP_TAPCELL_ROW_8_329,VPWR,li1,224.7100,35.0530,1.800000
TAP_TAPCELL_ROW_8_328,VPWR,li1,198.9500,35.0530,1.800000
TAP_TAPCELL_ROW_8_327,VPWR,li1,173.1900,35.0530,1.800000
TAP_TAPCELL_ROW_8_326,VPWR,li1,147.4300,35.0530,1.800000
TAP_TAPCELL_ROW_8_325,VPWR,li1,121.6700,35.0530,1.800000
TAP_TAPCELL_ROW_8_324,VPWR,li1,95.9100,35.0530,1.800000
TAP_TAPCELL_ROW_8_323,VPWR,li1,70.1500,35.0530,1.800000
TAP_TAPCELL_ROW_8_322,VPWR,li1,44.3900,35.0530,1.800000
TAP_TAPCELL_ROW_8_321,VPWR,li1,18.6300,35.0530,1.800000
TAP_TAPCELL_ROW_7_320,VPWR,li1,289.1100,30.2260,1.800000
TAP_TAPCELL_ROW_7_319,VPWR,li1,263.3500,30.2260,1.800000
TAP_TAPCELL_ROW_7_318,VPWR,li1,237.5900,30.2260,1.800000
TAP_TAPCELL_ROW_7_317,VPWR,li1,211.8300,30.2260,1.800000
TAP_TAPCELL_ROW_7_316,VPWR,li1,186.0700,30.2260,1.800000
TAP_TAPCELL_ROW_7_315,VPWR,li1,160.3100,30.2260,1.800000
TAP_TAPCELL_ROW_7_314,VPWR,li1,134.5500,30.2260,1.800000
TAP_TAPCELL_ROW_7_313,VPWR,li1,108.7900,30.2260,1.800000
TAP_TAPCELL_ROW_7_312,VPWR,li1,83.0300,30.2260,1.800000
TAP_TAPCELL_ROW_7_311,VPWR,li1,57.2700,30.2260,1.800000
TAP_TAPCELL_ROW_7_310,VPWR,li1,31.5100,30.2260,1.800000
TAP_TAPCELL_ROW_6_309,VPWR,li1,301.9900,29.6130,1.800000
TAP_TAPCELL_ROW_6_308,VPWR,li1,276.2300,29.6130,1.800000
TAP_TAPCELL_ROW_6_307,VPWR,li1,250.4700,29.6130,1.800000
TAP_TAPCELL_ROW_6_306,VPWR,li1,224.7100,29.6130,1.800000
TAP_TAPCELL_ROW_6_305,VPWR,li1,198.9500,29.6130,1.800000
TAP_TAPCELL_ROW_6_304,VPWR,li1,173.1900,29.6130,1.800000
TAP_TAPCELL_ROW_6_303,VPWR,li1,147.4300,29.6130,1.800000
TAP_TAPCELL_ROW_6_302,VPWR,li1,121.6700,29.6130,1.800000
TAP_TAPCELL_ROW_6_301,VPWR,li1,95.9100,29.6130,1.800000
TAP_TAPCELL_ROW_6_300,VPWR,li1,70.1500,29.6130,1.800000
TAP_TAPCELL_ROW_6_299,VPWR,li1,44.3900,29.6130,1.800000
TAP_TAPCELL_ROW_6_298,VPWR,li1,18.6300,29.6130,1.800000
TAP_TAPCELL_ROW_5_297,VPWR,li1,289.1100,24.7860,1.800000
TAP_TAPCELL_ROW_5_296,VPWR,li1,263.3500,24.7860,1.800000
TAP_TAPCELL_ROW_5_295,VPWR,li1,237.5900,24.7860,1.800000
TAP_TAPCELL_ROW_5_294,VPWR,li1,211.8300,24.7860,1.800000
TAP_TAPCELL_ROW_5_293,VPWR,li1,186.0700,24.7860,1.800000
TAP_TAPCELL_ROW_5_292,VPWR,li1,160.3100,24.7860,1.800000
TAP_TAPCELL_ROW_5_291,VPWR,li1,134.5500,24.7860,1.800000
TAP_TAPCELL_ROW_5_290,VPWR,li1,108.7900,24.7860,1.800000
TAP_TAPCELL_ROW_5_289,VPWR,li1,83.0300,24.7860,1.800000
TAP_TAPCELL_ROW_5_288,VPWR,li1,57.2700,24.7860,1.800000
TAP_TAPCELL_ROW_5_287,VPWR,li1,31.5100,24.7860,1.800000
TAP_TAPCELL_ROW_4_286,VPWR,li1,301.9900,24.1730,1.800000
TAP_TAPCELL_ROW_4_285,VPWR,li1,276.2300,24.1730,1.800000
TAP_TAPCELL_ROW_4_284,VPWR,li1,250.4700,24.1730,1.800000
TAP_TAPCELL_ROW_4_283,VPWR,li1,224.7100,24.1730,1.800000
TAP_TAPCELL_ROW_4_282,VPWR,li1,198.9500,24.1730,1.800000
TAP_TAPCELL_ROW_4_281,VPWR,li1,173.1900,24.1730,1.800000
TAP_TAPCELL_ROW_4_280,VPWR,li1,147.4300,24.1730,1.800000
TAP_TAPCELL_ROW_4_279,VPWR,li1,121.6700,24.1730,1.800000
TAP_TAPCELL_ROW_4_278,VPWR,li1,95.9100,24.1730,1.800000
TAP_TAPCELL_ROW_4_277,VPWR,li1,70.1500,24.1730,1.800000
TAP_TAPCELL_ROW_4_276,VPWR,li1,44.3900,24.1730,1.800000
TAP_TAPCELL_ROW_4_275,VPWR,li1,18.6300,24.1730,1.800000
TAP_TAPCELL_ROW_3_274,VPWR,li1,289.1100,19.3460,1.800000
TAP_TAPCELL_ROW_3_273,VPWR,li1,263.3500,19.3460,1.800000
TAP_TAPCELL_ROW_3_272,VPWR,li1,237.5900,19.3460,1.800000
TAP_TAPCELL_ROW_3_271,VPWR,li1,211.8300,19.3460,1.800000
TAP_TAPCELL_ROW_3_270,VPWR,li1,186.0700,19.3460,1.800000
TAP_TAPCELL_ROW_3_269,VPWR,li1,160.3100,19.3460,1.800000
TAP_TAPCELL_ROW_3_268,VPWR,li1,134.5500,19.3460,1.800000
TAP_TAPCELL_ROW_3_267,VPWR,li1,108.7900,19.3460,1.800000
TAP_TAPCELL_ROW_3_266,VPWR,li1,83.0300,19.3460,1.800000
TAP_TAPCELL_ROW_3_265,VPWR,li1,57.2700,19.3460,1.800000
TAP_TAPCELL_ROW_3_264,VPWR,li1,31.5100,19.3460,1.800000
TAP_TAPCELL_ROW_2_263,VPWR,li1,301.9900,18.7330,1.800000
TAP_TAPCELL_ROW_2_262,VPWR,li1,276.2300,18.7330,1.800000
TAP_TAPCELL_ROW_2_261,VPWR,li1,250.4700,18.7330,1.800000
TAP_TAPCELL_ROW_2_260,VPWR,li1,224.7100,18.7330,1.800000
TAP_TAPCELL_ROW_2_259,VPWR,li1,198.9500,18.7330,1.800000
TAP_TAPCELL_ROW_2_258,VPWR,li1,173.1900,18.7330,1.800000
TAP_TAPCELL_ROW_2_257,VPWR,li1,147.4300,18.7330,1.800000
TAP_TAPCELL_ROW_2_256,VPWR,li1,121.6700,18.7330,1.800000
TAP_TAPCELL_ROW_2_255,VPWR,li1,95.9100,18.7330,1.800000
TAP_TAPCELL_ROW_2_254,VPWR,li1,70.1500,18.7330,1.800000
TAP_TAPCELL_ROW_2_253,VPWR,li1,44.3900,18.7330,1.800000
TAP_TAPCELL_ROW_2_252,VPWR,li1,18.6300,18.7330,1.800000
TAP_TAPCELL_ROW_1_251,VPWR,li1,289.1100,13.9060,1.800000
TAP_TAPCELL_ROW_1_250,VPWR,li1,263.3500,13.9060,1.800000
TAP_TAPCELL_ROW_1_249,VPWR,li1,237.5900,13.9060,1.800000
TAP_TAPCELL_ROW_1_248,VPWR,li1,211.8300,13.9060,1.800000
TAP_TAPCELL_ROW_1_247,VPWR,li1,186.0700,13.9060,1.800000
TAP_TAPCELL_ROW_1_246,VPWR,li1,160.3100,13.9060,1.800000
TAP_TAPCELL_ROW_1_245,VPWR,li1,134.5500,13.9060,1.800000
TAP_TAPCELL_ROW_1_244,VPWR,li1,108.7900,13.9060,1.800000
TAP_TAPCELL_ROW_1_243,VPWR,li1,83.0300,13.9060,1.800000
TAP_TAPCELL_ROW_1_242,VPWR,li1,57.2700,13.9060,1.800000
TAP_TAPCELL_ROW_1_241,VPWR,li1,31.5100,13.9060,1.800000
TAP_TAPCELL_ROW_0_240,VPWR,li1,301.9900,13.2930,1.800000
TAP_TAPCELL_ROW_0_239,VPWR,li1,289.1100,13.2930,1.800000
TAP_TAPCELL_ROW_0_238,VPWR,li1,276.2300,13.2930,1.800000
TAP_TAPCELL_ROW_0_237,VPWR,li1,263.3500,13.2930,1.800000
TAP_TAPCELL_ROW_0_236,VPWR,li1,250.4700,13.2930,1.800000
TAP_TAPCELL_ROW_0_235,VPWR,li1,237.5900,13.2930,1.800000
TAP_TAPCELL_ROW_0_234,VPWR,li1,224.7100,13.2930,1.800000
TAP_TAPCELL_ROW_0_233,VPWR,li1,211.8300,13.2930,1.800000
TAP_TAPCELL_ROW_0_232,VPWR,li1,198.9500,13.2930,1.800000
TAP_TAPCELL_ROW_0_231,VPWR,li1,186.0700,13.2930,1.800000
TAP_TAPCELL_ROW_0_230,VPWR,li1,173.1900,13.2930,1.800000
TAP_TAPCELL_ROW_0_229,VPWR,li1,160.3100,13.2930,1.800000
TAP_TAPCELL_ROW_0_228,VPWR,li1,147.4300,13.2930,1.800000
TAP_TAPCELL_ROW_0_227,VPWR,li1,134.5500,13.2930,1.800000
TAP_TAPCELL_ROW_0_226,VPWR,li1,121.6700,13.2930,1.800000
TAP_TAPCELL_ROW_0_225,VPWR,li1,108.7900,13.2930,1.800000
TAP_TAPCELL_ROW_0_224,VPWR,li1,95.9100,13.2930,1.800000
TAP_TAPCELL_ROW_0_223,VPWR,li1,83.0300,13.2930,1.800000
TAP_TAPCELL_ROW_0_222,VPWR,li1,70.1500,13.2930,1.800000
TAP_TAPCELL_ROW_0_221,VPWR,li1,57.2700,13.2930,1.800000
TAP_TAPCELL_ROW_0_220,VPWR,li1,44.3900,13.2930,1.800000
TAP_TAPCELL_ROW_0_219,VPWR,li1,31.5100,13.2930,1.800000
TAP_TAPCELL_ROW_0_218,VPWR,li1,18.6300,13.2930,1.800000
PHY_EDGE_ROW_108_Left_217,VPWR,li1,6.2100,307.3600,1.799982
PHY_EDGE_ROW_107_Left_216,VPWR,li1,6.2100,301.9200,1.799995
PHY_EDGE_ROW_106_Left_215,VPWR,li1,6.2100,301.9200,1.799995
PHY_EDGE_ROW_105_Left_214,VPWR,li1,6.2100,296.4800,1.800000
PHY_EDGE_ROW_104_Left_213,VPWR,li1,6.2100,296.4800,1.800000
PHY_EDGE_ROW_103_Left_212,VPWR,li1,6.2100,291.0400,1.800000
PHY_EDGE_ROW_102_Left_211,VPWR,li1,6.2100,291.0400,1.800000
PHY_EDGE_ROW_101_Left_210,VPWR,li1,6.2100,285.6000,1.800000
PHY_EDGE_ROW_100_Left_209,VPWR,li1,6.2100,285.6000,1.800000
PHY_EDGE_ROW_99_Left_208,VPWR,li1,6.2100,280.1600,1.800000
PHY_EDGE_ROW_98_Left_207,VPWR,li1,6.2100,280.1600,1.800000
PHY_EDGE_ROW_97_Left_206,VPWR,li1,6.2100,274.7200,1.800000
PHY_EDGE_ROW_96_Left_205,VPWR,li1,6.2100,274.7200,1.800000
PHY_EDGE_ROW_95_Left_204,VPWR,li1,6.2100,269.2800,1.800000
PHY_EDGE_ROW_94_Left_203,VPWR,li1,6.2100,269.2800,1.800000
PHY_EDGE_ROW_93_Left_202,VPWR,li1,6.2100,263.8400,1.800000
PHY_EDGE_ROW_92_Left_201,VPWR,li1,6.2100,263.8400,1.800000
PHY_EDGE_ROW_91_Left_200,VPWR,li1,6.2100,258.4000,1.800000
PHY_EDGE_ROW_90_Left_199,VPWR,li1,6.2100,258.4000,1.800000
PHY_EDGE_ROW_89_Left_198,VPWR,li1,6.2100,252.9600,1.800000
PHY_EDGE_ROW_88_Left_197,VPWR,li1,6.2100,252.9600,1.800000
PHY_EDGE_ROW_87_Left_196,VPWR,li1,6.2100,247.5200,1.800000
PHY_EDGE_ROW_86_Left_195,VPWR,li1,6.2100,247.5200,1.800000
PHY_EDGE_ROW_85_Left_194,VPWR,li1,6.2100,242.0800,1.800000
PHY_EDGE_ROW_84_Left_193,VPWR,li1,6.2100,242.0800,1.800000
PHY_EDGE_ROW_83_Left_192,VPWR,li1,6.2100,236.6400,1.800000
PHY_EDGE_ROW_82_Left_191,VPWR,li1,6.2100,236.6400,1.800000
PHY_EDGE_ROW_81_Left_190,VPWR,li1,6.2100,231.2000,1.800000
PHY_EDGE_ROW_80_Left_189,VPWR,li1,6.2100,231.2000,1.800000
PHY_EDGE_ROW_79_Left_188,VPWR,li1,6.2100,225.7600,1.800000
PHY_EDGE_ROW_78_Left_187,VPWR,li1,6.2100,225.7600,1.800000
PHY_EDGE_ROW_77_Left_186,VPWR,li1,6.2100,220.3200,1.800000
PHY_EDGE_ROW_76_Left_185,VPWR,li1,6.2100,220.3200,1.800000
PHY_EDGE_ROW_75_Left_184,VPWR,li1,6.2100,214.8800,1.800000
PHY_EDGE_ROW_74_Left_183,VPWR,li1,6.2100,214.8800,1.800000
PHY_EDGE_ROW_73_Left_182,VPWR,li1,6.2100,209.4400,1.800000
PHY_EDGE_ROW_72_Left_181,VPWR,li1,6.2100,209.4400,1.800000
PHY_EDGE_ROW_71_Left_180,VPWR,li1,6.2100,204.0000,1.800000
PHY_EDGE_ROW_70_Left_179,VPWR,li1,6.2100,204.0000,1.800000
PHY_EDGE_ROW_69_Left_178,VPWR,li1,6.2100,198.5600,1.800000
PHY_EDGE_ROW_68_Left_177,VPWR,li1,6.2100,198.5600,1.800000
PHY_EDGE_ROW_67_Left_176,VPWR,li1,6.2100,193.1200,1.800000
PHY_EDGE_ROW_66_Left_175,VPWR,li1,6.2100,193.1200,1.800000
PHY_EDGE_ROW_65_Left_174,VPWR,li1,6.2100,187.6800,1.800000
PHY_EDGE_ROW_64_Left_173,VPWR,li1,6.2100,187.6800,1.800000
PHY_EDGE_ROW_63_Left_172,VPWR,li1,6.2100,182.2400,1.800000
PHY_EDGE_ROW_62_Left_171,VPWR,li1,6.2100,182.2400,1.800000
PHY_EDGE_ROW_61_Left_170,VPWR,li1,6.2100,176.8000,1.800000
PHY_EDGE_ROW_60_Left_169,VPWR,li1,6.2100,176.8000,1.800000
PHY_EDGE_ROW_59_Left_168,VPWR,li1,6.2100,171.3600,1.800000
PHY_EDGE_ROW_58_Left_167,VPWR,li1,6.2100,171.3600,1.800000
PHY_EDGE_ROW_57_Left_166,VPWR,li1,6.2100,165.9200,1.800000
PHY_EDGE_ROW_56_Left_165,VPWR,li1,6.2100,165.9200,1.800000
PHY_EDGE_ROW_55_Left_164,VPWR,li1,6.2100,160.4800,1.800000
PHY_EDGE_ROW_54_Left_163,VPWR,li1,6.2100,160.4800,1.800000
PHY_EDGE_ROW_53_Left_162,VPWR,li1,6.2100,155.0400,1.800000
PHY_EDGE_ROW_52_Left_161,VPWR,li1,6.2100,155.0400,1.800000
PHY_EDGE_ROW_51_Left_160,VPWR,li1,6.2100,149.6000,1.800000
PHY_EDGE_ROW_50_Left_159,VPWR,li1,6.2100,149.6000,1.800000
PHY_EDGE_ROW_49_Left_158,VPWR,li1,6.2100,144.1600,1.800000
PHY_EDGE_ROW_48_Left_157,VPWR,li1,6.2100,144.1600,1.800000
PHY_EDGE_ROW_47_Left_156,VPWR,li1,6.2100,138.7200,1.800000
PHY_EDGE_ROW_46_Left_155,VPWR,li1,6.2100,138.7200,1.800000
PHY_EDGE_ROW_45_Left_154,VPWR,li1,6.2100,133.2800,1.800000
PHY_EDGE_ROW_44_Left_153,VPWR,li1,6.2100,133.2800,1.800000
PHY_EDGE_ROW_43_Left_152,VPWR,li1,6.2100,127.8400,1.800000
PHY_EDGE_ROW_42_Left_151,VPWR,li1,6.2100,127.8400,1.800000
PHY_EDGE_ROW_41_Left_150,VPWR,li1,6.2100,122.4000,1.800000
PHY_EDGE_ROW_40_Left_149,VPWR,li1,6.2100,122.4000,1.800000
PHY_EDGE_ROW_39_Left_148,VPWR,li1,6.2100,116.9600,1.800000
PHY_EDGE_ROW_38_Left_147,VPWR,li1,6.2100,116.9600,1.800000
PHY_EDGE_ROW_37_Left_146,VPWR,li1,6.2100,111.5200,1.800000
PHY_EDGE_ROW_36_Left_145,VPWR,li1,6.2100,111.5200,1.800000
PHY_EDGE_ROW_35_Left_144,VPWR,li1,6.2100,106.0800,1.800000
PHY_EDGE_ROW_34_Left_143,VPWR,li1,6.2100,106.0800,1.800000
PHY_EDGE_ROW_33_Left_142,VPWR,li1,6.2100,100.6400,1.800000
PHY_EDGE_ROW_32_Left_141,VPWR,li1,6.2100,100.6400,1.800000
PHY_EDGE_ROW_31_Left_140,VPWR,li1,6.2100,95.2000,1.800000
PHY_EDGE_ROW_30_Left_139,VPWR,li1,6.2100,95.2000,1.800000
PHY_EDGE_ROW_29_Left_138,VPWR,li1,6.2100,89.7600,1.800000
PHY_EDGE_ROW_28_Left_137,VPWR,li1,6.2100,89.7600,1.800000
PHY_EDGE_ROW_27_Left_136,VPWR,li1,6.2100,84.3200,1.800000
PHY_EDGE_ROW_26_Left_135,VPWR,li1,6.2100,84.3200,1.800000
PHY_EDGE_ROW_25_Left_134,VPWR,li1,6.2100,78.8800,1.800000
PHY_EDGE_ROW_24_Left_133,VPWR,li1,6.2100,78.8800,1.800000
PHY_EDGE_ROW_23_Left_132,VPWR,li1,6.2100,73.4400,1.800000
PHY_EDGE_ROW_22_Left_131,VPWR,li1,6.2100,73.4400,1.800000
PHY_EDGE_ROW_21_Left_130,VPWR,li1,6.2100,68.0000,1.800000
PHY_EDGE_ROW_20_Left_129,VPWR,li1,6.2100,68.0000,1.800000
PHY_EDGE_ROW_19_Left_128,VPWR,li1,6.2100,62.5600,1.800000
PHY_EDGE_ROW_18_Left_127,VPWR,li1,6.2100,62.5600,1.800000
PHY_EDGE_ROW_17_Left_126,VPWR,li1,6.2100,57.1200,1.800000
PHY_EDGE_ROW_16_Left_125,VPWR,li1,6.2100,57.1200,1.800000
PHY_EDGE_ROW_15_Left_124,VPWR,li1,6.2100,51.6800,1.800000
PHY_EDGE_ROW_14_Left_123,VPWR,li1,6.2100,51.6800,1.800000
PHY_EDGE_ROW_13_Left_122,VPWR,li1,6.2100,46.2400,1.800000
PHY_EDGE_ROW_12_Left_121,VPWR,li1,6.2100,46.2400,1.800000
PHY_EDGE_ROW_11_Left_120,VPWR,li1,6.2100,40.8000,1.800000
PHY_EDGE_ROW_10_Left_119,VPWR,li1,6.2100,40.8000,1.800000
PHY_EDGE_ROW_9_Left_118,VPWR,li1,6.2100,35.3600,1.800000
PHY_EDGE_ROW_8_Left_117,VPWR,li1,6.2100,35.3600,1.800000
PHY_EDGE_ROW_7_Left_116,VPWR,li1,6.2100,29.9200,1.800000
PHY_EDGE_ROW_6_Left_115,VPWR,li1,6.2100,29.9200,1.800000
PHY_EDGE_ROW_5_Left_114,VPWR,li1,6.2100,24.4800,1.800000
PHY_EDGE_ROW_4_Left_113,VPWR,li1,6.2100,24.4800,1.800000
PHY_EDGE_ROW_3_Left_112,VPWR,li1,6.2100,19.0400,1.800000
PHY_EDGE_ROW_2_Left_111,VPWR,li1,6.2100,19.0400,1.800000
PHY_EDGE_ROW_1_Left_110,VPWR,li1,6.2100,13.6000,1.800000
PHY_EDGE_ROW_0_Left_109,VPWR,li1,6.2100,13.6000,1.800000
PHY_EDGE_ROW_108_Right_108,VPWR,li1,313.4900,307.3600,1.799915
PHY_EDGE_ROW_107_Right_107,VPWR,li1,313.4900,301.9200,1.799976
PHY_EDGE_ROW_106_Right_106,VPWR,li1,313.4900,301.9200,1.799976
PHY_EDGE_ROW_105_Right_105,VPWR,li1,313.4900,296.4800,1.800000
PHY_EDGE_ROW_104_Right_104,VPWR,li1,313.4900,296.4800,1.800000
PHY_EDGE_ROW_103_Right_103,VPWR,li1,313.4900,291.0400,1.800000
PHY_EDGE_ROW_102_Right_102,VPWR,li1,313.4900,291.0400,1.800000
PHY_EDGE_ROW_101_Right_101,VPWR,li1,313.4900,285.6000,1.800000
PHY_EDGE_ROW_100_Right_100,VPWR,li1,313.4900,285.6000,1.800000
PHY_EDGE_ROW_99_Right_99,VPWR,li1,313.4900,280.1600,1.800000
PHY_EDGE_ROW_98_Right_98,VPWR,li1,313.4900,280.1600,1.800000
PHY_EDGE_ROW_97_Right_97,VPWR,li1,313.4900,274.7200,1.800000
PHY_EDGE_ROW_96_Right_96,VPWR,li1,313.4900,274.7200,1.800000
PHY_EDGE_ROW_95_Right_95,VPWR,li1,313.4900,269.2800,1.800000
PHY_EDGE_ROW_94_Right_94,VPWR,li1,313.4900,269.2800,1.800000
PHY_EDGE_ROW_93_Right_93,VPWR,li1,313.4900,263.8400,1.800000
PHY_EDGE_ROW_92_Right_92,VPWR,li1,313.4900,263.8400,1.800000
PHY_EDGE_ROW_91_Right_91,VPWR,li1,313.4900,258.4000,1.800000
PHY_EDGE_ROW_90_Right_90,VPWR,li1,313.4900,258.4000,1.800000
PHY_EDGE_ROW_89_Right_89,VPWR,li1,313.4900,252.9600,1.800000
PHY_EDGE_ROW_88_Right_88,VPWR,li1,313.4900,252.9600,1.800000
PHY_EDGE_ROW_87_Right_87,VPWR,li1,313.4900,247.5200,1.800000
PHY_EDGE_ROW_86_Right_86,VPWR,li1,313.4900,247.5200,1.800000
PHY_EDGE_ROW_85_Right_85,VPWR,li1,313.4900,242.0800,1.800000
PHY_EDGE_ROW_84_Right_84,VPWR,li1,313.4900,242.0800,1.800000
PHY_EDGE_ROW_83_Right_83,VPWR,li1,313.4900,236.6400,1.800000
PHY_EDGE_ROW_82_Right_82,VPWR,li1,313.4900,236.6400,1.800000
PHY_EDGE_ROW_81_Right_81,VPWR,li1,313.4900,231.2000,1.800000
PHY_EDGE_ROW_80_Right_80,VPWR,li1,313.4900,231.2000,1.800000
PHY_EDGE_ROW_79_Right_79,VPWR,li1,313.4900,225.7600,1.800000
PHY_EDGE_ROW_78_Right_78,VPWR,li1,313.4900,225.7600,1.800000
PHY_EDGE_ROW_77_Right_77,VPWR,li1,313.4900,220.3200,1.800000
PHY_EDGE_ROW_76_Right_76,VPWR,li1,313.4900,220.3200,1.800000
PHY_EDGE_ROW_75_Right_75,VPWR,li1,313.4900,214.8800,1.800000
PHY_EDGE_ROW_74_Right_74,VPWR,li1,313.4900,214.8800,1.800000
PHY_EDGE_ROW_73_Right_73,VPWR,li1,313.4900,209.4400,1.800000
PHY_EDGE_ROW_72_Right_72,VPWR,li1,313.4900,209.4400,1.800000
PHY_EDGE_ROW_71_Right_71,VPWR,li1,313.4900,204.0000,1.800000
PHY_EDGE_ROW_70_Right_70,VPWR,li1,313.4900,204.0000,1.800000
PHY_EDGE_ROW_69_Right_69,VPWR,li1,313.4900,198.5600,1.800000
PHY_EDGE_ROW_68_Right_68,VPWR,li1,313.4900,198.5600,1.800000
PHY_EDGE_ROW_67_Right_67,VPWR,li1,313.4900,193.1200,1.800000
PHY_EDGE_ROW_66_Right_66,VPWR,li1,313.4900,193.1200,1.800000
PHY_EDGE_ROW_65_Right_65,VPWR,li1,313.4900,187.6800,1.800000
PHY_EDGE_ROW_64_Right_64,VPWR,li1,313.4900,187.6800,1.800000
PHY_EDGE_ROW_63_Right_63,VPWR,li1,313.4900,182.2400,1.800000
PHY_EDGE_ROW_62_Right_62,VPWR,li1,313.4900,182.2400,1.800000
PHY_EDGE_ROW_61_Right_61,VPWR,li1,313.4900,176.8000,1.800000
PHY_EDGE_ROW_60_Right_60,VPWR,li1,313.4900,176.8000,1.800000
PHY_EDGE_ROW_59_Right_59,VPWR,li1,313.4900,171.3600,1.800000
PHY_EDGE_ROW_58_Right_58,VPWR,li1,313.4900,171.3600,1.800000
PHY_EDGE_ROW_57_Right_57,VPWR,li1,313.4900,165.9200,1.800000
PHY_EDGE_ROW_56_Right_56,VPWR,li1,313.4900,165.9200,1.800000
PHY_EDGE_ROW_55_Right_55,VPWR,li1,313.4900,160.4800,1.800000
PHY_EDGE_ROW_54_Right_54,VPWR,li1,313.4900,160.4800,1.800000
PHY_EDGE_ROW_53_Right_53,VPWR,li1,313.4900,155.0400,1.800000
PHY_EDGE_ROW_52_Right_52,VPWR,li1,313.4900,155.0400,1.800000
PHY_EDGE_ROW_51_Right_51,VPWR,li1,313.4900,149.6000,1.800000
PHY_EDGE_ROW_50_Right_50,VPWR,li1,313.4900,149.6000,1.800000
PHY_EDGE_ROW_49_Right_49,VPWR,li1,313.4900,144.1600,1.800000
PHY_EDGE_ROW_48_Right_48,VPWR,li1,313.4900,144.1600,1.800000
PHY_EDGE_ROW_47_Right_47,VPWR,li1,313.4900,138.7200,1.800000
PHY_EDGE_ROW_46_Right_46,VPWR,li1,313.4900,138.7200,1.800000
PHY_EDGE_ROW_45_Right_45,VPWR,li1,313.4900,133.2800,1.800000
PHY_EDGE_ROW_44_Right_44,VPWR,li1,313.4900,133.2800,1.800000
PHY_EDGE_ROW_43_Right_43,VPWR,li1,313.4900,127.8400,1.800000
PHY_EDGE_ROW_42_Right_42,VPWR,li1,313.4900,127.8400,1.800000
PHY_EDGE_ROW_41_Right_41,VPWR,li1,313.4900,122.4000,1.800000
PHY_EDGE_ROW_40_Right_40,VPWR,li1,313.4900,122.4000,1.800000
PHY_EDGE_ROW_39_Right_39,VPWR,li1,313.4900,116.9600,1.800000
PHY_EDGE_ROW_38_Right_38,VPWR,li1,313.4900,116.9600,1.800000
PHY_EDGE_ROW_37_Right_37,VPWR,li1,313.4900,111.5200,1.800000
PHY_EDGE_ROW_36_Right_36,VPWR,li1,313.4900,111.5200,1.800000
PHY_EDGE_ROW_35_Right_35,VPWR,li1,313.4900,106.0800,1.800000
PHY_EDGE_ROW_34_Right_34,VPWR,li1,313.4900,106.0800,1.800000
PHY_EDGE_ROW_33_Right_33,VPWR,li1,313.4900,100.6400,1.800000
PHY_EDGE_ROW_32_Right_32,VPWR,li1,313.4900,100.6400,1.800000
PHY_EDGE_ROW_31_Right_31,VPWR,li1,313.4900,95.2000,1.800000
PHY_EDGE_ROW_30_Right_30,VPWR,li1,313.4900,95.2000,1.800000
PHY_EDGE_ROW_29_Right_29,VPWR,li1,313.4900,89.7600,1.800000
PHY_EDGE_ROW_28_Right_28,VPWR,li1,313.4900,89.7600,1.800000
PHY_EDGE_ROW_27_Right_27,VPWR,li1,313.4900,84.3200,1.800000
PHY_EDGE_ROW_26_Right_26,VPWR,li1,313.4900,84.3200,1.800000
PHY_EDGE_ROW_25_Right_25,VPWR,li1,313.4900,78.8800,1.800000
PHY_EDGE_ROW_24_Right_24,VPWR,li1,313.4900,78.8800,1.800000
PHY_EDGE_ROW_23_Right_23,VPWR,li1,313.4900,73.4400,1.800000
PHY_EDGE_ROW_22_Right_22,VPWR,li1,313.4900,73.4400,1.800000
PHY_EDGE_ROW_21_Right_21,VPWR,li1,313.4900,68.0000,1.800000
PHY_EDGE_ROW_20_Right_20,VPWR,li1,313.4900,68.0000,1.800000
PHY_EDGE_ROW_19_Right_19,VPWR,li1,313.4900,62.5600,1.800000
PHY_EDGE_ROW_18_Right_18,VPWR,li1,313.4900,62.5600,1.800000
PHY_EDGE_ROW_17_Right_17,VPWR,li1,313.4900,57.1200,1.800000
PHY_EDGE_ROW_16_Right_16,VPWR,li1,313.4900,57.1200,1.800000
PHY_EDGE_ROW_15_Right_15,VPWR,li1,313.4900,51.6800,1.800000
PHY_EDGE_ROW_14_Right_14,VPWR,li1,313.4900,51.6800,1.800000
PHY_EDGE_ROW_13_Right_13,VPWR,li1,313.4900,46.2400,1.800000
PHY_EDGE_ROW_12_Right_12,VPWR,li1,313.4900,46.2400,1.800000
PHY_EDGE_ROW_11_Right_11,VPWR,li1,313.4900,40.8000,1.800000
PHY_EDGE_ROW_10_Right_10,VPWR,li1,313.4900,40.8000,1.800000
PHY_EDGE_ROW_9_Right_9,VPWR,li1,313.4900,35.3600,1.800000
PHY_EDGE_ROW_8_Right_8,VPWR,li1,313.4900,35.3600,1.800000
PHY_EDGE_ROW_7_Right_7,VPWR,li1,313.4900,29.9200,1.800000
PHY_EDGE_ROW_6_Right_6,VPWR,li1,313.4900,29.9200,1.800000
PHY_EDGE_ROW_5_Right_5,VPWR,li1,313.4900,24.4800,1.800000
PHY_EDGE_ROW_4_Right_4,VPWR,li1,313.4900,24.4800,1.800000
PHY_EDGE_ROW_3_Right_3,VPWR,li1,313.4900,19.0400,1.800000
PHY_EDGE_ROW_2_Right_2,VPWR,li1,313.4900,19.0400,1.800000
PHY_EDGE_ROW_1_Right_1,VPWR,li1,313.4900,13.6000,1.800000
PHY_EDGE_ROW_0_Right_0,VPWR,li1,313.4900,13.6000,1.800000
_79_,VPWR,li1,154.5600,301.9200,1.799933
_78_,VPWR,li1,151.3400,301.9200,1.799933
