
40. Executing PROC_DLATCH pass (convert process syncs to latches).
No latch inferred for signal `\soc_top.\mem_read_data' from process `\soc_top.$proc$/work/rtl/soc_top.sv:0$11'.
No latch inferred for signal `\soc_top.\accel_read_data' from process `\soc_top.$proc$/work/rtl/soc_top.sv:0$9'.
No latch inferred for signal `\if_stage.\i' from process `\if_stage.$proc$/work/rtl/cpu/pipeline/if_stage.sv:0$2166'.
No latch inferred for signal `\if_stage.$memwr$\instruction_memory$/work/rtl/cpu/pipeline/if_stage.sv:22$1648_EN' from process `\if_stage.$proc$/work/rtl/cpu/pipeline/if_stage.sv:0$2166'.
No latch inferred for signal `\if_stage.$memwr$\instruction_memory$/work/rtl/cpu/pipeline/if_stage.sv:22$1649_EN' from process `\if_stage.$proc$/work/rtl/cpu/pipeline/if_stage.sv:0$2166'.
No latch inferred for signal `\if_stage.$memwr$\instruction_memory$/work/rtl/cpu/pipeline/if_stage.sv:22$1650_EN' from process `\if_stage.$proc$/work/rtl/cpu/pipeline/if_stage.sv:0$2166'.
No latch inferred for signal `\if_stage.$memwr$\instruction_memory$/work/rtl/cpu/pipeline/if_stage.sv:22$1651_EN' from process `\if_stage.$proc$/work/rtl/cpu/pipeline/if_stage.sv:0$2166'.
No latch inferred for signal `\if_stage.$memwr$\instruction_memory$/work/rtl/cpu/pipeline/if_stage.sv:22$1652_EN' from process `\if_stage.$proc$/work/rtl/cpu/pipeline/if_stage.sv:0$2166'.
No latch inferred for signal `\if_stage.$memwr$\instruction_memory$/work/rtl/cpu/pipeline/if_stage.sv:22$1653_EN' from process `\if_stage.$proc$/work/rtl/cpu/pipeline/if_stage.sv:0$2166'.
No latch inferred for signal `\if_stage.$memwr$\instruction_memory$/work/rtl/cpu/pipeline/if_stage.sv:22$1654_EN' from process `\if_stage.$proc$/work/rtl/cpu/pipeline/if_stage.sv:0$2166'.
No latch inferred for signal `\if_stage.$memwr$\instruction_memory$/work/rtl/cpu/pipeline/if_stage.sv:22$1655_EN' from process `\if_stage.$proc$/work/rtl/cpu/pipeline/if_stage.sv:0$2166'.
No latch inferred for signal `\if_stage.$memwr$\instruction_memory$/work/rtl/cpu/pipeline/if_stage.sv:22$1656_EN' from process `\if_stage.$proc$/work/rtl/cpu/pipeline/if_stage.sv:0$2166'.
No latch inferred for signal `\if_stage.$memwr$\instruction_memory$/work/rtl/cpu/pipeline/if_stage.sv:22$1657_EN' from process `\if_stage.$proc$/work/rtl/cpu/pipeline/if_stage.sv:0$2166'.
No latch inferred for signal `\if_stage.$memwr$\instruction_memory$/work/rtl/cpu/pipeline/if_stage.sv:22$1658_EN' from process `\if_stage.$proc$/work/rtl/cpu/pipeline/if_stage.sv:0$2166'.
No latch inferred for signal `\if_stage.$memwr$\instruction_memory$/work/rtl/cpu/pipeline/if_stage.sv:22$1659_EN' from process `\if_stage.$proc$/work/rtl/cpu/pipeline/if_stage.sv:0$2166'.
No latch inferred for signal `\if_stage.$memwr$\instruction_memory$/work/rtl/cpu/pipeline/if_stage.sv:22$1660_EN' from process `\if_stage.$proc$/work/rtl/cpu/pipeline/if_stage.sv:0$2166'.
No latch inferred for signal `\if_stage.$memwr$\instruction_memory$/work/rtl/cpu/pipeline/if_stage.sv:22$1661_EN' from process `\if_stage.$proc$/work/rtl/cpu/pipeline/if_stage.sv:0$2166'.
No latch inferred for signal `\if_stage.$memwr$\instruction_memory$/work/rtl/cpu/pipeline/if_stage.sv:22$1662_EN' from process `\if_stage.$proc$/work/rtl/cpu/pipeline/if_stage.sv:0$2166'.
No latch inferred for signal `\if_stage.$memwr$\instruction_memory$/work/rtl/cpu/pipeline/if_stage.sv:22$1663_EN' from process `\if_stage.$proc$/work/rtl/cpu/pipeline/if_stage.sv:0$2166'.
No latch inferred for signal `\if_stage.$memwr$\instruction_memory$/work/rtl/cpu/pipeline/if_stage.sv:22$1664_EN' from process `\if_stage.$proc$/work/rtl/cpu/pipeline/if_stage.sv:0$2166'.
No latch inferred for signal `\if_stage.$memwr$\instruction_memory$/work/rtl/cpu/pipeline/if_stage.sv:22$1665_EN' from process `\if_stage.$proc$/work/rtl/cpu/pipeline/if_stage.sv:0$2166'.
No latch inferred for signal `\if_stage.$memwr$\instruction_memory$/work/rtl/cpu/pipeline/if_stage.sv:22$1666_EN' from process `\if_stage.$proc$/work/rtl/cpu/pipeline/if_stage.sv:0$2166'.
No latch inferred for signal `\if_stage.$memwr$\instruction_memory$/work/rtl/cpu/pipeline/if_stage.sv:22$1667_EN' from process `\if_stage.$proc$/work/rtl/cpu/pipeline/if_stage.sv:0$2166'.
No latch inferred for signal `\if_stage.$memwr$\instruction_memory$/work/rtl/cpu/pipeline/if_stage.sv:22$1668_EN' from process `\if_stage.$proc$/work/rtl/cpu/pipeline/if_stage.sv:0$2166'.
No latch inferred for signal `\if_stage.$memwr$\instruction_memory$/work/rtl/cpu/pipeline/if_stage.sv:22$1669_EN' from process `\if_stage.$proc$/work/rtl/cpu/pipeline/if_stage.sv:0$2166'.
No latch inferred for signal `\if_stage.$memwr$\instruction_memory$/work/rtl/cpu/pipeline/if_stage.sv:22$1670_EN' from process `\if_stage.$proc$/work/rtl/cpu/pipeline/if_stage.sv:0$2166'.
No latch inferred for signal `\if_stage.$memwr$\instruction_memory$/work/rtl/cpu/pipeline/if_stage.sv:22$1671_EN' from process `\if_stage.$proc$/work/rtl/cpu/pipeline/if_stage.sv:0$2166'.
No latch inferred for signal `\if_stage.$memwr$\instruction_memory$/work/rtl/cpu/pipeline/if_stage.sv:22$1672_EN' from process `\if_stage.$proc$/work/rtl/cpu/pipeline/if_stage.sv:0$2166'.
No latch inferred for signal `\if_stage.$memwr$\instruction_memory$/work/rtl/cpu/pipeline/if_stage.sv:22$1673_EN' from process `\if_stage.$proc$/work/rtl/cpu/pipeline/if_stage.sv:0$2166'.
No latch inferred for signal `\if_stage.$memwr$\instruction_memory$/work/rtl/cpu/pipeline/if_stage.sv:22$1674_EN' from process `\if_stage.$proc$/work/rtl/cpu/pipeline/if_stage.sv:0$2166'.
No latch inferred for signal `\if_stage.$memwr$\instruction_memory$/work/rtl/cpu/pipeline/if_stage.sv:22$1675_EN' from process `\if_stage.$proc$/work/rtl/cpu/pipeline/if_stage.sv:0$2166'.
No latch inferred for signal `\if_stage.$memwr$\instruction_memory$/work/rtl/cpu/pipeline/if_stage.sv:22$1676_EN' from process `\if_stage.$proc$/work/rtl/cpu/pipeline/if_stage.sv:0$2166'.
No latch inferred for signal `\if_stage.$memwr$\instruction_memory$/work/rtl/cpu/pipeline/if_stage.sv:22$1677_EN' from process `\if_stage.$proc$/work/rtl/cpu/pipeline/if_stage.sv:0$2166'.
No latch inferred for signal `\if_stage.$memwr$\instruction_memory$/work/rtl/cpu/pipeline/if_stage.sv:22$1678_EN' from process `\if_stage.$proc$/work/rtl/cpu/pipeline/if_stage.sv:0$2166'.
No latch inferred for signal `\if_stage.$memwr$\instruction_memory$/work/rtl/cpu/pipeline/if_stage.sv:22$1679_EN' from process `\if_stage.$proc$/work/rtl/cpu/pipeline/if_stage.sv:0$2166'.
No latch inferred for signal `\if_stage.$memwr$\instruction_memory$/work/rtl/cpu/pipeline/if_stage.sv:22$1680_EN' from process `\if_stage.$proc$/work/rtl/cpu/pipeline/if_stage.sv:0$2166'.
No latch inferred for signal `\if_stage.$memwr$\instruction_memory$/work/rtl/cpu/pipeline/if_stage.sv:22$1681_EN' from process `\if_stage.$proc$/work/rtl/cpu/pipeline/if_stage.sv:0$2166'.
No latch inferred for signal `\if_stage.$memwr$\instruction_memory$/work/rtl/cpu/pipeline/if_stage.sv:22$1682_EN' from process `\if_stage.$proc$/work/rtl/cpu/pipeline/if_stage.sv:0$2166'.
No latch inferred for signal `\if_stage.$memwr$\instruction_memory$/work/rtl/cpu/pipeline/if_stage.sv:22$1683_EN' from process `\if_stage.$proc$/work/rtl/cpu/pipeline/if_stage.sv:0$2166'.
No latch inferred for signal `\if_stage.$memwr$\instruction_memory$/work/rtl/cpu/pipeline/if_stage.sv:22$1684_EN' from process `\if_stage.$proc$/work/rtl/cpu/pipeline/if_stage.sv:0$2166'.
No latch inferred for signal `\if_stage.$memwr$\instruction_memory$/work/rtl/cpu/pipeline/if_stage.sv:22$1685_EN' from process `\if_stage.$proc$/work/rtl/cpu/pipeline/if_stage.sv:0$2166'.
No latch inferred for signal `\if_stage.$memwr$\instruction_memory$/work/rtl/cpu/pipeline/if_stage.sv:22$1686_EN' from process `\if_stage.$proc$/work/rtl/cpu/pipeline/if_stage.sv:0$2166'.
No latch inferred for signal `\if_stage.$memwr$\instruction_memory$/work/rtl/cpu/pipeline/if_stage.sv:22$1687_EN' from process `\if_stage.$proc$/work/rtl/cpu/pipeline/if_stage.sv:0$2166'.
No latch inferred for signal `\if_stage.$memwr$\instruction_memory$/work/rtl/cpu/pipeline/if_stage.sv:22$1688_EN' from process `\if_stage.$proc$/work/rtl/cpu/pipeline/if_stage.sv:0$2166'.
No latch inferred for signal `\if_stage.$memwr$\instruction_memory$/work/rtl/cpu/pipeline/if_stage.sv:22$1689_EN' from process `\if_stage.$proc$/work/rtl/cpu/pipeline/if_stage.sv:0$2166'.
No latch inferred for signal `\if_stage.$memwr$\instruction_memory$/work/rtl/cpu/pipeline/if_stage.sv:22$1690_EN' from process `\if_stage.$proc$/work/rtl/cpu/pipeline/if_stage.sv:0$2166'.
No latch inferred for signal `\if_stage.$memwr$\instruction_memory$/work/rtl/cpu/pipeline/if_stage.sv:22$1691_EN' from process `\if_stage.$proc$/work/rtl/cpu/pipeline/if_stage.sv:0$2166'.
No latch inferred for signal `\if_stage.$memwr$\instruction_memory$/work/rtl/cpu/pipeline/if_stage.sv:22$1692_EN' from process `\if_stage.$proc$/work/rtl/cpu/pipeline/if_stage.sv:0$2166'.
No latch inferred for signal `\if_stage.$memwr$\instruction_memory$/work/rtl/cpu/pipeline/if_stage.sv:22$1693_EN' from process `\if_stage.$proc$/work/rtl/cpu/pipeline/if_stage.sv:0$2166'.
No latch inferred for signal `\if_stage.$memwr$\instruction_memory$/work/rtl/cpu/pipeline/if_stage.sv:22$1694_EN' from process `\if_stage.$proc$/work/rtl/cpu/pipeline/if_stage.sv:0$2166'.
No latch inferred for signal `\if_stage.$memwr$\instruction_memory$/work/rtl/cpu/pipeline/if_stage.sv:22$1695_EN' from process `\if_stage.$proc$/work/rtl/cpu/pipeline/if_stage.sv:0$2166'.
No latch inferred for signal `\if_stage.$memwr$\instruction_memory$/work/rtl/cpu/pipeline/if_stage.sv:22$1696_EN' from process `\if_stage.$proc$/work/rtl/cpu/pipeline/if_stage.sv:0$2166'.
No latch inferred for signal `\if_stage.$memwr$\instruction_memory$/work/rtl/cpu/pipeline/if_stage.sv:22$1697_EN' from process `\if_stage.$proc$/work/rtl/cpu/pipeline/if_stage.sv:0$2166'.
No latch inferred for signal `\if_stage.$memwr$\instruction_memory$/work/rtl/cpu/pipeline/if_stage.sv:22$1698_EN' from process `\if_stage.$proc$/work/rtl/cpu/pipeline/if_stage.sv:0$2166'.
No latch inferred for signal `\if_stage.$memwr$\instruction_memory$/work/rtl/cpu/pipeline/if_stage.sv:22$1699_EN' from process `\if_stage.$proc$/work/rtl/cpu/pipeline/if_stage.sv:0$2166'.
No latch inferred for signal `\if_stage.$memwr$\instruction_memory$/work/rtl/cpu/pipeline/if_stage.sv:22$1700_EN' from process `\if_stage.$proc$/work/rtl/cpu/pipeline/if_stage.sv:0$2166'.
No latch inferred for signal `\if_stage.$memwr$\instruction_memory$/work/rtl/cpu/pipeline/if_stage.sv:22$1701_EN' from process `\if_stage.$proc$/work/rtl/cpu/pipeline/if_stage.sv:0$2166'.
No latch inferred for signal `\if_stage.$memwr$\instruction_memory$/work/rtl/cpu/pipeline/if_stage.sv:22$1702_EN' from process `\if_stage.$proc$/work/rtl/cpu/pipeline/if_stage.sv:0$2166'.
No latch inferred for signal `\if_stage.$memwr$\instruction_memory$/work/rtl/cpu/pipeline/if_stage.sv:22$1703_EN' from process `\if_stage.$proc$/work/rtl/cpu/pipeline/if_stage.sv:0$2166'.
No latch inferred for signal `\if_stage.$memwr$\instruction_memory$/work/rtl/cpu/pipeline/if_stage.sv:22$1704_EN' from process `\if_stage.$proc$/work/rtl/cpu/pipeline/if_stage.sv:0$2166'.
No latch inferred for signal `\if_stage.$memwr$\instruction_memory$/work/rtl/cpu/pipeline/if_stage.sv:22$1705_EN' from process `\if_stage.$proc$/work/rtl/cpu/pipeline/if_stage.sv:0$2166'.
No latch inferred for signal `\if_stage.$memwr$\instruction_memory$/work/rtl/cpu/pipeline/if_stage.sv:22$1706_EN' from process `\if_stage.$proc$/work/rtl/cpu/pipeline/if_stage.sv:0$2166'.
No latch inferred for signal `\if_stage.$memwr$\instruction_memory$/work/rtl/cpu/pipeline/if_stage.sv:22$1707_EN' from process `\if_stage.$proc$/work/rtl/cpu/pipeline/if_stage.sv:0$2166'.
No latch inferred for signal `\if_stage.$memwr$\instruction_memory$/work/rtl/cpu/pipeline/if_stage.sv:22$1708_EN' from process `\if_stage.$proc$/work/rtl/cpu/pipeline/if_stage.sv:0$2166'.
No latch inferred for signal `\if_stage.$memwr$\instruction_memory$/work/rtl/cpu/pipeline/if_stage.sv:22$1709_EN' from process `\if_stage.$proc$/work/rtl/cpu/pipeline/if_stage.sv:0$2166'.
No latch inferred for signal `\if_stage.$memwr$\instruction_memory$/work/rtl/cpu/pipeline/if_stage.sv:22$1710_EN' from process `\if_stage.$proc$/work/rtl/cpu/pipeline/if_stage.sv:0$2166'.
No latch inferred for signal `\if_stage.$memwr$\instruction_memory$/work/rtl/cpu/pipeline/if_stage.sv:22$1711_EN' from process `\if_stage.$proc$/work/rtl/cpu/pipeline/if_stage.sv:0$2166'.
No latch inferred for signal `\if_stage.$memwr$\instruction_memory$/work/rtl/cpu/pipeline/if_stage.sv:22$1712_EN' from process `\if_stage.$proc$/work/rtl/cpu/pipeline/if_stage.sv:0$2166'.
No latch inferred for signal `\if_stage.$memwr$\instruction_memory$/work/rtl/cpu/pipeline/if_stage.sv:22$1713_EN' from process `\if_stage.$proc$/work/rtl/cpu/pipeline/if_stage.sv:0$2166'.
No latch inferred for signal `\if_stage.$memwr$\instruction_memory$/work/rtl/cpu/pipeline/if_stage.sv:22$1714_EN' from process `\if_stage.$proc$/work/rtl/cpu/pipeline/if_stage.sv:0$2166'.
No latch inferred for signal `\if_stage.$memwr$\instruction_memory$/work/rtl/cpu/pipeline/if_stage.sv:22$1715_EN' from process `\if_stage.$proc$/work/rtl/cpu/pipeline/if_stage.sv:0$2166'.
No latch inferred for signal `\if_stage.$memwr$\instruction_memory$/work/rtl/cpu/pipeline/if_stage.sv:22$1716_EN' from process `\if_stage.$proc$/work/rtl/cpu/pipeline/if_stage.sv:0$2166'.
No latch inferred for signal `\if_stage.$memwr$\instruction_memory$/work/rtl/cpu/pipeline/if_stage.sv:22$1717_EN' from process `\if_stage.$proc$/work/rtl/cpu/pipeline/if_stage.sv:0$2166'.
No latch inferred for signal `\if_stage.$memwr$\instruction_memory$/work/rtl/cpu/pipeline/if_stage.sv:22$1718_EN' from process `\if_stage.$proc$/work/rtl/cpu/pipeline/if_stage.sv:0$2166'.
No latch inferred for signal `\if_stage.$memwr$\instruction_memory$/work/rtl/cpu/pipeline/if_stage.sv:22$1719_EN' from process `\if_stage.$proc$/work/rtl/cpu/pipeline/if_stage.sv:0$2166'.
No latch inferred for signal `\if_stage.$memwr$\instruction_memory$/work/rtl/cpu/pipeline/if_stage.sv:22$1720_EN' from process `\if_stage.$proc$/work/rtl/cpu/pipeline/if_stage.sv:0$2166'.
No latch inferred for signal `\if_stage.$memwr$\instruction_memory$/work/rtl/cpu/pipeline/if_stage.sv:22$1721_EN' from process `\if_stage.$proc$/work/rtl/cpu/pipeline/if_stage.sv:0$2166'.
No latch inferred for signal `\if_stage.$memwr$\instruction_memory$/work/rtl/cpu/pipeline/if_stage.sv:22$1722_EN' from process `\if_stage.$proc$/work/rtl/cpu/pipeline/if_stage.sv:0$2166'.
No latch inferred for signal `\if_stage.$memwr$\instruction_memory$/work/rtl/cpu/pipeline/if_stage.sv:22$1723_EN' from process `\if_stage.$proc$/work/rtl/cpu/pipeline/if_stage.sv:0$2166'.
No latch inferred for signal `\if_stage.$memwr$\instruction_memory$/work/rtl/cpu/pipeline/if_stage.sv:22$1724_EN' from process `\if_stage.$proc$/work/rtl/cpu/pipeline/if_stage.sv:0$2166'.
No latch inferred for signal `\if_stage.$memwr$\instruction_memory$/work/rtl/cpu/pipeline/if_stage.sv:22$1725_EN' from process `\if_stage.$proc$/work/rtl/cpu/pipeline/if_stage.sv:0$2166'.
No latch inferred for signal `\if_stage.$memwr$\instruction_memory$/work/rtl/cpu/pipeline/if_stage.sv:22$1726_EN' from process `\if_stage.$proc$/work/rtl/cpu/pipeline/if_stage.sv:0$2166'.
No latch inferred for signal `\if_stage.$memwr$\instruction_memory$/work/rtl/cpu/pipeline/if_stage.sv:22$1727_EN' from process `\if_stage.$proc$/work/rtl/cpu/pipeline/if_stage.sv:0$2166'.
No latch inferred for signal `\if_stage.$memwr$\instruction_memory$/work/rtl/cpu/pipeline/if_stage.sv:22$1728_EN' from process `\if_stage.$proc$/work/rtl/cpu/pipeline/if_stage.sv:0$2166'.
No latch inferred for signal `\if_stage.$memwr$\instruction_memory$/work/rtl/cpu/pipeline/if_stage.sv:22$1729_EN' from process `\if_stage.$proc$/work/rtl/cpu/pipeline/if_stage.sv:0$2166'.
No latch inferred for signal `\if_stage.$memwr$\instruction_memory$/work/rtl/cpu/pipeline/if_stage.sv:22$1730_EN' from process `\if_stage.$proc$/work/rtl/cpu/pipeline/if_stage.sv:0$2166'.
No latch inferred for signal `\if_stage.$memwr$\instruction_memory$/work/rtl/cpu/pipeline/if_stage.sv:22$1731_EN' from process `\if_stage.$proc$/work/rtl/cpu/pipeline/if_stage.sv:0$2166'.
No latch inferred for signal `\if_stage.$memwr$\instruction_memory$/work/rtl/cpu/pipeline/if_stage.sv:22$1732_EN' from process `\if_stage.$proc$/work/rtl/cpu/pipeline/if_stage.sv:0$2166'.
No latch inferred for signal `\if_stage.$memwr$\instruction_memory$/work/rtl/cpu/pipeline/if_stage.sv:22$1733_EN' from process `\if_stage.$proc$/work/rtl/cpu/pipeline/if_stage.sv:0$2166'.
No latch inferred for signal `\if_stage.$memwr$\instruction_memory$/work/rtl/cpu/pipeline/if_stage.sv:22$1734_EN' from process `\if_stage.$proc$/work/rtl/cpu/pipeline/if_stage.sv:0$2166'.
No latch inferred for signal `\if_stage.$memwr$\instruction_memory$/work/rtl/cpu/pipeline/if_stage.sv:22$1735_EN' from process `\if_stage.$proc$/work/rtl/cpu/pipeline/if_stage.sv:0$2166'.
No latch inferred for signal `\if_stage.$memwr$\instruction_memory$/work/rtl/cpu/pipeline/if_stage.sv:22$1736_EN' from process `\if_stage.$proc$/work/rtl/cpu/pipeline/if_stage.sv:0$2166'.
No latch inferred for signal `\if_stage.$memwr$\instruction_memory$/work/rtl/cpu/pipeline/if_stage.sv:22$1737_EN' from process `\if_stage.$proc$/work/rtl/cpu/pipeline/if_stage.sv:0$2166'.
No latch inferred for signal `\if_stage.$memwr$\instruction_memory$/work/rtl/cpu/pipeline/if_stage.sv:22$1738_EN' from process `\if_stage.$proc$/work/rtl/cpu/pipeline/if_stage.sv:0$2166'.
No latch inferred for signal `\if_stage.$memwr$\instruction_memory$/work/rtl/cpu/pipeline/if_stage.sv:22$1739_EN' from process `\if_stage.$proc$/work/rtl/cpu/pipeline/if_stage.sv:0$2166'.
No latch inferred for signal `\if_stage.$memwr$\instruction_memory$/work/rtl/cpu/pipeline/if_stage.sv:22$1740_EN' from process `\if_stage.$proc$/work/rtl/cpu/pipeline/if_stage.sv:0$2166'.
No latch inferred for signal `\if_stage.$memwr$\instruction_memory$/work/rtl/cpu/pipeline/if_stage.sv:22$1741_EN' from process `\if_stage.$proc$/work/rtl/cpu/pipeline/if_stage.sv:0$2166'.
No latch inferred for signal `\if_stage.$memwr$\instruction_memory$/work/rtl/cpu/pipeline/if_stage.sv:22$1742_EN' from process `\if_stage.$proc$/work/rtl/cpu/pipeline/if_stage.sv:0$2166'.
No latch inferred for signal `\if_stage.$memwr$\instruction_memory$/work/rtl/cpu/pipeline/if_stage.sv:22$1743_EN' from process `\if_stage.$proc$/work/rtl/cpu/pipeline/if_stage.sv:0$2166'.
No latch inferred for signal `\if_stage.$memwr$\instruction_memory$/work/rtl/cpu/pipeline/if_stage.sv:22$1744_EN' from process `\if_stage.$proc$/work/rtl/cpu/pipeline/if_stage.sv:0$2166'.
No latch inferred for signal `\if_stage.$memwr$\instruction_memory$/work/rtl/cpu/pipeline/if_stage.sv:22$1745_EN' from process `\if_stage.$proc$/work/rtl/cpu/pipeline/if_stage.sv:0$2166'.
No latch inferred for signal `\if_stage.$memwr$\instruction_memory$/work/rtl/cpu/pipeline/if_stage.sv:22$1746_EN' from process `\if_stage.$proc$/work/rtl/cpu/pipeline/if_stage.sv:0$2166'.
No latch inferred for signal `\if_stage.$memwr$\instruction_memory$/work/rtl/cpu/pipeline/if_stage.sv:22$1747_EN' from process `\if_stage.$proc$/work/rtl/cpu/pipeline/if_stage.sv:0$2166'.
No latch inferred for signal `\if_stage.$memwr$\instruction_memory$/work/rtl/cpu/pipeline/if_stage.sv:22$1748_EN' from process `\if_stage.$proc$/work/rtl/cpu/pipeline/if_stage.sv:0$2166'.
No latch inferred for signal `\if_stage.$memwr$\instruction_memory$/work/rtl/cpu/pipeline/if_stage.sv:22$1749_EN' from process `\if_stage.$proc$/work/rtl/cpu/pipeline/if_stage.sv:0$2166'.
No latch inferred for signal `\if_stage.$memwr$\instruction_memory$/work/rtl/cpu/pipeline/if_stage.sv:22$1750_EN' from process `\if_stage.$proc$/work/rtl/cpu/pipeline/if_stage.sv:0$2166'.
No latch inferred for signal `\if_stage.$memwr$\instruction_memory$/work/rtl/cpu/pipeline/if_stage.sv:22$1751_EN' from process `\if_stage.$proc$/work/rtl/cpu/pipeline/if_stage.sv:0$2166'.
No latch inferred for signal `\if_stage.$memwr$\instruction_memory$/work/rtl/cpu/pipeline/if_stage.sv:22$1752_EN' from process `\if_stage.$proc$/work/rtl/cpu/pipeline/if_stage.sv:0$2166'.
No latch inferred for signal `\if_stage.$memwr$\instruction_memory$/work/rtl/cpu/pipeline/if_stage.sv:22$1753_EN' from process `\if_stage.$proc$/work/rtl/cpu/pipeline/if_stage.sv:0$2166'.
No latch inferred for signal `\if_stage.$memwr$\instruction_memory$/work/rtl/cpu/pipeline/if_stage.sv:22$1754_EN' from process `\if_stage.$proc$/work/rtl/cpu/pipeline/if_stage.sv:0$2166'.
No latch inferred for signal `\if_stage.$memwr$\instruction_memory$/work/rtl/cpu/pipeline/if_stage.sv:22$1755_EN' from process `\if_stage.$proc$/work/rtl/cpu/pipeline/if_stage.sv:0$2166'.
No latch inferred for signal `\if_stage.$memwr$\instruction_memory$/work/rtl/cpu/pipeline/if_stage.sv:22$1756_EN' from process `\if_stage.$proc$/work/rtl/cpu/pipeline/if_stage.sv:0$2166'.
No latch inferred for signal `\if_stage.$memwr$\instruction_memory$/work/rtl/cpu/pipeline/if_stage.sv:22$1757_EN' from process `\if_stage.$proc$/work/rtl/cpu/pipeline/if_stage.sv:0$2166'.
No latch inferred for signal `\if_stage.$memwr$\instruction_memory$/work/rtl/cpu/pipeline/if_stage.sv:22$1758_EN' from process `\if_stage.$proc$/work/rtl/cpu/pipeline/if_stage.sv:0$2166'.
No latch inferred for signal `\if_stage.$memwr$\instruction_memory$/work/rtl/cpu/pipeline/if_stage.sv:22$1759_EN' from process `\if_stage.$proc$/work/rtl/cpu/pipeline/if_stage.sv:0$2166'.
No latch inferred for signal `\if_stage.$memwr$\instruction_memory$/work/rtl/cpu/pipeline/if_stage.sv:22$1760_EN' from process `\if_stage.$proc$/work/rtl/cpu/pipeline/if_stage.sv:0$2166'.
No latch inferred for signal `\if_stage.$memwr$\instruction_memory$/work/rtl/cpu/pipeline/if_stage.sv:22$1761_EN' from process `\if_stage.$proc$/work/rtl/cpu/pipeline/if_stage.sv:0$2166'.
No latch inferred for signal `\if_stage.$memwr$\instruction_memory$/work/rtl/cpu/pipeline/if_stage.sv:22$1762_EN' from process `\if_stage.$proc$/work/rtl/cpu/pipeline/if_stage.sv:0$2166'.
No latch inferred for signal `\if_stage.$memwr$\instruction_memory$/work/rtl/cpu/pipeline/if_stage.sv:22$1763_EN' from process `\if_stage.$proc$/work/rtl/cpu/pipeline/if_stage.sv:0$2166'.
No latch inferred for signal `\if_stage.$memwr$\instruction_memory$/work/rtl/cpu/pipeline/if_stage.sv:22$1764_EN' from process `\if_stage.$proc$/work/rtl/cpu/pipeline/if_stage.sv:0$2166'.
No latch inferred for signal `\if_stage.$memwr$\instruction_memory$/work/rtl/cpu/pipeline/if_stage.sv:22$1765_EN' from process `\if_stage.$proc$/work/rtl/cpu/pipeline/if_stage.sv:0$2166'.
No latch inferred for signal `\if_stage.$memwr$\instruction_memory$/work/rtl/cpu/pipeline/if_stage.sv:22$1766_EN' from process `\if_stage.$proc$/work/rtl/cpu/pipeline/if_stage.sv:0$2166'.
No latch inferred for signal `\if_stage.$memwr$\instruction_memory$/work/rtl/cpu/pipeline/if_stage.sv:22$1767_EN' from process `\if_stage.$proc$/work/rtl/cpu/pipeline/if_stage.sv:0$2166'.
No latch inferred for signal `\if_stage.$memwr$\instruction_memory$/work/rtl/cpu/pipeline/if_stage.sv:22$1768_EN' from process `\if_stage.$proc$/work/rtl/cpu/pipeline/if_stage.sv:0$2166'.
No latch inferred for signal `\if_stage.$memwr$\instruction_memory$/work/rtl/cpu/pipeline/if_stage.sv:22$1769_EN' from process `\if_stage.$proc$/work/rtl/cpu/pipeline/if_stage.sv:0$2166'.
No latch inferred for signal `\if_stage.$memwr$\instruction_memory$/work/rtl/cpu/pipeline/if_stage.sv:22$1770_EN' from process `\if_stage.$proc$/work/rtl/cpu/pipeline/if_stage.sv:0$2166'.
No latch inferred for signal `\if_stage.$memwr$\instruction_memory$/work/rtl/cpu/pipeline/if_stage.sv:22$1771_EN' from process `\if_stage.$proc$/work/rtl/cpu/pipeline/if_stage.sv:0$2166'.
No latch inferred for signal `\if_stage.$memwr$\instruction_memory$/work/rtl/cpu/pipeline/if_stage.sv:22$1772_EN' from process `\if_stage.$proc$/work/rtl/cpu/pipeline/if_stage.sv:0$2166'.
No latch inferred for signal `\if_stage.$memwr$\instruction_memory$/work/rtl/cpu/pipeline/if_stage.sv:22$1773_EN' from process `\if_stage.$proc$/work/rtl/cpu/pipeline/if_stage.sv:0$2166'.
No latch inferred for signal `\if_stage.$memwr$\instruction_memory$/work/rtl/cpu/pipeline/if_stage.sv:22$1774_EN' from process `\if_stage.$proc$/work/rtl/cpu/pipeline/if_stage.sv:0$2166'.
No latch inferred for signal `\if_stage.$memwr$\instruction_memory$/work/rtl/cpu/pipeline/if_stage.sv:22$1775_EN' from process `\if_stage.$proc$/work/rtl/cpu/pipeline/if_stage.sv:0$2166'.
No latch inferred for signal `\if_stage.$memwr$\instruction_memory$/work/rtl/cpu/pipeline/if_stage.sv:22$1776_EN' from process `\if_stage.$proc$/work/rtl/cpu/pipeline/if_stage.sv:0$2166'.
No latch inferred for signal `\if_stage.$memwr$\instruction_memory$/work/rtl/cpu/pipeline/if_stage.sv:22$1777_EN' from process `\if_stage.$proc$/work/rtl/cpu/pipeline/if_stage.sv:0$2166'.
No latch inferred for signal `\if_stage.$memwr$\instruction_memory$/work/rtl/cpu/pipeline/if_stage.sv:22$1778_EN' from process `\if_stage.$proc$/work/rtl/cpu/pipeline/if_stage.sv:0$2166'.
No latch inferred for signal `\if_stage.$memwr$\instruction_memory$/work/rtl/cpu/pipeline/if_stage.sv:22$1779_EN' from process `\if_stage.$proc$/work/rtl/cpu/pipeline/if_stage.sv:0$2166'.
No latch inferred for signal `\if_stage.$memwr$\instruction_memory$/work/rtl/cpu/pipeline/if_stage.sv:22$1780_EN' from process `\if_stage.$proc$/work/rtl/cpu/pipeline/if_stage.sv:0$2166'.
No latch inferred for signal `\if_stage.$memwr$\instruction_memory$/work/rtl/cpu/pipeline/if_stage.sv:22$1781_EN' from process `\if_stage.$proc$/work/rtl/cpu/pipeline/if_stage.sv:0$2166'.
No latch inferred for signal `\if_stage.$memwr$\instruction_memory$/work/rtl/cpu/pipeline/if_stage.sv:22$1782_EN' from process `\if_stage.$proc$/work/rtl/cpu/pipeline/if_stage.sv:0$2166'.
No latch inferred for signal `\if_stage.$memwr$\instruction_memory$/work/rtl/cpu/pipeline/if_stage.sv:22$1783_EN' from process `\if_stage.$proc$/work/rtl/cpu/pipeline/if_stage.sv:0$2166'.
No latch inferred for signal `\if_stage.$memwr$\instruction_memory$/work/rtl/cpu/pipeline/if_stage.sv:22$1784_EN' from process `\if_stage.$proc$/work/rtl/cpu/pipeline/if_stage.sv:0$2166'.
No latch inferred for signal `\if_stage.$memwr$\instruction_memory$/work/rtl/cpu/pipeline/if_stage.sv:22$1785_EN' from process `\if_stage.$proc$/work/rtl/cpu/pipeline/if_stage.sv:0$2166'.
No latch inferred for signal `\if_stage.$memwr$\instruction_memory$/work/rtl/cpu/pipeline/if_stage.sv:22$1786_EN' from process `\if_stage.$proc$/work/rtl/cpu/pipeline/if_stage.sv:0$2166'.
No latch inferred for signal `\if_stage.$memwr$\instruction_memory$/work/rtl/cpu/pipeline/if_stage.sv:22$1787_EN' from process `\if_stage.$proc$/work/rtl/cpu/pipeline/if_stage.sv:0$2166'.
No latch inferred for signal `\if_stage.$memwr$\instruction_memory$/work/rtl/cpu/pipeline/if_stage.sv:22$1788_EN' from process `\if_stage.$proc$/work/rtl/cpu/pipeline/if_stage.sv:0$2166'.
No latch inferred for signal `\if_stage.$memwr$\instruction_memory$/work/rtl/cpu/pipeline/if_stage.sv:22$1789_EN' from process `\if_stage.$proc$/work/rtl/cpu/pipeline/if_stage.sv:0$2166'.
No latch inferred for signal `\if_stage.$memwr$\instruction_memory$/work/rtl/cpu/pipeline/if_stage.sv:22$1790_EN' from process `\if_stage.$proc$/work/rtl/cpu/pipeline/if_stage.sv:0$2166'.
No latch inferred for signal `\if_stage.$memwr$\instruction_memory$/work/rtl/cpu/pipeline/if_stage.sv:22$1791_EN' from process `\if_stage.$proc$/work/rtl/cpu/pipeline/if_stage.sv:0$2166'.
No latch inferred for signal `\if_stage.$memwr$\instruction_memory$/work/rtl/cpu/pipeline/if_stage.sv:22$1792_EN' from process `\if_stage.$proc$/work/rtl/cpu/pipeline/if_stage.sv:0$2166'.
No latch inferred for signal `\if_stage.$memwr$\instruction_memory$/work/rtl/cpu/pipeline/if_stage.sv:22$1793_EN' from process `\if_stage.$proc$/work/rtl/cpu/pipeline/if_stage.sv:0$2166'.
No latch inferred for signal `\if_stage.$memwr$\instruction_memory$/work/rtl/cpu/pipeline/if_stage.sv:22$1794_EN' from process `\if_stage.$proc$/work/rtl/cpu/pipeline/if_stage.sv:0$2166'.
No latch inferred for signal `\if_stage.$memwr$\instruction_memory$/work/rtl/cpu/pipeline/if_stage.sv:22$1795_EN' from process `\if_stage.$proc$/work/rtl/cpu/pipeline/if_stage.sv:0$2166'.
No latch inferred for signal `\if_stage.$memwr$\instruction_memory$/work/rtl/cpu/pipeline/if_stage.sv:22$1796_EN' from process `\if_stage.$proc$/work/rtl/cpu/pipeline/if_stage.sv:0$2166'.
No latch inferred for signal `\if_stage.$memwr$\instruction_memory$/work/rtl/cpu/pipeline/if_stage.sv:22$1797_EN' from process `\if_stage.$proc$/work/rtl/cpu/pipeline/if_stage.sv:0$2166'.
No latch inferred for signal `\if_stage.$memwr$\instruction_memory$/work/rtl/cpu/pipeline/if_stage.sv:22$1798_EN' from process `\if_stage.$proc$/work/rtl/cpu/pipeline/if_stage.sv:0$2166'.
No latch inferred for signal `\if_stage.$memwr$\instruction_memory$/work/rtl/cpu/pipeline/if_stage.sv:22$1799_EN' from process `\if_stage.$proc$/work/rtl/cpu/pipeline/if_stage.sv:0$2166'.
No latch inferred for signal `\if_stage.$memwr$\instruction_memory$/work/rtl/cpu/pipeline/if_stage.sv:22$1800_EN' from process `\if_stage.$proc$/work/rtl/cpu/pipeline/if_stage.sv:0$2166'.
No latch inferred for signal `\if_stage.$memwr$\instruction_memory$/work/rtl/cpu/pipeline/if_stage.sv:22$1801_EN' from process `\if_stage.$proc$/work/rtl/cpu/pipeline/if_stage.sv:0$2166'.
No latch inferred for signal `\if_stage.$memwr$\instruction_memory$/work/rtl/cpu/pipeline/if_stage.sv:22$1802_EN' from process `\if_stage.$proc$/work/rtl/cpu/pipeline/if_stage.sv:0$2166'.
No latch inferred for signal `\if_stage.$memwr$\instruction_memory$/work/rtl/cpu/pipeline/if_stage.sv:22$1803_EN' from process `\if_stage.$proc$/work/rtl/cpu/pipeline/if_stage.sv:0$2166'.
No latch inferred for signal `\if_stage.$memwr$\instruction_memory$/work/rtl/cpu/pipeline/if_stage.sv:22$1804_EN' from process `\if_stage.$proc$/work/rtl/cpu/pipeline/if_stage.sv:0$2166'.
No latch inferred for signal `\if_stage.$memwr$\instruction_memory$/work/rtl/cpu/pipeline/if_stage.sv:22$1805_EN' from process `\if_stage.$proc$/work/rtl/cpu/pipeline/if_stage.sv:0$2166'.
No latch inferred for signal `\if_stage.$memwr$\instruction_memory$/work/rtl/cpu/pipeline/if_stage.sv:22$1806_EN' from process `\if_stage.$proc$/work/rtl/cpu/pipeline/if_stage.sv:0$2166'.
No latch inferred for signal `\if_stage.$memwr$\instruction_memory$/work/rtl/cpu/pipeline/if_stage.sv:22$1807_EN' from process `\if_stage.$proc$/work/rtl/cpu/pipeline/if_stage.sv:0$2166'.
No latch inferred for signal `\if_stage.$memwr$\instruction_memory$/work/rtl/cpu/pipeline/if_stage.sv:22$1808_EN' from process `\if_stage.$proc$/work/rtl/cpu/pipeline/if_stage.sv:0$2166'.
No latch inferred for signal `\if_stage.$memwr$\instruction_memory$/work/rtl/cpu/pipeline/if_stage.sv:22$1809_EN' from process `\if_stage.$proc$/work/rtl/cpu/pipeline/if_stage.sv:0$2166'.
No latch inferred for signal `\if_stage.$memwr$\instruction_memory$/work/rtl/cpu/pipeline/if_stage.sv:22$1810_EN' from process `\if_stage.$proc$/work/rtl/cpu/pipeline/if_stage.sv:0$2166'.
No latch inferred for signal `\if_stage.$memwr$\instruction_memory$/work/rtl/cpu/pipeline/if_stage.sv:22$1811_EN' from process `\if_stage.$proc$/work/rtl/cpu/pipeline/if_stage.sv:0$2166'.
No latch inferred for signal `\if_stage.$memwr$\instruction_memory$/work/rtl/cpu/pipeline/if_stage.sv:22$1812_EN' from process `\if_stage.$proc$/work/rtl/cpu/pipeline/if_stage.sv:0$2166'.
No latch inferred for signal `\if_stage.$memwr$\instruction_memory$/work/rtl/cpu/pipeline/if_stage.sv:22$1813_EN' from process `\if_stage.$proc$/work/rtl/cpu/pipeline/if_stage.sv:0$2166'.
No latch inferred for signal `\if_stage.$memwr$\instruction_memory$/work/rtl/cpu/pipeline/if_stage.sv:22$1814_EN' from process `\if_stage.$proc$/work/rtl/cpu/pipeline/if_stage.sv:0$2166'.
No latch inferred for signal `\if_stage.$memwr$\instruction_memory$/work/rtl/cpu/pipeline/if_stage.sv:22$1815_EN' from process `\if_stage.$proc$/work/rtl/cpu/pipeline/if_stage.sv:0$2166'.
No latch inferred for signal `\if_stage.$memwr$\instruction_memory$/work/rtl/cpu/pipeline/if_stage.sv:22$1816_EN' from process `\if_stage.$proc$/work/rtl/cpu/pipeline/if_stage.sv:0$2166'.
No latch inferred for signal `\if_stage.$memwr$\instruction_memory$/work/rtl/cpu/pipeline/if_stage.sv:22$1817_EN' from process `\if_stage.$proc$/work/rtl/cpu/pipeline/if_stage.sv:0$2166'.
No latch inferred for signal `\if_stage.$memwr$\instruction_memory$/work/rtl/cpu/pipeline/if_stage.sv:22$1818_EN' from process `\if_stage.$proc$/work/rtl/cpu/pipeline/if_stage.sv:0$2166'.
No latch inferred for signal `\if_stage.$memwr$\instruction_memory$/work/rtl/cpu/pipeline/if_stage.sv:22$1819_EN' from process `\if_stage.$proc$/work/rtl/cpu/pipeline/if_stage.sv:0$2166'.
No latch inferred for signal `\if_stage.$memwr$\instruction_memory$/work/rtl/cpu/pipeline/if_stage.sv:22$1820_EN' from process `\if_stage.$proc$/work/rtl/cpu/pipeline/if_stage.sv:0$2166'.
No latch inferred for signal `\if_stage.$memwr$\instruction_memory$/work/rtl/cpu/pipeline/if_stage.sv:22$1821_EN' from process `\if_stage.$proc$/work/rtl/cpu/pipeline/if_stage.sv:0$2166'.
No latch inferred for signal `\if_stage.$memwr$\instruction_memory$/work/rtl/cpu/pipeline/if_stage.sv:22$1822_EN' from process `\if_stage.$proc$/work/rtl/cpu/pipeline/if_stage.sv:0$2166'.
No latch inferred for signal `\if_stage.$memwr$\instruction_memory$/work/rtl/cpu/pipeline/if_stage.sv:22$1823_EN' from process `\if_stage.$proc$/work/rtl/cpu/pipeline/if_stage.sv:0$2166'.
No latch inferred for signal `\if_stage.$memwr$\instruction_memory$/work/rtl/cpu/pipeline/if_stage.sv:22$1824_EN' from process `\if_stage.$proc$/work/rtl/cpu/pipeline/if_stage.sv:0$2166'.
No latch inferred for signal `\if_stage.$memwr$\instruction_memory$/work/rtl/cpu/pipeline/if_stage.sv:22$1825_EN' from process `\if_stage.$proc$/work/rtl/cpu/pipeline/if_stage.sv:0$2166'.
No latch inferred for signal `\if_stage.$memwr$\instruction_memory$/work/rtl/cpu/pipeline/if_stage.sv:22$1826_EN' from process `\if_stage.$proc$/work/rtl/cpu/pipeline/if_stage.sv:0$2166'.
No latch inferred for signal `\if_stage.$memwr$\instruction_memory$/work/rtl/cpu/pipeline/if_stage.sv:22$1827_EN' from process `\if_stage.$proc$/work/rtl/cpu/pipeline/if_stage.sv:0$2166'.
No latch inferred for signal `\if_stage.$memwr$\instruction_memory$/work/rtl/cpu/pipeline/if_stage.sv:22$1828_EN' from process `\if_stage.$proc$/work/rtl/cpu/pipeline/if_stage.sv:0$2166'.
No latch inferred for signal `\if_stage.$memwr$\instruction_memory$/work/rtl/cpu/pipeline/if_stage.sv:22$1829_EN' from process `\if_stage.$proc$/work/rtl/cpu/pipeline/if_stage.sv:0$2166'.
No latch inferred for signal `\if_stage.$memwr$\instruction_memory$/work/rtl/cpu/pipeline/if_stage.sv:22$1830_EN' from process `\if_stage.$proc$/work/rtl/cpu/pipeline/if_stage.sv:0$2166'.
No latch inferred for signal `\if_stage.$memwr$\instruction_memory$/work/rtl/cpu/pipeline/if_stage.sv:22$1831_EN' from process `\if_stage.$proc$/work/rtl/cpu/pipeline/if_stage.sv:0$2166'.
No latch inferred for signal `\if_stage.$memwr$\instruction_memory$/work/rtl/cpu/pipeline/if_stage.sv:22$1832_EN' from process `\if_stage.$proc$/work/rtl/cpu/pipeline/if_stage.sv:0$2166'.
No latch inferred for signal `\if_stage.$memwr$\instruction_memory$/work/rtl/cpu/pipeline/if_stage.sv:22$1833_EN' from process `\if_stage.$proc$/work/rtl/cpu/pipeline/if_stage.sv:0$2166'.
No latch inferred for signal `\if_stage.$memwr$\instruction_memory$/work/rtl/cpu/pipeline/if_stage.sv:22$1834_EN' from process `\if_stage.$proc$/work/rtl/cpu/pipeline/if_stage.sv:0$2166'.
No latch inferred for signal `\if_stage.$memwr$\instruction_memory$/work/rtl/cpu/pipeline/if_stage.sv:22$1835_EN' from process `\if_stage.$proc$/work/rtl/cpu/pipeline/if_stage.sv:0$2166'.
No latch inferred for signal `\if_stage.$memwr$\instruction_memory$/work/rtl/cpu/pipeline/if_stage.sv:22$1836_EN' from process `\if_stage.$proc$/work/rtl/cpu/pipeline/if_stage.sv:0$2166'.
No latch inferred for signal `\if_stage.$memwr$\instruction_memory$/work/rtl/cpu/pipeline/if_stage.sv:22$1837_EN' from process `\if_stage.$proc$/work/rtl/cpu/pipeline/if_stage.sv:0$2166'.
No latch inferred for signal `\if_stage.$memwr$\instruction_memory$/work/rtl/cpu/pipeline/if_stage.sv:22$1838_EN' from process `\if_stage.$proc$/work/rtl/cpu/pipeline/if_stage.sv:0$2166'.
No latch inferred for signal `\if_stage.$memwr$\instruction_memory$/work/rtl/cpu/pipeline/if_stage.sv:22$1839_EN' from process `\if_stage.$proc$/work/rtl/cpu/pipeline/if_stage.sv:0$2166'.
No latch inferred for signal `\if_stage.$memwr$\instruction_memory$/work/rtl/cpu/pipeline/if_stage.sv:22$1840_EN' from process `\if_stage.$proc$/work/rtl/cpu/pipeline/if_stage.sv:0$2166'.
No latch inferred for signal `\if_stage.$memwr$\instruction_memory$/work/rtl/cpu/pipeline/if_stage.sv:22$1841_EN' from process `\if_stage.$proc$/work/rtl/cpu/pipeline/if_stage.sv:0$2166'.
No latch inferred for signal `\if_stage.$memwr$\instruction_memory$/work/rtl/cpu/pipeline/if_stage.sv:22$1842_EN' from process `\if_stage.$proc$/work/rtl/cpu/pipeline/if_stage.sv:0$2166'.
No latch inferred for signal `\if_stage.$memwr$\instruction_memory$/work/rtl/cpu/pipeline/if_stage.sv:22$1843_EN' from process `\if_stage.$proc$/work/rtl/cpu/pipeline/if_stage.sv:0$2166'.
No latch inferred for signal `\if_stage.$memwr$\instruction_memory$/work/rtl/cpu/pipeline/if_stage.sv:22$1844_EN' from process `\if_stage.$proc$/work/rtl/cpu/pipeline/if_stage.sv:0$2166'.
No latch inferred for signal `\if_stage.$memwr$\instruction_memory$/work/rtl/cpu/pipeline/if_stage.sv:22$1845_EN' from process `\if_stage.$proc$/work/rtl/cpu/pipeline/if_stage.sv:0$2166'.
No latch inferred for signal `\if_stage.$memwr$\instruction_memory$/work/rtl/cpu/pipeline/if_stage.sv:22$1846_EN' from process `\if_stage.$proc$/work/rtl/cpu/pipeline/if_stage.sv:0$2166'.
No latch inferred for signal `\if_stage.$memwr$\instruction_memory$/work/rtl/cpu/pipeline/if_stage.sv:22$1847_EN' from process `\if_stage.$proc$/work/rtl/cpu/pipeline/if_stage.sv:0$2166'.
No latch inferred for signal `\if_stage.$memwr$\instruction_memory$/work/rtl/cpu/pipeline/if_stage.sv:22$1848_EN' from process `\if_stage.$proc$/work/rtl/cpu/pipeline/if_stage.sv:0$2166'.
No latch inferred for signal `\if_stage.$memwr$\instruction_memory$/work/rtl/cpu/pipeline/if_stage.sv:22$1849_EN' from process `\if_stage.$proc$/work/rtl/cpu/pipeline/if_stage.sv:0$2166'.
No latch inferred for signal `\if_stage.$memwr$\instruction_memory$/work/rtl/cpu/pipeline/if_stage.sv:22$1850_EN' from process `\if_stage.$proc$/work/rtl/cpu/pipeline/if_stage.sv:0$2166'.
No latch inferred for signal `\if_stage.$memwr$\instruction_memory$/work/rtl/cpu/pipeline/if_stage.sv:22$1851_EN' from process `\if_stage.$proc$/work/rtl/cpu/pipeline/if_stage.sv:0$2166'.
No latch inferred for signal `\if_stage.$memwr$\instruction_memory$/work/rtl/cpu/pipeline/if_stage.sv:22$1852_EN' from process `\if_stage.$proc$/work/rtl/cpu/pipeline/if_stage.sv:0$2166'.
No latch inferred for signal `\if_stage.$memwr$\instruction_memory$/work/rtl/cpu/pipeline/if_stage.sv:22$1853_EN' from process `\if_stage.$proc$/work/rtl/cpu/pipeline/if_stage.sv:0$2166'.
No latch inferred for signal `\if_stage.$memwr$\instruction_memory$/work/rtl/cpu/pipeline/if_stage.sv:22$1854_EN' from process `\if_stage.$proc$/work/rtl/cpu/pipeline/if_stage.sv:0$2166'.
No latch inferred for signal `\if_stage.$memwr$\instruction_memory$/work/rtl/cpu/pipeline/if_stage.sv:22$1855_EN' from process `\if_stage.$proc$/work/rtl/cpu/pipeline/if_stage.sv:0$2166'.
No latch inferred for signal `\if_stage.$memwr$\instruction_memory$/work/rtl/cpu/pipeline/if_stage.sv:22$1856_EN' from process `\if_stage.$proc$/work/rtl/cpu/pipeline/if_stage.sv:0$2166'.
No latch inferred for signal `\if_stage.$memwr$\instruction_memory$/work/rtl/cpu/pipeline/if_stage.sv:22$1857_EN' from process `\if_stage.$proc$/work/rtl/cpu/pipeline/if_stage.sv:0$2166'.
No latch inferred for signal `\if_stage.$memwr$\instruction_memory$/work/rtl/cpu/pipeline/if_stage.sv:22$1858_EN' from process `\if_stage.$proc$/work/rtl/cpu/pipeline/if_stage.sv:0$2166'.
No latch inferred for signal `\if_stage.$memwr$\instruction_memory$/work/rtl/cpu/pipeline/if_stage.sv:22$1859_EN' from process `\if_stage.$proc$/work/rtl/cpu/pipeline/if_stage.sv:0$2166'.
No latch inferred for signal `\if_stage.$memwr$\instruction_memory$/work/rtl/cpu/pipeline/if_stage.sv:22$1860_EN' from process `\if_stage.$proc$/work/rtl/cpu/pipeline/if_stage.sv:0$2166'.
No latch inferred for signal `\if_stage.$memwr$\instruction_memory$/work/rtl/cpu/pipeline/if_stage.sv:22$1861_EN' from process `\if_stage.$proc$/work/rtl/cpu/pipeline/if_stage.sv:0$2166'.
No latch inferred for signal `\if_stage.$memwr$\instruction_memory$/work/rtl/cpu/pipeline/if_stage.sv:22$1862_EN' from process `\if_stage.$proc$/work/rtl/cpu/pipeline/if_stage.sv:0$2166'.
No latch inferred for signal `\if_stage.$memwr$\instruction_memory$/work/rtl/cpu/pipeline/if_stage.sv:22$1863_EN' from process `\if_stage.$proc$/work/rtl/cpu/pipeline/if_stage.sv:0$2166'.
No latch inferred for signal `\if_stage.$memwr$\instruction_memory$/work/rtl/cpu/pipeline/if_stage.sv:22$1864_EN' from process `\if_stage.$proc$/work/rtl/cpu/pipeline/if_stage.sv:0$2166'.
No latch inferred for signal `\if_stage.$memwr$\instruction_memory$/work/rtl/cpu/pipeline/if_stage.sv:22$1865_EN' from process `\if_stage.$proc$/work/rtl/cpu/pipeline/if_stage.sv:0$2166'.
No latch inferred for signal `\if_stage.$memwr$\instruction_memory$/work/rtl/cpu/pipeline/if_stage.sv:22$1866_EN' from process `\if_stage.$proc$/work/rtl/cpu/pipeline/if_stage.sv:0$2166'.
No latch inferred for signal `\if_stage.$memwr$\instruction_memory$/work/rtl/cpu/pipeline/if_stage.sv:22$1867_EN' from process `\if_stage.$proc$/work/rtl/cpu/pipeline/if_stage.sv:0$2166'.
No latch inferred for signal `\if_stage.$memwr$\instruction_memory$/work/rtl/cpu/pipeline/if_stage.sv:22$1868_EN' from process `\if_stage.$proc$/work/rtl/cpu/pipeline/if_stage.sv:0$2166'.
No latch inferred for signal `\if_stage.$memwr$\instruction_memory$/work/rtl/cpu/pipeline/if_stage.sv:22$1869_EN' from process `\if_stage.$proc$/work/rtl/cpu/pipeline/if_stage.sv:0$2166'.
No latch inferred for signal `\if_stage.$memwr$\instruction_memory$/work/rtl/cpu/pipeline/if_stage.sv:22$1870_EN' from process `\if_stage.$proc$/work/rtl/cpu/pipeline/if_stage.sv:0$2166'.
No latch inferred for signal `\if_stage.$memwr$\instruction_memory$/work/rtl/cpu/pipeline/if_stage.sv:22$1871_EN' from process `\if_stage.$proc$/work/rtl/cpu/pipeline/if_stage.sv:0$2166'.
No latch inferred for signal `\if_stage.$memwr$\instruction_memory$/work/rtl/cpu/pipeline/if_stage.sv:22$1872_EN' from process `\if_stage.$proc$/work/rtl/cpu/pipeline/if_stage.sv:0$2166'.
No latch inferred for signal `\if_stage.$memwr$\instruction_memory$/work/rtl/cpu/pipeline/if_stage.sv:22$1873_EN' from process `\if_stage.$proc$/work/rtl/cpu/pipeline/if_stage.sv:0$2166'.
No latch inferred for signal `\if_stage.$memwr$\instruction_memory$/work/rtl/cpu/pipeline/if_stage.sv:22$1874_EN' from process `\if_stage.$proc$/work/rtl/cpu/pipeline/if_stage.sv:0$2166'.
No latch inferred for signal `\if_stage.$memwr$\instruction_memory$/work/rtl/cpu/pipeline/if_stage.sv:22$1875_EN' from process `\if_stage.$proc$/work/rtl/cpu/pipeline/if_stage.sv:0$2166'.
No latch inferred for signal `\if_stage.$memwr$\instruction_memory$/work/rtl/cpu/pipeline/if_stage.sv:22$1876_EN' from process `\if_stage.$proc$/work/rtl/cpu/pipeline/if_stage.sv:0$2166'.
No latch inferred for signal `\if_stage.$memwr$\instruction_memory$/work/rtl/cpu/pipeline/if_stage.sv:22$1877_EN' from process `\if_stage.$proc$/work/rtl/cpu/pipeline/if_stage.sv:0$2166'.
No latch inferred for signal `\if_stage.$memwr$\instruction_memory$/work/rtl/cpu/pipeline/if_stage.sv:22$1878_EN' from process `\if_stage.$proc$/work/rtl/cpu/pipeline/if_stage.sv:0$2166'.
No latch inferred for signal `\if_stage.$memwr$\instruction_memory$/work/rtl/cpu/pipeline/if_stage.sv:22$1879_EN' from process `\if_stage.$proc$/work/rtl/cpu/pipeline/if_stage.sv:0$2166'.
No latch inferred for signal `\if_stage.$memwr$\instruction_memory$/work/rtl/cpu/pipeline/if_stage.sv:22$1880_EN' from process `\if_stage.$proc$/work/rtl/cpu/pipeline/if_stage.sv:0$2166'.
No latch inferred for signal `\if_stage.$memwr$\instruction_memory$/work/rtl/cpu/pipeline/if_stage.sv:22$1881_EN' from process `\if_stage.$proc$/work/rtl/cpu/pipeline/if_stage.sv:0$2166'.
No latch inferred for signal `\if_stage.$memwr$\instruction_memory$/work/rtl/cpu/pipeline/if_stage.sv:22$1882_EN' from process `\if_stage.$proc$/work/rtl/cpu/pipeline/if_stage.sv:0$2166'.
No latch inferred for signal `\if_stage.$memwr$\instruction_memory$/work/rtl/cpu/pipeline/if_stage.sv:22$1883_EN' from process `\if_stage.$proc$/work/rtl/cpu/pipeline/if_stage.sv:0$2166'.
No latch inferred for signal `\if_stage.$memwr$\instruction_memory$/work/rtl/cpu/pipeline/if_stage.sv:22$1884_EN' from process `\if_stage.$proc$/work/rtl/cpu/pipeline/if_stage.sv:0$2166'.
No latch inferred for signal `\if_stage.$memwr$\instruction_memory$/work/rtl/cpu/pipeline/if_stage.sv:22$1885_EN' from process `\if_stage.$proc$/work/rtl/cpu/pipeline/if_stage.sv:0$2166'.
No latch inferred for signal `\if_stage.$memwr$\instruction_memory$/work/rtl/cpu/pipeline/if_stage.sv:22$1886_EN' from process `\if_stage.$proc$/work/rtl/cpu/pipeline/if_stage.sv:0$2166'.
No latch inferred for signal `\if_stage.$memwr$\instruction_memory$/work/rtl/cpu/pipeline/if_stage.sv:22$1887_EN' from process `\if_stage.$proc$/work/rtl/cpu/pipeline/if_stage.sv:0$2166'.
No latch inferred for signal `\if_stage.$memwr$\instruction_memory$/work/rtl/cpu/pipeline/if_stage.sv:22$1888_EN' from process `\if_stage.$proc$/work/rtl/cpu/pipeline/if_stage.sv:0$2166'.
No latch inferred for signal `\if_stage.$memwr$\instruction_memory$/work/rtl/cpu/pipeline/if_stage.sv:22$1889_EN' from process `\if_stage.$proc$/work/rtl/cpu/pipeline/if_stage.sv:0$2166'.
No latch inferred for signal `\if_stage.$memwr$\instruction_memory$/work/rtl/cpu/pipeline/if_stage.sv:22$1890_EN' from process `\if_stage.$proc$/work/rtl/cpu/pipeline/if_stage.sv:0$2166'.
No latch inferred for signal `\if_stage.$memwr$\instruction_memory$/work/rtl/cpu/pipeline/if_stage.sv:22$1891_EN' from process `\if_stage.$proc$/work/rtl/cpu/pipeline/if_stage.sv:0$2166'.
No latch inferred for signal `\if_stage.$memwr$\instruction_memory$/work/rtl/cpu/pipeline/if_stage.sv:22$1892_EN' from process `\if_stage.$proc$/work/rtl/cpu/pipeline/if_stage.sv:0$2166'.
No latch inferred for signal `\if_stage.$memwr$\instruction_memory$/work/rtl/cpu/pipeline/if_stage.sv:22$1893_EN' from process `\if_stage.$proc$/work/rtl/cpu/pipeline/if_stage.sv:0$2166'.
No latch inferred for signal `\if_stage.$memwr$\instruction_memory$/work/rtl/cpu/pipeline/if_stage.sv:22$1894_EN' from process `\if_stage.$proc$/work/rtl/cpu/pipeline/if_stage.sv:0$2166'.
No latch inferred for signal `\if_stage.$memwr$\instruction_memory$/work/rtl/cpu/pipeline/if_stage.sv:22$1895_EN' from process `\if_stage.$proc$/work/rtl/cpu/pipeline/if_stage.sv:0$2166'.
No latch inferred for signal `\if_stage.$memwr$\instruction_memory$/work/rtl/cpu/pipeline/if_stage.sv:22$1896_EN' from process `\if_stage.$proc$/work/rtl/cpu/pipeline/if_stage.sv:0$2166'.
No latch inferred for signal `\if_stage.$memwr$\instruction_memory$/work/rtl/cpu/pipeline/if_stage.sv:22$1897_EN' from process `\if_stage.$proc$/work/rtl/cpu/pipeline/if_stage.sv:0$2166'.
No latch inferred for signal `\if_stage.$memwr$\instruction_memory$/work/rtl/cpu/pipeline/if_stage.sv:22$1898_EN' from process `\if_stage.$proc$/work/rtl/cpu/pipeline/if_stage.sv:0$2166'.
No latch inferred for signal `\if_stage.$memwr$\instruction_memory$/work/rtl/cpu/pipeline/if_stage.sv:22$1899_EN' from process `\if_stage.$proc$/work/rtl/cpu/pipeline/if_stage.sv:0$2166'.
No latch inferred for signal `\if_stage.$memwr$\instruction_memory$/work/rtl/cpu/pipeline/if_stage.sv:22$1900_EN' from process `\if_stage.$proc$/work/rtl/cpu/pipeline/if_stage.sv:0$2166'.
No latch inferred for signal `\if_stage.$memwr$\instruction_memory$/work/rtl/cpu/pipeline/if_stage.sv:22$1901_EN' from process `\if_stage.$proc$/work/rtl/cpu/pipeline/if_stage.sv:0$2166'.
No latch inferred for signal `\if_stage.$memwr$\instruction_memory$/work/rtl/cpu/pipeline/if_stage.sv:22$1902_EN' from process `\if_stage.$proc$/work/rtl/cpu/pipeline/if_stage.sv:0$2166'.
No latch inferred for signal `\if_stage.$memwr$\instruction_memory$/work/rtl/cpu/pipeline/if_stage.sv:22$1903_EN' from process `\if_stage.$proc$/work/rtl/cpu/pipeline/if_stage.sv:0$2166'.
No latch inferred for signal `\if_stage.\instruction' from process `\if_stage.$proc$/work/rtl/cpu/pipeline/if_stage.sv:0$1908'.
No latch inferred for signal `\if_stage.\pc_plus4' from process `\if_stage.$proc$/work/rtl/cpu/pipeline/if_stage.sv:0$1906'.
No latch inferred for signal `\hazard_detection.\pc_write' from process `\hazard_detection.$proc$/work/rtl/cpu/pipeline/hazard_detection.sv:0$1641'.
No latch inferred for signal `\hazard_detection.\if_id_write' from process `\hazard_detection.$proc$/work/rtl/cpu/pipeline/hazard_detection.sv:0$1641'.
No latch inferred for signal `\hazard_detection.\control_stall' from process `\hazard_detection.$proc$/work/rtl/cpu/pipeline/hazard_detection.sv:0$1641'.
No latch inferred for signal `\forwarding_unit.\forward_a' from process `\forwarding_unit.$proc$/work/rtl/cpu/pipeline/forwarding_unit.sv:0$1624'.
No latch inferred for signal `\forwarding_unit.\forward_b' from process `\forwarding_unit.$proc$/work/rtl/cpu/pipeline/forwarding_unit.sv:0$1624'.
No latch inferred for signal `\branch_unit.\branch_taken' from process `\branch_unit.$proc$/work/rtl/cpu/pipeline/branch_unit.sv:0$1617'.
No latch inferred for signal `\branch_unit.\branch_target' from process `\branch_unit.$proc$/work/rtl/cpu/pipeline/branch_unit.sv:0$1617'.
No latch inferred for signal `\mem_stage.\i' from process `\mem_stage.$proc$/work/rtl/cpu/pipeline/mem_stage.sv:0$1354'.
No latch inferred for signal `\mem_stage.$memwr$\data_memory$/work/rtl/cpu/pipeline/mem_stage.sv:20$832_EN' from process `\mem_stage.$proc$/work/rtl/cpu/pipeline/mem_stage.sv:0$1354'.
No latch inferred for signal `\mem_stage.$memwr$\data_memory$/work/rtl/cpu/pipeline/mem_stage.sv:20$833_EN' from process `\mem_stage.$proc$/work/rtl/cpu/pipeline/mem_stage.sv:0$1354'.
No latch inferred for signal `\mem_stage.$memwr$\data_memory$/work/rtl/cpu/pipeline/mem_stage.sv:20$834_EN' from process `\mem_stage.$proc$/work/rtl/cpu/pipeline/mem_stage.sv:0$1354'.
No latch inferred for signal `\mem_stage.$memwr$\data_memory$/work/rtl/cpu/pipeline/mem_stage.sv:20$835_EN' from process `\mem_stage.$proc$/work/rtl/cpu/pipeline/mem_stage.sv:0$1354'.
No latch inferred for signal `\mem_stage.$memwr$\data_memory$/work/rtl/cpu/pipeline/mem_stage.sv:20$836_EN' from process `\mem_stage.$proc$/work/rtl/cpu/pipeline/mem_stage.sv:0$1354'.
No latch inferred for signal `\mem_stage.$memwr$\data_memory$/work/rtl/cpu/pipeline/mem_stage.sv:20$837_EN' from process `\mem_stage.$proc$/work/rtl/cpu/pipeline/mem_stage.sv:0$1354'.
No latch inferred for signal `\mem_stage.$memwr$\data_memory$/work/rtl/cpu/pipeline/mem_stage.sv:20$838_EN' from process `\mem_stage.$proc$/work/rtl/cpu/pipeline/mem_stage.sv:0$1354'.
No latch inferred for signal `\mem_stage.$memwr$\data_memory$/work/rtl/cpu/pipeline/mem_stage.sv:20$839_EN' from process `\mem_stage.$proc$/work/rtl/cpu/pipeline/mem_stage.sv:0$1354'.
No latch inferred for signal `\mem_stage.$memwr$\data_memory$/work/rtl/cpu/pipeline/mem_stage.sv:20$840_EN' from process `\mem_stage.$proc$/work/rtl/cpu/pipeline/mem_stage.sv:0$1354'.
No latch inferred for signal `\mem_stage.$memwr$\data_memory$/work/rtl/cpu/pipeline/mem_stage.sv:20$841_EN' from process `\mem_stage.$proc$/work/rtl/cpu/pipeline/mem_stage.sv:0$1354'.
No latch inferred for signal `\mem_stage.$memwr$\data_memory$/work/rtl/cpu/pipeline/mem_stage.sv:20$842_EN' from process `\mem_stage.$proc$/work/rtl/cpu/pipeline/mem_stage.sv:0$1354'.
No latch inferred for signal `\mem_stage.$memwr$\data_memory$/work/rtl/cpu/pipeline/mem_stage.sv:20$843_EN' from process `\mem_stage.$proc$/work/rtl/cpu/pipeline/mem_stage.sv:0$1354'.
No latch inferred for signal `\mem_stage.$memwr$\data_memory$/work/rtl/cpu/pipeline/mem_stage.sv:20$844_EN' from process `\mem_stage.$proc$/work/rtl/cpu/pipeline/mem_stage.sv:0$1354'.
No latch inferred for signal `\mem_stage.$memwr$\data_memory$/work/rtl/cpu/pipeline/mem_stage.sv:20$845_EN' from process `\mem_stage.$proc$/work/rtl/cpu/pipeline/mem_stage.sv:0$1354'.
No latch inferred for signal `\mem_stage.$memwr$\data_memory$/work/rtl/cpu/pipeline/mem_stage.sv:20$846_EN' from process `\mem_stage.$proc$/work/rtl/cpu/pipeline/mem_stage.sv:0$1354'.
No latch inferred for signal `\mem_stage.$memwr$\data_memory$/work/rtl/cpu/pipeline/mem_stage.sv:20$847_EN' from process `\mem_stage.$proc$/work/rtl/cpu/pipeline/mem_stage.sv:0$1354'.
No latch inferred for signal `\mem_stage.$memwr$\data_memory$/work/rtl/cpu/pipeline/mem_stage.sv:20$848_EN' from process `\mem_stage.$proc$/work/rtl/cpu/pipeline/mem_stage.sv:0$1354'.
No latch inferred for signal `\mem_stage.$memwr$\data_memory$/work/rtl/cpu/pipeline/mem_stage.sv:20$849_EN' from process `\mem_stage.$proc$/work/rtl/cpu/pipeline/mem_stage.sv:0$1354'.
No latch inferred for signal `\mem_stage.$memwr$\data_memory$/work/rtl/cpu/pipeline/mem_stage.sv:20$850_EN' from process `\mem_stage.$proc$/work/rtl/cpu/pipeline/mem_stage.sv:0$1354'.
No latch inferred for signal `\mem_stage.$memwr$\data_memory$/work/rtl/cpu/pipeline/mem_stage.sv:20$851_EN' from process `\mem_stage.$proc$/work/rtl/cpu/pipeline/mem_stage.sv:0$1354'.
No latch inferred for signal `\mem_stage.$memwr$\data_memory$/work/rtl/cpu/pipeline/mem_stage.sv:20$852_EN' from process `\mem_stage.$proc$/work/rtl/cpu/pipeline/mem_stage.sv:0$1354'.
No latch inferred for signal `\mem_stage.$memwr$\data_memory$/work/rtl/cpu/pipeline/mem_stage.sv:20$853_EN' from process `\mem_stage.$proc$/work/rtl/cpu/pipeline/mem_stage.sv:0$1354'.
No latch inferred for signal `\mem_stage.$memwr$\data_memory$/work/rtl/cpu/pipeline/mem_stage.sv:20$854_EN' from process `\mem_stage.$proc$/work/rtl/cpu/pipeline/mem_stage.sv:0$1354'.
No latch inferred for signal `\mem_stage.$memwr$\data_memory$/work/rtl/cpu/pipeline/mem_stage.sv:20$855_EN' from process `\mem_stage.$proc$/work/rtl/cpu/pipeline/mem_stage.sv:0$1354'.
No latch inferred for signal `\mem_stage.$memwr$\data_memory$/work/rtl/cpu/pipeline/mem_stage.sv:20$856_EN' from process `\mem_stage.$proc$/work/rtl/cpu/pipeline/mem_stage.sv:0$1354'.
No latch inferred for signal `\mem_stage.$memwr$\data_memory$/work/rtl/cpu/pipeline/mem_stage.sv:20$857_EN' from process `\mem_stage.$proc$/work/rtl/cpu/pipeline/mem_stage.sv:0$1354'.
No latch inferred for signal `\mem_stage.$memwr$\data_memory$/work/rtl/cpu/pipeline/mem_stage.sv:20$858_EN' from process `\mem_stage.$proc$/work/rtl/cpu/pipeline/mem_stage.sv:0$1354'.
No latch inferred for signal `\mem_stage.$memwr$\data_memory$/work/rtl/cpu/pipeline/mem_stage.sv:20$859_EN' from process `\mem_stage.$proc$/work/rtl/cpu/pipeline/mem_stage.sv:0$1354'.
No latch inferred for signal `\mem_stage.$memwr$\data_memory$/work/rtl/cpu/pipeline/mem_stage.sv:20$860_EN' from process `\mem_stage.$proc$/work/rtl/cpu/pipeline/mem_stage.sv:0$1354'.
No latch inferred for signal `\mem_stage.$memwr$\data_memory$/work/rtl/cpu/pipeline/mem_stage.sv:20$861_EN' from process `\mem_stage.$proc$/work/rtl/cpu/pipeline/mem_stage.sv:0$1354'.
No latch inferred for signal `\mem_stage.$memwr$\data_memory$/work/rtl/cpu/pipeline/mem_stage.sv:20$862_EN' from process `\mem_stage.$proc$/work/rtl/cpu/pipeline/mem_stage.sv:0$1354'.
No latch inferred for signal `\mem_stage.$memwr$\data_memory$/work/rtl/cpu/pipeline/mem_stage.sv:20$863_EN' from process `\mem_stage.$proc$/work/rtl/cpu/pipeline/mem_stage.sv:0$1354'.
No latch inferred for signal `\mem_stage.$memwr$\data_memory$/work/rtl/cpu/pipeline/mem_stage.sv:20$864_EN' from process `\mem_stage.$proc$/work/rtl/cpu/pipeline/mem_stage.sv:0$1354'.
No latch inferred for signal `\mem_stage.$memwr$\data_memory$/work/rtl/cpu/pipeline/mem_stage.sv:20$865_EN' from process `\mem_stage.$proc$/work/rtl/cpu/pipeline/mem_stage.sv:0$1354'.
No latch inferred for signal `\mem_stage.$memwr$\data_memory$/work/rtl/cpu/pipeline/mem_stage.sv:20$866_EN' from process `\mem_stage.$proc$/work/rtl/cpu/pipeline/mem_stage.sv:0$1354'.
No latch inferred for signal `\mem_stage.$memwr$\data_memory$/work/rtl/cpu/pipeline/mem_stage.sv:20$867_EN' from process `\mem_stage.$proc$/work/rtl/cpu/pipeline/mem_stage.sv:0$1354'.
No latch inferred for signal `\mem_stage.$memwr$\data_memory$/work/rtl/cpu/pipeline/mem_stage.sv:20$868_EN' from process `\mem_stage.$proc$/work/rtl/cpu/pipeline/mem_stage.sv:0$1354'.
No latch inferred for signal `\mem_stage.$memwr$\data_memory$/work/rtl/cpu/pipeline/mem_stage.sv:20$869_EN' from process `\mem_stage.$proc$/work/rtl/cpu/pipeline/mem_stage.sv:0$1354'.
No latch inferred for signal `\mem_stage.$memwr$\data_memory$/work/rtl/cpu/pipeline/mem_stage.sv:20$870_EN' from process `\mem_stage.$proc$/work/rtl/cpu/pipeline/mem_stage.sv:0$1354'.
No latch inferred for signal `\mem_stage.$memwr$\data_memory$/work/rtl/cpu/pipeline/mem_stage.sv:20$871_EN' from process `\mem_stage.$proc$/work/rtl/cpu/pipeline/mem_stage.sv:0$1354'.
No latch inferred for signal `\mem_stage.$memwr$\data_memory$/work/rtl/cpu/pipeline/mem_stage.sv:20$872_EN' from process `\mem_stage.$proc$/work/rtl/cpu/pipeline/mem_stage.sv:0$1354'.
No latch inferred for signal `\mem_stage.$memwr$\data_memory$/work/rtl/cpu/pipeline/mem_stage.sv:20$873_EN' from process `\mem_stage.$proc$/work/rtl/cpu/pipeline/mem_stage.sv:0$1354'.
No latch inferred for signal `\mem_stage.$memwr$\data_memory$/work/rtl/cpu/pipeline/mem_stage.sv:20$874_EN' from process `\mem_stage.$proc$/work/rtl/cpu/pipeline/mem_stage.sv:0$1354'.
No latch inferred for signal `\mem_stage.$memwr$\data_memory$/work/rtl/cpu/pipeline/mem_stage.sv:20$875_EN' from process `\mem_stage.$proc$/work/rtl/cpu/pipeline/mem_stage.sv:0$1354'.
No latch inferred for signal `\mem_stage.$memwr$\data_memory$/work/rtl/cpu/pipeline/mem_stage.sv:20$876_EN' from process `\mem_stage.$proc$/work/rtl/cpu/pipeline/mem_stage.sv:0$1354'.
No latch inferred for signal `\mem_stage.$memwr$\data_memory$/work/rtl/cpu/pipeline/mem_stage.sv:20$877_EN' from process `\mem_stage.$proc$/work/rtl/cpu/pipeline/mem_stage.sv:0$1354'.
No latch inferred for signal `\mem_stage.$memwr$\data_memory$/work/rtl/cpu/pipeline/mem_stage.sv:20$878_EN' from process `\mem_stage.$proc$/work/rtl/cpu/pipeline/mem_stage.sv:0$1354'.
No latch inferred for signal `\mem_stage.$memwr$\data_memory$/work/rtl/cpu/pipeline/mem_stage.sv:20$879_EN' from process `\mem_stage.$proc$/work/rtl/cpu/pipeline/mem_stage.sv:0$1354'.
No latch inferred for signal `\mem_stage.$memwr$\data_memory$/work/rtl/cpu/pipeline/mem_stage.sv:20$880_EN' from process `\mem_stage.$proc$/work/rtl/cpu/pipeline/mem_stage.sv:0$1354'.
No latch inferred for signal `\mem_stage.$memwr$\data_memory$/work/rtl/cpu/pipeline/mem_stage.sv:20$881_EN' from process `\mem_stage.$proc$/work/rtl/cpu/pipeline/mem_stage.sv:0$1354'.
No latch inferred for signal `\mem_stage.$memwr$\data_memory$/work/rtl/cpu/pipeline/mem_stage.sv:20$882_EN' from process `\mem_stage.$proc$/work/rtl/cpu/pipeline/mem_stage.sv:0$1354'.
No latch inferred for signal `\mem_stage.$memwr$\data_memory$/work/rtl/cpu/pipeline/mem_stage.sv:20$883_EN' from process `\mem_stage.$proc$/work/rtl/cpu/pipeline/mem_stage.sv:0$1354'.
No latch inferred for signal `\mem_stage.$memwr$\data_memory$/work/rtl/cpu/pipeline/mem_stage.sv:20$884_EN' from process `\mem_stage.$proc$/work/rtl/cpu/pipeline/mem_stage.sv:0$1354'.
No latch inferred for signal `\mem_stage.$memwr$\data_memory$/work/rtl/cpu/pipeline/mem_stage.sv:20$885_EN' from process `\mem_stage.$proc$/work/rtl/cpu/pipeline/mem_stage.sv:0$1354'.
No latch inferred for signal `\mem_stage.$memwr$\data_memory$/work/rtl/cpu/pipeline/mem_stage.sv:20$886_EN' from process `\mem_stage.$proc$/work/rtl/cpu/pipeline/mem_stage.sv:0$1354'.
No latch inferred for signal `\mem_stage.$memwr$\data_memory$/work/rtl/cpu/pipeline/mem_stage.sv:20$887_EN' from process `\mem_stage.$proc$/work/rtl/cpu/pipeline/mem_stage.sv:0$1354'.
No latch inferred for signal `\mem_stage.$memwr$\data_memory$/work/rtl/cpu/pipeline/mem_stage.sv:20$888_EN' from process `\mem_stage.$proc$/work/rtl/cpu/pipeline/mem_stage.sv:0$1354'.
No latch inferred for signal `\mem_stage.$memwr$\data_memory$/work/rtl/cpu/pipeline/mem_stage.sv:20$889_EN' from process `\mem_stage.$proc$/work/rtl/cpu/pipeline/mem_stage.sv:0$1354'.
No latch inferred for signal `\mem_stage.$memwr$\data_memory$/work/rtl/cpu/pipeline/mem_stage.sv:20$890_EN' from process `\mem_stage.$proc$/work/rtl/cpu/pipeline/mem_stage.sv:0$1354'.
No latch inferred for signal `\mem_stage.$memwr$\data_memory$/work/rtl/cpu/pipeline/mem_stage.sv:20$891_EN' from process `\mem_stage.$proc$/work/rtl/cpu/pipeline/mem_stage.sv:0$1354'.
No latch inferred for signal `\mem_stage.$memwr$\data_memory$/work/rtl/cpu/pipeline/mem_stage.sv:20$892_EN' from process `\mem_stage.$proc$/work/rtl/cpu/pipeline/mem_stage.sv:0$1354'.
No latch inferred for signal `\mem_stage.$memwr$\data_memory$/work/rtl/cpu/pipeline/mem_stage.sv:20$893_EN' from process `\mem_stage.$proc$/work/rtl/cpu/pipeline/mem_stage.sv:0$1354'.
No latch inferred for signal `\mem_stage.$memwr$\data_memory$/work/rtl/cpu/pipeline/mem_stage.sv:20$894_EN' from process `\mem_stage.$proc$/work/rtl/cpu/pipeline/mem_stage.sv:0$1354'.
No latch inferred for signal `\mem_stage.$memwr$\data_memory$/work/rtl/cpu/pipeline/mem_stage.sv:20$895_EN' from process `\mem_stage.$proc$/work/rtl/cpu/pipeline/mem_stage.sv:0$1354'.
No latch inferred for signal `\mem_stage.$memwr$\data_memory$/work/rtl/cpu/pipeline/mem_stage.sv:20$896_EN' from process `\mem_stage.$proc$/work/rtl/cpu/pipeline/mem_stage.sv:0$1354'.
No latch inferred for signal `\mem_stage.$memwr$\data_memory$/work/rtl/cpu/pipeline/mem_stage.sv:20$897_EN' from process `\mem_stage.$proc$/work/rtl/cpu/pipeline/mem_stage.sv:0$1354'.
No latch inferred for signal `\mem_stage.$memwr$\data_memory$/work/rtl/cpu/pipeline/mem_stage.sv:20$898_EN' from process `\mem_stage.$proc$/work/rtl/cpu/pipeline/mem_stage.sv:0$1354'.
No latch inferred for signal `\mem_stage.$memwr$\data_memory$/work/rtl/cpu/pipeline/mem_stage.sv:20$899_EN' from process `\mem_stage.$proc$/work/rtl/cpu/pipeline/mem_stage.sv:0$1354'.
No latch inferred for signal `\mem_stage.$memwr$\data_memory$/work/rtl/cpu/pipeline/mem_stage.sv:20$900_EN' from process `\mem_stage.$proc$/work/rtl/cpu/pipeline/mem_stage.sv:0$1354'.
No latch inferred for signal `\mem_stage.$memwr$\data_memory$/work/rtl/cpu/pipeline/mem_stage.sv:20$901_EN' from process `\mem_stage.$proc$/work/rtl/cpu/pipeline/mem_stage.sv:0$1354'.
No latch inferred for signal `\mem_stage.$memwr$\data_memory$/work/rtl/cpu/pipeline/mem_stage.sv:20$902_EN' from process `\mem_stage.$proc$/work/rtl/cpu/pipeline/mem_stage.sv:0$1354'.
No latch inferred for signal `\mem_stage.$memwr$\data_memory$/work/rtl/cpu/pipeline/mem_stage.sv:20$903_EN' from process `\mem_stage.$proc$/work/rtl/cpu/pipeline/mem_stage.sv:0$1354'.
No latch inferred for signal `\mem_stage.$memwr$\data_memory$/work/rtl/cpu/pipeline/mem_stage.sv:20$904_EN' from process `\mem_stage.$proc$/work/rtl/cpu/pipeline/mem_stage.sv:0$1354'.
No latch inferred for signal `\mem_stage.$memwr$\data_memory$/work/rtl/cpu/pipeline/mem_stage.sv:20$905_EN' from process `\mem_stage.$proc$/work/rtl/cpu/pipeline/mem_stage.sv:0$1354'.
No latch inferred for signal `\mem_stage.$memwr$\data_memory$/work/rtl/cpu/pipeline/mem_stage.sv:20$906_EN' from process `\mem_stage.$proc$/work/rtl/cpu/pipeline/mem_stage.sv:0$1354'.
No latch inferred for signal `\mem_stage.$memwr$\data_memory$/work/rtl/cpu/pipeline/mem_stage.sv:20$907_EN' from process `\mem_stage.$proc$/work/rtl/cpu/pipeline/mem_stage.sv:0$1354'.
No latch inferred for signal `\mem_stage.$memwr$\data_memory$/work/rtl/cpu/pipeline/mem_stage.sv:20$908_EN' from process `\mem_stage.$proc$/work/rtl/cpu/pipeline/mem_stage.sv:0$1354'.
No latch inferred for signal `\mem_stage.$memwr$\data_memory$/work/rtl/cpu/pipeline/mem_stage.sv:20$909_EN' from process `\mem_stage.$proc$/work/rtl/cpu/pipeline/mem_stage.sv:0$1354'.
No latch inferred for signal `\mem_stage.$memwr$\data_memory$/work/rtl/cpu/pipeline/mem_stage.sv:20$910_EN' from process `\mem_stage.$proc$/work/rtl/cpu/pipeline/mem_stage.sv:0$1354'.
No latch inferred for signal `\mem_stage.$memwr$\data_memory$/work/rtl/cpu/pipeline/mem_stage.sv:20$911_EN' from process `\mem_stage.$proc$/work/rtl/cpu/pipeline/mem_stage.sv:0$1354'.
No latch inferred for signal `\mem_stage.$memwr$\data_memory$/work/rtl/cpu/pipeline/mem_stage.sv:20$912_EN' from process `\mem_stage.$proc$/work/rtl/cpu/pipeline/mem_stage.sv:0$1354'.
No latch inferred for signal `\mem_stage.$memwr$\data_memory$/work/rtl/cpu/pipeline/mem_stage.sv:20$913_EN' from process `\mem_stage.$proc$/work/rtl/cpu/pipeline/mem_stage.sv:0$1354'.
No latch inferred for signal `\mem_stage.$memwr$\data_memory$/work/rtl/cpu/pipeline/mem_stage.sv:20$914_EN' from process `\mem_stage.$proc$/work/rtl/cpu/pipeline/mem_stage.sv:0$1354'.
No latch inferred for signal `\mem_stage.$memwr$\data_memory$/work/rtl/cpu/pipeline/mem_stage.sv:20$915_EN' from process `\mem_stage.$proc$/work/rtl/cpu/pipeline/mem_stage.sv:0$1354'.
No latch inferred for signal `\mem_stage.$memwr$\data_memory$/work/rtl/cpu/pipeline/mem_stage.sv:20$916_EN' from process `\mem_stage.$proc$/work/rtl/cpu/pipeline/mem_stage.sv:0$1354'.
No latch inferred for signal `\mem_stage.$memwr$\data_memory$/work/rtl/cpu/pipeline/mem_stage.sv:20$917_EN' from process `\mem_stage.$proc$/work/rtl/cpu/pipeline/mem_stage.sv:0$1354'.
No latch inferred for signal `\mem_stage.$memwr$\data_memory$/work/rtl/cpu/pipeline/mem_stage.sv:20$918_EN' from process `\mem_stage.$proc$/work/rtl/cpu/pipeline/mem_stage.sv:0$1354'.
No latch inferred for signal `\mem_stage.$memwr$\data_memory$/work/rtl/cpu/pipeline/mem_stage.sv:20$919_EN' from process `\mem_stage.$proc$/work/rtl/cpu/pipeline/mem_stage.sv:0$1354'.
No latch inferred for signal `\mem_stage.$memwr$\data_memory$/work/rtl/cpu/pipeline/mem_stage.sv:20$920_EN' from process `\mem_stage.$proc$/work/rtl/cpu/pipeline/mem_stage.sv:0$1354'.
No latch inferred for signal `\mem_stage.$memwr$\data_memory$/work/rtl/cpu/pipeline/mem_stage.sv:20$921_EN' from process `\mem_stage.$proc$/work/rtl/cpu/pipeline/mem_stage.sv:0$1354'.
No latch inferred for signal `\mem_stage.$memwr$\data_memory$/work/rtl/cpu/pipeline/mem_stage.sv:20$922_EN' from process `\mem_stage.$proc$/work/rtl/cpu/pipeline/mem_stage.sv:0$1354'.
No latch inferred for signal `\mem_stage.$memwr$\data_memory$/work/rtl/cpu/pipeline/mem_stage.sv:20$923_EN' from process `\mem_stage.$proc$/work/rtl/cpu/pipeline/mem_stage.sv:0$1354'.
No latch inferred for signal `\mem_stage.$memwr$\data_memory$/work/rtl/cpu/pipeline/mem_stage.sv:20$924_EN' from process `\mem_stage.$proc$/work/rtl/cpu/pipeline/mem_stage.sv:0$1354'.
No latch inferred for signal `\mem_stage.$memwr$\data_memory$/work/rtl/cpu/pipeline/mem_stage.sv:20$925_EN' from process `\mem_stage.$proc$/work/rtl/cpu/pipeline/mem_stage.sv:0$1354'.
No latch inferred for signal `\mem_stage.$memwr$\data_memory$/work/rtl/cpu/pipeline/mem_stage.sv:20$926_EN' from process `\mem_stage.$proc$/work/rtl/cpu/pipeline/mem_stage.sv:0$1354'.
No latch inferred for signal `\mem_stage.$memwr$\data_memory$/work/rtl/cpu/pipeline/mem_stage.sv:20$927_EN' from process `\mem_stage.$proc$/work/rtl/cpu/pipeline/mem_stage.sv:0$1354'.
No latch inferred for signal `\mem_stage.$memwr$\data_memory$/work/rtl/cpu/pipeline/mem_stage.sv:20$928_EN' from process `\mem_stage.$proc$/work/rtl/cpu/pipeline/mem_stage.sv:0$1354'.
No latch inferred for signal `\mem_stage.$memwr$\data_memory$/work/rtl/cpu/pipeline/mem_stage.sv:20$929_EN' from process `\mem_stage.$proc$/work/rtl/cpu/pipeline/mem_stage.sv:0$1354'.
No latch inferred for signal `\mem_stage.$memwr$\data_memory$/work/rtl/cpu/pipeline/mem_stage.sv:20$930_EN' from process `\mem_stage.$proc$/work/rtl/cpu/pipeline/mem_stage.sv:0$1354'.
No latch inferred for signal `\mem_stage.$memwr$\data_memory$/work/rtl/cpu/pipeline/mem_stage.sv:20$931_EN' from process `\mem_stage.$proc$/work/rtl/cpu/pipeline/mem_stage.sv:0$1354'.
No latch inferred for signal `\mem_stage.$memwr$\data_memory$/work/rtl/cpu/pipeline/mem_stage.sv:20$932_EN' from process `\mem_stage.$proc$/work/rtl/cpu/pipeline/mem_stage.sv:0$1354'.
No latch inferred for signal `\mem_stage.$memwr$\data_memory$/work/rtl/cpu/pipeline/mem_stage.sv:20$933_EN' from process `\mem_stage.$proc$/work/rtl/cpu/pipeline/mem_stage.sv:0$1354'.
No latch inferred for signal `\mem_stage.$memwr$\data_memory$/work/rtl/cpu/pipeline/mem_stage.sv:20$934_EN' from process `\mem_stage.$proc$/work/rtl/cpu/pipeline/mem_stage.sv:0$1354'.
No latch inferred for signal `\mem_stage.$memwr$\data_memory$/work/rtl/cpu/pipeline/mem_stage.sv:20$935_EN' from process `\mem_stage.$proc$/work/rtl/cpu/pipeline/mem_stage.sv:0$1354'.
No latch inferred for signal `\mem_stage.$memwr$\data_memory$/work/rtl/cpu/pipeline/mem_stage.sv:20$936_EN' from process `\mem_stage.$proc$/work/rtl/cpu/pipeline/mem_stage.sv:0$1354'.
No latch inferred for signal `\mem_stage.$memwr$\data_memory$/work/rtl/cpu/pipeline/mem_stage.sv:20$937_EN' from process `\mem_stage.$proc$/work/rtl/cpu/pipeline/mem_stage.sv:0$1354'.
No latch inferred for signal `\mem_stage.$memwr$\data_memory$/work/rtl/cpu/pipeline/mem_stage.sv:20$938_EN' from process `\mem_stage.$proc$/work/rtl/cpu/pipeline/mem_stage.sv:0$1354'.
No latch inferred for signal `\mem_stage.$memwr$\data_memory$/work/rtl/cpu/pipeline/mem_stage.sv:20$939_EN' from process `\mem_stage.$proc$/work/rtl/cpu/pipeline/mem_stage.sv:0$1354'.
No latch inferred for signal `\mem_stage.$memwr$\data_memory$/work/rtl/cpu/pipeline/mem_stage.sv:20$940_EN' from process `\mem_stage.$proc$/work/rtl/cpu/pipeline/mem_stage.sv:0$1354'.
No latch inferred for signal `\mem_stage.$memwr$\data_memory$/work/rtl/cpu/pipeline/mem_stage.sv:20$941_EN' from process `\mem_stage.$proc$/work/rtl/cpu/pipeline/mem_stage.sv:0$1354'.
No latch inferred for signal `\mem_stage.$memwr$\data_memory$/work/rtl/cpu/pipeline/mem_stage.sv:20$942_EN' from process `\mem_stage.$proc$/work/rtl/cpu/pipeline/mem_stage.sv:0$1354'.
No latch inferred for signal `\mem_stage.$memwr$\data_memory$/work/rtl/cpu/pipeline/mem_stage.sv:20$943_EN' from process `\mem_stage.$proc$/work/rtl/cpu/pipeline/mem_stage.sv:0$1354'.
No latch inferred for signal `\mem_stage.$memwr$\data_memory$/work/rtl/cpu/pipeline/mem_stage.sv:20$944_EN' from process `\mem_stage.$proc$/work/rtl/cpu/pipeline/mem_stage.sv:0$1354'.
No latch inferred for signal `\mem_stage.$memwr$\data_memory$/work/rtl/cpu/pipeline/mem_stage.sv:20$945_EN' from process `\mem_stage.$proc$/work/rtl/cpu/pipeline/mem_stage.sv:0$1354'.
No latch inferred for signal `\mem_stage.$memwr$\data_memory$/work/rtl/cpu/pipeline/mem_stage.sv:20$946_EN' from process `\mem_stage.$proc$/work/rtl/cpu/pipeline/mem_stage.sv:0$1354'.
No latch inferred for signal `\mem_stage.$memwr$\data_memory$/work/rtl/cpu/pipeline/mem_stage.sv:20$947_EN' from process `\mem_stage.$proc$/work/rtl/cpu/pipeline/mem_stage.sv:0$1354'.
No latch inferred for signal `\mem_stage.$memwr$\data_memory$/work/rtl/cpu/pipeline/mem_stage.sv:20$948_EN' from process `\mem_stage.$proc$/work/rtl/cpu/pipeline/mem_stage.sv:0$1354'.
No latch inferred for signal `\mem_stage.$memwr$\data_memory$/work/rtl/cpu/pipeline/mem_stage.sv:20$949_EN' from process `\mem_stage.$proc$/work/rtl/cpu/pipeline/mem_stage.sv:0$1354'.
No latch inferred for signal `\mem_stage.$memwr$\data_memory$/work/rtl/cpu/pipeline/mem_stage.sv:20$950_EN' from process `\mem_stage.$proc$/work/rtl/cpu/pipeline/mem_stage.sv:0$1354'.
No latch inferred for signal `\mem_stage.$memwr$\data_memory$/work/rtl/cpu/pipeline/mem_stage.sv:20$951_EN' from process `\mem_stage.$proc$/work/rtl/cpu/pipeline/mem_stage.sv:0$1354'.
No latch inferred for signal `\mem_stage.$memwr$\data_memory$/work/rtl/cpu/pipeline/mem_stage.sv:20$952_EN' from process `\mem_stage.$proc$/work/rtl/cpu/pipeline/mem_stage.sv:0$1354'.
No latch inferred for signal `\mem_stage.$memwr$\data_memory$/work/rtl/cpu/pipeline/mem_stage.sv:20$953_EN' from process `\mem_stage.$proc$/work/rtl/cpu/pipeline/mem_stage.sv:0$1354'.
No latch inferred for signal `\mem_stage.$memwr$\data_memory$/work/rtl/cpu/pipeline/mem_stage.sv:20$954_EN' from process `\mem_stage.$proc$/work/rtl/cpu/pipeline/mem_stage.sv:0$1354'.
No latch inferred for signal `\mem_stage.$memwr$\data_memory$/work/rtl/cpu/pipeline/mem_stage.sv:20$955_EN' from process `\mem_stage.$proc$/work/rtl/cpu/pipeline/mem_stage.sv:0$1354'.
No latch inferred for signal `\mem_stage.$memwr$\data_memory$/work/rtl/cpu/pipeline/mem_stage.sv:20$956_EN' from process `\mem_stage.$proc$/work/rtl/cpu/pipeline/mem_stage.sv:0$1354'.
No latch inferred for signal `\mem_stage.$memwr$\data_memory$/work/rtl/cpu/pipeline/mem_stage.sv:20$957_EN' from process `\mem_stage.$proc$/work/rtl/cpu/pipeline/mem_stage.sv:0$1354'.
No latch inferred for signal `\mem_stage.$memwr$\data_memory$/work/rtl/cpu/pipeline/mem_stage.sv:20$958_EN' from process `\mem_stage.$proc$/work/rtl/cpu/pipeline/mem_stage.sv:0$1354'.
No latch inferred for signal `\mem_stage.$memwr$\data_memory$/work/rtl/cpu/pipeline/mem_stage.sv:20$959_EN' from process `\mem_stage.$proc$/work/rtl/cpu/pipeline/mem_stage.sv:0$1354'.
No latch inferred for signal `\mem_stage.$memwr$\data_memory$/work/rtl/cpu/pipeline/mem_stage.sv:20$960_EN' from process `\mem_stage.$proc$/work/rtl/cpu/pipeline/mem_stage.sv:0$1354'.
No latch inferred for signal `\mem_stage.$memwr$\data_memory$/work/rtl/cpu/pipeline/mem_stage.sv:20$961_EN' from process `\mem_stage.$proc$/work/rtl/cpu/pipeline/mem_stage.sv:0$1354'.
No latch inferred for signal `\mem_stage.$memwr$\data_memory$/work/rtl/cpu/pipeline/mem_stage.sv:20$962_EN' from process `\mem_stage.$proc$/work/rtl/cpu/pipeline/mem_stage.sv:0$1354'.
No latch inferred for signal `\mem_stage.$memwr$\data_memory$/work/rtl/cpu/pipeline/mem_stage.sv:20$963_EN' from process `\mem_stage.$proc$/work/rtl/cpu/pipeline/mem_stage.sv:0$1354'.
No latch inferred for signal `\mem_stage.$memwr$\data_memory$/work/rtl/cpu/pipeline/mem_stage.sv:20$964_EN' from process `\mem_stage.$proc$/work/rtl/cpu/pipeline/mem_stage.sv:0$1354'.
No latch inferred for signal `\mem_stage.$memwr$\data_memory$/work/rtl/cpu/pipeline/mem_stage.sv:20$965_EN' from process `\mem_stage.$proc$/work/rtl/cpu/pipeline/mem_stage.sv:0$1354'.
No latch inferred for signal `\mem_stage.$memwr$\data_memory$/work/rtl/cpu/pipeline/mem_stage.sv:20$966_EN' from process `\mem_stage.$proc$/work/rtl/cpu/pipeline/mem_stage.sv:0$1354'.
No latch inferred for signal `\mem_stage.$memwr$\data_memory$/work/rtl/cpu/pipeline/mem_stage.sv:20$967_EN' from process `\mem_stage.$proc$/work/rtl/cpu/pipeline/mem_stage.sv:0$1354'.
No latch inferred for signal `\mem_stage.$memwr$\data_memory$/work/rtl/cpu/pipeline/mem_stage.sv:20$968_EN' from process `\mem_stage.$proc$/work/rtl/cpu/pipeline/mem_stage.sv:0$1354'.
No latch inferred for signal `\mem_stage.$memwr$\data_memory$/work/rtl/cpu/pipeline/mem_stage.sv:20$969_EN' from process `\mem_stage.$proc$/work/rtl/cpu/pipeline/mem_stage.sv:0$1354'.
No latch inferred for signal `\mem_stage.$memwr$\data_memory$/work/rtl/cpu/pipeline/mem_stage.sv:20$970_EN' from process `\mem_stage.$proc$/work/rtl/cpu/pipeline/mem_stage.sv:0$1354'.
No latch inferred for signal `\mem_stage.$memwr$\data_memory$/work/rtl/cpu/pipeline/mem_stage.sv:20$971_EN' from process `\mem_stage.$proc$/work/rtl/cpu/pipeline/mem_stage.sv:0$1354'.
No latch inferred for signal `\mem_stage.$memwr$\data_memory$/work/rtl/cpu/pipeline/mem_stage.sv:20$972_EN' from process `\mem_stage.$proc$/work/rtl/cpu/pipeline/mem_stage.sv:0$1354'.
No latch inferred for signal `\mem_stage.$memwr$\data_memory$/work/rtl/cpu/pipeline/mem_stage.sv:20$973_EN' from process `\mem_stage.$proc$/work/rtl/cpu/pipeline/mem_stage.sv:0$1354'.
No latch inferred for signal `\mem_stage.$memwr$\data_memory$/work/rtl/cpu/pipeline/mem_stage.sv:20$974_EN' from process `\mem_stage.$proc$/work/rtl/cpu/pipeline/mem_stage.sv:0$1354'.
No latch inferred for signal `\mem_stage.$memwr$\data_memory$/work/rtl/cpu/pipeline/mem_stage.sv:20$975_EN' from process `\mem_stage.$proc$/work/rtl/cpu/pipeline/mem_stage.sv:0$1354'.
No latch inferred for signal `\mem_stage.$memwr$\data_memory$/work/rtl/cpu/pipeline/mem_stage.sv:20$976_EN' from process `\mem_stage.$proc$/work/rtl/cpu/pipeline/mem_stage.sv:0$1354'.
No latch inferred for signal `\mem_stage.$memwr$\data_memory$/work/rtl/cpu/pipeline/mem_stage.sv:20$977_EN' from process `\mem_stage.$proc$/work/rtl/cpu/pipeline/mem_stage.sv:0$1354'.
No latch inferred for signal `\mem_stage.$memwr$\data_memory$/work/rtl/cpu/pipeline/mem_stage.sv:20$978_EN' from process `\mem_stage.$proc$/work/rtl/cpu/pipeline/mem_stage.sv:0$1354'.
No latch inferred for signal `\mem_stage.$memwr$\data_memory$/work/rtl/cpu/pipeline/mem_stage.sv:20$979_EN' from process `\mem_stage.$proc$/work/rtl/cpu/pipeline/mem_stage.sv:0$1354'.
No latch inferred for signal `\mem_stage.$memwr$\data_memory$/work/rtl/cpu/pipeline/mem_stage.sv:20$980_EN' from process `\mem_stage.$proc$/work/rtl/cpu/pipeline/mem_stage.sv:0$1354'.
No latch inferred for signal `\mem_stage.$memwr$\data_memory$/work/rtl/cpu/pipeline/mem_stage.sv:20$981_EN' from process `\mem_stage.$proc$/work/rtl/cpu/pipeline/mem_stage.sv:0$1354'.
No latch inferred for signal `\mem_stage.$memwr$\data_memory$/work/rtl/cpu/pipeline/mem_stage.sv:20$982_EN' from process `\mem_stage.$proc$/work/rtl/cpu/pipeline/mem_stage.sv:0$1354'.
No latch inferred for signal `\mem_stage.$memwr$\data_memory$/work/rtl/cpu/pipeline/mem_stage.sv:20$983_EN' from process `\mem_stage.$proc$/work/rtl/cpu/pipeline/mem_stage.sv:0$1354'.
No latch inferred for signal `\mem_stage.$memwr$\data_memory$/work/rtl/cpu/pipeline/mem_stage.sv:20$984_EN' from process `\mem_stage.$proc$/work/rtl/cpu/pipeline/mem_stage.sv:0$1354'.
No latch inferred for signal `\mem_stage.$memwr$\data_memory$/work/rtl/cpu/pipeline/mem_stage.sv:20$985_EN' from process `\mem_stage.$proc$/work/rtl/cpu/pipeline/mem_stage.sv:0$1354'.
No latch inferred for signal `\mem_stage.$memwr$\data_memory$/work/rtl/cpu/pipeline/mem_stage.sv:20$986_EN' from process `\mem_stage.$proc$/work/rtl/cpu/pipeline/mem_stage.sv:0$1354'.
No latch inferred for signal `\mem_stage.$memwr$\data_memory$/work/rtl/cpu/pipeline/mem_stage.sv:20$987_EN' from process `\mem_stage.$proc$/work/rtl/cpu/pipeline/mem_stage.sv:0$1354'.
No latch inferred for signal `\mem_stage.$memwr$\data_memory$/work/rtl/cpu/pipeline/mem_stage.sv:20$988_EN' from process `\mem_stage.$proc$/work/rtl/cpu/pipeline/mem_stage.sv:0$1354'.
No latch inferred for signal `\mem_stage.$memwr$\data_memory$/work/rtl/cpu/pipeline/mem_stage.sv:20$989_EN' from process `\mem_stage.$proc$/work/rtl/cpu/pipeline/mem_stage.sv:0$1354'.
No latch inferred for signal `\mem_stage.$memwr$\data_memory$/work/rtl/cpu/pipeline/mem_stage.sv:20$990_EN' from process `\mem_stage.$proc$/work/rtl/cpu/pipeline/mem_stage.sv:0$1354'.
No latch inferred for signal `\mem_stage.$memwr$\data_memory$/work/rtl/cpu/pipeline/mem_stage.sv:20$991_EN' from process `\mem_stage.$proc$/work/rtl/cpu/pipeline/mem_stage.sv:0$1354'.
No latch inferred for signal `\mem_stage.$memwr$\data_memory$/work/rtl/cpu/pipeline/mem_stage.sv:20$992_EN' from process `\mem_stage.$proc$/work/rtl/cpu/pipeline/mem_stage.sv:0$1354'.
No latch inferred for signal `\mem_stage.$memwr$\data_memory$/work/rtl/cpu/pipeline/mem_stage.sv:20$993_EN' from process `\mem_stage.$proc$/work/rtl/cpu/pipeline/mem_stage.sv:0$1354'.
No latch inferred for signal `\mem_stage.$memwr$\data_memory$/work/rtl/cpu/pipeline/mem_stage.sv:20$994_EN' from process `\mem_stage.$proc$/work/rtl/cpu/pipeline/mem_stage.sv:0$1354'.
No latch inferred for signal `\mem_stage.$memwr$\data_memory$/work/rtl/cpu/pipeline/mem_stage.sv:20$995_EN' from process `\mem_stage.$proc$/work/rtl/cpu/pipeline/mem_stage.sv:0$1354'.
No latch inferred for signal `\mem_stage.$memwr$\data_memory$/work/rtl/cpu/pipeline/mem_stage.sv:20$996_EN' from process `\mem_stage.$proc$/work/rtl/cpu/pipeline/mem_stage.sv:0$1354'.
No latch inferred for signal `\mem_stage.$memwr$\data_memory$/work/rtl/cpu/pipeline/mem_stage.sv:20$997_EN' from process `\mem_stage.$proc$/work/rtl/cpu/pipeline/mem_stage.sv:0$1354'.
No latch inferred for signal `\mem_stage.$memwr$\data_memory$/work/rtl/cpu/pipeline/mem_stage.sv:20$998_EN' from process `\mem_stage.$proc$/work/rtl/cpu/pipeline/mem_stage.sv:0$1354'.
No latch inferred for signal `\mem_stage.$memwr$\data_memory$/work/rtl/cpu/pipeline/mem_stage.sv:20$999_EN' from process `\mem_stage.$proc$/work/rtl/cpu/pipeline/mem_stage.sv:0$1354'.
No latch inferred for signal `\mem_stage.$memwr$\data_memory$/work/rtl/cpu/pipeline/mem_stage.sv:20$1000_EN' from process `\mem_stage.$proc$/work/rtl/cpu/pipeline/mem_stage.sv:0$1354'.
No latch inferred for signal `\mem_stage.$memwr$\data_memory$/work/rtl/cpu/pipeline/mem_stage.sv:20$1001_EN' from process `\mem_stage.$proc$/work/rtl/cpu/pipeline/mem_stage.sv:0$1354'.
No latch inferred for signal `\mem_stage.$memwr$\data_memory$/work/rtl/cpu/pipeline/mem_stage.sv:20$1002_EN' from process `\mem_stage.$proc$/work/rtl/cpu/pipeline/mem_stage.sv:0$1354'.
No latch inferred for signal `\mem_stage.$memwr$\data_memory$/work/rtl/cpu/pipeline/mem_stage.sv:20$1003_EN' from process `\mem_stage.$proc$/work/rtl/cpu/pipeline/mem_stage.sv:0$1354'.
No latch inferred for signal `\mem_stage.$memwr$\data_memory$/work/rtl/cpu/pipeline/mem_stage.sv:20$1004_EN' from process `\mem_stage.$proc$/work/rtl/cpu/pipeline/mem_stage.sv:0$1354'.
No latch inferred for signal `\mem_stage.$memwr$\data_memory$/work/rtl/cpu/pipeline/mem_stage.sv:20$1005_EN' from process `\mem_stage.$proc$/work/rtl/cpu/pipeline/mem_stage.sv:0$1354'.
No latch inferred for signal `\mem_stage.$memwr$\data_memory$/work/rtl/cpu/pipeline/mem_stage.sv:20$1006_EN' from process `\mem_stage.$proc$/work/rtl/cpu/pipeline/mem_stage.sv:0$1354'.
No latch inferred for signal `\mem_stage.$memwr$\data_memory$/work/rtl/cpu/pipeline/mem_stage.sv:20$1007_EN' from process `\mem_stage.$proc$/work/rtl/cpu/pipeline/mem_stage.sv:0$1354'.
No latch inferred for signal `\mem_stage.$memwr$\data_memory$/work/rtl/cpu/pipeline/mem_stage.sv:20$1008_EN' from process `\mem_stage.$proc$/work/rtl/cpu/pipeline/mem_stage.sv:0$1354'.
No latch inferred for signal `\mem_stage.$memwr$\data_memory$/work/rtl/cpu/pipeline/mem_stage.sv:20$1009_EN' from process `\mem_stage.$proc$/work/rtl/cpu/pipeline/mem_stage.sv:0$1354'.
No latch inferred for signal `\mem_stage.$memwr$\data_memory$/work/rtl/cpu/pipeline/mem_stage.sv:20$1010_EN' from process `\mem_stage.$proc$/work/rtl/cpu/pipeline/mem_stage.sv:0$1354'.
No latch inferred for signal `\mem_stage.$memwr$\data_memory$/work/rtl/cpu/pipeline/mem_stage.sv:20$1011_EN' from process `\mem_stage.$proc$/work/rtl/cpu/pipeline/mem_stage.sv:0$1354'.
No latch inferred for signal `\mem_stage.$memwr$\data_memory$/work/rtl/cpu/pipeline/mem_stage.sv:20$1012_EN' from process `\mem_stage.$proc$/work/rtl/cpu/pipeline/mem_stage.sv:0$1354'.
No latch inferred for signal `\mem_stage.$memwr$\data_memory$/work/rtl/cpu/pipeline/mem_stage.sv:20$1013_EN' from process `\mem_stage.$proc$/work/rtl/cpu/pipeline/mem_stage.sv:0$1354'.
No latch inferred for signal `\mem_stage.$memwr$\data_memory$/work/rtl/cpu/pipeline/mem_stage.sv:20$1014_EN' from process `\mem_stage.$proc$/work/rtl/cpu/pipeline/mem_stage.sv:0$1354'.
No latch inferred for signal `\mem_stage.$memwr$\data_memory$/work/rtl/cpu/pipeline/mem_stage.sv:20$1015_EN' from process `\mem_stage.$proc$/work/rtl/cpu/pipeline/mem_stage.sv:0$1354'.
No latch inferred for signal `\mem_stage.$memwr$\data_memory$/work/rtl/cpu/pipeline/mem_stage.sv:20$1016_EN' from process `\mem_stage.$proc$/work/rtl/cpu/pipeline/mem_stage.sv:0$1354'.
No latch inferred for signal `\mem_stage.$memwr$\data_memory$/work/rtl/cpu/pipeline/mem_stage.sv:20$1017_EN' from process `\mem_stage.$proc$/work/rtl/cpu/pipeline/mem_stage.sv:0$1354'.
No latch inferred for signal `\mem_stage.$memwr$\data_memory$/work/rtl/cpu/pipeline/mem_stage.sv:20$1018_EN' from process `\mem_stage.$proc$/work/rtl/cpu/pipeline/mem_stage.sv:0$1354'.
No latch inferred for signal `\mem_stage.$memwr$\data_memory$/work/rtl/cpu/pipeline/mem_stage.sv:20$1019_EN' from process `\mem_stage.$proc$/work/rtl/cpu/pipeline/mem_stage.sv:0$1354'.
No latch inferred for signal `\mem_stage.$memwr$\data_memory$/work/rtl/cpu/pipeline/mem_stage.sv:20$1020_EN' from process `\mem_stage.$proc$/work/rtl/cpu/pipeline/mem_stage.sv:0$1354'.
No latch inferred for signal `\mem_stage.$memwr$\data_memory$/work/rtl/cpu/pipeline/mem_stage.sv:20$1021_EN' from process `\mem_stage.$proc$/work/rtl/cpu/pipeline/mem_stage.sv:0$1354'.
No latch inferred for signal `\mem_stage.$memwr$\data_memory$/work/rtl/cpu/pipeline/mem_stage.sv:20$1022_EN' from process `\mem_stage.$proc$/work/rtl/cpu/pipeline/mem_stage.sv:0$1354'.
No latch inferred for signal `\mem_stage.$memwr$\data_memory$/work/rtl/cpu/pipeline/mem_stage.sv:20$1023_EN' from process `\mem_stage.$proc$/work/rtl/cpu/pipeline/mem_stage.sv:0$1354'.
No latch inferred for signal `\mem_stage.$memwr$\data_memory$/work/rtl/cpu/pipeline/mem_stage.sv:20$1024_EN' from process `\mem_stage.$proc$/work/rtl/cpu/pipeline/mem_stage.sv:0$1354'.
No latch inferred for signal `\mem_stage.$memwr$\data_memory$/work/rtl/cpu/pipeline/mem_stage.sv:20$1025_EN' from process `\mem_stage.$proc$/work/rtl/cpu/pipeline/mem_stage.sv:0$1354'.
No latch inferred for signal `\mem_stage.$memwr$\data_memory$/work/rtl/cpu/pipeline/mem_stage.sv:20$1026_EN' from process `\mem_stage.$proc$/work/rtl/cpu/pipeline/mem_stage.sv:0$1354'.
No latch inferred for signal `\mem_stage.$memwr$\data_memory$/work/rtl/cpu/pipeline/mem_stage.sv:20$1027_EN' from process `\mem_stage.$proc$/work/rtl/cpu/pipeline/mem_stage.sv:0$1354'.
No latch inferred for signal `\mem_stage.$memwr$\data_memory$/work/rtl/cpu/pipeline/mem_stage.sv:20$1028_EN' from process `\mem_stage.$proc$/work/rtl/cpu/pipeline/mem_stage.sv:0$1354'.
No latch inferred for signal `\mem_stage.$memwr$\data_memory$/work/rtl/cpu/pipeline/mem_stage.sv:20$1029_EN' from process `\mem_stage.$proc$/work/rtl/cpu/pipeline/mem_stage.sv:0$1354'.
No latch inferred for signal `\mem_stage.$memwr$\data_memory$/work/rtl/cpu/pipeline/mem_stage.sv:20$1030_EN' from process `\mem_stage.$proc$/work/rtl/cpu/pipeline/mem_stage.sv:0$1354'.
No latch inferred for signal `\mem_stage.$memwr$\data_memory$/work/rtl/cpu/pipeline/mem_stage.sv:20$1031_EN' from process `\mem_stage.$proc$/work/rtl/cpu/pipeline/mem_stage.sv:0$1354'.
No latch inferred for signal `\mem_stage.$memwr$\data_memory$/work/rtl/cpu/pipeline/mem_stage.sv:20$1032_EN' from process `\mem_stage.$proc$/work/rtl/cpu/pipeline/mem_stage.sv:0$1354'.
No latch inferred for signal `\mem_stage.$memwr$\data_memory$/work/rtl/cpu/pipeline/mem_stage.sv:20$1033_EN' from process `\mem_stage.$proc$/work/rtl/cpu/pipeline/mem_stage.sv:0$1354'.
No latch inferred for signal `\mem_stage.$memwr$\data_memory$/work/rtl/cpu/pipeline/mem_stage.sv:20$1034_EN' from process `\mem_stage.$proc$/work/rtl/cpu/pipeline/mem_stage.sv:0$1354'.
No latch inferred for signal `\mem_stage.$memwr$\data_memory$/work/rtl/cpu/pipeline/mem_stage.sv:20$1035_EN' from process `\mem_stage.$proc$/work/rtl/cpu/pipeline/mem_stage.sv:0$1354'.
No latch inferred for signal `\mem_stage.$memwr$\data_memory$/work/rtl/cpu/pipeline/mem_stage.sv:20$1036_EN' from process `\mem_stage.$proc$/work/rtl/cpu/pipeline/mem_stage.sv:0$1354'.
No latch inferred for signal `\mem_stage.$memwr$\data_memory$/work/rtl/cpu/pipeline/mem_stage.sv:20$1037_EN' from process `\mem_stage.$proc$/work/rtl/cpu/pipeline/mem_stage.sv:0$1354'.
No latch inferred for signal `\mem_stage.$memwr$\data_memory$/work/rtl/cpu/pipeline/mem_stage.sv:20$1038_EN' from process `\mem_stage.$proc$/work/rtl/cpu/pipeline/mem_stage.sv:0$1354'.
No latch inferred for signal `\mem_stage.$memwr$\data_memory$/work/rtl/cpu/pipeline/mem_stage.sv:20$1039_EN' from process `\mem_stage.$proc$/work/rtl/cpu/pipeline/mem_stage.sv:0$1354'.
No latch inferred for signal `\mem_stage.$memwr$\data_memory$/work/rtl/cpu/pipeline/mem_stage.sv:20$1040_EN' from process `\mem_stage.$proc$/work/rtl/cpu/pipeline/mem_stage.sv:0$1354'.
No latch inferred for signal `\mem_stage.$memwr$\data_memory$/work/rtl/cpu/pipeline/mem_stage.sv:20$1041_EN' from process `\mem_stage.$proc$/work/rtl/cpu/pipeline/mem_stage.sv:0$1354'.
No latch inferred for signal `\mem_stage.$memwr$\data_memory$/work/rtl/cpu/pipeline/mem_stage.sv:20$1042_EN' from process `\mem_stage.$proc$/work/rtl/cpu/pipeline/mem_stage.sv:0$1354'.
No latch inferred for signal `\mem_stage.$memwr$\data_memory$/work/rtl/cpu/pipeline/mem_stage.sv:20$1043_EN' from process `\mem_stage.$proc$/work/rtl/cpu/pipeline/mem_stage.sv:0$1354'.
No latch inferred for signal `\mem_stage.$memwr$\data_memory$/work/rtl/cpu/pipeline/mem_stage.sv:20$1044_EN' from process `\mem_stage.$proc$/work/rtl/cpu/pipeline/mem_stage.sv:0$1354'.
No latch inferred for signal `\mem_stage.$memwr$\data_memory$/work/rtl/cpu/pipeline/mem_stage.sv:20$1045_EN' from process `\mem_stage.$proc$/work/rtl/cpu/pipeline/mem_stage.sv:0$1354'.
No latch inferred for signal `\mem_stage.$memwr$\data_memory$/work/rtl/cpu/pipeline/mem_stage.sv:20$1046_EN' from process `\mem_stage.$proc$/work/rtl/cpu/pipeline/mem_stage.sv:0$1354'.
No latch inferred for signal `\mem_stage.$memwr$\data_memory$/work/rtl/cpu/pipeline/mem_stage.sv:20$1047_EN' from process `\mem_stage.$proc$/work/rtl/cpu/pipeline/mem_stage.sv:0$1354'.
No latch inferred for signal `\mem_stage.$memwr$\data_memory$/work/rtl/cpu/pipeline/mem_stage.sv:20$1048_EN' from process `\mem_stage.$proc$/work/rtl/cpu/pipeline/mem_stage.sv:0$1354'.
No latch inferred for signal `\mem_stage.$memwr$\data_memory$/work/rtl/cpu/pipeline/mem_stage.sv:20$1049_EN' from process `\mem_stage.$proc$/work/rtl/cpu/pipeline/mem_stage.sv:0$1354'.
No latch inferred for signal `\mem_stage.$memwr$\data_memory$/work/rtl/cpu/pipeline/mem_stage.sv:20$1050_EN' from process `\mem_stage.$proc$/work/rtl/cpu/pipeline/mem_stage.sv:0$1354'.
No latch inferred for signal `\mem_stage.$memwr$\data_memory$/work/rtl/cpu/pipeline/mem_stage.sv:20$1051_EN' from process `\mem_stage.$proc$/work/rtl/cpu/pipeline/mem_stage.sv:0$1354'.
No latch inferred for signal `\mem_stage.$memwr$\data_memory$/work/rtl/cpu/pipeline/mem_stage.sv:20$1052_EN' from process `\mem_stage.$proc$/work/rtl/cpu/pipeline/mem_stage.sv:0$1354'.
No latch inferred for signal `\mem_stage.$memwr$\data_memory$/work/rtl/cpu/pipeline/mem_stage.sv:20$1053_EN' from process `\mem_stage.$proc$/work/rtl/cpu/pipeline/mem_stage.sv:0$1354'.
No latch inferred for signal `\mem_stage.$memwr$\data_memory$/work/rtl/cpu/pipeline/mem_stage.sv:20$1054_EN' from process `\mem_stage.$proc$/work/rtl/cpu/pipeline/mem_stage.sv:0$1354'.
No latch inferred for signal `\mem_stage.$memwr$\data_memory$/work/rtl/cpu/pipeline/mem_stage.sv:20$1055_EN' from process `\mem_stage.$proc$/work/rtl/cpu/pipeline/mem_stage.sv:0$1354'.
No latch inferred for signal `\mem_stage.$memwr$\data_memory$/work/rtl/cpu/pipeline/mem_stage.sv:20$1056_EN' from process `\mem_stage.$proc$/work/rtl/cpu/pipeline/mem_stage.sv:0$1354'.
No latch inferred for signal `\mem_stage.$memwr$\data_memory$/work/rtl/cpu/pipeline/mem_stage.sv:20$1057_EN' from process `\mem_stage.$proc$/work/rtl/cpu/pipeline/mem_stage.sv:0$1354'.
No latch inferred for signal `\mem_stage.$memwr$\data_memory$/work/rtl/cpu/pipeline/mem_stage.sv:20$1058_EN' from process `\mem_stage.$proc$/work/rtl/cpu/pipeline/mem_stage.sv:0$1354'.
No latch inferred for signal `\mem_stage.$memwr$\data_memory$/work/rtl/cpu/pipeline/mem_stage.sv:20$1059_EN' from process `\mem_stage.$proc$/work/rtl/cpu/pipeline/mem_stage.sv:0$1354'.
No latch inferred for signal `\mem_stage.$memwr$\data_memory$/work/rtl/cpu/pipeline/mem_stage.sv:20$1060_EN' from process `\mem_stage.$proc$/work/rtl/cpu/pipeline/mem_stage.sv:0$1354'.
No latch inferred for signal `\mem_stage.$memwr$\data_memory$/work/rtl/cpu/pipeline/mem_stage.sv:20$1061_EN' from process `\mem_stage.$proc$/work/rtl/cpu/pipeline/mem_stage.sv:0$1354'.
No latch inferred for signal `\mem_stage.$memwr$\data_memory$/work/rtl/cpu/pipeline/mem_stage.sv:20$1062_EN' from process `\mem_stage.$proc$/work/rtl/cpu/pipeline/mem_stage.sv:0$1354'.
No latch inferred for signal `\mem_stage.$memwr$\data_memory$/work/rtl/cpu/pipeline/mem_stage.sv:20$1063_EN' from process `\mem_stage.$proc$/work/rtl/cpu/pipeline/mem_stage.sv:0$1354'.
No latch inferred for signal `\mem_stage.$memwr$\data_memory$/work/rtl/cpu/pipeline/mem_stage.sv:20$1064_EN' from process `\mem_stage.$proc$/work/rtl/cpu/pipeline/mem_stage.sv:0$1354'.
No latch inferred for signal `\mem_stage.$memwr$\data_memory$/work/rtl/cpu/pipeline/mem_stage.sv:20$1065_EN' from process `\mem_stage.$proc$/work/rtl/cpu/pipeline/mem_stage.sv:0$1354'.
No latch inferred for signal `\mem_stage.$memwr$\data_memory$/work/rtl/cpu/pipeline/mem_stage.sv:20$1066_EN' from process `\mem_stage.$proc$/work/rtl/cpu/pipeline/mem_stage.sv:0$1354'.
No latch inferred for signal `\mem_stage.$memwr$\data_memory$/work/rtl/cpu/pipeline/mem_stage.sv:20$1067_EN' from process `\mem_stage.$proc$/work/rtl/cpu/pipeline/mem_stage.sv:0$1354'.
No latch inferred for signal `\mem_stage.$memwr$\data_memory$/work/rtl/cpu/pipeline/mem_stage.sv:20$1068_EN' from process `\mem_stage.$proc$/work/rtl/cpu/pipeline/mem_stage.sv:0$1354'.
No latch inferred for signal `\mem_stage.$memwr$\data_memory$/work/rtl/cpu/pipeline/mem_stage.sv:20$1069_EN' from process `\mem_stage.$proc$/work/rtl/cpu/pipeline/mem_stage.sv:0$1354'.
No latch inferred for signal `\mem_stage.$memwr$\data_memory$/work/rtl/cpu/pipeline/mem_stage.sv:20$1070_EN' from process `\mem_stage.$proc$/work/rtl/cpu/pipeline/mem_stage.sv:0$1354'.
No latch inferred for signal `\mem_stage.$memwr$\data_memory$/work/rtl/cpu/pipeline/mem_stage.sv:20$1071_EN' from process `\mem_stage.$proc$/work/rtl/cpu/pipeline/mem_stage.sv:0$1354'.
No latch inferred for signal `\mem_stage.$memwr$\data_memory$/work/rtl/cpu/pipeline/mem_stage.sv:20$1072_EN' from process `\mem_stage.$proc$/work/rtl/cpu/pipeline/mem_stage.sv:0$1354'.
No latch inferred for signal `\mem_stage.$memwr$\data_memory$/work/rtl/cpu/pipeline/mem_stage.sv:20$1073_EN' from process `\mem_stage.$proc$/work/rtl/cpu/pipeline/mem_stage.sv:0$1354'.
No latch inferred for signal `\mem_stage.$memwr$\data_memory$/work/rtl/cpu/pipeline/mem_stage.sv:20$1074_EN' from process `\mem_stage.$proc$/work/rtl/cpu/pipeline/mem_stage.sv:0$1354'.
No latch inferred for signal `\mem_stage.$memwr$\data_memory$/work/rtl/cpu/pipeline/mem_stage.sv:20$1075_EN' from process `\mem_stage.$proc$/work/rtl/cpu/pipeline/mem_stage.sv:0$1354'.
No latch inferred for signal `\mem_stage.$memwr$\data_memory$/work/rtl/cpu/pipeline/mem_stage.sv:20$1076_EN' from process `\mem_stage.$proc$/work/rtl/cpu/pipeline/mem_stage.sv:0$1354'.
No latch inferred for signal `\mem_stage.$memwr$\data_memory$/work/rtl/cpu/pipeline/mem_stage.sv:20$1077_EN' from process `\mem_stage.$proc$/work/rtl/cpu/pipeline/mem_stage.sv:0$1354'.
No latch inferred for signal `\mem_stage.$memwr$\data_memory$/work/rtl/cpu/pipeline/mem_stage.sv:20$1078_EN' from process `\mem_stage.$proc$/work/rtl/cpu/pipeline/mem_stage.sv:0$1354'.
No latch inferred for signal `\mem_stage.$memwr$\data_memory$/work/rtl/cpu/pipeline/mem_stage.sv:20$1079_EN' from process `\mem_stage.$proc$/work/rtl/cpu/pipeline/mem_stage.sv:0$1354'.
No latch inferred for signal `\mem_stage.$memwr$\data_memory$/work/rtl/cpu/pipeline/mem_stage.sv:20$1080_EN' from process `\mem_stage.$proc$/work/rtl/cpu/pipeline/mem_stage.sv:0$1354'.
No latch inferred for signal `\mem_stage.$memwr$\data_memory$/work/rtl/cpu/pipeline/mem_stage.sv:20$1081_EN' from process `\mem_stage.$proc$/work/rtl/cpu/pipeline/mem_stage.sv:0$1354'.
No latch inferred for signal `\mem_stage.$memwr$\data_memory$/work/rtl/cpu/pipeline/mem_stage.sv:20$1082_EN' from process `\mem_stage.$proc$/work/rtl/cpu/pipeline/mem_stage.sv:0$1354'.
No latch inferred for signal `\mem_stage.$memwr$\data_memory$/work/rtl/cpu/pipeline/mem_stage.sv:20$1083_EN' from process `\mem_stage.$proc$/work/rtl/cpu/pipeline/mem_stage.sv:0$1354'.
No latch inferred for signal `\mem_stage.$memwr$\data_memory$/work/rtl/cpu/pipeline/mem_stage.sv:20$1084_EN' from process `\mem_stage.$proc$/work/rtl/cpu/pipeline/mem_stage.sv:0$1354'.
No latch inferred for signal `\mem_stage.$memwr$\data_memory$/work/rtl/cpu/pipeline/mem_stage.sv:20$1085_EN' from process `\mem_stage.$proc$/work/rtl/cpu/pipeline/mem_stage.sv:0$1354'.
No latch inferred for signal `\mem_stage.$memwr$\data_memory$/work/rtl/cpu/pipeline/mem_stage.sv:20$1086_EN' from process `\mem_stage.$proc$/work/rtl/cpu/pipeline/mem_stage.sv:0$1354'.
No latch inferred for signal `\mem_stage.$memwr$\data_memory$/work/rtl/cpu/pipeline/mem_stage.sv:20$1087_EN' from process `\mem_stage.$proc$/work/rtl/cpu/pipeline/mem_stage.sv:0$1354'.
No latch inferred for signal `\mem_stage.\read_data' from process `\mem_stage.$proc$/work/rtl/cpu/pipeline/mem_stage.sv:0$1096'.
No latch inferred for signal `\wb_stage.\write_data' from process `\wb_stage.$proc$/work/rtl/cpu/pipeline/wb_stage.sv:7$830'.
No latch inferred for signal `\pipelined_cpu.\ex_forward_a' from process `\pipelined_cpu.$proc$/work/rtl/cpu/pipeline/pipelined_cpu.sv:0$829'.
No latch inferred for signal `\pipelined_cpu.\ex_forward_b' from process `\pipelined_cpu.$proc$/work/rtl/cpu/pipeline/pipelined_cpu.sv:0$829'.
No latch inferred for signal `\pipelined_cpu.\id_alu_control' from process `\pipelined_cpu.$proc$/work/rtl/cpu/pipeline/pipelined_cpu.sv:0$828'.
No latch inferred for signal `\bus_interconnect.\ram_sel' from process `\bus_interconnect.$proc$/work/rtl/bus/interconnect.sv:14$826'.
No latch inferred for signal `\bus_interconnect.\uart_sel' from process `\bus_interconnect.$proc$/work/rtl/bus/interconnect.sv:14$826'.
No latch inferred for signal `\bus_interconnect.\spi_sel' from process `\bus_interconnect.$proc$/work/rtl/bus/interconnect.sv:14$826'.
No latch inferred for signal `\bus_interconnect.\i2c_sel' from process `\bus_interconnect.$proc$/work/rtl/bus/interconnect.sv:14$826'.
No latch inferred for signal `\bus_interconnect.\gpio_sel' from process `\bus_interconnect.$proc$/work/rtl/bus/interconnect.sv:14$826'.
No latch inferred for signal `\bus_interconnect.\timer_sel' from process `\bus_interconnect.$proc$/work/rtl/bus/interconnect.sv:14$826'.
No latch inferred for signal `\bus_interconnect.\accel_sel' from process `\bus_interconnect.$proc$/work/rtl/bus/interconnect.sv:14$826'.
No latch inferred for signal `\memory_interface.\i' from process `\memory_interface.$proc$/work/rtl/memory/memory_interface.sv:0$569'.
No latch inferred for signal `\memory_interface.$memwr$\memory$/work/rtl/memory/memory_interface.sv:21$44_EN' from process `\memory_interface.$proc$/work/rtl/memory/memory_interface.sv:0$569'.
No latch inferred for signal `\memory_interface.$memwr$\memory$/work/rtl/memory/memory_interface.sv:21$45_EN' from process `\memory_interface.$proc$/work/rtl/memory/memory_interface.sv:0$569'.
No latch inferred for signal `\memory_interface.$memwr$\memory$/work/rtl/memory/memory_interface.sv:21$46_EN' from process `\memory_interface.$proc$/work/rtl/memory/memory_interface.sv:0$569'.
No latch inferred for signal `\memory_interface.$memwr$\memory$/work/rtl/memory/memory_interface.sv:21$47_EN' from process `\memory_interface.$proc$/work/rtl/memory/memory_interface.sv:0$569'.
No latch inferred for signal `\memory_interface.$memwr$\memory$/work/rtl/memory/memory_interface.sv:21$48_EN' from process `\memory_interface.$proc$/work/rtl/memory/memory_interface.sv:0$569'.
No latch inferred for signal `\memory_interface.$memwr$\memory$/work/rtl/memory/memory_interface.sv:21$49_EN' from process `\memory_interface.$proc$/work/rtl/memory/memory_interface.sv:0$569'.
No latch inferred for signal `\memory_interface.$memwr$\memory$/work/rtl/memory/memory_interface.sv:21$50_EN' from process `\memory_interface.$proc$/work/rtl/memory/memory_interface.sv:0$569'.
No latch inferred for signal `\memory_interface.$memwr$\memory$/work/rtl/memory/memory_interface.sv:21$51_EN' from process `\memory_interface.$proc$/work/rtl/memory/memory_interface.sv:0$569'.
No latch inferred for signal `\memory_interface.$memwr$\memory$/work/rtl/memory/memory_interface.sv:21$52_EN' from process `\memory_interface.$proc$/work/rtl/memory/memory_interface.sv:0$569'.
No latch inferred for signal `\memory_interface.$memwr$\memory$/work/rtl/memory/memory_interface.sv:21$53_EN' from process `\memory_interface.$proc$/work/rtl/memory/memory_interface.sv:0$569'.
No latch inferred for signal `\memory_interface.$memwr$\memory$/work/rtl/memory/memory_interface.sv:21$54_EN' from process `\memory_interface.$proc$/work/rtl/memory/memory_interface.sv:0$569'.
No latch inferred for signal `\memory_interface.$memwr$\memory$/work/rtl/memory/memory_interface.sv:21$55_EN' from process `\memory_interface.$proc$/work/rtl/memory/memory_interface.sv:0$569'.
No latch inferred for signal `\memory_interface.$memwr$\memory$/work/rtl/memory/memory_interface.sv:21$56_EN' from process `\memory_interface.$proc$/work/rtl/memory/memory_interface.sv:0$569'.
No latch inferred for signal `\memory_interface.$memwr$\memory$/work/rtl/memory/memory_interface.sv:21$57_EN' from process `\memory_interface.$proc$/work/rtl/memory/memory_interface.sv:0$569'.
No latch inferred for signal `\memory_interface.$memwr$\memory$/work/rtl/memory/memory_interface.sv:21$58_EN' from process `\memory_interface.$proc$/work/rtl/memory/memory_interface.sv:0$569'.
No latch inferred for signal `\memory_interface.$memwr$\memory$/work/rtl/memory/memory_interface.sv:21$59_EN' from process `\memory_interface.$proc$/work/rtl/memory/memory_interface.sv:0$569'.
No latch inferred for signal `\memory_interface.$memwr$\memory$/work/rtl/memory/memory_interface.sv:21$60_EN' from process `\memory_interface.$proc$/work/rtl/memory/memory_interface.sv:0$569'.
No latch inferred for signal `\memory_interface.$memwr$\memory$/work/rtl/memory/memory_interface.sv:21$61_EN' from process `\memory_interface.$proc$/work/rtl/memory/memory_interface.sv:0$569'.
No latch inferred for signal `\memory_interface.$memwr$\memory$/work/rtl/memory/memory_interface.sv:21$62_EN' from process `\memory_interface.$proc$/work/rtl/memory/memory_interface.sv:0$569'.
No latch inferred for signal `\memory_interface.$memwr$\memory$/work/rtl/memory/memory_interface.sv:21$63_EN' from process `\memory_interface.$proc$/work/rtl/memory/memory_interface.sv:0$569'.
No latch inferred for signal `\memory_interface.$memwr$\memory$/work/rtl/memory/memory_interface.sv:21$64_EN' from process `\memory_interface.$proc$/work/rtl/memory/memory_interface.sv:0$569'.
No latch inferred for signal `\memory_interface.$memwr$\memory$/work/rtl/memory/memory_interface.sv:21$65_EN' from process `\memory_interface.$proc$/work/rtl/memory/memory_interface.sv:0$569'.
No latch inferred for signal `\memory_interface.$memwr$\memory$/work/rtl/memory/memory_interface.sv:21$66_EN' from process `\memory_interface.$proc$/work/rtl/memory/memory_interface.sv:0$569'.
No latch inferred for signal `\memory_interface.$memwr$\memory$/work/rtl/memory/memory_interface.sv:21$67_EN' from process `\memory_interface.$proc$/work/rtl/memory/memory_interface.sv:0$569'.
No latch inferred for signal `\memory_interface.$memwr$\memory$/work/rtl/memory/memory_interface.sv:21$68_EN' from process `\memory_interface.$proc$/work/rtl/memory/memory_interface.sv:0$569'.
No latch inferred for signal `\memory_interface.$memwr$\memory$/work/rtl/memory/memory_interface.sv:21$69_EN' from process `\memory_interface.$proc$/work/rtl/memory/memory_interface.sv:0$569'.
No latch inferred for signal `\memory_interface.$memwr$\memory$/work/rtl/memory/memory_interface.sv:21$70_EN' from process `\memory_interface.$proc$/work/rtl/memory/memory_interface.sv:0$569'.
No latch inferred for signal `\memory_interface.$memwr$\memory$/work/rtl/memory/memory_interface.sv:21$71_EN' from process `\memory_interface.$proc$/work/rtl/memory/memory_interface.sv:0$569'.
No latch inferred for signal `\memory_interface.$memwr$\memory$/work/rtl/memory/memory_interface.sv:21$72_EN' from process `\memory_interface.$proc$/work/rtl/memory/memory_interface.sv:0$569'.
No latch inferred for signal `\memory_interface.$memwr$\memory$/work/rtl/memory/memory_interface.sv:21$73_EN' from process `\memory_interface.$proc$/work/rtl/memory/memory_interface.sv:0$569'.
No latch inferred for signal `\memory_interface.$memwr$\memory$/work/rtl/memory/memory_interface.sv:21$74_EN' from process `\memory_interface.$proc$/work/rtl/memory/memory_interface.sv:0$569'.
No latch inferred for signal `\memory_interface.$memwr$\memory$/work/rtl/memory/memory_interface.sv:21$75_EN' from process `\memory_interface.$proc$/work/rtl/memory/memory_interface.sv:0$569'.
No latch inferred for signal `\memory_interface.$memwr$\memory$/work/rtl/memory/memory_interface.sv:21$76_EN' from process `\memory_interface.$proc$/work/rtl/memory/memory_interface.sv:0$569'.
No latch inferred for signal `\memory_interface.$memwr$\memory$/work/rtl/memory/memory_interface.sv:21$77_EN' from process `\memory_interface.$proc$/work/rtl/memory/memory_interface.sv:0$569'.
No latch inferred for signal `\memory_interface.$memwr$\memory$/work/rtl/memory/memory_interface.sv:21$78_EN' from process `\memory_interface.$proc$/work/rtl/memory/memory_interface.sv:0$569'.
No latch inferred for signal `\memory_interface.$memwr$\memory$/work/rtl/memory/memory_interface.sv:21$79_EN' from process `\memory_interface.$proc$/work/rtl/memory/memory_interface.sv:0$569'.
No latch inferred for signal `\memory_interface.$memwr$\memory$/work/rtl/memory/memory_interface.sv:21$80_EN' from process `\memory_interface.$proc$/work/rtl/memory/memory_interface.sv:0$569'.
No latch inferred for signal `\memory_interface.$memwr$\memory$/work/rtl/memory/memory_interface.sv:21$81_EN' from process `\memory_interface.$proc$/work/rtl/memory/memory_interface.sv:0$569'.
No latch inferred for signal `\memory_interface.$memwr$\memory$/work/rtl/memory/memory_interface.sv:21$82_EN' from process `\memory_interface.$proc$/work/rtl/memory/memory_interface.sv:0$569'.
No latch inferred for signal `\memory_interface.$memwr$\memory$/work/rtl/memory/memory_interface.sv:21$83_EN' from process `\memory_interface.$proc$/work/rtl/memory/memory_interface.sv:0$569'.
No latch inferred for signal `\memory_interface.$memwr$\memory$/work/rtl/memory/memory_interface.sv:21$84_EN' from process `\memory_interface.$proc$/work/rtl/memory/memory_interface.sv:0$569'.
No latch inferred for signal `\memory_interface.$memwr$\memory$/work/rtl/memory/memory_interface.sv:21$85_EN' from process `\memory_interface.$proc$/work/rtl/memory/memory_interface.sv:0$569'.
No latch inferred for signal `\memory_interface.$memwr$\memory$/work/rtl/memory/memory_interface.sv:21$86_EN' from process `\memory_interface.$proc$/work/rtl/memory/memory_interface.sv:0$569'.
No latch inferred for signal `\memory_interface.$memwr$\memory$/work/rtl/memory/memory_interface.sv:21$87_EN' from process `\memory_interface.$proc$/work/rtl/memory/memory_interface.sv:0$569'.
No latch inferred for signal `\memory_interface.$memwr$\memory$/work/rtl/memory/memory_interface.sv:21$88_EN' from process `\memory_interface.$proc$/work/rtl/memory/memory_interface.sv:0$569'.
No latch inferred for signal `\memory_interface.$memwr$\memory$/work/rtl/memory/memory_interface.sv:21$89_EN' from process `\memory_interface.$proc$/work/rtl/memory/memory_interface.sv:0$569'.
No latch inferred for signal `\memory_interface.$memwr$\memory$/work/rtl/memory/memory_interface.sv:21$90_EN' from process `\memory_interface.$proc$/work/rtl/memory/memory_interface.sv:0$569'.
No latch inferred for signal `\memory_interface.$memwr$\memory$/work/rtl/memory/memory_interface.sv:21$91_EN' from process `\memory_interface.$proc$/work/rtl/memory/memory_interface.sv:0$569'.
No latch inferred for signal `\memory_interface.$memwr$\memory$/work/rtl/memory/memory_interface.sv:21$92_EN' from process `\memory_interface.$proc$/work/rtl/memory/memory_interface.sv:0$569'.
No latch inferred for signal `\memory_interface.$memwr$\memory$/work/rtl/memory/memory_interface.sv:21$93_EN' from process `\memory_interface.$proc$/work/rtl/memory/memory_interface.sv:0$569'.
No latch inferred for signal `\memory_interface.$memwr$\memory$/work/rtl/memory/memory_interface.sv:21$94_EN' from process `\memory_interface.$proc$/work/rtl/memory/memory_interface.sv:0$569'.
No latch inferred for signal `\memory_interface.$memwr$\memory$/work/rtl/memory/memory_interface.sv:21$95_EN' from process `\memory_interface.$proc$/work/rtl/memory/memory_interface.sv:0$569'.
No latch inferred for signal `\memory_interface.$memwr$\memory$/work/rtl/memory/memory_interface.sv:21$96_EN' from process `\memory_interface.$proc$/work/rtl/memory/memory_interface.sv:0$569'.
No latch inferred for signal `\memory_interface.$memwr$\memory$/work/rtl/memory/memory_interface.sv:21$97_EN' from process `\memory_interface.$proc$/work/rtl/memory/memory_interface.sv:0$569'.
No latch inferred for signal `\memory_interface.$memwr$\memory$/work/rtl/memory/memory_interface.sv:21$98_EN' from process `\memory_interface.$proc$/work/rtl/memory/memory_interface.sv:0$569'.
No latch inferred for signal `\memory_interface.$memwr$\memory$/work/rtl/memory/memory_interface.sv:21$99_EN' from process `\memory_interface.$proc$/work/rtl/memory/memory_interface.sv:0$569'.
No latch inferred for signal `\memory_interface.$memwr$\memory$/work/rtl/memory/memory_interface.sv:21$100_EN' from process `\memory_interface.$proc$/work/rtl/memory/memory_interface.sv:0$569'.
No latch inferred for signal `\memory_interface.$memwr$\memory$/work/rtl/memory/memory_interface.sv:21$101_EN' from process `\memory_interface.$proc$/work/rtl/memory/memory_interface.sv:0$569'.
No latch inferred for signal `\memory_interface.$memwr$\memory$/work/rtl/memory/memory_interface.sv:21$102_EN' from process `\memory_interface.$proc$/work/rtl/memory/memory_interface.sv:0$569'.
No latch inferred for signal `\memory_interface.$memwr$\memory$/work/rtl/memory/memory_interface.sv:21$103_EN' from process `\memory_interface.$proc$/work/rtl/memory/memory_interface.sv:0$569'.
No latch inferred for signal `\memory_interface.$memwr$\memory$/work/rtl/memory/memory_interface.sv:21$104_EN' from process `\memory_interface.$proc$/work/rtl/memory/memory_interface.sv:0$569'.
No latch inferred for signal `\memory_interface.$memwr$\memory$/work/rtl/memory/memory_interface.sv:21$105_EN' from process `\memory_interface.$proc$/work/rtl/memory/memory_interface.sv:0$569'.
No latch inferred for signal `\memory_interface.$memwr$\memory$/work/rtl/memory/memory_interface.sv:21$106_EN' from process `\memory_interface.$proc$/work/rtl/memory/memory_interface.sv:0$569'.
No latch inferred for signal `\memory_interface.$memwr$\memory$/work/rtl/memory/memory_interface.sv:21$107_EN' from process `\memory_interface.$proc$/work/rtl/memory/memory_interface.sv:0$569'.
No latch inferred for signal `\memory_interface.$memwr$\memory$/work/rtl/memory/memory_interface.sv:21$108_EN' from process `\memory_interface.$proc$/work/rtl/memory/memory_interface.sv:0$569'.
No latch inferred for signal `\memory_interface.$memwr$\memory$/work/rtl/memory/memory_interface.sv:21$109_EN' from process `\memory_interface.$proc$/work/rtl/memory/memory_interface.sv:0$569'.
No latch inferred for signal `\memory_interface.$memwr$\memory$/work/rtl/memory/memory_interface.sv:21$110_EN' from process `\memory_interface.$proc$/work/rtl/memory/memory_interface.sv:0$569'.
No latch inferred for signal `\memory_interface.$memwr$\memory$/work/rtl/memory/memory_interface.sv:21$111_EN' from process `\memory_interface.$proc$/work/rtl/memory/memory_interface.sv:0$569'.
No latch inferred for signal `\memory_interface.$memwr$\memory$/work/rtl/memory/memory_interface.sv:21$112_EN' from process `\memory_interface.$proc$/work/rtl/memory/memory_interface.sv:0$569'.
No latch inferred for signal `\memory_interface.$memwr$\memory$/work/rtl/memory/memory_interface.sv:21$113_EN' from process `\memory_interface.$proc$/work/rtl/memory/memory_interface.sv:0$569'.
No latch inferred for signal `\memory_interface.$memwr$\memory$/work/rtl/memory/memory_interface.sv:21$114_EN' from process `\memory_interface.$proc$/work/rtl/memory/memory_interface.sv:0$569'.
No latch inferred for signal `\memory_interface.$memwr$\memory$/work/rtl/memory/memory_interface.sv:21$115_EN' from process `\memory_interface.$proc$/work/rtl/memory/memory_interface.sv:0$569'.
No latch inferred for signal `\memory_interface.$memwr$\memory$/work/rtl/memory/memory_interface.sv:21$116_EN' from process `\memory_interface.$proc$/work/rtl/memory/memory_interface.sv:0$569'.
No latch inferred for signal `\memory_interface.$memwr$\memory$/work/rtl/memory/memory_interface.sv:21$117_EN' from process `\memory_interface.$proc$/work/rtl/memory/memory_interface.sv:0$569'.
No latch inferred for signal `\memory_interface.$memwr$\memory$/work/rtl/memory/memory_interface.sv:21$118_EN' from process `\memory_interface.$proc$/work/rtl/memory/memory_interface.sv:0$569'.
No latch inferred for signal `\memory_interface.$memwr$\memory$/work/rtl/memory/memory_interface.sv:21$119_EN' from process `\memory_interface.$proc$/work/rtl/memory/memory_interface.sv:0$569'.
No latch inferred for signal `\memory_interface.$memwr$\memory$/work/rtl/memory/memory_interface.sv:21$120_EN' from process `\memory_interface.$proc$/work/rtl/memory/memory_interface.sv:0$569'.
No latch inferred for signal `\memory_interface.$memwr$\memory$/work/rtl/memory/memory_interface.sv:21$121_EN' from process `\memory_interface.$proc$/work/rtl/memory/memory_interface.sv:0$569'.
No latch inferred for signal `\memory_interface.$memwr$\memory$/work/rtl/memory/memory_interface.sv:21$122_EN' from process `\memory_interface.$proc$/work/rtl/memory/memory_interface.sv:0$569'.
No latch inferred for signal `\memory_interface.$memwr$\memory$/work/rtl/memory/memory_interface.sv:21$123_EN' from process `\memory_interface.$proc$/work/rtl/memory/memory_interface.sv:0$569'.
No latch inferred for signal `\memory_interface.$memwr$\memory$/work/rtl/memory/memory_interface.sv:21$124_EN' from process `\memory_interface.$proc$/work/rtl/memory/memory_interface.sv:0$569'.
No latch inferred for signal `\memory_interface.$memwr$\memory$/work/rtl/memory/memory_interface.sv:21$125_EN' from process `\memory_interface.$proc$/work/rtl/memory/memory_interface.sv:0$569'.
No latch inferred for signal `\memory_interface.$memwr$\memory$/work/rtl/memory/memory_interface.sv:21$126_EN' from process `\memory_interface.$proc$/work/rtl/memory/memory_interface.sv:0$569'.
No latch inferred for signal `\memory_interface.$memwr$\memory$/work/rtl/memory/memory_interface.sv:21$127_EN' from process `\memory_interface.$proc$/work/rtl/memory/memory_interface.sv:0$569'.
No latch inferred for signal `\memory_interface.$memwr$\memory$/work/rtl/memory/memory_interface.sv:21$128_EN' from process `\memory_interface.$proc$/work/rtl/memory/memory_interface.sv:0$569'.
No latch inferred for signal `\memory_interface.$memwr$\memory$/work/rtl/memory/memory_interface.sv:21$129_EN' from process `\memory_interface.$proc$/work/rtl/memory/memory_interface.sv:0$569'.
No latch inferred for signal `\memory_interface.$memwr$\memory$/work/rtl/memory/memory_interface.sv:21$130_EN' from process `\memory_interface.$proc$/work/rtl/memory/memory_interface.sv:0$569'.
No latch inferred for signal `\memory_interface.$memwr$\memory$/work/rtl/memory/memory_interface.sv:21$131_EN' from process `\memory_interface.$proc$/work/rtl/memory/memory_interface.sv:0$569'.
No latch inferred for signal `\memory_interface.$memwr$\memory$/work/rtl/memory/memory_interface.sv:21$132_EN' from process `\memory_interface.$proc$/work/rtl/memory/memory_interface.sv:0$569'.
No latch inferred for signal `\memory_interface.$memwr$\memory$/work/rtl/memory/memory_interface.sv:21$133_EN' from process `\memory_interface.$proc$/work/rtl/memory/memory_interface.sv:0$569'.
No latch inferred for signal `\memory_interface.$memwr$\memory$/work/rtl/memory/memory_interface.sv:21$134_EN' from process `\memory_interface.$proc$/work/rtl/memory/memory_interface.sv:0$569'.
No latch inferred for signal `\memory_interface.$memwr$\memory$/work/rtl/memory/memory_interface.sv:21$135_EN' from process `\memory_interface.$proc$/work/rtl/memory/memory_interface.sv:0$569'.
No latch inferred for signal `\memory_interface.$memwr$\memory$/work/rtl/memory/memory_interface.sv:21$136_EN' from process `\memory_interface.$proc$/work/rtl/memory/memory_interface.sv:0$569'.
No latch inferred for signal `\memory_interface.$memwr$\memory$/work/rtl/memory/memory_interface.sv:21$137_EN' from process `\memory_interface.$proc$/work/rtl/memory/memory_interface.sv:0$569'.
No latch inferred for signal `\memory_interface.$memwr$\memory$/work/rtl/memory/memory_interface.sv:21$138_EN' from process `\memory_interface.$proc$/work/rtl/memory/memory_interface.sv:0$569'.
No latch inferred for signal `\memory_interface.$memwr$\memory$/work/rtl/memory/memory_interface.sv:21$139_EN' from process `\memory_interface.$proc$/work/rtl/memory/memory_interface.sv:0$569'.
No latch inferred for signal `\memory_interface.$memwr$\memory$/work/rtl/memory/memory_interface.sv:21$140_EN' from process `\memory_interface.$proc$/work/rtl/memory/memory_interface.sv:0$569'.
No latch inferred for signal `\memory_interface.$memwr$\memory$/work/rtl/memory/memory_interface.sv:21$141_EN' from process `\memory_interface.$proc$/work/rtl/memory/memory_interface.sv:0$569'.
No latch inferred for signal `\memory_interface.$memwr$\memory$/work/rtl/memory/memory_interface.sv:21$142_EN' from process `\memory_interface.$proc$/work/rtl/memory/memory_interface.sv:0$569'.
No latch inferred for signal `\memory_interface.$memwr$\memory$/work/rtl/memory/memory_interface.sv:21$143_EN' from process `\memory_interface.$proc$/work/rtl/memory/memory_interface.sv:0$569'.
No latch inferred for signal `\memory_interface.$memwr$\memory$/work/rtl/memory/memory_interface.sv:21$144_EN' from process `\memory_interface.$proc$/work/rtl/memory/memory_interface.sv:0$569'.
No latch inferred for signal `\memory_interface.$memwr$\memory$/work/rtl/memory/memory_interface.sv:21$145_EN' from process `\memory_interface.$proc$/work/rtl/memory/memory_interface.sv:0$569'.
No latch inferred for signal `\memory_interface.$memwr$\memory$/work/rtl/memory/memory_interface.sv:21$146_EN' from process `\memory_interface.$proc$/work/rtl/memory/memory_interface.sv:0$569'.
No latch inferred for signal `\memory_interface.$memwr$\memory$/work/rtl/memory/memory_interface.sv:21$147_EN' from process `\memory_interface.$proc$/work/rtl/memory/memory_interface.sv:0$569'.
No latch inferred for signal `\memory_interface.$memwr$\memory$/work/rtl/memory/memory_interface.sv:21$148_EN' from process `\memory_interface.$proc$/work/rtl/memory/memory_interface.sv:0$569'.
No latch inferred for signal `\memory_interface.$memwr$\memory$/work/rtl/memory/memory_interface.sv:21$149_EN' from process `\memory_interface.$proc$/work/rtl/memory/memory_interface.sv:0$569'.
No latch inferred for signal `\memory_interface.$memwr$\memory$/work/rtl/memory/memory_interface.sv:21$150_EN' from process `\memory_interface.$proc$/work/rtl/memory/memory_interface.sv:0$569'.
No latch inferred for signal `\memory_interface.$memwr$\memory$/work/rtl/memory/memory_interface.sv:21$151_EN' from process `\memory_interface.$proc$/work/rtl/memory/memory_interface.sv:0$569'.
No latch inferred for signal `\memory_interface.$memwr$\memory$/work/rtl/memory/memory_interface.sv:21$152_EN' from process `\memory_interface.$proc$/work/rtl/memory/memory_interface.sv:0$569'.
No latch inferred for signal `\memory_interface.$memwr$\memory$/work/rtl/memory/memory_interface.sv:21$153_EN' from process `\memory_interface.$proc$/work/rtl/memory/memory_interface.sv:0$569'.
No latch inferred for signal `\memory_interface.$memwr$\memory$/work/rtl/memory/memory_interface.sv:21$154_EN' from process `\memory_interface.$proc$/work/rtl/memory/memory_interface.sv:0$569'.
No latch inferred for signal `\memory_interface.$memwr$\memory$/work/rtl/memory/memory_interface.sv:21$155_EN' from process `\memory_interface.$proc$/work/rtl/memory/memory_interface.sv:0$569'.
No latch inferred for signal `\memory_interface.$memwr$\memory$/work/rtl/memory/memory_interface.sv:21$156_EN' from process `\memory_interface.$proc$/work/rtl/memory/memory_interface.sv:0$569'.
No latch inferred for signal `\memory_interface.$memwr$\memory$/work/rtl/memory/memory_interface.sv:21$157_EN' from process `\memory_interface.$proc$/work/rtl/memory/memory_interface.sv:0$569'.
No latch inferred for signal `\memory_interface.$memwr$\memory$/work/rtl/memory/memory_interface.sv:21$158_EN' from process `\memory_interface.$proc$/work/rtl/memory/memory_interface.sv:0$569'.
No latch inferred for signal `\memory_interface.$memwr$\memory$/work/rtl/memory/memory_interface.sv:21$159_EN' from process `\memory_interface.$proc$/work/rtl/memory/memory_interface.sv:0$569'.
No latch inferred for signal `\memory_interface.$memwr$\memory$/work/rtl/memory/memory_interface.sv:21$160_EN' from process `\memory_interface.$proc$/work/rtl/memory/memory_interface.sv:0$569'.
No latch inferred for signal `\memory_interface.$memwr$\memory$/work/rtl/memory/memory_interface.sv:21$161_EN' from process `\memory_interface.$proc$/work/rtl/memory/memory_interface.sv:0$569'.
No latch inferred for signal `\memory_interface.$memwr$\memory$/work/rtl/memory/memory_interface.sv:21$162_EN' from process `\memory_interface.$proc$/work/rtl/memory/memory_interface.sv:0$569'.
No latch inferred for signal `\memory_interface.$memwr$\memory$/work/rtl/memory/memory_interface.sv:21$163_EN' from process `\memory_interface.$proc$/work/rtl/memory/memory_interface.sv:0$569'.
No latch inferred for signal `\memory_interface.$memwr$\memory$/work/rtl/memory/memory_interface.sv:21$164_EN' from process `\memory_interface.$proc$/work/rtl/memory/memory_interface.sv:0$569'.
No latch inferred for signal `\memory_interface.$memwr$\memory$/work/rtl/memory/memory_interface.sv:21$165_EN' from process `\memory_interface.$proc$/work/rtl/memory/memory_interface.sv:0$569'.
No latch inferred for signal `\memory_interface.$memwr$\memory$/work/rtl/memory/memory_interface.sv:21$166_EN' from process `\memory_interface.$proc$/work/rtl/memory/memory_interface.sv:0$569'.
No latch inferred for signal `\memory_interface.$memwr$\memory$/work/rtl/memory/memory_interface.sv:21$167_EN' from process `\memory_interface.$proc$/work/rtl/memory/memory_interface.sv:0$569'.
No latch inferred for signal `\memory_interface.$memwr$\memory$/work/rtl/memory/memory_interface.sv:21$168_EN' from process `\memory_interface.$proc$/work/rtl/memory/memory_interface.sv:0$569'.
No latch inferred for signal `\memory_interface.$memwr$\memory$/work/rtl/memory/memory_interface.sv:21$169_EN' from process `\memory_interface.$proc$/work/rtl/memory/memory_interface.sv:0$569'.
No latch inferred for signal `\memory_interface.$memwr$\memory$/work/rtl/memory/memory_interface.sv:21$170_EN' from process `\memory_interface.$proc$/work/rtl/memory/memory_interface.sv:0$569'.
No latch inferred for signal `\memory_interface.$memwr$\memory$/work/rtl/memory/memory_interface.sv:21$171_EN' from process `\memory_interface.$proc$/work/rtl/memory/memory_interface.sv:0$569'.
No latch inferred for signal `\memory_interface.$memwr$\memory$/work/rtl/memory/memory_interface.sv:21$172_EN' from process `\memory_interface.$proc$/work/rtl/memory/memory_interface.sv:0$569'.
No latch inferred for signal `\memory_interface.$memwr$\memory$/work/rtl/memory/memory_interface.sv:21$173_EN' from process `\memory_interface.$proc$/work/rtl/memory/memory_interface.sv:0$569'.
No latch inferred for signal `\memory_interface.$memwr$\memory$/work/rtl/memory/memory_interface.sv:21$174_EN' from process `\memory_interface.$proc$/work/rtl/memory/memory_interface.sv:0$569'.
No latch inferred for signal `\memory_interface.$memwr$\memory$/work/rtl/memory/memory_interface.sv:21$175_EN' from process `\memory_interface.$proc$/work/rtl/memory/memory_interface.sv:0$569'.
No latch inferred for signal `\memory_interface.$memwr$\memory$/work/rtl/memory/memory_interface.sv:21$176_EN' from process `\memory_interface.$proc$/work/rtl/memory/memory_interface.sv:0$569'.
No latch inferred for signal `\memory_interface.$memwr$\memory$/work/rtl/memory/memory_interface.sv:21$177_EN' from process `\memory_interface.$proc$/work/rtl/memory/memory_interface.sv:0$569'.
No latch inferred for signal `\memory_interface.$memwr$\memory$/work/rtl/memory/memory_interface.sv:21$178_EN' from process `\memory_interface.$proc$/work/rtl/memory/memory_interface.sv:0$569'.
No latch inferred for signal `\memory_interface.$memwr$\memory$/work/rtl/memory/memory_interface.sv:21$179_EN' from process `\memory_interface.$proc$/work/rtl/memory/memory_interface.sv:0$569'.
No latch inferred for signal `\memory_interface.$memwr$\memory$/work/rtl/memory/memory_interface.sv:21$180_EN' from process `\memory_interface.$proc$/work/rtl/memory/memory_interface.sv:0$569'.
No latch inferred for signal `\memory_interface.$memwr$\memory$/work/rtl/memory/memory_interface.sv:21$181_EN' from process `\memory_interface.$proc$/work/rtl/memory/memory_interface.sv:0$569'.
No latch inferred for signal `\memory_interface.$memwr$\memory$/work/rtl/memory/memory_interface.sv:21$182_EN' from process `\memory_interface.$proc$/work/rtl/memory/memory_interface.sv:0$569'.
No latch inferred for signal `\memory_interface.$memwr$\memory$/work/rtl/memory/memory_interface.sv:21$183_EN' from process `\memory_interface.$proc$/work/rtl/memory/memory_interface.sv:0$569'.
No latch inferred for signal `\memory_interface.$memwr$\memory$/work/rtl/memory/memory_interface.sv:21$184_EN' from process `\memory_interface.$proc$/work/rtl/memory/memory_interface.sv:0$569'.
No latch inferred for signal `\memory_interface.$memwr$\memory$/work/rtl/memory/memory_interface.sv:21$185_EN' from process `\memory_interface.$proc$/work/rtl/memory/memory_interface.sv:0$569'.
No latch inferred for signal `\memory_interface.$memwr$\memory$/work/rtl/memory/memory_interface.sv:21$186_EN' from process `\memory_interface.$proc$/work/rtl/memory/memory_interface.sv:0$569'.
No latch inferred for signal `\memory_interface.$memwr$\memory$/work/rtl/memory/memory_interface.sv:21$187_EN' from process `\memory_interface.$proc$/work/rtl/memory/memory_interface.sv:0$569'.
No latch inferred for signal `\memory_interface.$memwr$\memory$/work/rtl/memory/memory_interface.sv:21$188_EN' from process `\memory_interface.$proc$/work/rtl/memory/memory_interface.sv:0$569'.
No latch inferred for signal `\memory_interface.$memwr$\memory$/work/rtl/memory/memory_interface.sv:21$189_EN' from process `\memory_interface.$proc$/work/rtl/memory/memory_interface.sv:0$569'.
No latch inferred for signal `\memory_interface.$memwr$\memory$/work/rtl/memory/memory_interface.sv:21$190_EN' from process `\memory_interface.$proc$/work/rtl/memory/memory_interface.sv:0$569'.
No latch inferred for signal `\memory_interface.$memwr$\memory$/work/rtl/memory/memory_interface.sv:21$191_EN' from process `\memory_interface.$proc$/work/rtl/memory/memory_interface.sv:0$569'.
No latch inferred for signal `\memory_interface.$memwr$\memory$/work/rtl/memory/memory_interface.sv:21$192_EN' from process `\memory_interface.$proc$/work/rtl/memory/memory_interface.sv:0$569'.
No latch inferred for signal `\memory_interface.$memwr$\memory$/work/rtl/memory/memory_interface.sv:21$193_EN' from process `\memory_interface.$proc$/work/rtl/memory/memory_interface.sv:0$569'.
No latch inferred for signal `\memory_interface.$memwr$\memory$/work/rtl/memory/memory_interface.sv:21$194_EN' from process `\memory_interface.$proc$/work/rtl/memory/memory_interface.sv:0$569'.
No latch inferred for signal `\memory_interface.$memwr$\memory$/work/rtl/memory/memory_interface.sv:21$195_EN' from process `\memory_interface.$proc$/work/rtl/memory/memory_interface.sv:0$569'.
No latch inferred for signal `\memory_interface.$memwr$\memory$/work/rtl/memory/memory_interface.sv:21$196_EN' from process `\memory_interface.$proc$/work/rtl/memory/memory_interface.sv:0$569'.
No latch inferred for signal `\memory_interface.$memwr$\memory$/work/rtl/memory/memory_interface.sv:21$197_EN' from process `\memory_interface.$proc$/work/rtl/memory/memory_interface.sv:0$569'.
No latch inferred for signal `\memory_interface.$memwr$\memory$/work/rtl/memory/memory_interface.sv:21$198_EN' from process `\memory_interface.$proc$/work/rtl/memory/memory_interface.sv:0$569'.
No latch inferred for signal `\memory_interface.$memwr$\memory$/work/rtl/memory/memory_interface.sv:21$199_EN' from process `\memory_interface.$proc$/work/rtl/memory/memory_interface.sv:0$569'.
No latch inferred for signal `\memory_interface.$memwr$\memory$/work/rtl/memory/memory_interface.sv:21$200_EN' from process `\memory_interface.$proc$/work/rtl/memory/memory_interface.sv:0$569'.
No latch inferred for signal `\memory_interface.$memwr$\memory$/work/rtl/memory/memory_interface.sv:21$201_EN' from process `\memory_interface.$proc$/work/rtl/memory/memory_interface.sv:0$569'.
No latch inferred for signal `\memory_interface.$memwr$\memory$/work/rtl/memory/memory_interface.sv:21$202_EN' from process `\memory_interface.$proc$/work/rtl/memory/memory_interface.sv:0$569'.
No latch inferred for signal `\memory_interface.$memwr$\memory$/work/rtl/memory/memory_interface.sv:21$203_EN' from process `\memory_interface.$proc$/work/rtl/memory/memory_interface.sv:0$569'.
No latch inferred for signal `\memory_interface.$memwr$\memory$/work/rtl/memory/memory_interface.sv:21$204_EN' from process `\memory_interface.$proc$/work/rtl/memory/memory_interface.sv:0$569'.
No latch inferred for signal `\memory_interface.$memwr$\memory$/work/rtl/memory/memory_interface.sv:21$205_EN' from process `\memory_interface.$proc$/work/rtl/memory/memory_interface.sv:0$569'.
No latch inferred for signal `\memory_interface.$memwr$\memory$/work/rtl/memory/memory_interface.sv:21$206_EN' from process `\memory_interface.$proc$/work/rtl/memory/memory_interface.sv:0$569'.
No latch inferred for signal `\memory_interface.$memwr$\memory$/work/rtl/memory/memory_interface.sv:21$207_EN' from process `\memory_interface.$proc$/work/rtl/memory/memory_interface.sv:0$569'.
No latch inferred for signal `\memory_interface.$memwr$\memory$/work/rtl/memory/memory_interface.sv:21$208_EN' from process `\memory_interface.$proc$/work/rtl/memory/memory_interface.sv:0$569'.
No latch inferred for signal `\memory_interface.$memwr$\memory$/work/rtl/memory/memory_interface.sv:21$209_EN' from process `\memory_interface.$proc$/work/rtl/memory/memory_interface.sv:0$569'.
No latch inferred for signal `\memory_interface.$memwr$\memory$/work/rtl/memory/memory_interface.sv:21$210_EN' from process `\memory_interface.$proc$/work/rtl/memory/memory_interface.sv:0$569'.
No latch inferred for signal `\memory_interface.$memwr$\memory$/work/rtl/memory/memory_interface.sv:21$211_EN' from process `\memory_interface.$proc$/work/rtl/memory/memory_interface.sv:0$569'.
No latch inferred for signal `\memory_interface.$memwr$\memory$/work/rtl/memory/memory_interface.sv:21$212_EN' from process `\memory_interface.$proc$/work/rtl/memory/memory_interface.sv:0$569'.
No latch inferred for signal `\memory_interface.$memwr$\memory$/work/rtl/memory/memory_interface.sv:21$213_EN' from process `\memory_interface.$proc$/work/rtl/memory/memory_interface.sv:0$569'.
No latch inferred for signal `\memory_interface.$memwr$\memory$/work/rtl/memory/memory_interface.sv:21$214_EN' from process `\memory_interface.$proc$/work/rtl/memory/memory_interface.sv:0$569'.
No latch inferred for signal `\memory_interface.$memwr$\memory$/work/rtl/memory/memory_interface.sv:21$215_EN' from process `\memory_interface.$proc$/work/rtl/memory/memory_interface.sv:0$569'.
No latch inferred for signal `\memory_interface.$memwr$\memory$/work/rtl/memory/memory_interface.sv:21$216_EN' from process `\memory_interface.$proc$/work/rtl/memory/memory_interface.sv:0$569'.
No latch inferred for signal `\memory_interface.$memwr$\memory$/work/rtl/memory/memory_interface.sv:21$217_EN' from process `\memory_interface.$proc$/work/rtl/memory/memory_interface.sv:0$569'.
No latch inferred for signal `\memory_interface.$memwr$\memory$/work/rtl/memory/memory_interface.sv:21$218_EN' from process `\memory_interface.$proc$/work/rtl/memory/memory_interface.sv:0$569'.
No latch inferred for signal `\memory_interface.$memwr$\memory$/work/rtl/memory/memory_interface.sv:21$219_EN' from process `\memory_interface.$proc$/work/rtl/memory/memory_interface.sv:0$569'.
No latch inferred for signal `\memory_interface.$memwr$\memory$/work/rtl/memory/memory_interface.sv:21$220_EN' from process `\memory_interface.$proc$/work/rtl/memory/memory_interface.sv:0$569'.
No latch inferred for signal `\memory_interface.$memwr$\memory$/work/rtl/memory/memory_interface.sv:21$221_EN' from process `\memory_interface.$proc$/work/rtl/memory/memory_interface.sv:0$569'.
No latch inferred for signal `\memory_interface.$memwr$\memory$/work/rtl/memory/memory_interface.sv:21$222_EN' from process `\memory_interface.$proc$/work/rtl/memory/memory_interface.sv:0$569'.
No latch inferred for signal `\memory_interface.$memwr$\memory$/work/rtl/memory/memory_interface.sv:21$223_EN' from process `\memory_interface.$proc$/work/rtl/memory/memory_interface.sv:0$569'.
No latch inferred for signal `\memory_interface.$memwr$\memory$/work/rtl/memory/memory_interface.sv:21$224_EN' from process `\memory_interface.$proc$/work/rtl/memory/memory_interface.sv:0$569'.
No latch inferred for signal `\memory_interface.$memwr$\memory$/work/rtl/memory/memory_interface.sv:21$225_EN' from process `\memory_interface.$proc$/work/rtl/memory/memory_interface.sv:0$569'.
No latch inferred for signal `\memory_interface.$memwr$\memory$/work/rtl/memory/memory_interface.sv:21$226_EN' from process `\memory_interface.$proc$/work/rtl/memory/memory_interface.sv:0$569'.
No latch inferred for signal `\memory_interface.$memwr$\memory$/work/rtl/memory/memory_interface.sv:21$227_EN' from process `\memory_interface.$proc$/work/rtl/memory/memory_interface.sv:0$569'.
No latch inferred for signal `\memory_interface.$memwr$\memory$/work/rtl/memory/memory_interface.sv:21$228_EN' from process `\memory_interface.$proc$/work/rtl/memory/memory_interface.sv:0$569'.
No latch inferred for signal `\memory_interface.$memwr$\memory$/work/rtl/memory/memory_interface.sv:21$229_EN' from process `\memory_interface.$proc$/work/rtl/memory/memory_interface.sv:0$569'.
No latch inferred for signal `\memory_interface.$memwr$\memory$/work/rtl/memory/memory_interface.sv:21$230_EN' from process `\memory_interface.$proc$/work/rtl/memory/memory_interface.sv:0$569'.
No latch inferred for signal `\memory_interface.$memwr$\memory$/work/rtl/memory/memory_interface.sv:21$231_EN' from process `\memory_interface.$proc$/work/rtl/memory/memory_interface.sv:0$569'.
No latch inferred for signal `\memory_interface.$memwr$\memory$/work/rtl/memory/memory_interface.sv:21$232_EN' from process `\memory_interface.$proc$/work/rtl/memory/memory_interface.sv:0$569'.
No latch inferred for signal `\memory_interface.$memwr$\memory$/work/rtl/memory/memory_interface.sv:21$233_EN' from process `\memory_interface.$proc$/work/rtl/memory/memory_interface.sv:0$569'.
No latch inferred for signal `\memory_interface.$memwr$\memory$/work/rtl/memory/memory_interface.sv:21$234_EN' from process `\memory_interface.$proc$/work/rtl/memory/memory_interface.sv:0$569'.
No latch inferred for signal `\memory_interface.$memwr$\memory$/work/rtl/memory/memory_interface.sv:21$235_EN' from process `\memory_interface.$proc$/work/rtl/memory/memory_interface.sv:0$569'.
No latch inferred for signal `\memory_interface.$memwr$\memory$/work/rtl/memory/memory_interface.sv:21$236_EN' from process `\memory_interface.$proc$/work/rtl/memory/memory_interface.sv:0$569'.
No latch inferred for signal `\memory_interface.$memwr$\memory$/work/rtl/memory/memory_interface.sv:21$237_EN' from process `\memory_interface.$proc$/work/rtl/memory/memory_interface.sv:0$569'.
No latch inferred for signal `\memory_interface.$memwr$\memory$/work/rtl/memory/memory_interface.sv:21$238_EN' from process `\memory_interface.$proc$/work/rtl/memory/memory_interface.sv:0$569'.
No latch inferred for signal `\memory_interface.$memwr$\memory$/work/rtl/memory/memory_interface.sv:21$239_EN' from process `\memory_interface.$proc$/work/rtl/memory/memory_interface.sv:0$569'.
No latch inferred for signal `\memory_interface.$memwr$\memory$/work/rtl/memory/memory_interface.sv:21$240_EN' from process `\memory_interface.$proc$/work/rtl/memory/memory_interface.sv:0$569'.
No latch inferred for signal `\memory_interface.$memwr$\memory$/work/rtl/memory/memory_interface.sv:21$241_EN' from process `\memory_interface.$proc$/work/rtl/memory/memory_interface.sv:0$569'.
No latch inferred for signal `\memory_interface.$memwr$\memory$/work/rtl/memory/memory_interface.sv:21$242_EN' from process `\memory_interface.$proc$/work/rtl/memory/memory_interface.sv:0$569'.
No latch inferred for signal `\memory_interface.$memwr$\memory$/work/rtl/memory/memory_interface.sv:21$243_EN' from process `\memory_interface.$proc$/work/rtl/memory/memory_interface.sv:0$569'.
No latch inferred for signal `\memory_interface.$memwr$\memory$/work/rtl/memory/memory_interface.sv:21$244_EN' from process `\memory_interface.$proc$/work/rtl/memory/memory_interface.sv:0$569'.
No latch inferred for signal `\memory_interface.$memwr$\memory$/work/rtl/memory/memory_interface.sv:21$245_EN' from process `\memory_interface.$proc$/work/rtl/memory/memory_interface.sv:0$569'.
No latch inferred for signal `\memory_interface.$memwr$\memory$/work/rtl/memory/memory_interface.sv:21$246_EN' from process `\memory_interface.$proc$/work/rtl/memory/memory_interface.sv:0$569'.
No latch inferred for signal `\memory_interface.$memwr$\memory$/work/rtl/memory/memory_interface.sv:21$247_EN' from process `\memory_interface.$proc$/work/rtl/memory/memory_interface.sv:0$569'.
No latch inferred for signal `\memory_interface.$memwr$\memory$/work/rtl/memory/memory_interface.sv:21$248_EN' from process `\memory_interface.$proc$/work/rtl/memory/memory_interface.sv:0$569'.
No latch inferred for signal `\memory_interface.$memwr$\memory$/work/rtl/memory/memory_interface.sv:21$249_EN' from process `\memory_interface.$proc$/work/rtl/memory/memory_interface.sv:0$569'.
No latch inferred for signal `\memory_interface.$memwr$\memory$/work/rtl/memory/memory_interface.sv:21$250_EN' from process `\memory_interface.$proc$/work/rtl/memory/memory_interface.sv:0$569'.
No latch inferred for signal `\memory_interface.$memwr$\memory$/work/rtl/memory/memory_interface.sv:21$251_EN' from process `\memory_interface.$proc$/work/rtl/memory/memory_interface.sv:0$569'.
No latch inferred for signal `\memory_interface.$memwr$\memory$/work/rtl/memory/memory_interface.sv:21$252_EN' from process `\memory_interface.$proc$/work/rtl/memory/memory_interface.sv:0$569'.
No latch inferred for signal `\memory_interface.$memwr$\memory$/work/rtl/memory/memory_interface.sv:21$253_EN' from process `\memory_interface.$proc$/work/rtl/memory/memory_interface.sv:0$569'.
No latch inferred for signal `\memory_interface.$memwr$\memory$/work/rtl/memory/memory_interface.sv:21$254_EN' from process `\memory_interface.$proc$/work/rtl/memory/memory_interface.sv:0$569'.
No latch inferred for signal `\memory_interface.$memwr$\memory$/work/rtl/memory/memory_interface.sv:21$255_EN' from process `\memory_interface.$proc$/work/rtl/memory/memory_interface.sv:0$569'.
No latch inferred for signal `\memory_interface.$memwr$\memory$/work/rtl/memory/memory_interface.sv:21$256_EN' from process `\memory_interface.$proc$/work/rtl/memory/memory_interface.sv:0$569'.
No latch inferred for signal `\memory_interface.$memwr$\memory$/work/rtl/memory/memory_interface.sv:21$257_EN' from process `\memory_interface.$proc$/work/rtl/memory/memory_interface.sv:0$569'.
No latch inferred for signal `\memory_interface.$memwr$\memory$/work/rtl/memory/memory_interface.sv:21$258_EN' from process `\memory_interface.$proc$/work/rtl/memory/memory_interface.sv:0$569'.
No latch inferred for signal `\memory_interface.$memwr$\memory$/work/rtl/memory/memory_interface.sv:21$259_EN' from process `\memory_interface.$proc$/work/rtl/memory/memory_interface.sv:0$569'.
No latch inferred for signal `\memory_interface.$memwr$\memory$/work/rtl/memory/memory_interface.sv:21$260_EN' from process `\memory_interface.$proc$/work/rtl/memory/memory_interface.sv:0$569'.
No latch inferred for signal `\memory_interface.$memwr$\memory$/work/rtl/memory/memory_interface.sv:21$261_EN' from process `\memory_interface.$proc$/work/rtl/memory/memory_interface.sv:0$569'.
No latch inferred for signal `\memory_interface.$memwr$\memory$/work/rtl/memory/memory_interface.sv:21$262_EN' from process `\memory_interface.$proc$/work/rtl/memory/memory_interface.sv:0$569'.
No latch inferred for signal `\memory_interface.$memwr$\memory$/work/rtl/memory/memory_interface.sv:21$263_EN' from process `\memory_interface.$proc$/work/rtl/memory/memory_interface.sv:0$569'.
No latch inferred for signal `\memory_interface.$memwr$\memory$/work/rtl/memory/memory_interface.sv:21$264_EN' from process `\memory_interface.$proc$/work/rtl/memory/memory_interface.sv:0$569'.
No latch inferred for signal `\memory_interface.$memwr$\memory$/work/rtl/memory/memory_interface.sv:21$265_EN' from process `\memory_interface.$proc$/work/rtl/memory/memory_interface.sv:0$569'.
No latch inferred for signal `\memory_interface.$memwr$\memory$/work/rtl/memory/memory_interface.sv:21$266_EN' from process `\memory_interface.$proc$/work/rtl/memory/memory_interface.sv:0$569'.
No latch inferred for signal `\memory_interface.$memwr$\memory$/work/rtl/memory/memory_interface.sv:21$267_EN' from process `\memory_interface.$proc$/work/rtl/memory/memory_interface.sv:0$569'.
No latch inferred for signal `\memory_interface.$memwr$\memory$/work/rtl/memory/memory_interface.sv:21$268_EN' from process `\memory_interface.$proc$/work/rtl/memory/memory_interface.sv:0$569'.
No latch inferred for signal `\memory_interface.$memwr$\memory$/work/rtl/memory/memory_interface.sv:21$269_EN' from process `\memory_interface.$proc$/work/rtl/memory/memory_interface.sv:0$569'.
No latch inferred for signal `\memory_interface.$memwr$\memory$/work/rtl/memory/memory_interface.sv:21$270_EN' from process `\memory_interface.$proc$/work/rtl/memory/memory_interface.sv:0$569'.
No latch inferred for signal `\memory_interface.$memwr$\memory$/work/rtl/memory/memory_interface.sv:21$271_EN' from process `\memory_interface.$proc$/work/rtl/memory/memory_interface.sv:0$569'.
No latch inferred for signal `\memory_interface.$memwr$\memory$/work/rtl/memory/memory_interface.sv:21$272_EN' from process `\memory_interface.$proc$/work/rtl/memory/memory_interface.sv:0$569'.
No latch inferred for signal `\memory_interface.$memwr$\memory$/work/rtl/memory/memory_interface.sv:21$273_EN' from process `\memory_interface.$proc$/work/rtl/memory/memory_interface.sv:0$569'.
No latch inferred for signal `\memory_interface.$memwr$\memory$/work/rtl/memory/memory_interface.sv:21$274_EN' from process `\memory_interface.$proc$/work/rtl/memory/memory_interface.sv:0$569'.
No latch inferred for signal `\memory_interface.$memwr$\memory$/work/rtl/memory/memory_interface.sv:21$275_EN' from process `\memory_interface.$proc$/work/rtl/memory/memory_interface.sv:0$569'.
No latch inferred for signal `\memory_interface.$memwr$\memory$/work/rtl/memory/memory_interface.sv:21$276_EN' from process `\memory_interface.$proc$/work/rtl/memory/memory_interface.sv:0$569'.
No latch inferred for signal `\memory_interface.$memwr$\memory$/work/rtl/memory/memory_interface.sv:21$277_EN' from process `\memory_interface.$proc$/work/rtl/memory/memory_interface.sv:0$569'.
No latch inferred for signal `\memory_interface.$memwr$\memory$/work/rtl/memory/memory_interface.sv:21$278_EN' from process `\memory_interface.$proc$/work/rtl/memory/memory_interface.sv:0$569'.
No latch inferred for signal `\memory_interface.$memwr$\memory$/work/rtl/memory/memory_interface.sv:21$279_EN' from process `\memory_interface.$proc$/work/rtl/memory/memory_interface.sv:0$569'.
No latch inferred for signal `\memory_interface.$memwr$\memory$/work/rtl/memory/memory_interface.sv:21$280_EN' from process `\memory_interface.$proc$/work/rtl/memory/memory_interface.sv:0$569'.
No latch inferred for signal `\memory_interface.$memwr$\memory$/work/rtl/memory/memory_interface.sv:21$281_EN' from process `\memory_interface.$proc$/work/rtl/memory/memory_interface.sv:0$569'.
No latch inferred for signal `\memory_interface.$memwr$\memory$/work/rtl/memory/memory_interface.sv:21$282_EN' from process `\memory_interface.$proc$/work/rtl/memory/memory_interface.sv:0$569'.
No latch inferred for signal `\memory_interface.$memwr$\memory$/work/rtl/memory/memory_interface.sv:21$283_EN' from process `\memory_interface.$proc$/work/rtl/memory/memory_interface.sv:0$569'.
No latch inferred for signal `\memory_interface.$memwr$\memory$/work/rtl/memory/memory_interface.sv:21$284_EN' from process `\memory_interface.$proc$/work/rtl/memory/memory_interface.sv:0$569'.
No latch inferred for signal `\memory_interface.$memwr$\memory$/work/rtl/memory/memory_interface.sv:21$285_EN' from process `\memory_interface.$proc$/work/rtl/memory/memory_interface.sv:0$569'.
No latch inferred for signal `\memory_interface.$memwr$\memory$/work/rtl/memory/memory_interface.sv:21$286_EN' from process `\memory_interface.$proc$/work/rtl/memory/memory_interface.sv:0$569'.
No latch inferred for signal `\memory_interface.$memwr$\memory$/work/rtl/memory/memory_interface.sv:21$287_EN' from process `\memory_interface.$proc$/work/rtl/memory/memory_interface.sv:0$569'.
No latch inferred for signal `\memory_interface.$memwr$\memory$/work/rtl/memory/memory_interface.sv:21$288_EN' from process `\memory_interface.$proc$/work/rtl/memory/memory_interface.sv:0$569'.
No latch inferred for signal `\memory_interface.$memwr$\memory$/work/rtl/memory/memory_interface.sv:21$289_EN' from process `\memory_interface.$proc$/work/rtl/memory/memory_interface.sv:0$569'.
No latch inferred for signal `\memory_interface.$memwr$\memory$/work/rtl/memory/memory_interface.sv:21$290_EN' from process `\memory_interface.$proc$/work/rtl/memory/memory_interface.sv:0$569'.
No latch inferred for signal `\memory_interface.$memwr$\memory$/work/rtl/memory/memory_interface.sv:21$291_EN' from process `\memory_interface.$proc$/work/rtl/memory/memory_interface.sv:0$569'.
No latch inferred for signal `\memory_interface.$memwr$\memory$/work/rtl/memory/memory_interface.sv:21$292_EN' from process `\memory_interface.$proc$/work/rtl/memory/memory_interface.sv:0$569'.
No latch inferred for signal `\memory_interface.$memwr$\memory$/work/rtl/memory/memory_interface.sv:21$293_EN' from process `\memory_interface.$proc$/work/rtl/memory/memory_interface.sv:0$569'.
No latch inferred for signal `\memory_interface.$memwr$\memory$/work/rtl/memory/memory_interface.sv:21$294_EN' from process `\memory_interface.$proc$/work/rtl/memory/memory_interface.sv:0$569'.
No latch inferred for signal `\memory_interface.$memwr$\memory$/work/rtl/memory/memory_interface.sv:21$295_EN' from process `\memory_interface.$proc$/work/rtl/memory/memory_interface.sv:0$569'.
No latch inferred for signal `\memory_interface.$memwr$\memory$/work/rtl/memory/memory_interface.sv:21$296_EN' from process `\memory_interface.$proc$/work/rtl/memory/memory_interface.sv:0$569'.
No latch inferred for signal `\memory_interface.$memwr$\memory$/work/rtl/memory/memory_interface.sv:21$297_EN' from process `\memory_interface.$proc$/work/rtl/memory/memory_interface.sv:0$569'.
No latch inferred for signal `\memory_interface.$memwr$\memory$/work/rtl/memory/memory_interface.sv:21$298_EN' from process `\memory_interface.$proc$/work/rtl/memory/memory_interface.sv:0$569'.
No latch inferred for signal `\memory_interface.$memwr$\memory$/work/rtl/memory/memory_interface.sv:21$299_EN' from process `\memory_interface.$proc$/work/rtl/memory/memory_interface.sv:0$569'.
No latch inferred for signal `\memory_interface.\read_data' from process `\memory_interface.$proc$/work/rtl/memory/memory_interface.sv:0$311'.
No latch inferred for signal `\uart.\rdata' from process `\uart.$proc$/work/rtl/peripherals/uart.sv:0$41'.
No latch inferred for signal `\spi.\rdata' from process `\spi.$proc$/work/rtl/peripherals/spi.sv:0$36'.
No latch inferred for signal `\i2c.\rdata' from process `\i2c.$proc$/work/rtl/peripherals/i2c.sv:0$31'.
No latch inferred for signal `\gpio.\rdata' from process `\gpio.$proc$/work/rtl/peripherals/gpio.sv:0$24'.
No latch inferred for signal `\timer.\rdata' from process `\timer.$proc$/work/rtl/peripherals/timer.sv:0$19'.
No latch inferred for signal `\control_unit.\mem_read' from process `\control_unit.$proc$/work/rtl/cpu/control_unit.sv:0$2423'.
No latch inferred for signal `\control_unit.\mem_write' from process `\control_unit.$proc$/work/rtl/cpu/control_unit.sv:0$2423'.
No latch inferred for signal `\control_unit.\reg_write' from process `\control_unit.$proc$/work/rtl/cpu/control_unit.sv:0$2423'.
No latch inferred for signal `\control_unit.\mem_to_reg' from process `\control_unit.$proc$/work/rtl/cpu/control_unit.sv:0$2423'.
No latch inferred for signal `\control_unit.\alu_src' from process `\control_unit.$proc$/work/rtl/cpu/control_unit.sv:0$2423'.
No latch inferred for signal `\control_unit.\branch' from process `\control_unit.$proc$/work/rtl/cpu/control_unit.sv:0$2423'.
No latch inferred for signal `\control_unit.\jump' from process `\control_unit.$proc$/work/rtl/cpu/control_unit.sv:0$2423'.
No latch inferred for signal `\control_unit.\alu_op' from process `\control_unit.$proc$/work/rtl/cpu/control_unit.sv:0$2423'.
No latch inferred for signal `\alu.\result' from process `\alu.$proc$/work/rtl/cpu/alu.sv:0$2539'.
No latch inferred for signal `\regfile.\rs1_data' from process `\regfile.$proc$/work/rtl/cpu/regfile.sv:0$2534'.
No latch inferred for signal `\regfile.\rs2_data' from process `\regfile.$proc$/work/rtl/cpu/regfile.sv:0$2534'.
No latch inferred for signal `\immediate_generator.\immediate' from process `\immediate_generator.$proc$/work/rtl/cpu/immediate_generator.sv:0$2424'.
No latch inferred for signal `\immediate_generator.\opcode' from process `\immediate_generator.$proc$/work/rtl/cpu/immediate_generator.sv:0$2424'.
